2025-04-01 16:16:52,CSI_DATA,STA,D8:B1:90:DB:E8:90,-30,11,1,7,0,0,1,1,0,0,1,-95,0,3,0,3788970875,0,614,0,0,8084.29,256,[102 -30 37 0 -22 13 -21 13 -20 14 -21 13 -20 13 -20 14 -19 14 -19 14 -19 15 -19 14 -18 15 -18 15 -18 15 -18 15 -18 15 -19 15 -18 14 -18 14 -18 13 -19 13 -19 12 -19 12 -19 11 -18 10 -19 8 0 0 0 0 0 0 0 0 0 0 0 0 0 0 0 0 0 0 0 0 0 0 -16 12 -16 10 -17 10 -17 10 -18 9 -18 9 -19 9 -19 9 -20 9 -20 8 -20 8 -21 9 -21 8 -21 9 -20 8 -20 8 -20 9 -20 10 -20 10 -21 11 -21 12 -21 12 -21 13 -21 12 -22 13
2025-04-01 16:16:53,CSI_DATA,STA,D8:B1:90:DB:E8:90,-30,11,1,7,0,0,1,1,0,0,1,-95,0,3,0,3789407085,0,110,0,0,8084.73,256,[110 96 6 0 17 13 17 13 17 12 17 12 18 11 18 11 18 11 18 10 18 10 18 10 18 9 18 10 19 10 18 10 18 10 18 11 17 10 17 10 17 11 16 11 16 11 15 11 14 11 14 12 13 13 0 0 0 0 0 0 0 0 0 0 0 0 0 0 0 0 0 0 0 0 0 0 14 9 14 9 13 11 13 11 13 12 13 12 12 12 13 12 13 13 13 14 13 14 13 15 13 15 13 15 13 14 12 13 13 13 13 13 14 13 15 13 16 13 16 13 16 13 17 13 17 14 18 13 ]
2025-04-01 16:16:56,CSI_DATA,STA,D8:B1:90:DB:E8:90,-29,11,1,7,0,0,1,1,0,0,1,-95,0,3,0,3793140587,0,100,0,0,8088.46,256,[100 -64 5 0 -8 -22 -9 -23 -8 -21 -9 -21 -9 -20 -10 -21 -10 -20 -10 -20 -10 -19 -11 -19 -12 -19 -11 -19 -12 -19 -11 -19 -11 -20 -11 -19 -10 -20 -10 -20 -10 -19 -9 -19 -8 -19 -8 -19 -7 -19 -6 -18 -5 -19 0 0 0 0 0 0 0 0 0 0 0 0 0 0 0 0 0 0 0 0 0 0 -6 -16 -5 -17 -4 -17 -4 -18 -3 -18 -3 -19 -3 -19 -3 -20 -3 -20 -3 -20 -2 -21 -3 -21 -3 -21 -3 -21 -3 -20 -3 -20 -4 -20 -4 -19 -4 -22 -5 -21 -6 -21 -
2025-04-01 16:16:57,CSI_DATA,STA,00:00:00:00:00:00,-29,11,0,0,0,0,0,0,0,0,0,-95,0,3,0,3793207419,0,14,0,0,8088.53,128,[14 -32 0 0 -12 13 -13 12 -13 10 -13 9 -13 8 -12 7 -10 6 -9 6 -6 4 -4 3 0 1 3 -1 7 -3 10 -6 13 -9 17 -12 19 -15 21 -17 22 -19 24 -21 24 -22 24 -22 25 -22 25 -21 25 -18 0 0 0 0 0 0 0 0 0 0 0 0 0 0 0 0 0 0 0 0 0 0 6 -12 6 -10 6 -8 5 -5 4 -3 3 0 1 3 -1 6 -3 10 -6 14 -8 17 -10 20 -11 24 -12 26 -12 29 -12 31 -11 32 -9 34 -8 34 -7 33 -6 32 -5 31 -6 29 -6 26 -7 24 -8 21 ]
2025-04-01 16:17:00,CSI_DATA,STA,D8:B1:90:DB:E8:90,-29,11,1,7,0,0,1,1,0,0,1,-95,0,3,0,3796413659,0,110,0,0,8091.73,256,[110 96 6 0 -14 -20 -14 -19 -14 -19 -14 -19 -14 -18 -14 -18 -14 -18 -15 -17 -15 -18 -15 -17 -15 -17 -15 -17 -15 -17 -16 -16 -15 -16 -15 -17 -14 -16 -14 -16 -13 -16 -13 -17 -13 -16 -11 -16 -11 -17 -10 -17 -9 -18 0 0 0 0 0 0 0 0 0 0 0 0 0 0 0 0 0 0 0 0 0 0 -11 -14 -10 -15 -9 -16 -9 -16 -9 -16 -8 -16 -9 -18 -8 -18 -8 -19 -8 -19 -7 -19 -8 -19 -8 -20 -8 -19 -8 -18 -9 -19 -9 -18 -9 -18 -10 -19 -11
2025-04-01 16:17:00,CSI_DATA,STA,D8:B1:90:DB:E8:90,-29,11,1,7,0,0,1,1,0,0,1,-95,0,3,0,3796913626,0,110,0,0,8092.23,256,[110 96 6 0 6 25 6 24 6 24 7 23 7 23 7 23 8 22 7 22 8 22 9 22 9 22 9 21 9 21 9 21 8 22 9 22 8 22 8 22 8 21 7 22 6 21 5 21 5 21 4 21 3 21 0 0 0 0 0 0 0 0 0 0 0 0 0 0 0 0 0 0 0 0 0 0 4 17 3 18 2 18 1 19 2 19 1 20 1 21 1 21 0 21 0 22 0 22 0 22 0 22 1 22 1 22 1 22 1 22 2 22 3 23 3 23 4 24 5 24 4 23 5 23 5 23 5 24 ]
2025-04-01 16:17:03,CSI_DATA,STA,D8:B1:90:DB:E8:90,-29,11,1,7,0,0,1,1,0,0,1,-95,0,3,0,3799920482,0,110,0,0,8095.24,256,[110 96 6 0 22 6 22 6 21 6 21 5 21 5 21 4 21 4 20 3 20 3 21 3 20 2 21 2 21 2 21 2 22 3 21 3 21 4 20 4 19 4 19 4 19 4 18 5 17 6 17 7 16 8 0 0 0 0 0 0 0 0 0 0 0 0 0 0 0 0 0 0 0 0 0 0 16 3 16 4 16 6 16 6 16 7 16 7 16 8 16 8 17 8 16 9 17 9 17 9 17 9 17 9 17 9 17 8 18 8 18 8 18 8 19 7 19 7 20 7 20 7 20 7 21 7 21 7 ]
2025-04-01 16:17:04,CSI_DATA,STA,D8:B1:90:DB:E8:90,-29,11,1,7,0,0,1,1,0,0,1,-95,0,3,0,3800420490,0,110,0,0,8095.74,256,[110 96 6 0 3 21 3 22 4 21 4 21 4 21 4 21 5 20 5 20 5 20 6 20 7 20 6 20 6 20 6 20 6 19 6 20 6 20 5 20 5 19 4 19 3 19 3 18 2 18 2 18 0 18 0 0 0 0 0 0 0 0 0 0 0 0 0 0 0 0 0 0 0 0 0 0 4 16 3 16 2 17 1 17 1 17 0 18 0 18 0 19 0 19 0 19 -1 19 -1 19 -1 19 -1 19 -1 19 -2 19 -1 19 0 20 1 20 1 20 2 20 2 21 2 21 3 21 3 21 3 22 ]
2025-04-01 16:17:04,CSI_DATA,STA,D8:B1:90:DB:E8:90,-29,11,1,7,0,0,1,1,0,0,1,-95,0,3,0,3800920611,0,110,0,0,8096.24,256,[110 96 6 0 21 -13 20 -12 21 -13 20 -13 20 -13 20 -14 20 -14 19 -14 19 -15 18 -14 18 -14 18 -14 18 -15 18 -16 18 -15 19 -14 18 -14 18 -14 18 -13 18 -13 18 -12 18 -11 18 -10 18 -9 19 -8 0 0 0 0 0 0 0 0 0 0 0 0 0 0 0 0 0 0 0 0 0 0 17 -10 17 -9 18 -8 18 -8 18 -8 19 -7 19 -7 19 -7 20 -7 21 -6 21 -7 21 -6 21 -6 21 -6 20 -7 21 -8 20 -8 21 -9 21 -9 21 -10 21 -10 21 -11 21 -11 22 -10 22 -11 22 -12 ]
2025-04-01 16:17:05,CSI_DATA,STA,D8:B1:90:DB:E8:90,-29,11,1,7,0,0,1,1,0,0,1,-95,0,3,0,3801427260,0,110,0,0,8096.75,256,[110 96 6 0 -26 -4 -26 -4 -26 -3 -26 -3 -26 -2 -26 -2 -25 -2 -25 -1 -25 -1 -25 0 -25 0 -25 0 -25 0 -25 1 -25 0 -25 0 -24 -1 -24 -1 -23 -2 -23 -2 -23 -3 -22 -3 -22 -3 -21 -5 -21 -6 0 0 0 0 0 0 0 0 0 0 0 0 0 0 0 0 0 0 0 0 0 0 -20 -2 -19 -3 -19 -4 -19 -5 -20 -5 -20 -5 -21 -6 -21 -7 -21 -7 -21 -7 -22 -8 -21 -8 -22 -8 -22 -8 -22 -8 -22 -7 -22 -7 -22 -7 -23 -6 -23 -6 -24 -5 -25 -5 -25 -4 -25 -4 -2
2025-04-01 16:17:08,CSI_DATA,STA,00:00:00:00:00:00,-29,11,0,0,0,0,0,0,0,0,0,-95,0,3,0,3805112891,0,14,0,0,8100.43,128,[14 -32 0 0 -15 -9 -14 -10 -12 -10 -11 -10 -11 -10 -10 -9 -9 -8 -8 -6 -6 -4 -3 -2 -1 0 2 2 5 4 8 5 12 7 15 9 19 9 21 10 24 10 25 10 26 10 26 10 26 11 25 11 24 12 0 0 0 0 0 0 0 0 0 0 0 0 0 0 0 0 0 0 0 0 0 0 9 6 7 7 5 7 3 6 1 5 -2 4 -5 2 -7 0 -11 -2 -14 -4 -17 -6 -20 -7 -23 -8 -25 -9 -28 -8 -29 -8 -31 -7 -31 -6 -32 -5 -31 -3 -30 -2 -29 -2 -27 -2 -25 -3 -23 -4 -20 -5 ]
2025-04-01 16:17:13,CSI_DATA,STA,D8:B1:90:DB:E8:90,-33,11,1,7,0,0,1,1,0,0,1,-95,0,3,0,3809430461,0,110,0,0,8104.75,256,[110 96 6 0 13 0 14 0 14 -1 14 -1 14 -2 14 -2 14 -2 13 -3 14 -3 14 -3 14 -3 14 -3 14 -4 14 -4 14 -4 14 -3 14 -3 13 -3 14 -3 14 -3 14 -3 14 -2 14 -1 13 0 13 0 0 0 0 0 0 0 0 0 0 0 0 0 0 0 0 0 0 0 0 0 0 0 22 5 22 7 25 -10 26 -9 27 -8 28 -8 32 -13 33 -13 34 -12 35 -11 27 -7 27 -8 27 -7 27 -8 3 -3 2 -4 2 -4 3 -4 -27 -12 -27 -11 -28 -11 -28 -10 6 -10 6 -10 6 -11 14 0 ]
2025-04-01 16:17:14,CSI_DATA,STA,D8:B1:90:DB:E8:90,-29,11,1,7,0,0,1,1,0,0,1,-95,0,3,0,3810435727,0,110,0,0,8105.75,256,[110 96 6 0 -14 -19 -15 -18 -14 -18 -15 -18 -15 -17 -15 -17 -16 -16 -15 -16 -15 -16 -16 -15 -16 -15 -16 -15 -16 -15 -16 -15 -16 -15 -16 -15 -15 -15 -15 -15 -14 -15 -14 -15 -13 -15 -13 -15 -12 -15 -12 -16 -11 -17 0 0 0 0 0 0 0 0 0 0 0 0 0 0 0 0 0 0 0 0 0 0 -11 -14 -10 -15 -10 -16 -9 -17 -9 -17 -9 -17 -8 -17 -8 -18 -8 -18 -8 -19 -8 -19 -8 -19 -8 -19 -8 -19 -9 -19 -9 -19 -9 -19 -10 -19 -11 -19
2025-04-01 16:17:16,CSI_DATA,STA,D8:B1:90:DB:E8:90,-35,11,1,7,0,0,1,1,0,0,1,-95,0,3,0,3812940791,0,110,0,0,8108.26,256,[110 96 6 0 17 15 17 15 17 15 21 1 22 1 21 2 22 2 -9 -16 -9 -16 -9 -16 -9 -16 22 -9 22 -7 22 -7 22 -6 29 -10 28 -8 28 -7 28 -5 -4 -8 -3 -9 -3 -8 -2 -8 0 -11 1 -11 0 0 0 0 0 0 0 0 0 0 0 0 0 0 0 0 0 0 0 0 0 0 10 7 9 8 10 0 10 1 10 2 10 2 4 26 3 26 1 27 1 28 3 -1 3 -1 2 0 2 0 -10 -4 -10 -4 -10 -3 -10 -4 5 33 5 34 5 35 4 36 -12 8 -11 8 -12 9 -10 23 ]
2025-04-01 16:17:18,CSI_DATA,STA,D8:B1:90:DB:E8:90,-29,11,1,7,0,0,1,1,0,0,1,-95,0,3,0,3814949519,0,110,0,0,8110.27,256,[110 96 6 0 -13 22 -13 22 -12 22 -12 21 -11 22 -11 22 -10 22 -9 22 -9 22 -9 22 -8 22 -8 23 -8 22 -8 23 -8 23 -9 23 -9 23 -9 22 -9 21 -10 21 -10 20 -11 20 -11 19 -12 19 -13 18 0 0 0 0 0 0 0 0 0 0 0 0 0 0 0 0 0 0 0 0 0 0 -9 17 -10 16 -12 17 -12 16 -13 16 -14 16 -14 17 -14 16 -15 17 -15 17 -16 17 -16 17 -16 17 -16 17 -15 17 -16 17 -15 17 -14 18 -14 18 -14 18 -14 20 -14 20 -14 21 -14 21 -14 21 -
2025-04-01 16:17:19,CSI_DATA,STA,D8:B1:90:DB:E8:90,-29,11,1,7,0,0,1,1,0,0,1,-95,0,3,0,3815449464,0,110,0,0,8110.77,256,[110 96 6 0 -21 -13 -22 -12 -21 -12 -20 -11 -20 -11 -21 -10 -21 -10 -21 -9 -21 -9 -21 -8 -21 -8 -22 -9 -21 -9 -21 -8 -21 -9 -21 -8 -20 -8 -20 -9 -20 -9 -19 -10 -19 -10 -18 -10 -18 -10 -17 -11 -16 -12 0 0 0 0 0 0 0 0 0 0 0 0 0 0 0 0 0 0 0 0 0 0 -15 -10 -15 -11 -15 -13 -15 -13 -15 -13 -15 -13 -15 -14 -15 -14 -15 -15 -15 -15 -15 -15 -15 -15 -15 -15 -15 -15 -16 -15 -16 -15 -17 -15 -17 -15 -17 -1
2025-04-01 16:17:19,CSI_DATA,STA,00:00:00:00:00:00,-29,11,0,0,0,0,0,0,0,0,0,-95,0,3,0,3815848327,0,14,0,0,8111.17,128,[14 -32 0 0 -14 12 -15 11 -15 9 -15 7 -13 7 -13 7 -11 6 -9 6 -7 4 -4 3 0 1 3 -2 7 -4 10 -7 13 -11 16 -13 18 -16 19 -19 20 -22 21 -23 21 -24 22 -24 22 -23 22 -22 22 -20 0 0 0 0 0 0 0 0 0 0 0 0 0 0 0 0 0 0 0 0 0 0 10 -10 9 -7 8 -6 7 -3 5 -1 3 1 0 4 -2 7 -5 10 -8 13 -12 15 -14 18 -16 21 -16 24 -16 26 -17 28 -16 30 -15 31 -14 31 -12 31 -11 30 -10 29 -10 27 -11 24 -11 22 -12 19 ]
2025-04-01 16:17:19,CSI_DATA,STA,D8:B1:90:DB:E8:90,-29,11,1,7,0,0,1,1,0,0,1,-95,0,3,0,3815850208,0,100,0,0,8111.22,256,[100 -64 5 0 -21 -17 -22 -17 -20 -15 -22 -15 -22 -15 -22 -15 -22 -14 -21 -13 -21 -12 -22 -12 -22 -11 -22 -12 -23 -12 -21 -12 -22 -12 -22 -12 -22 -12 -21 -13 -21 -13 -20 -13 -19 -13 -19 -13 -18 -13 -17 -15 -17 -16 0 0 0 0 0 0 0 0 0 0 0 0 0 0 0 0 0 0 0 0 0 0 -17 -11 -16 -13 -15 -13 -15 -15 -15 -15 -15 -15 -16 -16 -16 -16 -15 -17 -16 -17 -15 -18 -16 -18 -16 -18 -16 -18 -16 -18 -16 -18 -17 -17 -
2025-04-01 16:17:20,CSI_DATA,STA,D8:B1:90:DB:E8:90,-29,11,1,7,0,0,1,1,0,0,1,-95,0,3,0,3816949503,0,110,0,0,8112.27,256,[110 96 6 0 -21 15 -21 15 -21 16 -20 15 -19 16 -19 16 -18 16 -18 17 -18 17 -18 16 -17 17 -17 17 -17 17 -17 18 -17 18 -18 17 -17 17 -17 16 -17 15 -17 15 -17 14 -18 13 -18 12 -18 11 -19 10 0 0 0 0 0 0 0 0 0 0 0 0 0 0 0 0 0 0 0 0 0 0 -16 12 -16 11 -17 11 -17 10 -18 10 -19 10 -20 11 -20 10 -21 11 -21 10 -21 9 -22 9 -21 9 -21 9 -21 10 -21 11 -21 11 -21 12 -20 12 -20 13 -20 13 -20 14 -21 14 -21 14
2025-04-01 16:17:24,CSI_DATA,STA,D8:B1:90:DB:E8:90,-29,11,1,7,0,0,1,1,0,0,1,-95,0,3,0,3820459668,0,110,0,0,8115.78,256,[110 96 6 0 21 -13 21 -13 21 -14 21 -13 21 -13 20 -14 20 -14 20 -15 19 -15 18 -16 18 -16 18 -16 18 -16 18 -15 19 -16 19 -15 19 -15 19 -14 19 -14 19 -13 19 -12 19 -12 19 -11 19 -11 20 -9 0 0 0 0 0 0 0 0 0 0 0 0 0 0 0 0 0 0 0 0 0 0 16 -10 17 -9 17 -8 18 -8 18 -8 20 -8 19 -7 20 -7 20 -7 20 -7 21 -8 21 -8 21 -7 21 -7 21 -8 21 -8 21 -8 21 -9 21 -9 21 -9 22 -10 22 -10 21 -12 21 -12 22 -12 22 -13 ]
2025-04-01 16:17:25,CSI_DATA,STA,D8:B1:90:DB:E8:90,-29,11,1,7,0,0,1,1,0,0,1,-95,0,3,0,3820957447,0,110,0,0,8116.28,256,[110 96 6 0 4 -26 4 -25 4 -25 4 -24 3 -24 3 -25 3 -24 2 -24 2 -25 1 -24 0 -24 1 -24 0 -24 1 -25 1 -24 1 -24 1 -24 2 -24 2 -23 3 -23 3 -23 4 -22 4 -22 5 -21 6 -21 0 0 0 0 0 0 0 0 0 0 0 0 0 0 0 0 0 0 0 0 0 0 2 -19 3 -19 4 -20 4 -20 5 -20 6 -20 6 -20 7 -20 8 -21 7 -21 8 -22 8 -22 8 -22 8 -21 7 -21 7 -21 7 -21 6 -22 7 -22 7 -22 6 -22 6 -23 6 -24 5 -24 5 -25 6 -25 ]
2025-04-01 16:17:25,CSI_DATA,STA,D8:B1:90:DB:E8:90,-29,11,1,7,0,0,1,1,0,0,1,-95,0,3,0,3821457731,0,110,0,0,8116.78,256,[110 96 6 0 -23 -7 -22 -7 -23 -6 -22 -6 -23 -5 -22 -5 -22 -5 -22 -4 -23 -4 -22 -4 -23 -3 -22 -3 -22 -3 -22 -3 -22 -3 -22 -3 -22 -3 -22 -3 -21 -4 -21 -4 -20 -5 -20 -5 -19 -6 -19 -7 -18 -8 0 0 0 0 0 0 0 0 0 0 0 0 0 0 0 0 0 0 0 0 0 0 -17 -4 -17 -5 -18 -7 -17 -7 -18 -7 -18 -8 -18 -8 -18 -9 -18 -9 -19 -10 -18 -10 -18 -10 -18 -10 -18 -10 -18 -10 -19 -10 -19 -9 -19 -9 -19 -9 -20 -8 -21 -8 -21 -8 -2
2025-04-01 16:17:25,CSI_DATA,STA,D8:B1:90:DB:E8:90,-35,11,1,7,0,0,1,1,0,0,1,-95,0,3,0,3821957527,0,110,0,0,8117.28,256,[110 96 6 0 -3 14 -3 14 -2 14 10 1 10 0 10 0 10 0 18 19 18 19 18 19 18 18 15 -9 15 -10 16 -9 15 -9 0 3 0 3 0 3 0 3 -17 25 -17 24 -18 23 -19 22 19 -17 20 -16 0 0 0 0 0 0 0 0 0 0 0 0 0 0 0 0 0 0 0 0 0 0 -19 -5 -19 -6 -21 -10 -20 -11 -20 -11 -21 -13 -11 -8 -11 -9 -11 -9 -11 -10 -28 5 -28 4 -28 5 -28 5 -23 -7 -24 -7 -24 -7 -24 -6 -14 -9 -14 -8 -14 -9 -15 -8 7 -16 7 -16 7 -16 -22 12 ]
2025-04-01 16:17:26,CSI_DATA,STA,D8:B1:90:DB:E8:90,-29,11,1,7,0,0,1,1,0,0,1,-95,0,3,0,3822457551,0,110,0,0,8117.78,256,[110 96 6 0 -23 -1 -23 -1 -23 0 -23 0 -23 0 -22 1 -22 1 -22 2 -21 2 -21 2 -21 3 -22 3 -22 3 -22 3 -21 3 -22 2 -21 2 -21 2 -21 1 -21 1 -20 0 -20 0 -20 -1 -20 -2 -20 -3 0 0 0 0 0 0 0 0 0 0 0 0 0 0 0 0 0 0 0 0 0 0 -18 0 -18 -1 -18 -2 -18 -2 -18 -3 -19 -3 -19 -3 -19 -4 -19 -4 -20 -4 -19 -4 -19 -5 -20 -4 -20 -5 -20 -4 -20 -4 -21 -4 -20 -3 -21 -3 -21 -3 -22 -3 -22 -2 -22 -1 -23 -1 -23 -1 -23 -1 ]
2025-04-01 16:17:26,CSI_DATA,STA,D8:B1:90:DB:E8:90,-29,11,1,7,0,0,1,1,0,0,1,-95,0,3,0,3822957494,0,110,0,0,8118.28,256,[110 96 6 0 22 1 23 1 22 0 22 0 22 -1 22 -1 22 -2 22 -2 21 -3 21 -3 21 -3 21 -3 21 -4 21 -4 21 -4 21 -3 21 -3 21 -3 21 -2 20 -2 20 -1 20 -1 19 0 19 1 19 2 0 0 0 0 0 0 0 0 0 0 0 0 0 0 0 0 0 0 0 0 0 0 17 -1 17 0 17 0 17 1 17 1 18 2 18 2 19 2 19 3 19 3 18 3 18 4 18 4 19 4 19 4 19 4 19 3 19 3 20 3 20 3 21 2 22 2 21 1 22 2 22 2 22 1 ]
2025-04-01 16:17:27,CSI_DATA,STA,D8:B1:90:DB:E8:90,-29,11,1,7,0,0,1,1,0,0,1,-95,0,3,0,3823957476,0,110,0,0,8119.28,256,[110 96 6 0 -11 -20 -12 -20 -11 -19 -12 -19 -12 -18 -13 -19 -12 -18 -13 -17 -13 -17 -13 -17 -14 -17 -14 -17 -14 -17 -14 -17 -14 -18 -13 -18 -13 -18 -13 -18 -12 -18 -12 -18 -11 -18 -10 -17 -10 -18 -9 -18 -7 -19 0 0 0 0 0 0 0 0 0 0 0 0 0 0 0 0 0 0 0 0 0 0 -9 -14 -9 -15 -8 -16 -8 -16 -7 -17 -7 -17 -7 -17 -7 -18 -7 -18 -7 -19 -6 -19 -6 -19 -6 -20 -7 -20 -7 -20 -6 -20 -7 -20 -7 -20 -8 -19 -9 -19
2025-04-01 16:17:29,CSI_DATA,STA,D8:B1:90:DB:E8:90,-29,11,1,7,0,0,1,1,0,0,1,-95,0,3,0,3825966710,0,110,0,0,8121.29,256,[110 96 6 0 -21 -10 -22 -10 -21 -9 -21 -9 -21 -8 -21 -8 -21 -7 -21 -7 -21 -6 -21 -6 -21 -6 -22 -6 -22 -5 -21 -6 -21 -6 -21 -6 -21 -6 -21 -6 -20 -7 -20 -7 -20 -7 -19 -8 -18 -8 -18 -9 -17 -10 0 0 0 0 0 0 0 0 0 0 0 0 0 0 0 0 0 0 0 0 0 0 -17 -7 -17 -8 -16 -9 -16 -9 -16 -10 -16 -10 -16 -10 -16 -11 -16 -11 -16 -11 -16 -11 -16 -12 -16 -12 -16 -12 -17 -12 -17 -12 -18 -12 -18 -11 -18 -11 -18 -11 -19
2025-04-01 16:17:31,CSI_DATA,STA,D8:B1:90:DB:E8:90,-29,11,1,7,0,0,1,1,0,0,1,-95,0,3,0,3827473429,0,110,0,0,8122.79,256,[110 96 6 0 10 20 11 20 11 19 11 19 11 19 12 18 12 18 11 18 11 18 12 18 12 17 12 17 12 17 13 17 12 17 13 17 12 17 12 17 12 17 10 17 10 17 9 17 8 17 8 18 7 18 0 0 0 0 0 0 0 0 0 0 0 0 0 0 0 0 0 0 0 0 0 0 9 14 8 15 7 16 6 16 7 17 6 17 6 17 6 18 6 18 6 19 5 19 5 19 5 19 5 19 5 19 5 19 6 18 6 19 7 20 8 20 8 20 9 20 9 20 9 20 10 20 10 20 ]
2025-04-01 16:17:34,CSI_DATA,STA,D8:B1:90:DB:E8:90,-29,11,1,7,0,0,1,1,0,0,1,-95,0,3,0,3830982540,0,110,0,0,8126.3,256,[110 96 6 0 13 18 13 17 14 16 13 16 14 16 14 16 15 15 15 15 15 14 15 14 15 13 16 14 16 13 15 13 15 13 16 13 15 13 15 14 14 13 14 14 14 14 13 14 12 14 11 15 10 15 0 0 0 0 0 0 0 0 0 0 0 0 0 0 0 0 0 0 0 0 0 0 10 12 10 13 9 14 9 14 9 15 8 15 8 16 9 17 8 17 8 18 7 18 7 18 8 18 8 18 8 18 8 17 8 17 9 17 10 18 10 17 11 18 11 18 12 17 12 17 12 17 12 18 ]
2025-04-01 16:17:37,CSI_DATA,STA,D8:B1:90:DB:E8:90,-35,11,1,7,0,0,1,1,0,0,1,-95,0,3,0,3833490460,0,110,0,0,8128.81,256,[110 96 6 0 13 -9 12 -10 11 -10 12 -10 11 -11 11 -11 10 -11 10 -12 9 -12 9 -13 8 -13 8 -13 8 -14 8 -14 8 -14 8 -14 8 -14 8 -14 8 -14 8 -14 8 -13 7 -13 8 -13 8 -12 9 -12 0 0 0 0 0 0 0 0 0 0 0 0 0 0 0 0 0 0 0 0 0 0 11 11 10 12 4 10 4 10 4 10 4 11 -7 17 -7 18 -7 18 -8 18 10 -14 10 -14 10 -15 10 -14 -29 2 -29 3 -28 4 -28 5 21 0 22 0 22 0 22 -1 2 15 2 16 3 15 -19 -30 ]
2025-04-01 16:17:37,CSI_DATA,STA,D8:B1:90:DB:E8:90,-30,11,1,7,0,0,1,1,0,0,1,-95,0,3,0,3833990476,0,110,0,0,8129.31,256,[110 96 6 0 12 18 12 18 12 18 12 18 12 18 12 17 12 17 12 16 12 16 13 15 13 15 13 15 13 15 13 15 13 15 13 16 13 16 12 16 12 16 11 16 11 15 10 16 9 16 8 16 7 16 0 0 0 0 0 0 0 0 0 0 0 0 0 0 0 0 0 0 0 0 0 0 9 13 9 13 8 14 7 15 7 15 7 16 7 16 7 16 7 17 6 17 6 18 6 18 6 18 7 18 7 18 7 18 7 18 8 18 8 18 9 18 9 18 10 18 10 18 11 18 11 18 11 19 ]
2025-04-01 16:17:38,CSI_DATA,STA,D8:B1:90:DB:E8:90,-29,11,1,7,0,0,1,1,0,0,1,-95,0,3,0,3834490492,0,110,0,0,8129.81,256,[110 96 6 0 -24 -8 -24 -7 -23 -7 -23 -6 -23 -5 -23 -5 -23 -4 -23 -4 -23 -4 -23 -4 -23 -4 -23 -4 -23 -3 -23 -3 -23 -4 -23 -4 -22 -4 -22 -4 -22 -4 -21 -5 -21 -5 -20 -6 -20 -7 -19 -8 -19 -9 0 0 0 0 0 0 0 0 0 0 0 0 0 0 0 0 0 0 0 0 0 0 -17 -5 -17 -6 -17 -7 -17 -8 -17 -8 -17 -8 -18 -9 -18 -10 -18 -10 -19 -11 -18 -11 -19 -11 -19 -11 -19 -11 -18 -11 -19 -10 -19 -10 -19 -10 -21 -10 -21 -9 -22 -8 -22
2025-04-01 16:17:41,CSI_DATA,STA,D8:B1:90:DB:E8:90,-29,11,1,7,0,0,1,1,0,0,1,-95,0,3,0,3837502982,0,110,0,0,8132.82,256,[110 96 6 0 5 21 5 21 6 21 6 21 6 21 6 21 7 20 6 20 7 20 7 20 8 20 8 20 8 20 8 20 8 20 7 20 7 20 6 20 6 19 5 19 5 19 4 19 3 19 3 19 1 19 0 0 0 0 0 0 0 0 0 0 0 0 0 0 0 0 0 0 0 0 0 0 5 15 4 15 3 16 2 16 2 17 2 17 2 17 1 18 1 18 1 18 1 19 1 19 1 19 1 19 2 20 2 20 2 20 3 20 3 20 3 20 4 20 4 21 4 21 5 21 5 21 5 22 ]
2025-04-01 16:17:45,CSI_DATA,STA,D8:B1:90:DB:E8:90,-29,11,1,7,0,0,1,1,0,0,1,-95,0,3,0,3842007696,0,110,0,0,8137.33,256,[110 96 6 0 16 15 17 16 16 14 17 15 17 14 17 14 17 13 17 13 17 11 18 11 18 11 18 11 18 12 17 11 18 12 17 12 18 12 17 13 17 12 16 13 15 13 15 12 14 13 13 14 12 15 0 0 0 0 0 0 0 0 0 0 0 0 0 0 0 0 0 0 0 0 0 0 13 9 12 10 12 11 12 12 11 12 12 13 12 14 12 14 12 14 12 15 12 15 12 15 12 15 13 15 12 16 11 15 12 16 12 15 13 16 13 16 14 15 14 15 15 15 15 15 16 16 16 16 ]
2025-04-01 16:17:48,CSI_DATA,STA,D8:B1:90:DB:E8:90,-29,11,1,7,0,0,1,1,0,0,1,-95,0,3,0,3844010241,0,110,0,0,8139.33,256,[110 96 6 0 -24 -11 -24 -11 -23 -10 -25 -10 -24 -10 -24 -9 -24 -9 -24 -8 -23 -8 -24 -8 -24 -7 -24 -7 -24 -7 -24 -7 -24 -7 -24 -7 -24 -8 -24 -8 -23 -8 -22 -8 -22 -8 -20 -9 -21 -9 -19 -11 -19 -12 0 0 0 0 0 0 0 0 0 0 0 0 0 0 0 0 0 0 0 0 0 0 -18 -8 -17 -9 -17 -10 -17 -11 -17 -11 -18 -12 -17 -12 -17 -12 -17 -13 -17 -13 -18 -14 -18 -14 -18 -15 -18 -15 -19 -14 -18 -14 -20 -14 -19 -13 -20 -13 -21 -1
2025-04-01 16:17:49,CSI_DATA,STA,D8:B1:90:DB:E8:90,-30,11,1,7,0,0,1,1,0,0,1,-95,0,3,0,3845007734,0,110,0,0,8140.33,256,[110 96 6 0 -24 -10 -24 -10 -24 -9 -24 -9 -24 -8 -24 -8 -24 -7 -24 -6 -24 -6 -24 -6 -24 -5 -24 -5 -24 -4 -24 -5 -24 -5 -24 -4 -24 -5 -24 -5 -23 -5 -22 -5 -22 -6 -21 -6 -21 -7 -20 -8 -20 -9 0 0 0 0 0 0 0 0 0 0 0 0 0 0 0 0 0 0 0 0 0 0 -18 -7 -18 -8 -17 -10 -17 -10 -17 -11 -18 -11 -18 -12 -18 -12 -18 -12 -18 -13 -18 -13 -18 -13 -19 -14 -19 -13 -19 -13 -18 -13 -19 -13 -19 -12 -20 -13 -21 -13 -21
2025-04-01 16:17:55,CSI_DATA,STA,D8:B1:90:DB:E8:90,-29,11,1,5,0,0,1,1,1,0,0,-95,0,3,0,3852027644,0,110,0,0,8147.35,384,[110 96 6 0 -3 16 -4 15 -5 14 -5 12 -5 12 -5 11 -4 9 -3 8 -2 6 -1 3 1 0 3 -3 4 -7 5 -11 6 -14 7 -18 7 -21 7 -24 7 -26 8 -28 8 -29 8 -30 8 -29 8 -29 10 -27 0 0 0 0 0 0 0 0 0 0 0 0 0 0 0 0 0 0 0 0 0 0 0 -11 1 -10 2 -8 2 -6 2 -4 3 -1 3 3 3 6 2 10 2 14 2 17 2 20 2 23 3 26 4 28 4 30 5 30 7 31 8 30 9 29 9 29 9 27 8 26 7 23 5 22 3 21 ]
2025-04-01 16:17:56,CSI_DATA,STA,D8:B1:90:DB:E8:90,-29,11,1,7,0,0,1,1,0,0,1,-95,0,3,0,3852524582,0,110,0,0,8147.84,256,[110 96 6 0 -4 -24 -4 -23 -4 -23 -4 -23 -5 -22 -5 -23 -5 -22 -6 -22 -6 -22 -6 -22 -7 -22 -7 -21 -7 -21 -7 -21 -7 -21 -7 -21 -7 -21 -7 -21 -6 -21 -6 -21 -5 -21 -4 -20 -3 -20 -3 -20 -1 -20 0 0 0 0 0 0 0 0 0 0 0 0 0 0 0 0 0 0 0 0 0 0 -3 -17 -3 -17 -2 -18 -2 -18 -1 -19 -1 -19 -1 -19 0 -20 0 -20 0 -21 1 -20 1 -21 1 -21 1 -21 0 -21 0 -22 0 -22 -1 -22 -1 -21 -2 -21 -3 -22 -3 -22 -2 -22 -3 -22 -3 -2
2025-04-01 16:17:56,CSI_DATA,STA,D8:B1:90:DB:E8:90,-29,11,1,1,0,0,1,0,0,0,0,-95,0,3,0,3853023865,0,110,0,0,8148.34,256,[110 96 6 0 -4 -17 -2 -16 -1 -15 0 -14 0 -14 1 -13 0 -11 0 -9 -1 -7 -2 -4 -2 0 -3 3 -3 7 -2 11 -2 15 -2 18 -1 21 0 24 1 26 2 28 2 29 2 29 1 29 1 29 -1 27 0 0 0 0 0 0 0 0 0 0 0 0 0 0 0 0 0 0 0 0 0 0 2 10 0 9 -1 8 -2 5 -3 3 -4 0 -4 -3 -5 -6 -6 -10 -7 -13 -7 -17 -8 -20 -9 -23 -10 -25 -12 -26 -13 -28 -14 -28 -16 -28 -17 -27 -18 -26 -18 -26 -17 -24 -17 -23 -15 -21 -13 -20 -10 -20 ]
2025-04-01 16:18:02,CSI_DATA,STA,D8:B1:90:DB:E8:90,-29,11,1,2,0,0,1,0,0,0,0,-95,0,3,0,3858035526,0,110,0,0,8153.35,256,[110 96 6 0 3 14 1 13 0 13 -1 12 -1 11 -1 10 -1 9 -1 7 0 5 1 3 2 0 2 -3 3 -7 4 -10 4 -14 4 -17 4 -20 4 -23 4 -25 4 -27 4 -27 4 -28 4 -28 5 -27 6 -26 0 0 0 0 0 0 0 0 0 0 0 0 0 0 0 0 0 0 0 0 0 0 -6 -9 -4 -9 -3 -8 -1 -7 0 -5 1 -2 2 1 4 4 5 7 6 10 8 13 9 16 11 19 12 21 14 22 15 23 16 23 17 23 19 23 19 22 19 21 18 20 17 18 15 17 13 16 10 16 ]
2025-04-01 16:18:03,CSI_DATA,STA,D8:B1:90:DB:E8:90,-29,11,1,3,0,0,1,0,0,0,0,-95,0,3,0,3859040762,0,110,0,0,8154.36,256,[110 96 6 0 3 -14 5 -12 6 -12 6 -11 6 -10 6 -9 5 -8 4 -7 2 -6 0 -4 -2 -2 -5 0 -7 3 -9 6 -11 9 -13 11 -15 14 -16 16 -17 18 -18 19 -18 21 -19 20 -19 19 -20 19 -20 17 0 0 0 0 0 0 0 0 0 0 0 0 0 0 0 0 0 0 0 0 0 0 -1 9 -2 8 -3 7 -3 5 -3 3 -3 0 -2 -3 -2 -6 -1 -10 0 -13 1 -16 1 -20 2 -23 1 -25 0 -27 -1 -29 -2 -29 -3 -30 -4 -30 -5 -29 -5 -28 -5 -27 -4 -25 -3 -24 -2 -21 0 -20 ]
2025-04-01 16:18:03,CSI_DATA,STA,D8:B1:90:DB:E8:90,-29,11,1,6,0,0,1,0,0,0,1,-95,0,3,0,3859541252,0,110,0,0,8154.86,256,[110 96 6 0 -14 -11 -12 -13 -10 -13 -9 -14 -8 -13 -8 -12 -7 -11 -6 -8 -5 -6 -4 -3 -3 0 -1 3 2 7 5 10 8 14 10 17 13 20 16 22 18 23 20 24 21 25 21 25 20 26 19 26 17 26 0 0 0 0 0 0 0 0 0 0 0 0 0 0 0 0 0 0 0 0 0 0 11 6 8 7 6 7 4 6 2 5 -1 3 -4 1 -7 -1 -11 -4 -14 -6 -18 -8 -21 -11 -24 -11 -27 -12 -30 -12 -33 -12 -35 -12 -35 -11 -36 -9 -35 -7 -34 -6 -32 -6 -30 -5 -28 -6 -25 -6 -22 -8 ]
2025-04-01 16:18:03,CSI_DATA,STA,D8:B1:90:DB:E8:90,-29,11,1,6,0,0,1,0,0,0,1,-95,0,3,0,3860040878,0,110,0,0,8155.36,256,[110 96 6 0 25 -2 25 -2 26 -3 25 -3 25 -3 25 -4 24 -4 24 -5 24 -4 24 -5 24 -5 23 -5 23 -5 23 -5 23 -5 24 -4 24 -4 23 -4 22 -3 22 -2 22 -2 21 -2 22 -1 21 1 20 1 0 0 0 0 0 0 0 0 0 0 0 0 0 0 0 0 0 0 0 0 0 0 18 -3 19 -2 19 -1 19 0 20 0 20 0 21 1 21 1 21 1 22 2 22 3 22 3 22 3 22 3 22 3 22 2 22 1 22 1 23 1 24 0 24 0 25 -1 24 -1 24 -1 24 -1 25 -2 ]
2025-04-01 16:18:04,CSI_DATA,STA,D8:B1:90:DB:E8:90,-29,11,1,7,0,0,1,0,0,0,0,-95,0,3,0,3860540918,0,110,0,0,8155.86,256,[110 96 6 0 19 8 20 8 20 7 20 7 19 6 19 6 19 5 19 6 18 5 19 5 19 5 19 5 20 4 19 4 20 4 19 4 19 5 19 4 18 5 17 5 17 5 16 6 16 6 16 7 15 9 0 0 0 0 0 0 0 0 0 0 0 0 0 0 0 0 0 0 0 0 0 0 13 6 13 8 13 8 13 9 13 9 14 10 13 10 13 10 14 10 14 11 14 11 14 11 14 11 14 11 15 11 14 10 15 10 15 9 16 10 16 10 17 9 18 9 17 9 18 8 18 9 19 8 ]
2025-04-01 16:18:04,CSI_DATA,STA,D8:B1:90:DB:E8:90,-29,11,1,5,0,0,1,0,0,0,1,-95,0,3,0,3861041104,0,110,0,0,8156.36,256,[110 96 6 0 2 -24 2 -24 2 -24 2 -22 2 -23 1 -23 1 -22 0 -23 0 -23 -1 -23 -1 -22 -1 -23 -1 -22 -1 -23 0 -22 -1 -23 0 -22 0 -22 1 -22 1 -21 1 -21 2 -20 2 -20 3 -19 4 -19 0 0 0 0 0 0 0 0 0 0 0 0 0 0 0 0 0 0 0 0 0 0 3 -17 4 -17 4 -17 5 -17 5 -17 6 -18 6 -18 7 -18 7 -19 7 -19 7 -19 8 -19 7 -19 7 -19 7 -19 7 -20 6 -20 6 -21 6 -20 5 -21 5 -21 5 -22 5 -22 4 -22 4 -22 4 -24 ]
2025-04-01 16:18:05,CSI_DATA,STA,D8:B1:90:DB:E8:90,-29,11,1,6,0,0,1,0,0,0,1,-95,0,3,0,3861541054,0,110,0,0,8156.86,256,[110 96 6 0 -3 16 -4 15 -6 13 -6 12 -6 11 -6 11 -5 9 -4 8 -3 6 -1 4 1 1 2 -3 4 -6 5 -10 6 -14 8 -18 8 -20 9 -23 9 -26 9 -27 9 -29 9 -29 9 -29 10 -28 11 -27 0 0 0 0 0 0 0 0 0 0 0 0 0 0 0 0 0 0 0 0 0 0 0 -11 1 -10 2 -9 3 -7 2 -4 3 -1 3 2 2 5 2 9 1 13 1 17 1 20 1 23 2 26 3 28 5 30 6 30 7 31 8 30 9 29 10 29 10 27 9 26 7 24 6 22 3 20 ]
2025-04-01 16:18:08,CSI_DATA,STA,D8:B1:90:DB:E8:90,-29,11,1,6,0,0,1,0,0,0,1,-95,0,3,0,3864548756,0,110,0,0,8159.87,256,[110 96 6 0 6 18 4 18 3 17 2 17 2 16 1 14 2 12 1 9 1 7 1 3 2 -1 1 -5 0 -9 -1 -14 -3 -18 -4 -21 -6 -25 -8 -28 -8 -29 -9 -31 -10 -32 -10 -32 -10 -32 -8 -32 -7 -32 0 0 0 0 0 0 0 0 0 0 0 0 0 0 0 0 0 0 0 0 0 0 -7 -11 -5 -11 -3 -10 -1 -8 0 -6 2 -2 4 1 6 4 8 9 10 12 12 16 14 19 16 21 18 23 20 25 22 25 24 25 25 25 26 24 26 23 25 22 24 21 22 20 20 19 18 19 15 18 ]
2025-04-01 16:18:08,CSI_DATA,STA,00:00:00:00:00:00,-29,11,0,0,0,0,0,0,0,0,0,-95,0,3,0,3865112568,0,14,0,0,8160.43,128,[14 -32 0 0 4 -17 6 -15 7 -14 8 -13 7 -12 7 -11 5 -10 4 -8 3 -7 0 -5 -2 -2 -4 1 -6 5 -8 8 -9 12 -11 15 -12 19 -13 21 -13 23 -14 25 -14 26 -14 27 -15 26 -15 25 -16 24 0 0 0 0 0 0 0 0 0 0 0 0 0 0 0 0 0 0 0 0 0 0 -3 11 -4 8 -4 7 -5 5 -4 2 -4 -1 -3 -4 -2 -7 0 -10 0 -14 2 -18 2 -21 2 -24 3 -26 2 -29 1 -31 0 -32 -1 -32 -2 -32 -3 -32 -4 -31 -4 -29 -4 -28 -3 -26 -1 -24 1 -23 ]
2025-04-01 16:18:13,CSI_DATA,STA,D8:B1:90:DB:E8:90,-30,11,1,6,0,0,1,0,0,0,1,-94,0,3,0,3869556740,0,110,0,0,8164.87,256,[110 96 6 0 -17 -3 -16 -5 -14 -5 -13 -6 -12 -6 -11 -5 -9 -5 -8 -3 -6 -1 -3 0 0 2 3 4 6 6 10 7 13 8 16 10 20 10 23 10 25 11 26 11 27 11 27 11 27 12 26 12 25 13 0 0 0 0 0 0 0 0 0 0 0 0 0 0 0 0 0 0 0 0 0 0 11 0 9 2 7 3 5 3 2 3 -1 3 -4 3 -7 2 -11 1 -15 1 -19 0 -22 0 -25 0 -28 0 -31 1 -31 2 -33 3 -32 4 -33 6 -32 6 -31 7 -30 6 -27 6 -26 5 -24 4 -23 2 ]
2025-04-01 16:18:14,CSI_DATA,STA,D8:B1:90:DB:E8:90,-30,11,1,5,0,0,1,0,0,0,0,-94,0,3,0,3870058697,0,110,0,0,8165.38,256,[110 96 6 0 8 15 6 15 5 14 4 15 3 14 2 12 3 11 2 8 2 5 2 2 1 -1 0 -5 -1 -10 -2 -14 -4 -18 -6 -21 -8 -24 -10 -27 -11 -29 -12 -30 -12 -31 -13 -31 -13 -31 -12 -31 -9 -31 0 0 0 0 0 0 0 0 0 0 0 0 0 0 0 0 0 0 0 0 0 0 -8 -11 -6 -11 -4 -10 -2 -9 0 -7 2 -4 4 -1 7 2 9 6 11 9 14 13 16 16 19 18 21 20 24 22 25 22 27 22 28 21 30 20 29 18 29 18 27 17 25 15 23 15 20 15 17 15 ]
2025-04-01 16:18:14,CSI_DATA,STA,D8:B1:90:DB:E8:90,-29,11,1,6,0,0,1,0,0,0,1,-95,0,3,0,3871064396,0,110,0,0,8166.38,256,[110 96 6 0 -2 -19 0 -18 1 -17 2 -16 2 -15 2 -14 2 -12 1 -10 0 -7 -1 -4 -1 0 -1 4 -1 7 0 11 1 15 2 20 3 22 3 25 5 27 5 29 6 30 7 30 7 30 6 30 4 29 0 0 0 0 0 0 0 0 0 0 0 0 0 0 0 0 0 0 0 0 0 0 -3 12 -4 10 -5 9 -5 6 -5 4 -5 0 -5 -3 -5 -7 -5 -11 -5 -15 -5 -19 -6 -22 -6 -25 -7 -28 -8 -30 -10 -32 -11 -32 -13 -33 -14 -31 -14 -31 -15 -30 -14 -29 -14 -27 -13 -24 -11 -23 -8 -22 ]
2025-04-01 16:18:19,CSI_DATA,STA,D8:B1:90:DB:E8:90,-29,11,1,6,0,0,1,0,0,0,1,-95,0,3,0,3876071499,0,110,0,0,8171.39,256,[110 96 6 0 8 -25 8 -25 8 -25 7 -24 6 -24 6 -25 6 -24 5 -24 5 -25 4 -24 4 -24 4 -24 3 -25 4 -25 4 -25 5 -24 5 -24 5 -24 5 -23 5 -23 6 -22 6 -22 7 -21 8 -21 9 -20 0 0 0 0 0 0 0 0 0 0 0 0 0 0 0 0 0 0 0 0 0 0 6 -19 7 -19 8 -18 9 -18 9 -18 10 -19 10 -19 11 -19 11 -19 12 -20 12 -20 13 -20 12 -20 12 -20 12 -19 12 -20 12 -20 11 -20 10 -20 10 -21 9 -22 9 -22 9 -23 9 -23 9 -24 9 -25 ]
2025-04-01 16:18:20,CSI_DATA,STA,D8:B1:90:DB:E8:90,-29,11,1,7,0,0,1,0,0,0,1,-95,0,3,0,3876571915,0,110,0,0,8171.89,256,[110 96 6 0 -24 2 -23 2 -23 3 -23 2 -23 3 -23 4 -22 4 -22 5 -22 5 -22 5 -22 5 -22 6 -21 6 -22 7 -21 6 -22 6 -21 5 -21 5 -21 5 -21 3 -21 3 -20 3 -20 2 -20 1 -20 0 0 0 0 0 0 0 0 0 0 0 0 0 0 0 0 0 0 0 0 0 0 0 -18 1 -18 0 -19 -1 -18 -2 -19 -2 -19 -2 -20 -3 -20 -3 -21 -3 -21 -4 -20 -3 -21 -4 -21 -4 -21 -3 -20 -3 -21 -3 -21 -2 -21 -1 -21 -2 -21 -1 -21 0 -22 0 -22 1 -23 1 -23 1 -22 1 ]
2025-04-01 16:18:21,CSI_DATA,STA,D8:B1:90:DB:E8:90,-28,11,1,7,0,0,1,0,0,0,1,-95,0,3,0,3878071625,0,110,0,0,8173.39,256,[110 96 6 0 -7 -16 -5 -16 -3 -15 -2 -15 -2 -14 -2 -13 -2 -12 -3 -9 -2 -7 -3 -3 -3 0 -3 4 -2 8 0 12 1 15 2 20 3 22 5 24 6 27 7 28 7 29 7 29 7 28 6 28 4 27 0 0 0 0 0 0 0 0 0 0 0 0 0 0 0 0 0 0 0 0 0 0 6 9 4 9 2 9 0 6 -1 4 -3 2 -5 -1 -6 -4 -8 -8 -10 -11 -12 -14 -14 -17 -16 -20 -18 -22 -20 -22 -22 -23 -23 -22 -24 -22 -25 -21 -24 -20 -25 -19 -23 -18 -22 -17 -20 -16 -16 -16 -14 -16 ]
2025-04-01 16:18:22,CSI_DATA,STA,D8:B1:90:DB:E8:90,-28,11,1,6,0,0,1,0,0,0,1,-95,0,3,0,3878570809,0,110,0,0,8173.89,256,[110 96 6 0 9 15 8 16 6 15 5 15 4 14 4 13 4 11 3 8 3 5 3 2 3 -2 2 -6 0 -11 -1 -15 -2 -19 -4 -22 -6 -26 -7 -29 -8 -31 -9 -33 -9 -33 -10 -33 -10 -33 -9 -33 -6 -32 0 0 0 0 0 0 0 0 0 0 0 0 0 0 0 0 0 0 0 0 0 0 -11 -8 -9 -8 -6 -8 -4 -7 -2 -5 2 -3 4 0 7 3 10 6 13 9 16 12 19 14 22 16 24 18 27 19 28 19 30 19 30 18 32 17 30 16 30 15 28 15 26 13 24 13 21 13 19 14 ]
2025-04-01 16:18:24,CSI_DATA,STA,D8:B1:90:DB:E8:90,-29,11,1,6,0,0,1,0,0,0,1,-95,0,3,0,3881078582,0,110,0,0,8176.4,256,[110 96 6 0 -8 23 -8 23 -7 24 -7 22 -7 22 -6 22 -6 22 -5 22 -5 23 -4 23 -4 23 -4 23 -4 23 -4 23 -4 23 -4 23 -4 23 -5 22 -5 22 -6 21 -6 21 -6 20 -7 20 -7 20 -8 19 0 0 0 0 0 0 0 0 0 0 0 0 0 0 0 0 0 0 0 0 0 0 -7 17 -8 17 -9 17 -9 17 -10 17 -11 17 -11 17 -11 17 -12 18 -12 18 -13 18 -13 18 -12 18 -12 18 -12 18 -12 19 -12 19 -11 20 -10 19 -10 19 -10 20 -10 20 -10 22 -9 22 -9 23 -9 23 ]
2025-04-01 16:18:25,CSI_DATA,STA,D8:B1:90:DB:E8:90,-29,11,1,7,0,0,1,0,0,0,1,-95,0,3,0,3881578416,0,110,0,0,8176.9,256,[110 96 6 0 -26 2 -26 3 -25 4 -26 4 -25 3 -25 4 -24 4 -24 5 -24 6 -24 7 -24 7 -24 7 -24 7 -23 7 -24 7 -24 7 -24 7 -23 6 -23 5 -23 5 -23 4 -22 4 -22 4 -22 2 -22 1 0 0 0 0 0 0 0 0 0 0 0 0 0 0 0 0 0 0 0 0 0 0 -20 2 -20 1 -19 -1 -20 -1 -20 -1 -21 -2 -21 -2 -22 -3 -22 -3 -22 -3 -22 -3 -22 -3 -22 -4 -23 -3 -23 -3 -22 -2 -24 -1 -22 -1 -24 -1 -23 -1 -24 0 -24 0 -24 2 -25 2 -25 2 -26 2 ]
2025-04-01 16:18:28,CSI_DATA,STA,D8:B1:90:DB:E8:90,-30,11,1,5,0,0,1,0,0,0,0,-94,0,3,0,3885088147,0,110,0,0,8180.41,256,[110 96 6 0 -8 -16 -6 -16 -4 -15 -4 -15 -3 -14 -3 -13 -3 -11 -3 -9 -3 -6 -3 -3 -3 0 -3 4 -2 8 -1 12 0 16 1 20 2 23 3 26 4 28 5 29 6 29 6 30 6 30 4 29 3 29 0 0 0 0 0 0 0 0 0 0 0 0 0 0 0 0 0 0 0 0 0 0 8 8 6 8 4 7 2 6 0 4 -2 2 -4 -1 -7 -4 -9 -7 -11 -10 -14 -13 -16 -16 -19 -18 -21 -19 -23 -20 -24 -21 -26 -20 -27 -20 -27 -19 -27 -19 -27 -17 -25 -17 -24 -15 -21 -15 -19 -14 -15 -15 ]
2025-04-01 16:18:35,CSI_DATA,STA,D8:B1:90:DB:E8:90,-29,11,1,6,0,0,1,0,0,0,1,-95,0,3,0,3891604177,0,110,0,0,8186.92,256,[110 96 6 0 -17 5 -16 3 -16 2 -15 1 -14 0 -13 0 -11 0 -10 1 -7 1 -4 2 -1 1 3 2 7 2 11 1 15 1 19 1 23 0 26 -1 28 -1 30 -2 31 -3 32 -2 32 -2 31 -1 30 1 0 0 0 0 0 0 0 0 0 0 0 0 0 0 0 0 0 0 0 0 0 0 10 -6 9 -4 8 -2 6 -1 4 1 1 2 -2 4 -5 5 -9 7 -13 8 -17 10 -20 11 -22 13 -24 15 -26 16 -27 18 -27 20 -27 21 -26 22 -26 22 -25 22 -23 21 -22 20 -21 18 -19 16 -19 13 ]
2025-04-01 16:18:40,CSI_DATA,STA,D8:B1:90:DB:E8:90,-29,11,1,6,0,0,1,0,0,0,1,-95,0,3,0,3896109062,0,110,0,0,8191.43,256,[110 96 6 0 16 -17 15 -17 16 -18 15 -17 14 -17 14 -17 13 -17 13 -18 13 -18 13 -18 12 -18 12 -18 12 -18 12 -19 12 -18 13 -18 12 -17 12 -17 13 -17 13 -16 13 -16 14 -15 14 -15 14 -13 14 -13 0 0 0 0 0 0 0 0 0 0 0 0 0 0 0 0 0 0 0 0 0 0 11 -13 12 -12 13 -12 13 -12 14 -12 14 -11 14 -12 15 -11 16 -12 16 -11 17 -11 16 -11 17 -11 17 -11 16 -12 16 -13 16 -13 16 -14 15 -13 15 -14 15 -14 15 -15 16 -16 15
2025-04-01 16:18:40,CSI_DATA,STA,D8:B1:90:DB:E8:90,-29,11,1,7,0,0,1,0,0,0,1,-95,0,3,0,3896608937,0,110,0,0,8191.93,256,[110 96 6 0 -11 -22 -11 -21 -11 -21 -12 -21 -12 -20 -12 -20 -12 -20 -12 -20 -12 -20 -13 -19 -13 -19 -14 -19 -14 -19 -14 -19 -13 -19 -13 -19 -13 -18 -12 -19 -12 -19 -11 -19 -11 -19 -10 -18 -9 -18 -9 -19 -8 -20 0 0 0 0 0 0 0 0 0 0 0 0 0 0 0 0 0 0 0 0 0 0 -8 -16 -7 -16 -6 -18 -6 -18 -6 -19 -5 -19 -5 -19 -5 -20 -4 -20 -5 -21 -4 -21 -4 -21 -4 -21 -4 -21 -5 -20 -5 -21 -6 -21 -6 -21 -7 -21 -8 -21 -
2025-04-01 16:18:40,CSI_DATA,STA,D8:B1:90:DB:E8:90,-29,11,1,7,0,0,1,0,0,0,1,-95,0,3,0,3897108771,0,110,0,0,8192.43,256,[110 96 6 0 -20 12 -20 12 -19 13 -19 12 -18 12 -19 13 -17 13 -18 14 -17 14 -17 14 -17 15 -17 15 -17 15 -16 15 -17 15 -17 14 -17 14 -17 13 -17 13 -17 13 -17 12 -16 11 -17 11 -17 10 -18 9 0 0 0 0 0 0 0 0 0 0 0 0 0 0 0 0 0 0 0 0 0 0 -14 9 -15 8 -16 8 -17 7 -17 7 -18 7 -18 7 -19 7 -19 7 -19 7 -19 7 -19 7 -19 7 -19 7 -20 7 -20 7 -20 8 -19 8 -20 8 -20 9 -20 10 -21 10 -19 11 -19 10 -20 11 -21 12 ]
2025-04-01 16:18:41,CSI_DATA,STA,D8:B1:90:DB:E8:90,-29,11,1,7,0,0,1,0,0,0,1,-95,0,3,0,3897609953,0,110,0,0,8192.93,256,[110 96 6 0 10 20 10 20 11 19 11 18 12 18 12 18 12 17 13 18 12 17 13 17 13 17 13 17 14 17 13 17 14 17 13 17 13 17 12 17 12 16 12 17 11 17 10 17 9 17 8 17 7 18 0 0 0 0 0 0 0 0 0 0 0 0 0 0 0 0 0 0 0 0 0 0 8 14 8 15 7 16 7 16 7 17 6 17 6 17 6 18 6 18 6 18 5 18 5 19 5 19 6 19 6 19 6 19 6 19 7 19 7 19 8 18 8 19 9 19 9 19 9 19 10 20 10 20 ]
2025-04-01 16:18:42,CSI_DATA,STA,D8:B1:90:DB:E8:90,-29,11,1,7,0,0,1,1,0,0,1,-95,0,3,0,3898109598,0,110,0,0,8193.43,256,[110 96 6 0 9 -22 9 -22 8 -22 8 -22 7 -21 7 -21 6 -21 6 -21 5 -21 5 -22 4 -21 4 -22 4 -22 4 -22 5 -22 5 -21 5 -21 5 -21 6 -20 6 -20 7 -20 7 -19 8 -19 8 -18 9 -18 0 0 0 0 0 0 0 0 0 0 0 0 0 0 0 0 0 0 0 0 0 0 5 -16 6 -16 7 -17 7 -17 8 -16 9 -17 9 -16 10 -16 10 -17 10 -17 11 -17 11 -17 11 -17 10 -17 10 -18 10 -18 10 -18 10 -18 10 -19 9 -19 9 -20 9 -20 9 -20 9 -20 9 -21 9 -21 ]
2025-04-01 16:18:48,CSI_DATA,STA,D8:B1:90:DB:E8:90,-29,11,1,7,0,0,1,1,0,0,1,-95,0,3,0,3904125454,0,110,0,0,8199.44,256,[110 96 6 0 -4 -24 -4 -24 -4 -23 -4 -23 -5 -22 -5 -22 -5 -22 -5 -22 -6 -21 -6 -22 -6 -22 -7 -22 -7 -22 -7 -21 -7 -22 -7 -22 -6 -22 -6 -22 -5 -21 -5 -21 -4 -21 -4 -20 -3 -20 -2 -20 -1 -21 0 0 0 0 0 0 0 0 0 0 0 0 0 0 0 0 0 0 0 0 0 0 -3 -17 -2 -17 -1 -18 -1 -18 -1 -18 0 -19 0 -19 1 -19 1 -19 1 -20 1 -20 2 -20 1 -20 1 -20 1 -20 1 -20 0 -20 0 -20 -1 -22 -1 -21 -2 -22 -2 -23 -2 -22 -3 -22 -3 -23 -
2025-04-01 16:18:48,CSI_DATA,STA,D8:B1:90:DB:E8:90,-29,11,1,7,0,0,1,1,0,0,1,-95,0,3,0,3904625433,0,110,0,0,8199.94,256,[110 96 6 0 -20 14 -20 14 -20 15 -19 15 -19 15 -18 15 -18 16 -18 16 -18 16 -17 17 -17 17 -17 17 -16 17 -17 17 -17 17 -17 17 -16 16 -17 16 -17 15 -17 15 -17 14 -17 13 -17 13 -17 11 -18 10 0 0 0 0 0 0 0 0 0 0 0 0 0 0 0 0 0 0 0 0 0 0 -15 11 -15 10 -17 10 -17 9 -17 10 -18 9 -18 9 -19 9 -19 9 -20 9 -20 9 -20 9 -20 9 -20 9 -20 9 -21 10 -20 10 -20 11 -20 11 -20 12 -20 12 -20 13 -20 13 -19 13 -20 13
2025-04-01 16:18:55,CSI_DATA,STA,D8:B1:90:DB:E8:90,-30,11,1,7,0,0,1,1,0,0,1,-95,0,3,0,3911640443,0,110,0,0,8206.96,256,[110 96 6 0 11 -21 11 -21 11 -21 10 -21 10 -21 10 -21 9 -21 9 -22 8 -22 7 -22 7 -22 7 -22 7 -21 8 -22 8 -22 7 -22 8 -21 8 -21 8 -20 8 -20 9 -20 9 -19 9 -19 10 -17 11 -17 0 0 0 0 0 0 0 0 0 0 0 0 0 0 0 0 0 0 0 0 0 0 8 -16 9 -16 10 -16 10 -16 11 -16 12 -15 12 -16 13 -16 14 -16 14 -16 13 -16 14 -16 13 -16 13 -16 13 -16 13 -17 13 -17 13 -18 12 -18 12 -18 12 -19 12 -20 12 -19 12 -20 12 -20 12 -21
2025-04-01 16:19:00,CSI_DATA,STA,D8:B1:90:DB:E8:90,-29,11,1,7,0,0,1,1,0,0,1,-95,0,3,0,3916648161,0,110,0,0,8211.97,256,[110 96 6 0 -21 -11 -21 -11 -20 -10 -21 -10 -21 -9 -21 -9 -21 -8 -21 -8 -21 -7 -21 -7 -21 -7 -21 -7 -21 -7 -21 -7 -21 -7 -21 -7 -21 -7 -21 -7 -20 -7 -19 -7 -19 -8 -18 -8 -18 -8 -17 -9 -17 -10 0 0 0 0 0 0 0 0 0 0 0 0 0 0 0 0 0 0 0 0 0 0 -16 -7 -16 -8 -15 -10 -15 -10 -15 -11 -15 -11 -16 -12 -17 -12 -16 -12 -17 -13 -16 -13 -16 -14 -17 -14 -16 -14 -16 -13 -17 -13 -17 -13 -17 -13 -18 -13 -18 -13
2025-04-01 16:19:01,CSI_DATA,STA,D8:B1:90:DB:E8:90,-29,11,1,7,0,0,1,1,0,0,1,-95,0,3,0,3917147999,0,110,0,0,8212.47,256,[110 96 6 0 -14 18 -14 18 -14 18 -14 18 -13 18 -13 18 -12 18 -11 19 -11 18 -11 19 -10 19 -10 19 -10 19 -10 19 -10 19 -10 19 -11 19 -11 19 -10 18 -11 17 -11 16 -11 16 -12 15 -12 15 -13 14 0 0 0 0 0 0 0 0 0 0 0 0 0 0 0 0 0 0 0 0 0 0 -11 13 -12 13 -12 13 -13 13 -13 12 -15 13 -15 13 -15 13 -15 13 -16 12 -16 12 -17 12 -16 12 -16 12 -16 12 -16 13 -16 14 -16 14 -16 14 -15 15 -15 15 -15 16 -15 16 -1
2025-04-01 16:19:05,CSI_DATA,STA,D8:B1:90:DB:E8:90,-29,11,1,7,0,0,1,1,0,0,1,-95,0,3,0,3921655446,0,110,0,0,8216.97,256,[110 96 6 0 -7 21 -7 21 -7 21 -6 20 -5 20 -5 21 -5 20 -4 21 -4 21 -3 21 -3 20 -3 20 -3 20 -3 21 -3 20 -3 21 -3 20 -4 20 -4 19 -4 19 -5 19 -5 18 -6 17 -6 18 -7 17 0 0 0 0 0 0 0 0 0 0 0 0 0 0 0 0 0 0 0 0 0 0 -5 16 -6 16 -7 16 -7 15 -8 16 -8 15 -9 17 -10 16 -10 17 -10 17 -10 16 -11 17 -10 16 -10 17 -10 17 -10 18 -9 18 -9 18 -9 18 -8 19 -8 19 -8 20 -8 20 -7 20 -7 21 -8 21 ]
2025-04-01 16:19:07,CSI_DATA,STA,D8:B1:90:DB:E8:90,-30,11,1,7,0,0,1,1,0,0,1,-95,0,3,0,3923664419,0,110,0,0,8218.98,256,[110 96 6 0 -21 6 -21 6 -20 7 -20 7 -20 7 -20 7 -19 7 -19 8 -19 9 -19 9 -19 9 -19 10 -18 10 -18 10 -19 10 -19 10 -19 9 -19 8 -18 8 -18 8 -18 7 -17 7 -18 6 -17 5 -18 4 0 0 0 0 0 0 0 0 0 0 0 0 0 0 0 0 0 0 0 0 0 0 -16 5 -16 4 -16 3 -17 2 -17 2 -18 2 -19 2 -19 2 -19 2 -20 1 -20 1 -20 0 -20 0 -20 1 -19 1 -19 2 -19 2 -19 3 -20 3 -20 3 -20 4 -20 4 -20 5 -21 5 -21 5 -21 6 ]
2025-04-01 16:19:08,CSI_DATA,STA,D8:B1:90:DB:E8:90,-29,11,1,7,0,0,1,1,0,0,1,-95,0,3,0,3924165837,0,110,0,0,8219.48,256,[110 96 6 0 9 20 9 20 9 19 9 19 10 18 10 18 10 18 10 18 11 17 11 17 12 17 11 17 12 17 12 17 12 17 12 17 11 17 11 16 10 16 10 17 9 16 8 16 8 16 8 17 6 17 0 0 0 0 0 0 0 0 0 0 0 0 0 0 0 0 0 0 0 0 0 0 7 14 6 14 5 15 5 16 5 16 4 16 5 17 4 17 4 18 4 18 3 18 4 18 4 19 4 19 4 18 4 19 4 18 5 19 6 19 7 19 7 19 8 19 7 20 8 20 9 21 9 20 ]
2025-04-01 16:19:08,CSI_DATA,STA,00:00:00:00:00:00,-30,11,0,0,0,0,0,0,0,0,0,-95,0,3,0,3925112645,0,14,0,0,8220.43,128,[14 -32 0 0 -6 -18 -3 -17 -2 -16 -1 -16 0 -15 -1 -14 -1 -12 -1 -10 -1 -7 -2 -4 -3 -1 -3 3 -3 7 -2 11 -1 15 -1 20 0 23 1 26 2 28 2 30 3 31 3 31 3 31 1 31 0 30 0 0 0 0 0 0 0 0 0 0 0 0 0 0 0 0 0 0 0 0 0 0 3 10 1 9 0 9 -1 7 -2 4 -4 1 -5 -2 -6 -5 -7 -9 -9 -13 -10 -17 -11 -20 -12 -23 -14 -25 -15 -27 -17 -29 -19 -29 -20 -28 -21 -28 -21 -27 -22 -25 -20 -24 -19 -23 -18 -22 -15 -20 -12 -20 ]
2025-04-01 16:19:14,CSI_DATA,STA,D8:B1:90:DB:E8:90,-29,11,1,7,0,0,1,0,0,0,0,-95,0,3,0,3930178844,0,110,0,0,8225.5,256,[110 96 6 0 21 11 21 11 20 10 21 10 21 9 21 9 21 8 20 8 20 7 20 7 20 6 21 7 21 6 20 7 21 6 21 7 21 7 20 7 20 7 19 8 18 8 18 8 17 8 16 10 16 10 0 0 0 0 0 0 0 0 0 0 0 0 0 0 0 0 0 0 0 0 0 0 16 8 15 9 14 10 14 11 14 11 14 11 15 11 15 12 15 12 15 13 15 13 15 13 15 13 15 14 15 13 15 13 15 12 16 12 17 12 17 11 18 11 18 11 19 11 19 11 20 11 20 11 ]
2025-04-01 16:19:14,CSI_DATA,STA,D8:B1:90:DB:E8:90,-29,11,1,6,0,0,1,0,0,0,1,-95,0,3,0,3930678865,0,110,0,0,8226,256,[110 96 6 0 21 7 21 8 21 7 21 7 21 7 21 6 21 6 20 6 20 5 21 5 21 5 21 4 21 4 21 5 21 5 21 5 21 6 20 6 20 6 19 6 18 6 18 7 18 7 17 8 16 9 0 0 0 0 0 0 0 0 0 0 0 0 0 0 0 0 0 0 0 0 0 0 17 4 17 5 16 6 16 7 17 8 17 8 17 9 17 9 17 10 17 10 17 10 17 10 17 10 17 10 17 10 17 10 18 9 18 9 19 9 19 8 20 8 20 8 20 7 21 7 21 8 22 7 ]
2025-04-01 16:19:15,CSI_DATA,STA,D8:B1:90:DB:E8:90,-29,11,1,6,0,0,1,0,0,0,1,-95,0,3,0,3931678687,0,110,0,0,8227,256,[110 96 6 0 -12 -13 -10 -13 -8 -13 -7 -13 -6 -12 -6 -11 -5 -10 -5 -7 -4 -5 -4 -2 -3 1 -2 5 -1 8 1 11 3 15 5 18 7 21 8 23 10 25 10 26 11 27 12 27 11 26 10 27 8 26 0 0 0 0 0 0 0 0 0 0 0 0 0 0 0 0 0 0 0 0 0 0 9 6 6 6 4 6 2 5 0 4 -2 1 -5 0 -8 -3 -10 -6 -13 -8 -16 -11 -18 -13 -20 -15 -22 -16 -24 -16 -26 -17 -27 -16 -28 -16 -29 -14 -28 -14 -28 -13 -26 -12 -25 -12 -23 -11 -21 -11 -18 -12 ]
2025-04-01 16:19:16,CSI_DATA,STA,D8:B1:90:DB:E8:90,-29,11,1,7,0,0,1,1,0,0,1,-95,0,3,0,3932180563,0,110,0,0,8227.5,256,[110 96 6 0 19 -15 20 -16 19 -16 19 -16 18 -16 18 -16 17 -16 18 -17 17 -17 16 -17 16 -18 17 -17 17 -18 17 -18 17 -18 17 -17 17 -17 17 -17 17 -16 17 -15 17 -15 17 -14 17 -14 17 -13 18 -12 0 0 0 0 0 0 0 0 0 0 0 0 0 0 0 0 0 0 0 0 0 0 15 -12 16 -11 17 -10 17 -10 18 -10 18 -10 19 -9 19 -9 20 -9 20 -9 20 -9 20 -9 20 -8 20 -9 20 -9 20 -10 20 -11 19 -11 20 -11 20 -12 20 -13 20 -13 20 -14 20 -14 20 -1
2025-04-01 16:19:18,CSI_DATA,STA,D8:B1:90:DB:E8:90,-29,11,1,5,0,0,1,0,0,0,1,-95,0,3,0,3934187772,0,110,0,0,8229.51,256,[110 96 6 0 -20 -18 -20 -17 -20 -17 -20 -16 -20 -16 -21 -15 -21 -15 -21 -14 -21 -14 -21 -14 -22 -13 -21 -13 -21 -13 -22 -13 -21 -13 -22 -14 -20 -14 -20 -14 -20 -14 -19 -14 -19 -14 -18 -14 -17 -15 -17 -15 -15 -16 0 0 0 0 0 0 0 0 0 0 0 0 0 0 0 0 0 0 0 0 0 0 -14 -13 -14 -14 -13 -16 -13 -16 -13 -17 -13 -17 -13 -17 -13 -18 -13 -18 -13 -19 -13 -19 -13 -20 -13 -20 -13 -19 -13 -19 -13 -19 -14 -18 -1
2025-04-01 16:19:20,CSI_DATA,STA,D8:B1:90:DB:E8:90,-29,11,1,7,0,0,1,0,0,0,0,-95,0,3,0,3936195662,0,110,0,0,8231.51,256,[110 96 6 0 11 23 11 23 11 22 11 21 11 21 11 21 12 21 12 21 13 20 14 19 14 19 14 19 14 19 14 19 14 19 13 19 13 20 12 20 11 19 11 19 10 19 10 19 9 19 9 19 7 20 0 0 0 0 0 0 0 0 0 0 0 0 0 0 0 0 0 0 0 0 0 0 8 17 6 18 6 18 5 19 5 19 5 19 4 20 4 21 4 21 4 22 4 21 4 21 4 21 4 21 5 21 5 21 5 21 6 21 6 21 7 21 8 21 8 22 9 22 10 22 10 22 10 23 ]
2025-04-01 16:19:20,CSI_DATA,STA,D8:B1:90:DB:E8:90,-30,11,1,7,0,0,1,0,0,0,0,-95,0,3,0,3936694788,0,110,0,0,8232.01,256,[110 96 6 0 5 -24 4 -24 4 -24 4 -24 4 -24 4 -24 3 -24 3 -24 2 -24 2 -24 1 -24 1 -24 1 -23 1 -24 2 -24 2 -24 2 -24 3 -23 3 -23 3 -23 4 -22 4 -21 5 -21 5 -21 7 -20 0 0 0 0 0 0 0 0 0 0 0 0 0 0 0 0 0 0 0 0 0 0 3 -19 4 -19 5 -19 6 -19 6 -19 7 -19 8 -19 8 -20 9 -20 9 -20 9 -20 9 -20 9 -20 9 -20 8 -20 9 -20 8 -20 8 -21 7 -21 7 -21 7 -22 7 -22 6 -23 5 -23 5 -24 6 -24 ]
2025-04-01 16:19:21,CSI_DATA,STA,D8:B1:90:DB:E8:90,-30,11,1,7,0,0,1,0,0,0,0,-95,0,3,0,3937195008,0,110,0,0,8232.51,256,[110 96 6 0 -14 -18 -14 -18 -14 -17 -14 -17 -15 -16 -15 -16 -15 -15 -15 -15 -15 -15 -15 -14 -16 -14 -16 -15 -17 -15 -17 -15 -17 -15 -16 -14 -15 -14 -15 -14 -14 -15 -14 -15 -14 -15 -13 -15 -12 -15 -11 -15 -10 -16 0 0 0 0 0 0 0 0 0 0 0 0 0 0 0 0 0 0 0 0 0 0 -11 -13 -11 -14 -10 -15 -9 -15 -9 -16 -9 -16 -9 -17 -9 -17 -9 -17 -9 -18 -9 -18 -8 -18 -9 -18 -9 -18 -9 -18 -10 -18 -10 -18 -10 -17 -11 -1
2025-04-01 16:19:21,CSI_DATA,STA,D8:B1:90:DB:E8:90,-29,11,1,7,0,0,1,0,0,0,1,-95,0,3,0,3937701858,0,110,0,0,8233.02,256,[110 96 6 0 8 -22 7 -22 7 -22 6 -21 6 -21 6 -22 5 -21 5 -22 4 -22 3 -22 3 -22 3 -22 3 -22 3 -23 3 -22 3 -22 3 -22 4 -21 5 -21 5 -20 5 -20 5 -19 5 -19 6 -19 8 -18 0 0 0 0 0 0 0 0 0 0 0 0 0 0 0 0 0 0 0 0 0 0 5 -17 6 -17 7 -17 7 -16 8 -17 8 -17 9 -17 9 -17 10 -17 10 -18 11 -18 11 -18 10 -18 10 -18 10 -18 10 -18 10 -18 9 -19 9 -19 9 -18 9 -19 9 -20 8 -20 8 -20 8 -21 8 -22 ]
2025-04-01 16:19:23,CSI_DATA,STA,D8:B1:90:DB:E8:90,-31,11,1,7,0,0,1,0,0,0,1,-93,0,3,0,3939201787,0,110,0,0,8234.52,256,[110 96 6 0 20 -9 21 -9 20 -10 20 -10 19 -10 19 -10 18 -11 19 -10 18 -11 18 -11 18 -11 18 -12 18 -12 18 -12 18 -12 18 -11 18 -11 18 -10 18 -10 18 -10 18 -9 17 -9 18 -8 17 -6 18 -5 0 0 0 0 0 0 0 0 0 0 0 0 0 0 0 0 0 0 0 0 0 0 15 -8 16 -7 16 -7 16 -6 17 -6 18 -6 17 -6 18 -6 19 -5 19 -5 19 -5 19 -5 19 -4 19 -4 19 -4 19 -5 19 -5 19 -6 20 -6 19 -6 20 -7 20 -7 19 -8 20 -8 20 -8 21 -9 ]
2025-04-01 16:19:23,CSI_DATA,STA,D8:B1:90:DB:E8:90,-30,11,1,7,0,0,1,0,0,0,1,-94,0,3,0,3939702098,0,110,0,0,8235.02,256,[110 96 6 0 -6 -23 -7 -22 -7 -22 -7 -22 -7 -22 -8 -21 -8 -21 -8 -20 -9 -20 -9 -20 -10 -20 -10 -20 -10 -20 -10 -21 -10 -20 -10 -20 -9 -20 -9 -20 -9 -20 -8 -20 -7 -20 -7 -19 -6 -19 -5 -20 -4 -20 0 0 0 0 0 0 0 0 0 0 0 0 0 0 0 0 0 0 0 0 0 0 -5 -18 -4 -18 -4 -19 -3 -19 -2 -19 -2 -19 -2 -20 -1 -20 -1 -21 -1 -21 -1 -21 -1 -21 -1 -21 -1 -21 -1 -20 -2 -21 -2 -20 -2 -21 -3 -21 -4 -21 -5 -21 -5 -21 -5
2025-04-01 16:19:28,CSI_DATA,STA,D8:B1:90:DB:E8:90,-29,11,1,7,0,0,1,0,0,0,1,-95,0,3,0,3944233839,0,110,0,0,8239.55,256,[110 96 6 0 6 -23 5 -23 5 -23 5 -23 5 -23 4 -22 4 -22 4 -22 3 -22 3 -23 3 -23 3 -23 3 -23 3 -23 3 -23 3 -22 4 -22 4 -21 4 -21 5 -21 5 -20 5 -19 6 -19 6 -19 8 -18 0 0 0 0 0 0 0 0 0 0 0 0 0 0 0 0 0 0 0 0 0 0 4 -17 5 -17 6 -17 6 -17 7 -17 8 -17 8 -18 9 -18 9 -19 9 -18 10 -18 10 -18 10 -18 10 -18 9 -18 9 -19 8 -19 8 -19 8 -20 7 -20 7 -21 7 -22 7 -21 6 -21 7 -22 7 -22 ]
2025-04-01 16:19:29,CSI_DATA,STA,D8:B1:90:DB:E8:90,-34,11,1,7,0,0,1,1,0,0,1,-95,0,3,0,3945243310,0,110,0,0,8240.56,256,[110 96 6 0 9 0 9 0 9 0 -13 10 -12 11 -11 11 -11 11 26 1 26 0 26 -1 26 -1 -18 -8 -17 -7 -18 -7 -18 -7 -21 -11 -20 -11 -21 -11 -20 -10 21 5 21 5 20 5 20 6 -14 -2 -14 -3 0 0 0 0 0 0 0 0 0 0 0 0 0 0 0 0 0 0 0 0 0 0 19 -5 20 -4 10 6 9 6 10 7 10 7 3 -2 3 -2 3 -2 3 -2 13 -18 13 -18 12 -18 12 -18 21 -11 21 -12 20 -13 20 -14 12 -2 12 -2 12 -3 13 -3 -20 -7 -20 -5 -20 -5 -15 -9 ]
2025-04-01 16:19:29,CSI_DATA,STA,D8:B1:90:DB:E8:90,-29,11,1,7,0,0,1,1,0,0,1,-95,0,3,0,3945742471,0,110,0,0,8241.06,256,[110 96 6 0 -10 -21 -10 -21 -10 -20 -11 -21 -11 -20 -11 -20 -11 -19 -12 -19 -12 -19 -13 -19 -13 -18 -13 -19 -13 -19 -13 -18 -13 -19 -12 -18 -12 -18 -11 -18 -11 -18 -10 -19 -9 -19 -9 -18 -8 -18 -7 -19 -6 -19 0 0 0 0 0 0 0 0 0 0 0 0 0 0 0 0 0 0 0 0 0 0 -7 -16 -6 -16 -6 -18 -5 -18 -5 -18 -4 -19 -4 -19 -4 -19 -4 -20 -4 -20 -4 -20 -4 -20 -4 -20 -4 -20 -4 -20 -4 -20 -5 -20 -5 -20 -6 -20 -6 -20 -7
2025-04-01 16:19:30,CSI_DATA,STA,D8:B1:90:DB:E8:90,-29,11,1,7,0,0,1,1,0,0,1,-95,0,3,0,3946242845,0,110,0,0,8241.56,256,[110 96 6 0 -4 22 -3 22 -3 22 -3 21 -2 21 -2 21 -1 21 -1 21 0 21 0 21 0 21 1 21 1 21 1 21 1 22 1 21 0 21 0 21 0 20 -1 20 -2 19 -2 19 -3 19 -4 19 -5 18 0 0 0 0 0 0 0 0 0 0 0 0 0 0 0 0 0 0 0 0 0 0 -2 17 -2 17 -3 17 -4 17 -4 17 -5 18 -5 17 -5 18 -6 18 -6 18 -7 18 -7 19 -6 19 -6 19 -7 19 -6 19 -6 19 -5 19 -6 20 -5 20 -4 21 -4 21 -4 21 -4 21 -4 22 -4 22 ]
2025-04-01 16:19:32,CSI_DATA,STA,D8:B1:90:DB:E8:90,-29,11,1,7,0,0,1,1,0,0,1,-95,0,3,0,3948249588,0,110,0,0,8243.57,256,[110 96 6 0 22 -2 22 -2 21 -3 22 -3 21 -3 21 -4 21 -4 21 -5 21 -5 21 -5 20 -6 20 -6 20 -6 20 -6 20 -6 21 -5 21 -5 21 -4 20 -4 20 -3 19 -3 19 -2 19 -2 19 -1 19 1 0 0 0 0 0 0 0 0 0 0 0 0 0 0 0 0 0 0 0 0 0 0 16 -2 17 -1 17 0 17 0 17 1 18 1 18 1 18 2 18 2 19 2 18 3 18 3 19 3 18 3 19 3 19 2 19 2 19 1 20 1 20 0 21 0 21 0 21 -1 21 -1 21 -1 22 -2 ]
2025-04-01 16:19:35,CSI_DATA,STA,D8:B1:90:DB:E8:90,-29,11,1,7,0,0,1,1,0,0,1,-95,0,3,0,3951255528,0,110,0,0,8246.57,256,[110 96 6 0 -26 4 -25 5 -24 5 -24 5 -23 6 -24 6 -23 6 -23 7 -23 7 -23 8 -23 8 -23 9 -23 8 -23 8 -22 8 -23 8 -22 8 -22 7 -22 6 -22 6 -22 5 -22 5 -22 4 -21 3 -21 2 0 0 0 0 0 0 0 0 0 0 0 0 0 0 0 0 0 0 0 0 0 0 -19 3 -19 2 -20 1 -20 0 -20 0 -20 0 -21 0 -21 -1 -22 -1 -22 -1 -23 -2 -23 -2 -23 -3 -23 -2 -23 -2 -23 -2 -23 -1 -23 0 -23 0 -23 1 -23 1 -24 1 -24 3 -24 3 -25 3 -25 4 ]
2025-04-01 16:19:41,CSI_DATA,STA,D8:B1:90:DB:E8:90,-29,11,1,7,0,0,1,1,0,0,1,-95,0,3,0,3957260521,0,110,0,0,8252.58,256,[110 96 6 0 2 -22 1 -22 1 -22 1 -21 0 -20 0 -21 0 -20 -1 -21 -1 -21 -1 -21 -2 -21 -2 -21 -2 -20 -2 -21 -2 -20 -1 -21 -1 -20 -1 -20 0 -20 -1 -20 0 -19 0 -19 1 -18 2 -19 3 -18 0 0 0 0 0 0 0 0 0 0 0 0 0 0 0 0 0 0 0 0 0 0 0 -16 1 -16 2 -17 2 -17 3 -17 3 -17 3 -18 4 -18 4 -18 4 -19 5 -19 5 -19 5 -19 5 -19 5 -19 5 -19 4 -19 4 -20 3 -20 3 -20 2 -21 2 -21 2 -21 2 -21 2 -21 2 -22 ]
2025-04-01 16:19:41,CSI_DATA,STA,D8:B1:90:DB:E8:90,-29,11,1,7,0,0,1,1,0,0,1,-95,0,3,0,3957762901,0,110,0,0,8253.08,256,[110 96 6 0 5 -25 5 -25 5 -25 4 -25 3 -25 3 -25 3 -25 3 -25 2 -25 2 -25 1 -25 1 -25 1 -25 1 -25 1 -25 2 -24 2 -24 2 -24 2 -23 3 -23 4 -23 3 -22 4 -22 5 -22 6 -21 0 0 0 0 0 0 0 0 0 0 0 0 0 0 0 0 0 0 0 0 0 0 3 -19 4 -19 5 -20 6 -20 6 -20 7 -20 7 -20 8 -20 9 -21 8 -21 9 -21 9 -21 9 -21 9 -21 8 -21 8 -21 8 -21 7 -22 7 -22 6 -22 5 -23 6 -23 6 -24 5 -24 5 -24 6 -25 ]
2025-04-01 16:19:45,CSI_DATA,STA,D8:B1:90:DB:E8:90,-30,11,1,7,0,0,1,1,0,0,1,-95,0,3,0,3961770703,0,110,0,0,8257.09,256,[110 96 6 0 11 -21 11 -21 12 -21 10 -21 10 -21 9 -21 9 -21 8 -22 7 -22 7 -22 6 -22 7 -23 7 -23 8 -23 8 -23 8 -22 7 -22 8 -22 8 -21 8 -21 9 -20 9 -19 10 -19 10 -18 11 -17 0 0 0 0 0 0 0 0 0 0 0 0 0 0 0 0 0 0 0 0 0 0 8 -17 9 -16 10 -16 10 -16 11 -16 11 -16 12 -16 12 -16 13 -16 13 -17 14 -16 13 -16 13 -16 13 -16 13 -17 14 -17 13 -17 13 -18 12 -17 12 -18 12 -19 12 -19 13 -20 12 -20 12 -20 12 -21
2025-04-01 16:19:54,CSI_DATA,STA,D8:B1:90:DB:E8:90,-30,11,1,7,0,0,1,1,0,0,1,-95,0,3,0,3970790088,0,110,0,0,8266.11,256,[110 96 6 0 -24 -8 -24 -8 -24 -7 -24 -7 -24 -6 -24 -6 -24 -5 -23 -5 -23 -5 -23 -4 -23 -4 -24 -4 -23 -4 -24 -4 -23 -4 -24 -4 -23 -4 -23 -5 -22 -5 -22 -5 -21 -5 -21 -5 -21 -6 -20 -7 -20 -8 0 0 0 0 0 0 0 0 0 0 0 0 0 0 0 0 0 0 0 0 0 0 -18 -5 -18 -6 -18 -7 -18 -8 -18 -9 -18 -9 -18 -10 -19 -10 -18 -11 -19 -11 -19 -11 -19 -11 -19 -12 -19 -11 -18 -11 -19 -11 -19 -10 -19 -10 -21 -10 -21 -10 -22 -9 -2
2025-04-01 16:19:55,CSI_DATA,STA,D8:B1:90:DB:E8:90,-30,11,1,7,0,0,1,1,0,0,1,-95,0,3,0,3971286513,0,110,0,0,8266.6,256,[110 96 6 0 -17 18 -16 18 -16 19 -15 18 -14 18 -14 18 -13 18 -13 19 -13 19 -12 19 -12 19 -13 20 -12 19 -13 20 -12 20 -13 20 -13 19 -13 19 -13 18 -13 17 -13 17 -14 16 -14 15 -15 14 -15 13 0 0 0 0 0 0 0 0 0 0 0 0 0 0 0 0 0 0 0 0 0 0 -12 14 -12 14 -14 14 -14 13 -15 13 -15 13 -16 13 -16 13 -17 14 -18 13 -17 13 -18 13 -17 13 -17 13 -16 13 -17 14 -16 14 -17 15 -17 15 -17 15 -17 16 -17 17 -17 17 -16
2025-04-01 16:19:55,CSI_DATA,STA,D8:B1:90:DB:E8:90,-29,11,1,7,0,0,1,1,0,0,1,-95,0,3,0,3971786451,0,110,0,0,8267.1,256,[110 96 6 0 22 -11 22 -11 22 -11 22 -12 21 -12 21 -12 20 -13 20 -13 20 -14 19 -14 20 -14 19 -14 20 -14 19 -14 19 -14 20 -14 19 -13 19 -13 19 -13 20 -12 19 -12 19 -11 19 -10 20 -9 20 -8 0 0 0 0 0 0 0 0 0 0 0 0 0 0 0 0 0 0 0 0 0 0 17 -8 18 -7 18 -6 18 -5 19 -5 19 -5 19 -5 20 -5 20 -4 21 -5 21 -5 21 -5 21 -4 22 -4 21 -4 21 -5 21 -6 21 -6 21 -6 21 -7 21 -8 21 -8 21 -9 21 -9 22 -9 23 -10 ]
2025-04-01 16:19:58,CSI_DATA,STA,D8:B1:90:DB:E8:90,-30,11,1,7,0,0,1,1,0,0,1,-95,0,3,0,3974294751,0,110,0,0,8269.61,256,[110 96 6 0 18 -16 19 -16 18 -16 18 -16 18 -16 17 -17 17 -17 17 -17 16 -18 16 -18 15 -18 15 -18 15 -19 15 -18 16 -18 15 -18 15 -18 15 -17 16 -17 15 -16 16 -15 16 -15 16 -14 16 -13 17 -12 0 0 0 0 0 0 0 0 0 0 0 0 0 0 0 0 0 0 0 0 0 0 14 -13 14 -12 15 -12 16 -12 16 -11 17 -11 17 -11 18 -12 19 -11 19 -11 19 -10 19 -10 19 -10 19 -10 19 -10 19 -10 19 -11 19 -12 19 -11 19 -12 19 -13 19 -13 19 -14 20
2025-04-01 16:19:58,CSI_DATA,STA,D8:B1:90:DB:E8:90,-30,11,1,7,0,0,1,1,0,0,1,-95,0,3,0,3974796072,0,110,0,0,8270.11,256,[110 96 6 0 3 -22 3 -22 3 -22 2 -22 1 -22 1 -22 1 -22 0 -21 0 -22 -1 -22 -2 -21 -1 -22 -2 -21 -1 -22 -1 -21 -1 -21 -1 -21 -1 -21 0 -21 0 -21 0 -21 1 -20 1 -20 2 -19 3 -19 0 0 0 0 0 0 0 0 0 0 0 0 0 0 0 0 0 0 0 0 0 0 2 -17 3 -17 3 -17 4 -17 4 -17 5 -17 5 -17 6 -18 6 -18 6 -19 7 -19 7 -19 7 -19 7 -19 7 -18 7 -19 6 -19 6 -20 5 -20 5 -20 4 -21 4 -21 4 -21 4 -22 4 -22 4 -22 ]
2025-04-01 16:20:01,CSI_DATA,STA,D8:B1:90:DB:E8:90,-30,11,1,7,0,0,1,1,0,0,1,-95,0,3,0,3977803493,0,110,0,0,8273.12,256,[110 96 6 0 -16 -16 -16 -15 -16 -15 -17 -15 -17 -14 -17 -14 -17 -13 -17 -13 -17 -13 -18 -12 -18 -12 -18 -12 -18 -12 -18 -12 -18 -12 -18 -12 -17 -12 -17 -12 -17 -12 -16 -12 -16 -12 -15 -12 -15 -13 -14 -14 -13 -14 0 0 0 0 0 0 0 0 0 0 0 0 0 0 0 0 0 0 0 0 0 0 -13 -12 -12 -13 -11 -13 -11 -14 -11 -14 -11 -15 -11 -15 -11 -16 -11 -16 -11 -16 -11 -16 -11 -16 -12 -17 -12 -17 -12 -17 -12 -16 -12 -16 -1
2025-04-01 16:20:04,CSI_DATA,STA,D8:B1:90:DB:E8:90,-30,11,1,7,0,0,1,1,0,0,1,-95,0,3,0,3980310960,0,110,0,0,8275.63,256,[110 96 6 0 -21 11 -21 11 -21 12 -20 12 -20 12 -20 13 -19 12 -19 13 -19 13 -18 14 -18 14 -18 14 -18 14 -18 14 -18 13 -19 14 -18 14 -19 13 -18 12 -19 12 -19 11 -19 11 -19 10 -18 9 -19 8 0 0 0 0 0 0 0 0 0 0 0 0 0 0 0 0 0 0 0 0 0 0 -16 9 -16 8 -18 7 -18 7 -19 6 -19 6 -19 6 -20 6 -21 6 -21 6 -20 6 -21 6 -21 6 -21 6 -21 5 -21 6 -21 6 -21 7 -21 7 -21 8 -21 8 -21 9 -22 10 -21 10 -22 10 -22 11 ]
2025-04-01 16:20:04,CSI_DATA,STA,D8:B1:90:DB:E8:90,-29,11,1,7,0,0,1,1,0,0,1,-95,0,3,0,3980810474,0,110,0,0,8276.13,256,[110 96 6 0 13 18 13 17 13 17 13 16 13 16 14 16 14 16 14 15 14 15 14 14 15 14 15 14 15 14 15 14 15 14 15 15 14 15 14 14 13 15 13 15 12 15 12 15 11 15 11 16 9 16 0 0 0 0 0 0 0 0 0 0 0 0 0 0 0 0 0 0 0 0 0 0 10 13 10 13 9 14 9 15 9 15 8 15 8 16 8 17 8 17 8 18 8 18 8 18 8 18 8 18 8 18 8 18 8 17 9 18 10 17 10 17 10 17 11 17 12 18 13 18 13 19 12 18 ]
2025-04-01 16:20:06,CSI_DATA,STA,D8:B1:90:DB:E8:90,-30,11,1,7,0,0,1,1,0,0,1,-95,0,3,0,3982811087,0,110,0,0,8278.13,256,[110 96 6 0 -7 -22 -7 -22 -7 -21 -7 -21 -7 -20 -8 -20 -8 -20 -9 -20 -9 -19 -9 -19 -10 -19 -10 -19 -10 -19 -10 -19 -10 -20 -10 -19 -9 -19 -9 -19 -8 -19 -8 -19 -7 -18 -7 -18 -6 -18 -6 -18 -5 -18 0 0 0 0 0 0 0 0 0 0 0 0 0 0 0 0 0 0 0 0 0 0 -7 -16 -6 -17 -5 -18 -5 -18 -4 -18 -4 -19 -3 -19 -3 -20 -3 -20 -3 -20 -2 -20 -3 -21 -3 -20 -3 -20 -3 -21 -3 -20 -4 -21 -4 -21 -4 -21 -5 -21 -6 -21 -6 -21 -5
2025-04-01 16:20:09,CSI_DATA,STA,00:00:00:00:00:00,-29,11,0,0,0,0,0,0,0,0,0,-95,0,3,0,3985112553,0,14,0,0,8280.43,128,[14 -32 0 0 -6 -17 -4 -17 -2 -16 0 -15 0 -14 0 -13 0 -12 0 -10 -1 -7 -1 -4 -2 -1 -3 3 -3 7 -2 11 -2 15 -2 19 -1 23 -1 26 0 28 1 30 1 31 2 31 1 31 1 31 -1 30 0 0 0 0 0 0 0 0 0 0 0 0 0 0 0 0 0 0 0 0 0 0 4 10 2 10 0 9 -1 7 -2 5 -4 1 -5 -2 -6 -6 -7 -9 -8 -13 -9 -17 -11 -20 -12 -24 -14 -26 -16 -27 -18 -28 -19 -29 -21 -28 -22 -28 -22 -27 -22 -26 -21 -24 -20 -23 -18 -21 -16 -20 -13 -20 ]
2025-04-01 16:20:09,CSI_DATA,STA,D8:B1:90:DB:E8:90,-29,11,1,7,0,0,1,1,0,0,1,-95,0,3,0,3985350254,0,100,0,0,8280.67,256,[100 -64 5 0 -13 -20 -14 -20 -13 -19 -14 -20 -14 -18 -14 -18 -14 -18 -14 -17 -14 -17 -15 -16 -16 -16 -16 -16 -16 -16 -15 -16 -16 -16 -15 -16 -15 -16 -15 -16 -14 -16 -14 -16 -13 -16 -13 -15 -12 -16 -12 -17 -10 -18 0 0 0 0 0 0 0 0 0 0 0 0 0 0 0 0 0 0 0 0 0 0 -10 -14 -9 -16 -8 -16 -8 -17 -8 -17 -8 -17 -7 -18 -7 -19 -7 -20 -8 -19 -7 -19 -7 -19 -7 -20 -7 -20 -7 -20 -8 -20 -9 -20 -8 -20 -10 -20 -1
2025-04-01 16:20:09,CSI_DATA,STA,D8:B1:90:DB:E8:90,-30,11,1,7,0,0,1,1,0,0,1,-95,0,3,0,3985831240,0,110,0,0,8281.15,256,[110 96 6 0 1 24 2 24 2 23 3 23 3 23 3 23 4 23 4 22 5 22 5 22 6 22 5 22 6 22 5 22 6 22 6 23 5 22 5 22 5 22 4 21 3 21 2 21 2 20 1 21 0 20 0 0 0 0 0 0 0 0 0 0 0 0 0 0 0 0 0 0 0 0 0 0 1 18 0 18 -1 18 -1 18 -2 19 -2 19 -3 19 -3 20 -3 20 -3 20 -4 20 -4 20 -4 20 -4 21 -3 21 -3 21 -3 21 -2 21 -1 21 -1 22 0 22 0 23 0 23 1 23 1 24 0 24 ]
2025-04-01 16:20:10,CSI_DATA,STA,D8:B1:90:DB:E8:90,-30,11,1,7,0,0,1,1,0,0,1,-95,0,3,0,3986333812,0,110,0,0,8281.65,256,[110 96 6 0 -18 -17 -18 -17 -18 -16 -18 -17 -18 -16 -19 -16 -18 -15 -19 -14 -18 -14 -19 -14 -19 -14 -20 -14 -20 -14 -20 -13 -20 -14 -19 -13 -19 -14 -19 -14 -18 -14 -18 -14 -18 -14 -16 -14 -16 -15 -15 -16 -14 -16 0 0 0 0 0 0 0 0 0 0 0 0 0 0 0 0 0 0 0 0 0 0 -14 -12 -13 -13 -13 -14 -12 -15 -12 -15 -13 -16 -13 -16 -12 -16 -12 -17 -13 -17 -12 -18 -12 -18 -12 -19 -13 -19 -13 -18 -13 -17 -14 -18 -1
2025-04-01 16:20:11,CSI_DATA,STA,D8:B1:90:DB:E8:90,-29,11,1,7,0,0,1,1,0,0,1,-95,0,3,0,3987830609,0,110,0,0,8283.15,256,[110 96 6 0 -23 5 -23 5 -23 6 -22 6 -22 6 -22 7 -22 7 -22 8 -21 8 -21 9 -21 9 -21 9 -21 9 -20 9 -21 9 -21 8 -21 8 -20 7 -20 7 -20 7 -20 6 -20 6 -20 5 -20 4 -20 3 0 0 0 0 0 0 0 0 0 0 0 0 0 0 0 0 0 0 0 0 0 0 -17 4 -18 3 -18 2 -18 2 -18 1 -19 1 -20 1 -20 0 -20 1 -21 0 -21 0 -21 0 -21 0 -21 0 -21 0 -21 -1 -21 0 -21 1 -22 1 -21 2 -22 2 -22 3 -23 4 -23 4 -23 4 -23 5 ]
2025-04-01 16:20:12,CSI_DATA,STA,D8:B1:90:DB:E8:90,-36,11,1,7,0,0,1,1,0,0,1,-95,0,3,0,3988830459,0,110,0,0,8284.15,256,[110 96 6 0 24 -1 24 -2 24 -2 -27 -18 -27 -16 -28 -15 -28 -15 3 16 4 15 4 15 4 16 -24 9 -23 9 -22 10 -23 10 6 -10 6 -10 6 -10 5 -10 -7 7 -8 6 -7 6 -8 6 14 19 13 20 0 0 0 0 0 0 0 0 0 0 0 0 0 0 0 0 0 0 0 0 0 0 22 -4 22 -2 14 8 14 9 14 9 14 10 4 7 5 7 5 7 4 7 -5 -27 -5 -27 -5 -28 -5 -27 13 -30 13 -30 11 -31 11 -30 14 -25 13 -25 13 -26 13 -27 -3 -6 -2 -6 -3 -6 12 5 ]
2025-04-01 16:20:15,CSI_DATA,STA,D8:B1:90:DB:E8:90,-29,11,1,7,0,0,1,1,0,0,1,-95,0,3,0,3991840557,0,110,0,0,8287.16,256,[110 96 6 0 10 -21 10 -21 10 -21 9 -21 9 -21 8 -21 8 -21 7 -21 7 -21 7 -21 6 -21 6 -22 6 -22 5 -22 6 -22 6 -22 6 -21 6 -21 7 -20 7 -20 7 -20 8 -19 8 -18 8 -18 9 -17 0 0 0 0 0 0 0 0 0 0 0 0 0 0 0 0 0 0 0 0 0 0 8 -17 9 -16 9 -16 10 -16 10 -16 11 -16 11 -16 11 -16 12 -17 12 -17 13 -17 13 -17 13 -16 13 -17 12 -16 12 -17 11 -17 11 -17 11 -18 11 -18 11 -19 11 -19 11 -19 11 -20 11 -20 12 -20 ]
2025-04-01 16:20:16,CSI_DATA,STA,D8:B1:90:DB:E8:90,-29,11,1,7,0,0,1,1,0,0,1,-95,0,3,0,3992343560,0,110,0,0,8287.66,256,[110 96 6 0 -23 6 -23 6 -23 7 -22 6 -22 7 -22 7 -22 8 -21 8 -21 8 -21 8 -21 9 -21 9 -20 9 -21 9 -21 9 -21 9 -20 8 -20 8 -20 7 -20 7 -20 6 -20 6 -20 5 -20 4 -20 2 0 0 0 0 0 0 0 0 0 0 0 0 0 0 0 0 0 0 0 0 0 0 -18 6 -18 5 -18 4 -18 3 -19 3 -19 3 -20 3 -20 3 -21 3 -21 2 -21 2 -21 1 -21 1 -21 1 -21 2 -21 3 -21 3 -21 4 -21 3 -21 4 -22 5 -22 5 -22 5 -22 5 -23 5 -23 6 ]
2025-04-01 16:20:19,CSI_DATA,STA,D8:B1:90:DB:E8:90,-29,11,1,7,0,0,1,1,0,0,1,-95,0,3,0,3995351137,0,110,0,0,8290.67,256,[110 96 6 0 -21 -7 -21 -7 -20 -6 -20 -6 -20 -5 -20 -5 -20 -4 -20 -4 -20 -4 -20 -3 -20 -3 -21 -3 -21 -3 -21 -3 -21 -3 -20 -3 -20 -3 -20 -3 -19 -4 -19 -4 -19 -5 -18 -5 -18 -5 -17 -7 -17 -7 0 0 0 0 0 0 0 0 0 0 0 0 0 0 0 0 0 0 0 0 0 0 -16 -6 -15 -6 -15 -8 -15 -8 -15 -8 -15 -8 -15 -9 -16 -9 -16 -10 -16 -10 -16 -10 -16 -10 -16 -10 -16 -10 -17 -10 -17 -10 -17 -9 -17 -9 -18 -9 -19 -8 -19 -8 -19 -8 -
2025-04-01 16:20:19,CSI_DATA,STA,D8:B1:90:DB:E8:90,-29,11,1,7,0,0,1,1,0,0,1,-95,0,3,0,3995856537,0,110,0,0,8291.17,256,[110 96 6 0 -24 -4 -24 -4 -23 -3 -24 -3 -24 -2 -24 -2 -23 -2 -23 -1 -23 -1 -23 -1 -23 0 -23 0 -24 0 -23 0 -24 0 -23 0 -23 -1 -22 -1 -22 -2 -22 -2 -22 -2 -21 -3 -20 -3 -20 -4 -20 -5 0 0 0 0 0 0 0 0 0 0 0 0 0 0 0 0 0 0 0 0 0 0 -18 -1 -18 -3 -18 -4 -18 -4 -18 -5 -19 -5 -19 -5 -19 -6 -20 -6 -20 -7 -19 -7 -20 -7 -20 -7 -20 -7 -21 -7 -20 -7 -21 -7 -21 -6 -21 -6 -21 -6 -22 -6 -23 -5 -22 -4 -23 -5 -
2025-04-01 16:20:26,CSI_DATA,STA,D8:B1:90:DB:E8:90,-29,11,1,7,0,0,1,1,0,0,1,-95,0,3,0,4002371459,0,110,0,0,8297.69,256,[110 96 6 0 -11 -23 -12 -23 -11 -22 -12 -22 -13 -22 -13 -22 -13 -21 -13 -21 -14 -20 -14 -20 -15 -20 -15 -20 -15 -20 -14 -19 -14 -20 -14 -19 -14 -19 -13 -19 -13 -19 -12 -20 -11 -19 -11 -19 -10 -19 -10 -20 -8 -20 0 0 0 0 0 0 0 0 0 0 0 0 0 0 0 0 0 0 0 0 0 0 -9 -17 -9 -18 -7 -19 -7 -19 -6 -19 -7 -20 -6 -20 -6 -21 -5 -21 -6 -22 -6 -22 -6 -22 -6 -22 -6 -22 -6 -23 -6 -22 -7 -22 -7 -22 -8 -22 -8 -22
2025-04-01 16:20:30,CSI_DATA,STA,D8:B1:90:DB:E8:90,-29,11,1,7,0,0,1,1,0,0,1,-95,0,3,0,4006882613,0,110,0,0,8302.2,256,[110 96 6 0 10 20 11 20 11 19 11 18 11 18 11 18 12 17 12 17 12 17 13 16 13 16 12 17 13 17 12 17 13 17 13 17 12 17 12 17 11 17 11 17 10 17 10 17 9 17 8 17 7 17 0 0 0 0 0 0 0 0 0 0 0 0 0 0 0 0 0 0 0 0 0 0 8 15 7 15 6 16 6 17 6 17 5 17 5 18 5 18 5 19 5 19 5 19 4 19 5 19 5 20 5 20 5 20 6 20 6 20 7 20 7 20 8 20 8 20 9 20 9 20 10 20 10 20 ]
2025-04-01 16:20:31,CSI_DATA,STA,D8:B1:90:DB:E8:90,-35,11,1,7,0,0,1,1,0,0,1,-95,0,3,0,4007391322,0,110,0,0,8302.71,256,[110 96 6 0 4 33 5 35 6 34 17 -8 17 -9 16 -10 16 -11 15 -11 14 -11 15 -13 14 -13 14 -14 14 -14 14 -14 14 -15 14 -14 14 -15 13 -14 13 -14 13 -14 13 -14 12 -13 13 -13 13 -12 14 -12 0 0 0 0 0 0 0 0 0 0 0 0 0 0 0 0 0 0 0 0 0 0 5 18 5 19 1 17 0 17 0 17 0 18 -4 13 -4 14 -4 14 -5 13 11 16 11 15 12 15 12 15 -8 -7 -8 -7 -9 -7 -9 -7 3 7 4 7 4 8 4 8 -30 -3 -31 -2 -31 -1 -17 -26 ]
2025-04-01 16:20:35,CSI_DATA,STA,D8:B1:90:DB:E8:90,-30,11,1,7,0,0,1,1,0,0,1,-95,0,3,0,4011398411,0,110,0,0,8306.72,256,[110 96 6 0 -11 22 -10 22 -10 22 -10 22 -10 22 -10 22 -9 22 -9 23 -8 23 -8 23 -7 23 -8 22 -7 22 -7 23 -8 23 -8 22 -8 22 -8 22 -8 21 -9 20 -10 20 -10 20 -10 19 -11 18 -12 18 0 0 0 0 0 0 0 0 0 0 0 0 0 0 0 0 0 0 0 0 0 0 -9 16 -9 15 -11 16 -11 16 -12 16 -12 16 -13 16 -13 16 -14 17 -14 17 -14 16 -14 16 -13 16 -14 16 -13 16 -14 17 -13 17 -13 18 -12 18 -12 19 -12 19 -12 20 -12 21 -12 20 -12 21 -12
2025-04-01 16:20:35,CSI_DATA,STA,D8:B1:90:DB:E8:90,-29,11,1,7,0,0,1,1,0,0,1,-95,0,3,0,4011898415,0,110,0,0,8307.22,256,[110 96 6 0 3 -22 3 -23 2 -22 1 -22 1 -22 1 -22 0 -22 0 -22 0 -22 -1 -22 -1 -22 -1 -22 -1 -23 -1 -22 -1 -22 -1 -22 0 -22 0 -22 1 -21 1 -21 2 -21 2 -20 2 -20 3 -19 4 -19 0 0 0 0 0 0 0 0 0 0 0 0 0 0 0 0 0 0 0 0 0 0 2 -17 3 -17 3 -17 4 -17 4 -17 5 -17 5 -18 6 -18 7 -18 6 -19 7 -18 7 -19 6 -19 7 -19 6 -19 6 -19 6 -20 6 -19 5 -20 4 -20 4 -21 4 -22 4 -22 3 -22 4 -23 3 -23 ]
2025-04-01 16:20:40,CSI_DATA,STA,D8:B1:90:DB:E8:90,-29,11,1,7,0,0,1,1,0,0,1,-95,0,3,0,4016416954,0,110,0,0,8311.74,256,[110 96 6 0 -24 -3 -24 -2 -23 -1 -23 -1 -23 -1 -23 -1 -23 0 -23 0 -22 1 -22 1 -23 1 -23 2 -22 2 -22 2 -22 1 -23 1 -22 1 -22 1 -21 0 -22 0 -21 -1 -21 -1 -20 -2 -20 -3 -20 -5 0 0 0 0 0 0 0 0 0 0 0 0 0 0 0 0 0 0 0 0 0 0 -18 0 -18 -1 -17 -2 -18 -3 -18 -4 -18 -4 -18 -4 -19 -4 -19 -5 -20 -5 -20 -5 -20 -5 -20 -6 -20 -6 -20 -5 -20 -5 -21 -5 -21 -4 -21 -4 -21 -4 -22 -3 -22 -3 -22 -2 -23 -2 -23 -2 -23
2025-04-01 16:20:40,CSI_DATA,STA,D8:B1:90:DB:E8:90,-30,11,1,7,0,0,1,1,0,0,1,-95,0,3,0,4016915443,0,110,0,0,8312.23,256,[110 96 6 0 6 -22 6 -22 6 -22 5 -21 5 -22 4 -22 4 -22 4 -22 3 -22 3 -22 2 -22 3 -22 3 -21 3 -21 3 -22 3 -22 3 -21 4 -21 4 -21 5 -20 5 -19 5 -19 6 -18 7 -18 7 -17 0 0 0 0 0 0 0 0 0 0 0 0 0 0 0 0 0 0 0 0 0 0 5 -16 5 -16 6 -16 7 -16 7 -16 8 -16 8 -16 8 -17 9 -17 9 -17 9 -17 9 -17 9 -17 9 -17 9 -17 10 -17 9 -17 9 -18 8 -18 8 -19 7 -20 8 -20 7 -21 7 -20 7 -21 7 -22 ]
2025-04-01 16:20:43,CSI_DATA,STA,D8:B1:90:DB:E8:90,-35,11,1,7,0,0,1,1,0,0,1,-95,0,3,0,4019925157,0,110,0,0,8315.24,256,[110 96 6 0 -8 -12 -8 -11 -8 -11 -8 -11 -9 -10 -9 -11 -9 -11 -9 -10 -9 -10 -10 -10 -10 -10 -10 -11 -10 -10 -10 -10 -10 -10 -10 -11 -9 -11 -9 -11 -9 -11 -8 -11 -8 -11 -8 -12 -7 -11 -7 -12 -6 -12 0 0 0 0 0 0 0 0 0 0 0 0 0 0 0 0 0 0 0 0 0 0 -12 -15 -11 -15 -24 -10 -24 -11 -24 -12 -24 -13 -30 -13 -30 -14 -30 -14 -31 -16 -22 -10 -22 -10 -22 -10 -22 -10 -6 9 -7 10 -7 10 -6 11 3 29 3 30 4 30 4 30 -
2025-04-01 16:20:44,CSI_DATA,STA,D8:B1:90:DB:E8:90,-29,11,1,7,0,0,1,1,0,0,1,-95,0,3,0,4020422552,0,110,0,0,8315.74,256,[110 96 6 0 22 -12 22 -12 22 -13 23 -13 22 -13 22 -13 21 -13 21 -14 20 -14 20 -15 20 -15 19 -14 20 -15 19 -14 20 -15 20 -14 20 -14 20 -13 20 -13 19 -12 19 -11 19 -10 20 -10 20 -9 20 -8 0 0 0 0 0 0 0 0 0 0 0 0 0 0 0 0 0 0 0 0 0 0 16 -10 17 -9 17 -9 18 -8 18 -8 19 -8 20 -7 21 -7 21 -7 21 -7 22 -7 22 -6 22 -6 22 -6 22 -6 22 -7 22 -8 22 -8 21 -8 21 -8 22 -9 22 -9 22 -11 22 -11 22 -11 23 -12 ]
2025-04-01 16:20:45,CSI_DATA,STA,D8:B1:90:DB:E8:90,-29,11,1,7,0,0,1,1,0,0,1,-95,0,3,0,4020925051,0,110,0,0,8316.24,256,[110 96 6 0 14 -18 15 -18 14 -18 14 -18 13 -18 13 -18 12 -18 12 -19 12 -18 11 -18 11 -19 11 -19 11 -19 11 -19 12 -19 11 -18 11 -18 11 -18 11 -17 12 -17 12 -16 12 -16 12 -15 13 -15 14 -13 0 0 0 0 0 0 0 0 0 0 0 0 0 0 0 0 0 0 0 0 0 0 10 -14 11 -14 12 -14 12 -14 13 -13 13 -13 14 -13 15 -13 15 -13 15 -13 16 -13 16 -13 15 -13 16 -13 16 -13 16 -13 16 -14 16 -14 16 -14 15 -14 15 -15 15 -16 15 -16 15
2025-04-01 16:20:45,CSI_DATA,STA,D8:B1:90:DB:E8:90,-29,11,1,7,0,0,1,1,0,0,1,-95,0,3,0,4021422473,0,110,0,0,8316.74,256,[110 96 6 0 19 12 19 12 19 12 19 11 19 11 19 10 19 10 19 10 19 9 19 9 19 9 19 9 19 9 19 9 19 9 19 10 19 10 18 10 18 10 17 10 17 10 16 10 16 11 15 12 14 12 0 0 0 0 0 0 0 0 0 0 0 0 0 0 0 0 0 0 0 0 0 0 14 9 13 10 13 11 13 12 13 12 13 12 13 13 13 13 13 14 13 14 12 15 13 15 13 15 13 15 14 15 14 14 14 14 14 14 16 14 16 13 17 13 18 13 17 13 18 13 18 13 19 13 ]
2025-04-01 16:20:46,CSI_DATA,STA,D8:B1:90:DB:E8:90,-29,11,1,7,0,0,1,1,0,0,1,-95,0,3,0,4022933288,0,110,0,0,8318.25,256,[110 96 6 0 21 5 22 4 21 4 21 4 21 4 21 3 21 3 21 2 20 1 21 1 21 1 21 1 21 1 21 1 21 1 21 1 21 2 20 2 20 2 19 3 19 3 19 3 18 4 18 5 17 6 0 0 0 0 0 0 0 0 0 0 0 0 0 0 0 0 0 0 0 0 0 0 16 2 17 3 16 4 16 5 16 5 17 6 17 6 17 6 18 7 18 7 18 8 18 8 18 8 19 9 19 8 18 7 19 7 19 6 19 6 19 6 20 5 20 5 20 5 21 5 21 5 21 5 ]
2025-04-01 16:20:50,CSI_DATA,STA,D8:B1:90:DB:E8:90,-30,11,1,7,0,0,1,1,0,0,1,-95,0,3,0,4026437511,0,110,0,0,8321.76,256,[110 96 6 0 -2 21 -2 22 -2 21 -2 21 -1 21 -1 21 0 20 0 20 0 20 0 20 1 20 1 21 1 21 1 21 1 21 1 21 1 21 1 20 0 20 0 20 0 19 -1 19 -2 19 -2 19 -3 18 0 0 0 0 0 0 0 0 0 0 0 0 0 0 0 0 0 0 0 0 0 0 -2 16 -3 16 -4 16 -5 16 -5 16 -5 17 -6 17 -6 17 -6 18 -6 18 -7 18 -7 18 -7 18 -6 18 -6 18 -6 18 -6 18 -6 18 -5 18 -4 19 -4 19 -4 20 -3 21 -3 21 -3 21 -3 21 ]
2025-04-01 16:20:53,CSI_DATA,STA,D8:B1:90:DB:E8:90,-30,11,1,7,0,0,1,1,0,0,1,-95,0,3,0,4029445297,0,110,0,0,8324.76,256,[110 96 6 0 21 2 21 2 21 2 21 1 21 1 21 0 21 -1 20 -1 20 -1 20 -1 20 -2 20 -1 20 -2 20 -1 20 -2 20 -1 20 -1 20 -1 19 0 19 0 19 0 18 1 18 2 18 3 18 4 0 0 0 0 0 0 0 0 0 0 0 0 0 0 0 0 0 0 0 0 0 0 16 1 16 2 15 3 16 4 16 4 17 4 17 5 17 5 17 5 17 6 16 6 17 6 17 6 17 6 18 6 17 5 17 5 18 4 19 4 19 4 19 4 20 3 20 3 20 3 21 3 21 3 ]
2025-04-01 16:20:56,CSI_DATA,STA,D8:B1:90:DB:E8:90,-29,11,1,7,0,0,1,1,0,0,1,-95,0,3,0,4032456303,0,110,0,0,8327.77,256,[110 96 6 0 -4 -24 -4 -23 -4 -23 -4 -23 -5 -23 -5 -22 -5 -22 -6 -22 -6 -22 -6 -22 -7 -21 -8 -22 -8 -22 -8 -22 -8 -22 -7 -21 -7 -21 -6 -21 -6 -21 -6 -21 -5 -21 -5 -20 -4 -21 -3 -20 -2 -20 0 0 0 0 0 0 0 0 0 0 0 0 0 0 0 0 0 0 0 0 0 0 -3 -17 -1 -18 -1 -19 -1 -19 -1 -19 0 -19 0 -19 1 -19 1 -20 1 -20 2 -20 2 -21 2 -21 1 -21 1 -21 0 -22 0 -21 -1 -22 -1 -22 -1 -22 -2 -22 -3 -23 -2 -23 -3 -23 -3 -23
2025-04-01 16:21:01,CSI_DATA,STA,D8:B1:90:DB:E8:90,-30,11,1,7,0,0,1,1,0,0,1,-95,0,3,0,4037460556,0,110,0,0,8332.78,256,[110 96 6 0 16 14 17 14 16 13 17 13 17 12 17 12 17 11 17 11 16 10 17 11 17 10 17 10 17 10 17 10 18 10 17 10 17 11 17 10 16 10 16 11 16 10 14 11 14 12 13 12 12 13 0 0 0 0 0 0 0 0 0 0 0 0 0 0 0 0 0 0 0 0 0 0 13 9 13 11 12 11 13 12 12 12 13 13 12 13 12 13 12 14 12 15 11 15 11 15 11 15 11 14 11 15 12 14 12 14 12 14 13 15 14 14 14 14 15 14 15 13 15 14 15 14 16 14 ]
2025-04-01 16:21:02,CSI_DATA,STA,D8:B1:90:DB:E8:90,-35,11,1,7,0,0,1,1,0,0,1,-95,0,3,0,4037960462,0,110,0,0,8333.28,256,[110 96 6 0 -8 15 -7 15 -6 15 -21 -5 -22 -2 -22 0 -21 2 -3 0 -3 0 -3 0 -3 1 -4 -5 -4 -5 -5 -5 -5 -5 -10 -3 -10 -3 -10 -3 -10 -1 -19 -16 -19 -15 -20 -14 -20 -12 19 9 19 8 0 0 0 0 0 0 0 0 0 0 0 0 0 0 0 0 0 0 0 0 0 0 6 20 6 21 1 19 2 19 4 19 5 19 6 10 7 10 8 10 8 9 19 0 19 -1 19 -3 19 -4 21 10 22 8 23 6 24 3 12 -1 13 -2 12 -3 12 -4 29 4 30 1 30 -2 -21 6 ]
2025-04-01 16:21:02,CSI_DATA,STA,D8:B1:90:DB:E8:90,-29,11,1,7,0,0,1,1,0,0,1,-95,0,3,0,4038460584,0,110,0,0,8333.78,256,[110 96 6 0 -25 5 -26 5 -24 6 -25 6 -24 7 -24 7 -23 7 -23 8 -22 8 -23 9 -22 10 -24 10 -24 10 -23 10 -24 10 -23 9 -24 9 -23 8 -23 7 -22 7 -22 6 -21 6 -21 5 -21 5 -22 3 0 0 0 0 0 0 0 0 0 0 0 0 0 0 0 0 0 0 0 0 0 0 -19 4 -20 3 -20 2 -21 1 -21 1 -22 0 -22 0 -22 0 -22 0 -22 0 -23 0 -24 -1 -24 -1 -24 0 -24 0 -23 0 -24 1 -23 1 -24 2 -24 2 -24 3 -24 3 -24 4 -25 4 -25 5 -26 5 ]
2025-04-01 16:21:03,CSI_DATA,STA,D8:B1:90:DB:E8:90,-28,11,1,7,0,0,1,1,0,0,1,-96,0,3,0,4039463211,0,110,0,0,8334.78,256,[110 96 6 0 -5 -23 -6 -23 -6 -22 -6 -22 -6 -22 -7 -22 -7 -21 -7 -21 -7 -21 -8 -20 -8 -20 -8 -20 -9 -20 -8 -20 -9 -20 -8 -20 -8 -20 -8 -20 -7 -20 -6 -20 -6 -20 -5 -19 -5 -19 -3 -19 -2 -20 0 0 0 0 0 0 0 0 0 0 0 0 0 0 0 0 0 0 0 0 0 0 -5 -17 -4 -18 -4 -19 -3 -19 -3 -19 -2 -20 -2 -20 -2 -20 -1 -20 -1 -21 0 -21 0 -21 0 -21 -1 -21 -1 -21 -1 -21 -1 -21 -1 -21 -2 -21 -3 -21 -4 -22 -4 -22 -4 -22 -4 -2
2025-04-01 16:21:04,CSI_DATA,STA,D8:B1:90:DB:E8:90,-29,11,1,7,0,0,1,1,0,0,1,-96,0,3,0,4040470935,0,110,0,0,8335.79,256,[110 96 6 0 14 -21 14 -21 14 -21 13 -21 12 -20 11 -21 11 -21 10 -21 10 -21 10 -21 9 -21 9 -22 9 -22 9 -22 9 -22 9 -21 10 -21 10 -21 10 -20 10 -20 10 -19 11 -18 11 -18 11 -17 13 -17 0 0 0 0 0 0 0 0 0 0 0 0 0 0 0 0 0 0 0 0 0 0 10 -17 11 -17 12 -16 12 -16 12 -16 14 -16 14 -16 15 -16 15 -16 16 -16 16 -15 15 -15 15 -15 15 -15 15 -15 15 -16 15 -16 15 -16 15 -17 15 -18 14 -18 14 -19 15 -19 15 -19 1
2025-04-01 16:21:07,CSI_DATA,STA,D8:B1:90:DB:E8:90,-32,11,1,7,0,0,1,1,0,0,1,-96,0,3,0,4043972750,0,110,0,0,8339.29,256,[110 96 6 0 -9 12 -9 12 -9 13 -9 12 -9 12 -9 12 -9 12 -9 12 -9 12 -9 12 -9 13 -9 13 -9 13 -10 12 -10 12 -11 12 -11 11 -12 11 -12 10 -12 10 -12 9 -13 8 -13 7 -14 7 -14 6 0 0 0 0 0 0 0 0 0 0 0 0 0 0 0 0 0 0 0 0 0 0 7 9 6 9 27 4 26 6 27 7 26 9 33 12 33 14 33 15 33 17 24 13 23 13 23 14 23 14 3 2 4 3 4 2 4 2 -14 -15 -14 -15 -14 -15 -13 -16 -8 12 -8 12 -8 12 -8 12 ]
2025-04-01 16:21:08,CSI_DATA,STA,00:00:00:00:00:00,-29,11,0,0,0,0,0,0,0,0,0,-95,0,3,0,4045112528,0,14,0,0,8340.43,128,[14 -32 0 0 -6 -16 -4 -15 -2 -15 -2 -14 -1 -13 -1 -12 -1 -10 -2 -9 -2 -6 -3 -4 -4 -1 -5 3 -5 7 -4 10 -4 14 -5 18 -4 21 -4 23 -4 26 -3 27 -3 28 -3 28 -4 28 -5 28 -6 27 0 0 0 0 0 0 0 0 0 0 0 0 0 0 0 0 0 0 0 0 0 0 6 8 4 7 2 7 1 5 0 3 -2 1 -4 -2 -6 -5 -7 -9 -9 -12 -10 -15 -12 -18 -13 -21 -15 -22 -17 -24 -19 -24 -20 -25 -21 -24 -21 -24 -21 -23 -22 -22 -20 -21 -19 -19 -17 -18 -15 -18 -12 -18 ]
2025-04-01 16:21:09,CSI_DATA,STA,D8:B1:90:DB:E8:90,-34,11,1,7,0,0,1,1,0,0,1,-95,0,3,0,4045480404,0,110,0,0,8340.8,256,[110 96 6 0 5 -14 6 -14 7 -14 7 -14 6 -14 7 -14 8 -14 8 -13 8 -13 9 -13 9 -13 10 -13 10 -12 11 -12 11 -11 12 -11 13 -10 13 -9 13 -8 14 -7 14 -6 14 -5 14 -4 15 -2 15 -1 0 0 0 0 0 0 0 0 0 0 0 0 0 0 0 0 0 0 0 0 0 0 -14 -7 -14 -8 -29 2 -29 0 -30 -2 -30 -4 -37 -6 -37 -9 -37 -11 -36 -14 -27 -13 -27 -15 -26 -16 -25 -17 -9 -2 -9 -3 -9 -3 -10 -3 4 22 4 23 3 22 3 23 14 -7 14 -7 15 -6 4 -15 ]
2025-04-01 16:21:15,CSI_DATA,STA,D8:B1:90:DB:E8:90,-29,11,1,7,0,0,1,1,0,0,1,-95,0,3,0,4051485523,0,110,0,0,8346.8,256,[110 96 6 0 -13 -24 -13 -23 -13 -23 -14 -22 -14 -21 -15 -21 -15 -21 -15 -20 -15 -20 -16 -20 -17 -19 -17 -19 -17 -19 -16 -19 -16 -19 -16 -19 -15 -19 -15 -19 -14 -19 -14 -19 -13 -19 -12 -18 -11 -19 -11 -20 -9 -20 0 0 0 0 0 0 0 0 0 0 0 0 0 0 0 0 0 0 0 0 0 0 -10 -16 -9 -17 -9 -19 -8 -19 -8 -19 -8 -20 -7 -20 -7 -21 -7 -22 -7 -22 -7 -22 -7 -22 -7 -22 -7 -22 -7 -22 -7 -22 -8 -22 -8 -22 -10 -23 -10 -
2025-04-01 16:21:16,CSI_DATA,STA,D8:B1:90:DB:E8:90,-33,11,1,7,0,0,1,1,0,0,1,-95,0,3,0,4052991483,0,110,0,0,8348.31,256,[110 96 6 0 0 -14 0 -14 0 -14 1 -14 0 -14 0 -14 0 -14 0 -14 0 -14 0 -14 -1 -14 -1 -15 -1 -15 0 -14 0 -15 0 -15 1 -15 1 -14 2 -14 2 -14 2 -14 3 -13 3 -13 4 -13 5 -13 0 0 0 0 0 0 0 0 0 0 0 0 0 0 0 0 0 0 0 0 0 0 -5 -12 -5 -13 -17 -15 -17 -17 -17 -17 -16 -18 -19 -27 -18 -28 -18 -29 -17 -30 -9 -22 -9 -22 -9 -22 -9 -22 -12 -4 -12 -4 -12 -4 -12 -4 -18 16 -18 16 -18 16 -18 16 1 -13 1 -13 1 -14 1 -14
2025-04-01 16:21:22,CSI_DATA,STA,D8:B1:90:DB:E8:90,-30,11,1,7,0,0,1,1,0,0,1,-95,0,3,0,4058498459,0,110,0,0,8353.82,256,[110 96 6 0 -24 -4 -24 -3 -24 -3 -24 -2 -23 -2 -23 -2 -23 -1 -23 -1 -23 0 -23 0 -23 0 -23 1 -23 1 -23 1 -23 1 -23 1 -22 0 -22 0 -22 -1 -21 0 -21 0 -21 -1 -21 -2 -20 -3 -20 -4 0 0 0 0 0 0 0 0 0 0 0 0 0 0 0 0 0 0 0 0 0 0 -18 -2 -19 -3 -19 -5 -19 -5 -19 -6 -19 -6 -20 -6 -20 -6 -20 -7 -20 -7 -20 -8 -20 -8 -20 -8 -21 -8 -20 -8 -20 -7 -20 -7 -20 -6 -21 -6 -22 -6 -22 -5 -23 -5 -22 -5 -23 -5 -23 -4
2025-04-01 16:21:28,CSI_DATA,STA,D8:B1:90:DB:E8:90,-29,11,1,7,0,0,1,1,0,0,1,-95,0,3,0,4064519640,0,110,0,0,8359.84,256,[110 96 6 0 -21 8 -22 9 -21 9 -21 10 -21 10 -21 10 -20 10 -19 11 -19 11 -20 11 -19 11 -19 11 -19 12 -19 12 -19 12 -19 12 -19 11 -19 10 -19 10 -19 10 -19 9 -19 9 -19 8 -18 7 -19 5 0 0 0 0 0 0 0 0 0 0 0 0 0 0 0 0 0 0 0 0 0 0 -16 7 -17 6 -16 6 -17 5 -17 5 -18 5 -18 5 -18 5 -19 5 -19 4 -19 4 -19 4 -20 4 -19 4 -21 4 -20 5 -21 5 -20 6 -21 6 -21 6 -21 7 -21 7 -21 8 -22 8 -22 8 -22 9 ]
2025-04-01 16:21:28,CSI_DATA,STA,00:00:00:00:00:00,-29,11,0,0,0,0,0,0,0,0,0,-95,0,3,0,4064580460,0,14,0,0,8359.9,128,[14 -32 0 0 2 17 0 16 -1 15 -1 14 -2 13 -2 12 -1 10 -1 8 -1 6 0 3 1 -1 1 -4 2 -8 2 -12 1 -16 2 -19 1 -22 1 -25 0 -28 0 -29 0 -30 -1 -31 0 -30 1 -30 2 -29 0 0 0 0 0 0 0 0 0 0 0 0 0 0 0 0 0 0 0 0 0 0 -3 -10 -1 -9 0 -8 1 -6 2 -4 3 -1 3 2 4 5 5 8 5 12 6 16 7 19 8 21 9 24 11 25 12 26 13 27 14 27 15 26 16 26 16 25 16 23 15 22 13 21 11 20 9 19 ]
2025-04-01 16:21:28,CSI_DATA,STA,D8:B1:90:DB:E8:90,-29,11,1,7,0,0,1,1,0,0,1,-95,0,3,0,4064633479,0,100,0,0,8359.96,256,[100 -64 5 0 -4 -23 -4 -23 -4 -23 -4 -22 -4 -22 -4 -22 -5 -22 -5 -22 -5 -22 -5 -22 -6 -22 -6 -22 -6 -21 -6 -22 -5 -21 -5 -22 -5 -21 -5 -21 -4 -21 -4 -21 -4 -20 -3 -20 -2 -20 0 -20 1 -19 0 0 0 0 0 0 0 0 0 0 0 0 0 0 0 0 0 0 0 0 0 0 -2 -17 -1 -17 -1 -18 0 -18 0 -18 0 -18 0 -18 1 -19 1 -19 1 -19 2 -20 2 -20 1 -20 1 -20 1 -20 1 -20 0 -20 0 -21 -1 -20 -1 -20 -2 -21 -2 -22 -2 -23 -3 -22 -2 -23 -3 -
2025-04-01 16:21:30,CSI_DATA,STA,D8:B1:90:DB:E8:90,-29,11,1,7,0,0,1,1,0,0,1,-95,0,3,0,4066028836,0,110,0,0,8361.35,256,[110 96 6 0 -3 24 -3 25 -3 24 -3 25 -2 24 -1 24 -1 24 -1 24 0 24 0 25 0 24 0 23 0 23 0 24 1 24 0 24 0 24 0 23 -1 23 -1 22 -2 22 -3 21 -3 21 -4 20 -5 20 0 0 0 0 0 0 0 0 0 0 0 0 0 0 0 0 0 0 0 0 0 0 -1 18 -3 18 -4 19 -4 19 -5 19 -5 19 -5 20 -6 20 -6 20 -7 20 -7 21 -7 21 -7 21 -7 21 -7 20 -7 20 -7 21 -6 21 -6 22 -6 22 -5 23 -4 23 -4 24 -4 24 -4 24 -4 25 ]
2025-04-01 16:21:36,CSI_DATA,STA,D8:B1:90:DB:E8:90,-29,11,1,7,0,0,1,1,0,0,1,-95,0,3,0,4072538072,0,110,0,0,8367.86,256,[110 96 6 0 11 -18 11 -19 10 -19 10 -18 9 -18 9 -19 9 -18 8 -18 8 -19 8 -19 8 -19 7 -19 7 -19 8 -19 8 -19 8 -19 8 -19 8 -18 9 -18 9 -17 9 -17 9 -16 9 -16 10 -15 11 -14 0 0 0 0 0 0 0 0 0 0 0 0 0 0 0 0 0 0 0 0 0 0 7 -14 8 -14 8 -14 9 -14 10 -13 10 -14 10 -14 11 -14 11 -14 12 -14 12 -14 12 -14 12 -13 12 -14 12 -14 12 -15 12 -15 12 -15 11 -15 11 -15 11 -16 11 -17 11 -17 11 -17 11 -18 11 -18 ]
2025-04-01 16:21:39,CSI_DATA,STA,D8:B1:90:DB:E8:90,-29,11,1,7,0,0,1,1,0,0,1,-95,0,3,0,4075047487,0,110,0,0,8370.37,256,[110 96 6 0 -13 -19 -13 -18 -14 -18 -13 -17 -14 -17 -14 -17 -14 -16 -14 -16 -15 -16 -15 -15 -16 -15 -16 -15 -16 -15 -15 -16 -15 -16 -15 -16 -14 -15 -14 -16 -14 -16 -14 -16 -13 -16 -12 -16 -11 -16 -11 -16 -10 -17 0 0 0 0 0 0 0 0 0 0 0 0 0 0 0 0 0 0 0 0 0 0 -11 -13 -10 -14 -9 -15 -9 -16 -9 -16 -8 -16 -9 -17 -9 -17 -8 -17 -9 -18 -8 -18 -9 -19 -9 -19 -9 -19 -9 -18 -9 -18 -9 -18 -9 -18 -11 -18 -1
2025-04-01 16:21:40,CSI_DATA,STA,D8:B1:90:DB:E8:90,-29,11,1,7,0,0,1,1,0,0,1,-95,0,3,0,4076056125,0,110,0,0,8371.37,256,[110 96 6 0 -22 -12 -21 -11 -21 -10 -21 -10 -21 -9 -21 -9 -21 -9 -21 -8 -20 -7 -21 -7 -21 -7 -22 -7 -22 -7 -21 -7 -21 -7 -21 -7 -21 -8 -20 -8 -20 -8 -19 -8 -19 -9 -18 -8 -18 -9 -17 -11 -16 -11 0 0 0 0 0 0 0 0 0 0 0 0 0 0 0 0 0 0 0 0 0 0 -16 -7 -15 -8 -15 -10 -15 -10 -15 -11 -15 -11 -16 -12 -16 -12 -16 -13 -16 -13 -15 -13 -16 -13 -16 -14 -16 -13 -16 -13 -16 -13 -17 -13 -17 -13 -18 -13 -18 -12
2025-04-01 16:21:43,CSI_DATA,STA,D8:B1:90:DB:E8:90,-29,11,1,7,0,0,1,1,0,0,1,-95,0,3,0,4079564607,0,110,0,0,8374.88,256,[110 96 6 0 11 -22 10 -22 11 -22 11 -22 9 -22 9 -22 9 -22 7 -22 8 -23 7 -23 7 -23 6 -23 6 -23 6 -23 6 -23 7 -23 7 -23 7 -22 7 -22 7 -21 8 -21 8 -20 9 -19 10 -19 10 -18 0 0 0 0 0 0 0 0 0 0 0 0 0 0 0 0 0 0 0 0 0 0 7 -17 8 -17 9 -17 9 -17 10 -17 11 -17 12 -17 12 -17 13 -18 13 -18 13 -17 13 -17 13 -17 13 -18 13 -17 13 -18 12 -18 12 -19 13 -19 13 -19 12 -20 12 -21 13 -21 13 -20 13 -21 13 -22 ]
2025-04-01 16:21:44,CSI_DATA,STA,D8:B1:90:DB:E8:90,-30,11,1,7,0,0,1,1,0,0,1,-95,0,3,0,4080065223,0,110,0,0,8375.38,256,[110 96 6 0 -6 23 -5 23 -4 23 -4 22 -3 23 -3 22 -2 22 -3 22 -3 22 -2 22 -2 22 -1 22 -1 22 -1 22 -1 22 -2 23 -2 22 -2 22 -2 22 -3 21 -3 21 -4 20 -5 20 -5 20 -7 20 0 0 0 0 0 0 0 0 0 0 0 0 0 0 0 0 0 0 0 0 0 0 -4 18 -5 17 -6 17 -6 17 -7 18 -7 18 -8 18 -8 18 -8 19 -9 19 -10 19 -10 19 -9 19 -9 19 -9 19 -9 19 -8 20 -8 20 -8 20 -7 21 -7 21 -6 21 -7 22 -6 22 -6 22 -6 23 ]
2025-04-01 16:21:45,CSI_DATA,STA,D8:B1:90:DB:E8:90,-29,11,1,7,0,0,1,1,0,0,1,-95,0,3,0,4082072675,0,110,0,0,8377.39,256,[110 96 6 0 21 8 20 8 21 7 20 7 20 7 20 7 20 6 20 6 20 5 20 4 20 4 20 4 21 4 21 4 21 5 21 5 20 5 20 5 20 6 19 6 19 6 19 6 18 7 17 8 16 9 0 0 0 0 0 0 0 0 0 0 0 0 0 0 0 0 0 0 0 0 0 0 16 4 15 6 15 7 15 8 15 8 16 8 15 9 16 10 16 10 16 11 16 11 15 11 16 11 16 11 16 11 16 10 16 10 16 10 18 10 18 10 19 10 19 10 20 9 20 9 20 9 20 8 ]
2025-04-01 16:21:46,CSI_DATA,STA,D8:B1:90:DB:E8:90,-29,11,1,7,0,0,1,1,0,0,1,-95,0,3,0,4082572625,0,110,0,0,8377.89,256,[110 96 6 0 9 20 9 20 10 19 10 19 10 19 10 18 11 18 11 18 10 16 11 17 12 16 12 17 13 17 12 17 12 17 12 17 12 17 11 17 11 17 11 17 10 16 9 16 9 17 8 17 7 18 0 0 0 0 0 0 0 0 0 0 0 0 0 0 0 0 0 0 0 0 0 0 8 14 7 15 6 16 6 17 6 17 5 17 5 18 5 18 5 19 5 18 4 19 4 19 5 19 5 20 5 19 4 19 5 19 6 19 6 20 7 19 7 19 8 20 8 19 9 20 9 20 9 20 ]
2025-04-01 16:21:49,CSI_DATA,STA,00:00:00:00:00:00,-29,11,0,0,0,0,0,0,0,0,0,-95,0,3,0,4085847597,0,14,0,0,8381.17,128,[14 -32 0 0 -14 10 -15 8 -15 6 -15 5 -14 4 -13 4 -11 3 -9 3 -7 3 -4 2 0 1 4 0 8 -2 11 -4 15 -6 19 -8 22 -9 24 -12 27 -13 28 -15 28 -16 29 -15 29 -15 29 -14 29 -12 0 0 0 0 0 0 0 0 0 0 0 0 0 0 0 0 0 0 0 0 0 0 9 -9 9 -7 8 -6 6 -3 5 -1 3 1 0 4 -3 6 -6 9 -9 12 -13 14 -15 18 -17 21 -18 23 -19 25 -19 27 -19 29 -18 30 -17 31 -16 31 -15 30 -13 28 -13 27 -13 24 -12 21 -13 19 ]
2025-04-01 16:21:49,CSI_DATA,STA,D8:B1:90:DB:E8:90,-29,11,1,7,0,0,1,1,0,0,1,-95,0,3,0,4085848586,0,100,0,0,8381.22,256,[100 -64 5 0 21 7 21 7 21 7 21 6 21 6 21 5 21 5 20 4 20 3 20 3 20 3 21 4 21 3 21 4 21 3 21 4 20 4 20 4 19 4 19 4 18 5 18 5 18 6 18 7 17 8 0 0 0 0 0 0 0 0 0 0 0 0 0 0 0 0 0 0 0 0 0 0 16 4 16 5 16 7 16 7 16 8 16 8 16 8 17 8 17 9 17 9 16 10 16 10 17 10 17 10 17 10 17 10 17 9 17 9 18 9 18 9 19 8 19 8 19 8 20 8 20 8 21 8 ]
2025-04-01 16:21:55,CSI_DATA,STA,D8:B1:90:DB:E8:90,-29,11,1,7,0,0,1,1,0,0,1,-95,0,3,0,4091087099,0,110,0,0,8386.41,256,[110 96 6 0 22 1 22 1 23 1 22 0 22 0 22 0 22 -1 22 -1 21 -2 22 -2 21 -2 21 -2 21 -3 22 -2 21 -2 22 -2 21 -1 21 -1 20 -1 20 0 20 0 20 0 19 1 19 2 18 4 0 0 0 0 0 0 0 0 0 0 0 0 0 0 0 0 0 0 0 0 0 0 17 -1 17 1 17 1 17 2 17 3 17 3 18 3 18 3 19 4 19 4 19 5 19 5 20 5 20 5 18 5 19 5 18 4 19 3 20 4 20 3 21 3 21 3 21 2 22 2 22 2 22 1 ]
2025-04-01 16:21:56,CSI_DATA,STA,D8:B1:90:DB:E8:90,-29,11,1,7,0,0,1,1,0,0,1,-95,0,3,0,4092596405,0,110,0,0,8387.91,256,[110 96 6 0 22 -13 23 -14 22 -14 22 -14 21 -15 21 -15 21 -15 20 -16 20 -16 19 -16 19 -17 19 -17 19 -18 19 -17 20 -18 19 -17 19 -16 19 -16 19 -15 19 -14 19 -14 19 -13 19 -13 19 -11 20 -10 0 0 0 0 0 0 0 0 0 0 0 0 0 0 0 0 0 0 0 0 0 0 17 -10 18 -9 18 -9 19 -8 19 -8 20 -8 20 -7 21 -7 21 -7 22 -7 22 -7 22 -6 22 -6 22 -6 22 -7 22 -7 22 -8 22 -9 22 -9 22 -10 22 -10 22 -11 22 -11 23 -12 23 -12 23 -13
2025-04-01 16:22:00,CSI_DATA,STA,D8:B1:90:DB:E8:90,-29,11,1,7,0,0,1,1,0,0,1,-95,0,3,0,4096106971,0,110,0,0,8391.43,256,[110 96 6 0 6 22 6 21 6 21 6 21 6 20 6 20 7 20 7 20 7 19 8 19 9 19 9 19 9 20 9 19 8 20 8 20 8 19 7 19 7 19 6 19 6 18 5 18 5 18 4 18 2 19 0 0 0 0 0 0 0 0 0 0 0 0 0 0 0 0 0 0 0 0 0 0 5 15 4 16 3 17 2 17 2 17 2 17 1 19 1 19 0 19 1 20 1 20 1 20 1 20 1 20 1 19 1 19 2 19 2 19 3 20 3 20 4 20 4 20 4 21 5 21 6 21 6 22 ]
2025-04-01 16:22:00,CSI_DATA,STA,D8:B1:90:DB:E8:90,-30,11,1,7,0,0,1,1,0,0,1,-95,0,3,0,4096606003,0,110,0,0,8391.92,256,[110 96 6 0 -19 -12 -19 -12 -18 -12 -19 -12 -19 -11 -19 -11 -19 -10 -19 -10 -19 -9 -19 -9 -20 -9 -20 -9 -20 -8 -19 -9 -19 -9 -19 -8 -19 -9 -19 -9 -18 -9 -18 -10 -18 -10 -17 -10 -17 -10 -16 -11 -15 -11 0 0 0 0 0 0 0 0 0 0 0 0 0 0 0 0 0 0 0 0 0 0 -15 -9 -14 -10 -14 -11 -14 -12 -14 -12 -14 -12 -14 -13 -14 -14 -14 -14 -14 -14 -14 -14 -14 -14 -15 -15 -15 -15 -14 -15 -14 -14 -14 -14 -15 -14 -15 -1
2025-04-01 16:22:00,CSI_DATA,STA,D8:B1:90:DB:E8:90,-29,11,1,7,0,0,1,1,0,0,1,-95,0,3,0,4097105116,0,110,0,0,8392.42,256,[110 96 6 0 -10 20 -9 20 -9 20 -8 19 -8 20 -7 19 -7 19 -7 20 -7 20 -7 20 -6 20 -6 20 -6 20 -6 20 -6 20 -6 20 -6 20 -6 19 -6 19 -7 18 -7 18 -8 17 -8 17 -9 17 -10 16 0 0 0 0 0 0 0 0 0 0 0 0 0 0 0 0 0 0 0 0 0 0 -7 15 -7 15 -9 15 -9 15 -9 15 -10 15 -10 15 -11 15 -11 15 -11 15 -12 15 -13 15 -12 16 -12 16 -12 15 -12 16 -12 16 -12 17 -11 16 -11 17 -11 18 -11 18 -11 18 -10 18 -10 19 -10 20 ]
2025-04-01 16:22:07,CSI_DATA,STA,D8:B1:90:DB:E8:90,-29,11,1,7,0,0,1,1,0,0,1,-95,0,3,0,4103611573,0,110,0,0,8398.93,256,[110 96 6 0 20 -8 20 -8 20 -9 20 -9 20 -9 20 -10 19 -10 19 -10 19 -11 18 -11 18 -11 18 -11 18 -11 18 -11 18 -11 18 -11 18 -10 18 -10 18 -9 18 -9 18 -8 18 -7 18 -7 18 -6 18 -5 0 0 0 0 0 0 0 0 0 0 0 0 0 0 0 0 0 0 0 0 0 0 15 -8 16 -7 16 -6 16 -5 17 -5 17 -5 18 -4 18 -4 19 -4 19 -4 19 -4 19 -4 19 -3 19 -4 19 -4 19 -4 19 -5 20 -6 20 -6 20 -6 20 -6 20 -7 21 -7 21 -7 21 -8 21 -8 ]
2025-04-01 16:22:07,CSI_DATA,STA,D8:B1:90:DB:E8:90,-29,11,1,7,0,0,1,1,0,0,1,-95,0,3,0,4104111755,0,110,0,0,8399.43,256,[110 96 6 0 14 18 14 17 14 17 14 16 15 16 15 16 15 15 15 14 15 14 16 14 16 13 16 14 16 13 17 14 16 13 16 14 15 14 15 14 15 14 14 14 13 14 13 14 13 14 12 15 10 15 0 0 0 0 0 0 0 0 0 0 0 0 0 0 0 0 0 0 0 0 0 0 10 13 9 13 9 15 8 15 9 16 8 15 8 16 8 16 8 17 8 18 8 18 8 18 8 18 8 18 8 18 8 18 9 18 9 18 10 17 10 17 11 17 11 17 12 17 12 17 13 17 13 17 ]
2025-04-01 16:22:09,CSI_DATA,STA,00:00:00:00:00:00,-29,11,0,0,0,0,0,0,0,0,0,-95,0,3,0,4105113563,0,14,0,0,8400.43,128,[14 -32 0 0 -15 -11 -13 -12 -11 -12 -10 -12 -9 -11 -9 -10 -8 -9 -7 -7 -6 -4 -5 -2 -3 1 -1 4 1 7 4 10 7 13 9 17 12 19 14 21 16 22 17 23 18 24 19 24 18 24 17 24 15 24 0 0 0 0 0 0 0 0 0 0 0 0 0 0 0 0 0 0 0 0 0 0 10 3 7 4 6 5 3 4 1 3 -1 2 -4 0 -7 -2 -11 -3 -13 -6 -17 -7 -20 -9 -23 -10 -25 -10 -27 -11 -29 -10 -31 -10 -31 -9 -32 -8 -31 -7 -31 -7 -29 -6 -28 -6 -26 -6 -23 -6 -21 -8 ]
2025-04-01 16:22:11,CSI_DATA,STA,D8:B1:90:DB:E8:90,-29,11,1,7,0,0,1,1,0,0,1,-95,0,3,0,4107619481,0,110,0,0,8402.94,256,[110 96 6 0 -15 16 -16 17 -15 17 -15 16 -14 17 -14 16 -14 16 -14 17 -13 17 -13 18 -12 17 -13 18 -13 18 -13 18 -13 18 -13 18 -13 17 -13 16 -13 16 -13 15 -14 15 -13 14 -13 13 -14 13 -15 12 0 0 0 0 0 0 0 0 0 0 0 0 0 0 0 0 0 0 0 0 0 0 -13 12 -14 12 -15 11 -15 11 -15 10 -16 10 -17 11 -17 10 -18 11 -18 11 -17 11 -18 10 -18 10 -18 11 -17 11 -17 11 -17 12 -17 12 -16 13 -16 13 -16 13 -16 14 -17 15 -1
2025-04-01 16:22:12,CSI_DATA,STA,D8:B1:90:DB:E8:90,-29,11,1,7,0,0,1,1,0,0,1,-95,0,3,0,4108119538,0,110,0,0,8403.44,256,[110 96 6 0 -24 -9 -26 -9 -24 -7 -25 -7 -24 -6 -25 -6 -24 -5 -24 -5 -24 -4 -24 -4 -24 -4 -24 -4 -25 -4 -23 -3 -25 -4 -24 -4 -24 -4 -24 -4 -23 -5 -23 -5 -22 -5 -21 -5 -21 -6 -20 -8 -20 -9 0 0 0 0 0 0 0 0 0 0 0 0 0 0 0 0 0 0 0 0 0 0 -19 -7 -18 -8 -18 -9 -18 -10 -18 -10 -18 -10 -19 -11 -19 -12 -19 -12 -19 -12 -19 -13 -20 -13 -20 -13 -20 -13 -20 -13 -20 -12 -21 -12 -20 -11 -22 -12 -22 -11 -23 -1
2025-04-01 16:22:12,CSI_DATA,STA,D8:B1:90:DB:E8:90,-36,11,1,7,0,0,1,1,0,0,1,-95,0,3,0,4108619531,0,110,0,0,8403.94,256,[110 96 6 0 -22 -3 -21 -3 -21 -2 2 -13 2 -12 1 -12 2 -12 -13 -1 -14 0 -14 0 -14 -1 -35 -5 -34 -4 -35 -5 -34 -6 -19 -13 -18 -13 -17 -14 -17 -14 1 11 0 10 0 10 -1 10 -11 12 -11 12 0 0 0 0 0 0 0 0 0 0 0 0 0 0 0 0 0 0 0 0 0 0 -13 -20 -11 -21 -3 8 -3 7 -4 8 -3 8 -9 -8 -8 -9 -8 -9 -8 -9 -24 -14 -24 -15 -23 -15 -24 -15 -14 6 -14 6 -14 6 -14 7 -22 -11 -23 -10 -23 -10 -24 -9 -25 -17 -24 -17 -24 -17 -
2025-04-01 16:22:13,CSI_DATA,STA,D8:B1:90:DB:E8:90,-33,11,1,7,0,0,1,1,0,0,1,-95,0,3,0,4109120344,0,110,0,0,8404.44,256,[110 96 6 0 -24 -6 -25 -5 -25 -4 -20 -10 -21 -10 -21 -8 -21 -7 -14 -2 -13 -2 -13 -1 -13 0 -14 -27 -16 -27 -16 -26 -17 -25 12 20 12 20 11 19 11 18 -3 17 -3 16 -3 16 -2 16 -11 -8 -12 -8 0 0 0 0 0 0 0 0 0 0 0 0 0 0 0 0 0 0 0 0 0 0 10 -15 10 -15 -12 1 -13 0 -13 1 -13 1 19 -3 20 -3 20 -4 20 -4 -16 6 -16 7 -16 7 -16 8 14 8 14 7 14 7 14 6 18 8 19 7 20 6 21 5 -24 -9 -25 -9 -25 -8 -25 -9 ]
2025-04-01 16:22:14,CSI_DATA,STA,D8:B1:90:DB:E8:90,-29,11,1,7,0,0,1,1,0,0,1,-95,0,3,0,4110119945,0,110,0,0,8405.44,256,[110 96 6 0 0 -24 0 -23 -1 -24 -1 -22 -1 -22 -2 -22 -2 -22 -2 -23 -3 -23 -4 -23 -4 -22 -4 -22 -3 -22 -3 -23 -3 -22 -3 -22 -3 -21 -2 -21 -1 -21 -1 -21 0 -21 0 -20 0 -20 1 -20 2 -19 0 0 0 0 0 0 0 0 0 0 0 0 0 0 0 0 0 0 0 0 0 0 -1 -18 0 -18 1 -19 2 -19 2 -19 3 -19 4 -19 4 -20 5 -20 4 -20 4 -21 5 -21 4 -21 4 -21 4 -20 4 -21 3 -21 3 -22 3 -20 3 -21 2 -21 2 -22 1 -22 1 -22 1 -23 1 -23 ]
2025-04-01 16:22:14,CSI_DATA,STA,D8:B1:90:DB:E8:90,-29,11,1,7,0,0,1,1,0,0,1,-95,0,3,0,4110620864,0,110,0,0,8405.94,256,[110 96 6 0 -2 -23 -3 -23 -3 -23 -3 -23 -4 -22 -4 -22 -4 -22 -5 -22 -5 -21 -5 -22 -6 -21 -6 -22 -6 -22 -6 -21 -6 -22 -6 -21 -5 -21 -5 -21 -4 -21 -4 -21 -4 -21 -3 -20 -2 -20 -2 -20 0 -20 0 0 0 0 0 0 0 0 0 0 0 0 0 0 0 0 0 0 0 0 0 0 -3 -18 -1 -18 -1 -19 0 -19 0 -19 1 -19 1 -20 2 -20 2 -21 2 -21 2 -21 3 -21 2 -21 2 -21 2 -21 2 -21 1 -21 1 -21 1 -22 0 -22 -1 -22 -1 -23 -1 -22 -2 -22 -2 -23 -1 -23
2025-04-01 16:22:21,CSI_DATA,STA,D8:B1:90:DB:E8:90,-29,11,1,7,0,0,1,1,0,0,1,-95,0,3,0,4117637610,0,110,0,0,8412.96,256,[110 96 6 0 -3 -22 -4 -22 -4 -21 -4 -21 -4 -21 -4 -21 -5 -20 -6 -21 -6 -20 -6 -21 -7 -20 -7 -20 -7 -20 -7 -20 -7 -20 -6 -20 -6 -20 -5 -19 -5 -19 -5 -20 -4 -19 -4 -19 -3 -19 -2 -18 -1 -18 0 0 0 0 0 0 0 0 0 0 0 0 0 0 0 0 0 0 0 0 0 0 -3 -16 -1 -16 -1 -17 -1 -17 0 -17 0 -17 0 -17 1 -18 1 -18 1 -18 2 -19 1 -19 1 -19 1 -20 1 -19 1 -19 0 -19 0 -19 -1 -19 -1 -19 -2 -20 -2 -20 -2 -21 -2 -21 -2 -21 -2
2025-04-01 16:22:22,CSI_DATA,STA,D8:B1:90:DB:E8:90,-29,11,1,7,0,0,1,1,0,0,1,-95,0,3,0,4118138577,0,110,0,0,8413.46,256,[110 96 6 0 -25 -8 -25 -7 -24 -7 -25 -7 -25 -6 -24 -6 -24 -5 -25 -5 -24 -5 -24 -4 -24 -4 -25 -4 -24 -4 -24 -3 -24 -3 -25 -4 -24 -4 -24 -5 -23 -5 -23 -5 -23 -6 -22 -6 -21 -7 -21 -8 -20 -9 0 0 0 0 0 0 0 0 0 0 0 0 0 0 0 0 0 0 0 0 0 0 -19 -4 -19 -5 -19 -7 -19 -7 -19 -8 -20 -8 -20 -8 -20 -9 -20 -9 -20 -10 -20 -10 -20 -11 -21 -11 -21 -11 -21 -11 -21 -10 -22 -9 -21 -9 -22 -9 -22 -9 -23 -9 -23 -8 -2
2025-04-01 16:22:22,CSI_DATA,STA,D8:B1:90:DB:E8:90,-29,11,1,7,0,0,1,1,0,0,1,-95,0,3,0,4118638333,0,110,0,0,8413.96,256,[110 96 6 0 2 -23 2 -23 2 -23 1 -22 1 -22 0 -22 0 -22 0 -22 -1 -23 -2 -22 -2 -22 -2 -22 -2 -22 -3 -22 -2 -22 -1 -23 -1 -22 -1 -22 0 -21 0 -21 1 -21 1 -20 2 -20 3 -20 4 -19 0 0 0 0 0 0 0 0 0 0 0 0 0 0 0 0 0 0 0 0 0 0 2 -18 3 -17 4 -18 4 -17 4 -18 5 -18 5 -18 6 -18 6 -18 6 -19 7 -19 6 -19 6 -19 6 -19 6 -19 6 -20 5 -20 5 -21 4 -20 4 -20 4 -21 4 -22 3 -22 2 -22 3 -23 3 -23 ]
2025-04-01 16:22:22,CSI_DATA,STA,D8:B1:90:DB:E8:90,-30,11,1,7,0,0,1,1,0,0,1,-95,0,3,0,4119139517,0,110,0,0,8414.46,256,[110 96 6 0 -19 -13 -19 -12 -19 -12 -19 -12 -19 -12 -19 -12 -19 -11 -19 -10 -19 -10 -19 -10 -19 -10 -20 -10 -20 -9 -20 -9 -20 -9 -19 -10 -19 -10 -19 -10 -18 -10 -18 -10 -17 -10 -17 -11 -16 -12 -15 -12 -15 -13 0 0 0 0 0 0 0 0 0 0 0 0 0 0 0 0 0 0 0 0 0 0 -15 -9 -14 -10 -14 -11 -14 -12 -14 -12 -14 -12 -14 -12 -14 -13 -14 -13 -14 -14 -14 -14 -14 -15 -14 -15 -14 -14 -14 -14 -15 -14 -15 -13 -16 -1
2025-04-01 16:22:25,CSI_DATA,STA,D8:B1:90:DB:E8:90,-29,11,1,7,0,0,1,1,0,0,1,-95,0,3,0,4121145523,0,110,0,0,8416.46,256,[110 96 6 0 -3 -23 -3 -23 -3 -23 -4 -21 -4 -21 -4 -21 -5 -21 -5 -21 -5 -21 -6 -21 -7 -20 -7 -21 -7 -21 -7 -21 -6 -21 -6 -21 -6 -20 -5 -20 -4 -20 -5 -20 -4 -20 -4 -20 -3 -19 -3 -20 -1 -19 0 0 0 0 0 0 0 0 0 0 0 0 0 0 0 0 0 0 0 0 0 0 -3 -17 -1 -17 -1 -18 0 -18 0 -19 0 -18 1 -19 2 -19 2 -20 2 -20 2 -20 2 -20 2 -21 2 -21 2 -21 1 -21 1 -21 1 -21 0 -21 0 -21 -1 -21 -1 -22 -1 -22 -2 -22 -2 -23 -2 -2
