2025-05-20 15:22:24,CSI_DATA,STA,D8:B1:90:DB:E8:90,-55,11,1,7,0,0,1,1,0,0,1,-94,0,2,0,488014388,0,110,0,0,488.372,256,[110 96 6 0 25 -2 25 -2 25 -3 26 -3 25 -3 25 -3 25 -4 25 -4 25 -5 25 -5 24 -6 24 -6 24 -6 24 -6 24 -6 25 -6 25 -6 25 -6 24 -5 24 -5 23 -5 23 -4 23 -3 22 -3 22 -1 0 0 0 0 0 0 0 0 0 0 0 0 0 0 0 0 0 0 0 0 0 0 14 -5 15 -4 15 -3 16 -2 16 -2 18 -1 17 -1 18 -1 19 0 19 0 20 1 20 1 20 1 21 1 21 1 21 1 21 0 21 0 22 1 22 0 23 0 24 -1 24 -1 24 -1 26 -1 25 -2 ]
2025-05-20 15:22:25,CSI_DATA,STA,D8:B1:90:DB:E8:90,-55,11,1,7,0,0,1,1,0,0,1,-94,0,2,0,489526163,0,110,0,0,489.883,256,[110 96 6 0 -15 -23 -15 -23 -15 -22 -16 -22 -16 -21 -17 -21 -17 -20 -17 -20 -17 -20 -17 -19 -18 -19 -17 -21 -18 -20 -17 -20 -17 -19 -17 -19 -17 -19 -17 -19 -16 -20 -16 -19 -15 -20 -15 -19 -14 -19 -13 -20 -12 -21 0 0 0 0 0 0 0 0 0 0 0 0 0 0 0 0 0 0 0 0 0 0 -11 -12 -10 -13 -9 -14 -9 -15 -9 -15 -9 -16 -9 -17 -8 -18 -8 -18 -8 -19 -8 -19 -8 -20 -8 -21 -7 -21 -8 -20 -9 -21 -9 -21 -10 -21 -10 -22 -1
2025-05-20 15:22:27,CSI_DATA,STA,D8:B1:90:DB:E8:90,-66,11,1,7,0,0,1,0,0,0,0,-94,0,2,0,491530905,0,110,0,0,491.888,256,[110 96 6 0 15 19 15 19 14 18 14 18 13 17 13 17 14 16 13 16 13 14 13 14 12 13 14 13 13 12 14 11 14 11 15 11 15 11 15 11 16 10 16 11 16 11 17 11 17 12 17 13 17 15 0 0 0 0 0 0 0 0 0 0 0 0 0 0 0 0 0 0 0 0 0 0 15 14 14 15 13 16 12 17 12 17 11 17 10 17 10 17 10 18 10 17 9 18 10 18 10 18 10 17 11 18 10 17 11 18 11 17 12 17 12 17 14 17 14 18 14 17 15 18 15 19 14 18 ]
2025-05-20 15:22:31,CSI_DATA,STA,D8:B1:90:DB:E8:90,-66,11,1,6,0,0,1,0,0,0,1,-94,0,2,0,495058871,0,110,0,0,495.416,256,[110 96 6 0 4 27 3 26 3 26 4 25 3 24 3 23 4 23 3 22 5 21 4 20 6 21 6 20 7 20 8 18 8 18 9 19 9 18 9 18 10 18 10 18 11 18 10 21 10 21 8 22 7 23 0 0 0 0 0 0 0 0 0 0 0 0 0 0 0 0 0 0 0 0 0 0 6 21 3 21 2 22 1 22 1 22 0 22 0 23 -1 22 0 22 -1 22 -1 22 -1 21 -1 23 0 22 -1 22 0 22 0 22 0 22 1 23 3 24 2 25 3 24 5 26 4 25 3 26 1 25 ]
2025-05-20 15:22:31,CSI_DATA,STA,D8:B1:90:DB:E8:90,-54,11,1,6,0,0,1,0,0,0,1,-94,0,2,0,495557616,0,110,0,0,495.914,256,[110 96 6 0 -12 4 -9 7 -7 8 -4 10 -1 13 2 15 5 18 7 21 10 23 12 26 13 28 14 31 15 33 14 35 13 35 12 36 9 34 7 32 5 29 4 25 3 21 3 16 3 11 5 7 6 3 0 0 0 0 0 0 0 0 0 0 0 0 0 0 0 0 0 0 0 0 0 0 -3 1 -5 -1 -7 -3 -8 -4 -10 -6 -12 -9 -14 -11 -16 -14 -17 -18 -18 -20 -18 -24 -17 -26 -16 -28 -15 -29 -14 -29 -13 -29 -12 -27 -11 -24 -10 -22 -10 -19 -11 -16 -12 -13 -13 -9 -13 -7 -14 -5 -14 -2 ]
2025-05-20 15:22:32,CSI_DATA,STA,D8:B1:90:DB:E8:90,-66,11,1,7,0,0,1,1,0,0,1,-94,0,2,0,496058471,0,110,0,0,496.416,256,[110 96 6 0 20 -13 19 -13 21 -13 19 -13 19 -12 18 -11 17 -12 18 -12 17 -13 16 -13 15 -13 14 -13 13 -13 14 -14 13 -13 13 -14 13 -14 13 -15 13 -15 13 -16 13 -16 14 -15 15 -15 16 -15 18 -15 0 0 0 0 0 0 0 0 0 0 0 0 0 0 0 0 0 0 0 0 0 0 14 -14 15 -12 16 -11 15 -11 16 -11 16 -10 17 -9 17 -9 17 -9 17 -9 18 -9 18 -8 17 -9 17 -8 17 -9 16 -10 18 -11 17 -11 17 -11 17 -12 17 -12 18 -13 19 -14 18 -13 19 -1
2025-05-20 15:22:32,CSI_DATA,STA,D8:B1:90:DB:E8:90,-55,11,1,5,0,0,1,0,0,0,1,-94,0,2,0,496557538,0,110,0,0,496.914,256,[110 96 6 0 -27 7 -27 8 -25 9 -25 9 -25 10 -25 10 -25 10 -25 11 -24 12 -23 13 -23 13 -23 13 -22 13 -22 13 -22 14 -23 13 -23 13 -23 13 -23 12 -23 12 -22 11 -22 11 -22 10 -22 9 -22 8 0 0 0 0 0 0 0 0 0 0 0 0 0 0 0 0 0 0 0 0 0 0 -14 8 -15 7 -15 6 -16 6 -17 5 -17 5 -19 6 -19 5 -20 4 -20 4 -21 4 -22 4 -21 3 -22 4 -22 3 -23 2 -23 4 -23 4 -24 4 -23 4 -24 5 -25 5 -25 6 -25 7 -26 7 -25 8 ]
2025-05-20 15:22:34,CSI_DATA,STA,D8:B1:90:DB:E8:90,-62,11,1,7,0,0,1,0,0,0,0,-94,0,2,0,498057578,0,110,0,0,498.414,256,[110 96 6 0 10 2 10 2 10 1 -8 -15 -8 -14 -8 -13 -8 -13 28 1 28 0 28 -1 27 -2 -7 -17 -6 -17 -5 -17 -4 -17 0 -2 -1 -2 -1 -3 -2 -3 31 -4 31 -4 31 -3 31 -2 -29 5 -29 3 0 0 0 0 0 0 0 0 0 0 0 0 0 0 0 0 0 0 0 0 0 0 5 13 5 14 -7 -15 -7 -16 -6 -16 -5 -17 -13 -7 -12 -8 -12 -8 -12 -8 -21 3 -21 2 -21 2 -21 2 -10 -16 -11 -17 -11 -17 -12 -17 -20 -10 -21 -9 -22 -8 -23 -8 -10 -16 -11 -16 -10 -16 2 5 ]
2025-05-20 15:22:38,CSI_DATA,STA,D8:B1:90:DB:E8:90,-54,11,1,7,0,0,1,0,0,0,0,-94,0,2,0,502564057,0,110,0,0,502.921,256,[110 96 6 0 -28 -4 -29 -4 -28 -3 -29 -4 -28 -3 -28 -3 -27 -1 -28 0 -27 0 -27 1 -27 1 -27 2 -28 2 -27 2 -28 2 -27 2 -27 1 -26 0 -26 0 -25 0 -25 0 -25 0 -25 0 -24 -1 -25 -3 0 0 0 0 0 0 0 0 0 0 0 0 0 0 0 0 0 0 0 0 0 0 -18 1 -18 -1 -18 -2 -19 -2 -19 -3 -20 -4 -20 -4 -21 -5 -21 -6 -21 -6 -21 -6 -21 -7 -21 -7 -22 -6 -23 -7 -23 -7 -24 -7 -24 -6 -25 -6 -25 -6 -26 -6 -26 -5 -26 -5 -27 -4 -27 -4 -27 -5
2025-05-20 15:22:43,CSI_DATA,STA,D8:B1:90:DB:E8:90,-55,11,1,7,0,0,1,0,0,0,0,-94,0,2,0,507086372,0,110,0,0,507.443,256,[110 96 6 0 27 5 27 5 27 4 26 3 26 2 26 2 26 1 26 1 26 0 26 -1 25 -1 26 -2 26 -2 26 -2 26 -2 26 -1 26 0 25 0 25 0 24 0 24 0 23 0 23 1 24 2 24 3 0 0 0 0 0 0 0 0 0 0 0 0 0 0 0 0 0 0 0 0 0 0 16 -2 16 -1 16 0 16 1 17 2 18 2 18 3 19 4 19 5 20 5 19 6 20 7 20 8 20 7 20 8 21 7 21 7 21 7 22 7 22 6 23 5 24 6 25 5 25 5 26 6 26 6 ]
2025-05-20 15:22:43,CSI_DATA,STA,D8:B1:90:DB:E8:90,-66,11,1,7,0,0,1,1,0,0,1,-94,0,2,0,507597145,0,110,0,0,507.954,256,[110 96 6 0 18 -16 18 -15 19 -14 18 -14 18 -14 16 -15 15 -14 15 -14 14 -15 13 -15 12 -15 11 -15 10 -16 10 -16 10 -17 10 -16 11 -17 10 -18 9 -18 10 -18 10 -19 11 -19 12 -19 13 -19 15 -18 0 0 0 0 0 0 0 0 0 0 0 0 0 0 0 0 0 0 0 0 0 0 14 -15 15 -13 16 -12 16 -12 17 -11 16 -11 16 -11 17 -10 18 -11 17 -10 18 -10 18 -10 18 -11 18 -11 17 -11 18 -12 18 -12 17 -12 18 -12 18 -12 17 -14 17 -14 18 -15 17 -
2025-05-20 15:22:53,CSI_DATA,STA,D8:B1:90:DB:E8:90,-55,11,1,7,0,0,1,0,0,0,1,-94,0,2,0,517113486,0,110,0,0,517.47,256,[110 96 6 0 -7 23 -7 22 -6 21 -5 21 -5 24 -5 22 -4 21 -6 23 -5 23 -4 22 -4 22 -3 23 -3 22 -3 23 -3 22 -3 23 -3 23 -4 22 -4 21 -4 21 -4 21 -4 20 -5 20 -6 20 -7 19 0 0 0 0 0 0 0 0 0 0 0 0 0 0 0 0 0 0 0 0 0 0 0 14 -2 14 -2 13 -2 14 -4 15 -5 14 -6 16 -6 16 -6 16 -7 17 -7 17 -7 17 -8 16 -9 18 -8 18 -9 19 -8 18 -6 18 -5 19 -6 18 -5 20 -5 20 -7 20 -8 21 -6 23 -6 23 ]
2025-05-20 15:22:56,CSI_DATA,STA,D8:B1:90:DB:E8:90,-55,11,1,7,0,0,1,0,0,0,1,-94,0,2,0,520613621,0,110,0,0,520.97,256,[110 96 6 0 -5 -27 -6 -28 -6 -27 -6 -26 -7 -25 -8 -25 -8 -25 -8 -25 -8 -25 -8 -25 -8 -25 -9 -25 -10 -25 -9 -25 -9 -24 -10 -25 -9 -24 -9 -24 -9 -24 -8 -24 -8 -23 -7 -23 -6 -23 -6 -23 -4 -23 0 0 0 0 0 0 0 0 0 0 0 0 0 0 0 0 0 0 0 0 0 0 -6 -16 -4 -17 -4 -18 -3 -18 -3 -19 -2 -19 -2 -21 -2 -21 -1 -22 -1 -22 0 -22 0 -22 0 -22 0 -23 0 -23 0 -23 -1 -23 0 -24 -1 -24 -1 -24 -2 -25 -2 -25 -4 -25 -3 -26 -4
2025-05-20 15:22:57,CSI_DATA,STA,D8:B1:90:DB:E8:90,-55,11,1,7,0,0,1,0,0,0,1,-94,0,2,0,521113744,0,110,0,0,521.471,256,[110 96 6 0 -3 -26 -3 -26 -3 -25 -3 -25 -5 -25 -5 -25 -5 -24 -6 -24 -6 -24 -6 -24 -7 -23 -7 -23 -7 -23 -7 -23 -7 -23 -7 -23 -7 -22 -7 -22 -6 -22 -6 -22 -6 -22 -5 -22 -4 -22 -3 -22 -2 -22 0 0 0 0 0 0 0 0 0 0 0 0 0 0 0 0 0 0 0 0 0 0 -4 -15 -3 -15 -2 -16 -1 -16 -1 -17 -1 -17 0 -18 1 -19 1 -19 1 -20 2 -20 3 -20 2 -20 3 -21 2 -20 1 -21 1 -21 1 -22 1 -22 0 -22 -1 -23 0 -24 -1 -24 -1 -24 -1 -24 -1 -
2025-05-20 15:23:00,CSI_DATA,STA,D8:B1:90:DB:E8:90,-56,11,1,7,0,0,1,0,0,0,1,-94,0,2,0,524118009,0,110,0,0,524.475,256,[110 96 6 0 6 25 7 25 7 25 6 24 7 23 8 23 8 23 8 23 8 23 9 22 9 22 9 22 9 22 9 22 10 21 9 23 9 22 9 22 9 22 9 22 8 20 7 21 7 21 6 21 5 21 0 0 0 0 0 0 0 0 0 0 0 0 0 0 0 0 0 0 0 0 0 0 6 13 6 14 5 15 4 15 4 15 4 16 3 17 3 18 3 19 2 19 2 20 1 20 2 21 2 21 1 20 1 21 2 20 2 21 3 22 3 22 4 22 4 23 4 24 5 24 5 25 6 26 ]
2025-05-20 15:23:01,CSI_DATA,STA,D8:B1:90:DB:E8:90,-55,11,1,7,0,0,1,1,0,0,1,-94,0,2,0,525123055,0,110,0,0,525.48,256,[110 96 6 0 26 -9 26 -10 25 -10 25 -10 24 -10 24 -11 24 -10 24 -12 23 -13 23 -14 22 -14 22 -13 22 -13 22 -13 23 -13 23 -13 23 -13 22 -12 22 -12 22 -12 21 -12 21 -12 21 -12 21 -10 21 -9 0 0 0 0 0 0 0 0 0 0 0 0 0 0 0 0 0 0 0 0 0 0 14 -9 14 -8 15 -7 15 -7 16 -7 17 -6 18 -6 18 -6 19 -6 20 -6 19 -6 19 -5 20 -5 20 -5 21 -4 21 -5 21 -5 22 -6 22 -6 22 -6 22 -7 24 -8 24 -7 24 -8 25 -8 26 -9 ]
2025-05-20 15:23:04,CSI_DATA,STA,D8:B1:90:DB:E8:90,-66,11,1,7,0,0,1,1,0,0,1,-94,0,2,0,528128216,0,110,0,0,528.485,256,[110 96 6 0 -15 16 -14 16 -14 16 -13 16 -13 14 -13 15 -12 14 -12 14 -11 14 -10 14 -9 14 -8 14 -7 15 -7 15 -6 14 -6 15 -6 15 -5 16 -5 16 -5 17 -5 17 -6 17 -6 18 -7 18 -9 18 0 0 0 0 0 0 0 0 0 0 0 0 0 0 0 0 0 0 0 0 0 0 -10 16 -12 15 -13 15 -13 14 -13 14 -13 14 -14 13 -15 14 -15 14 -15 13 -16 13 -16 13 -15 13 -15 13 -14 13 -15 14 -14 13 -14 14 -14 14 -15 15 -14 15 -14 15 -14 17 -14 16 -14 16 -16
2025-05-20 15:23:04,CSI_DATA,STA,D8:B1:90:DB:E8:90,-55,11,1,7,0,0,1,1,0,0,1,-94,0,2,0,528628999,0,110,0,0,528.986,256,[110 96 6 0 16 20 16 20 17 19 17 19 17 19 17 18 18 17 18 17 18 17 18 16 19 16 19 16 19 16 19 16 19 16 19 16 18 15 18 15 17 16 16 15 16 15 16 15 15 16 14 17 13 17 0 0 0 0 0 0 0 0 0 0 0 0 0 0 0 0 0 0 0 0 0 0 12 10 11 11 11 11 10 13 11 13 11 14 10 15 10 15 11 16 11 16 10 18 9 18 10 18 10 19 11 19 10 18 11 18 12 18 12 19 12 19 13 19 14 20 14 19 15 19 15 20 16 20 ]
2025-05-20 15:23:05,CSI_DATA,STA,D8:B1:90:DB:E8:90,-55,11,1,7,0,0,1,1,0,0,1,-94,0,2,0,529129054,0,110,0,0,529.486,256,[110 96 6 0 20 -20 19 -21 18 -20 18 -20 18 -20 17 -21 16 -21 15 -22 15 -22 15 -22 13 -22 15 -22 14 -22 15 -22 15 -21 15 -22 16 -22 16 -21 15 -21 15 -20 16 -20 15 -19 16 -19 17 -18 17 -17 0 0 0 0 0 0 0 0 0 0 0 0 0 0 0 0 0 0 0 0 0 0 9 -14 10 -13 10 -13 11 -13 12 -13 13 -13 14 -13 15 -13 15 -13 16 -13 16 -13 17 -13 17 -13 18 -13 17 -13 18 -13 17 -14 18 -15 17 -15 17 -15 17 -17 18 -17 18 -18 18 -
2025-05-20 15:23:07,CSI_DATA,STA,D8:B1:90:DB:E8:90,-55,11,1,7,0,0,1,1,0,0,1,-94,0,2,0,531645842,0,110,0,0,532.003,256,[110 96 6 0 -14 23 -14 24 -12 24 -12 23 -11 24 -11 23 -10 24 -10 23 -10 24 -9 23 -9 24 -8 24 -8 25 -8 24 -8 25 -9 23 -9 23 -9 23 -9 22 -10 22 -9 21 -10 21 -10 20 -12 20 -13 20 0 0 0 0 0 0 0 0 0 0 0 0 0 0 0 0 0 0 0 0 0 0 -5 15 -6 15 -7 14 -8 15 -8 15 -9 15 -10 16 -11 16 -11 16 -11 16 -12 16 -13 17 -12 16 -13 17 -13 17 -13 17 -13 17 -13 18 -14 19 -13 19 -13 20 -13 21 -13 21 -14 22 -13 23 -13 23
2025-05-20 15:23:09,CSI_DATA,STA,D8:B1:90:DB:E8:90,-66,11,1,7,0,0,1,1,0,0,1,-94,0,2,0,533135387,0,110,0,0,533.493,256,[110 96 6 0 -14 -19 -13 -19 -12 -19 -12 -18 -12 -18 -12 -18 -12 -17 -13 -17 -12 -16 -12 -15 -13 -14 -13 -13 -14 -13 -14 -12 -14 -12 -14 -12 -14 -11 -15 -11 -15 -10 -15 -11 -16 -11 -16 -12 -17 -13 -16 -13 -16 -15 0 0 0 0 0 0 0 0 0 0 0 0 0 0 0 0 0 0 0 0 0 0 -14 -14 -12 -15 -12 -17 -10 -17 -11 -17 -10 -17 -9 -18 -8 -19 -9 -18 -8 -18 -8 -18 -8 -18 -8 -19 -9 -18 -8 -19 -9 -19 -10 -18 -11 -19 -10 -
2025-05-20 15:23:14,CSI_DATA,STA,D8:B1:90:DB:E8:90,-55,11,1,7,0,0,1,1,0,0,1,-94,0,2,0,538661389,0,110,0,0,539.018,256,[110 96 6 0 -30 0 -29 0 -29 1 -27 0 -27 1 -27 2 -27 2 -27 4 -27 4 -26 4 -26 5 -25 5 -25 5 -26 6 -25 5 -26 5 -25 4 -25 4 -25 4 -24 4 -24 4 -24 3 -24 3 -24 2 -23 1 0 0 0 0 0 0 0 0 0 0 0 0 0 0 0 0 0 0 0 0 0 0 -17 3 -17 2 -18 0 -18 0 -19 -1 -19 -1 -20 -1 -20 -2 -21 -2 -21 -3 -22 -4 -22 -4 -23 -4 -23 -4 -22 -3 -23 -4 -23 -3 -24 -3 -24 -3 -25 -2 -25 -1 -26 -1 -27 -2 -27 -1 -28 -1 -27 0 ]
2025-05-20 15:23:15,CSI_DATA,STA,D8:B1:90:DB:E8:90,-66,11,1,7,0,0,1,1,0,0,1,-94,0,2,0,539161176,0,110,0,0,539.518,256,[110 96 6 0 -22 -2 -21 -2 -21 -2 -19 -2 -19 -2 -18 -1 -18 -1 -18 -1 -17 -1 -17 0 -17 0 -16 1 -15 2 -16 3 -16 3 -16 3 -15 3 -16 3 -16 4 -16 4 -16 4 -17 3 -17 4 -18 3 -19 1 0 0 0 0 0 0 0 0 0 0 0 0 0 0 0 0 0 0 0 0 0 0 -17 2 -18 1 -18 -1 -17 -1 -17 -2 -17 -2 -17 -2 -18 -3 -19 -3 -18 -4 -18 -3 -18 -4 -18 -3 -18 -4 -18 -3 -18 -3 -18 -2 -19 -3 -18 -2 -19 -2 -20 -2 -19 -2 -20 -1 -20 -1 -20 -2 -20 -2
2025-05-20 15:23:15,CSI_DATA,STA,D8:B1:90:DB:E8:90,-56,11,1,7,0,0,1,1,0,0,1,-94,0,2,0,539663177,0,110,0,0,540.02,256,[110 96 6 0 -6 25 -6 25 -5 25 -4 24 -4 25 -4 25 -3 25 -3 24 -3 24 -2 24 -1 24 -2 24 -1 24 -1 25 -1 24 -1 25 -1 23 -2 23 -2 23 -3 22 -3 22 -4 21 -4 21 -6 21 -7 21 0 0 0 0 0 0 0 0 0 0 0 0 0 0 0 0 0 0 0 0 0 0 1 15 0 16 -2 16 -2 16 -2 17 -3 17 -4 18 -5 18 -5 18 -5 19 -6 19 -7 19 -7 19 -8 19 -7 20 -8 21 -7 21 -7 22 -6 21 -6 21 -5 22 -6 23 -5 24 -5 24 -5 25 -5 25 ]
2025-05-20 15:23:16,CSI_DATA,STA,D8:B1:90:DB:E8:90,-55,11,1,7,0,0,1,1,0,0,1,-94,0,2,0,540670432,0,110,0,0,541.028,256,[110 96 6 0 -18 -17 -19 -17 -18 -16 -18 -16 -19 -16 -19 -16 -19 -15 -19 -14 -19 -14 -20 -14 -20 -13 -20 -13 -19 -13 -19 -13 -19 -13 -19 -14 -19 -13 -19 -14 -18 -13 -18 -13 -17 -13 -17 -13 -16 -14 -16 -14 -14 -15 0 0 0 0 0 0 0 0 0 0 0 0 0 0 0 0 0 0 0 0 0 0 -13 -8 -12 -9 -12 -11 -12 -11 -12 -12 -12 -12 -12 -13 -12 -14 -12 -14 -12 -16 -11 -16 -12 -16 -12 -16 -12 -17 -12 -16 -12 -16 -13 -16 -13 -
2025-05-20 15:23:19,CSI_DATA,STA,D8:B1:90:DB:E8:90,-56,11,1,7,0,0,1,1,0,0,1,-94,0,2,0,543177953,0,110,0,0,543.535,256,[110 96 6 0 22 12 23 12 23 11 23 10 23 10 23 10 23 9 23 9 23 7 23 7 23 7 23 7 23 7 23 7 22 7 23 8 23 8 23 8 22 8 22 8 21 8 21 8 20 9 19 10 18 11 0 0 0 0 0 0 0 0 0 0 0 0 0 0 0 0 0 0 0 0 0 0 15 3 15 4 14 5 15 6 15 7 15 8 16 8 16 9 16 10 16 10 16 11 17 11 17 12 17 12 16 12 17 12 17 12 18 11 19 12 19 11 20 11 20 12 21 10 21 11 21 11 23 11 ]
2025-05-20 15:23:19,CSI_DATA,STA,D8:B1:90:DB:E8:90,-55,11,1,7,0,0,1,1,0,0,1,-94,0,2,0,543680018,0,110,0,0,544.037,256,[110 96 6 0 13 21 15 22 14 21 15 21 15 20 15 20 15 19 16 20 16 18 17 18 17 18 17 18 17 18 17 17 17 17 17 18 16 17 15 17 15 17 15 18 15 18 14 18 14 17 13 18 11 18 0 0 0 0 0 0 0 0 0 0 0 0 0 0 0 0 0 0 0 0 0 0 11 10 10 12 10 13 9 13 9 14 9 14 9 15 8 16 9 17 8 17 8 18 8 18 9 18 9 19 8 19 9 19 9 19 9 20 11 19 11 20 12 19 13 21 12 21 12 21 13 22 14 21 ]
2025-05-20 15:23:20,CSI_DATA,STA,D8:B1:90:DB:E8:90,-54,11,1,7,0,0,1,1,0,0,1,-95,0,2,0,544678177,0,110,0,0,545.035,256,[110 96 6 0 -27 4 -28 4 -27 5 -26 5 -26 5 -26 5 -25 6 -25 7 -24 7 -25 7 -24 8 -24 9 -24 9 -24 8 -24 8 -24 9 -24 8 -24 8 -24 7 -23 6 -23 6 -22 5 -23 5 -23 4 -23 3 0 0 0 0 0 0 0 0 0 0 0 0 0 0 0 0 0 0 0 0 0 0 -15 6 -16 5 -16 4 -17 3 -18 3 -18 3 -19 2 -20 1 -20 1 -21 0 -22 0 -22 0 -22 0 -22 0 -22 0 -23 1 -23 1 -23 1 -23 2 -24 2 -23 2 -25 3 -25 2 -26 3 -26 3 -26 4 ]
2025-05-20 15:23:24,CSI_DATA,STA,D8:B1:90:DB:E8:90,-66,11,1,7,0,0,1,1,0,0,1,-94,0,2,0,548700803,0,110,0,0,549.058,256,[110 96 6 0 -1 22 -1 22 -2 22 -1 21 -1 20 -1 20 0 19 0 19 0 18 0 18 2 18 2 18 3 18 2 16 3 17 4 17 4 17 4 17 4 17 4 18 4 18 5 19 4 19 3 20 2 21 0 0 0 0 0 0 0 0 0 0 0 0 0 0 0 0 0 0 0 0 0 0 1 17 0 17 -1 17 -2 17 -2 17 -3 17 -3 18 -3 18 -4 18 -4 18 -4 19 -3 19 -3 18 -3 18 -3 18 -3 18 -3 18 -2 18 -1 19 -2 20 -1 21 0 20 -1 21 0 21 0 21 -2 22 ]
2025-05-20 15:23:25,CSI_DATA,STA,D8:B1:90:DB:E8:90,-66,11,1,7,0,0,1,1,0,0,1,-94,0,2,0,549827174,0,100,0,0,550.184,256,[100 -64 5 0 12 18 11 18 10 18 11 17 11 17 10 16 11 15 10 15 11 14 10 14 11 13 12 13 12 12 12 12 12 11 13 12 13 12 13 11 14 11 14 11 14 12 14 12 14 13 14 14 13 16 0 0 0 0 0 0 0 0 0 0 0 0 0 0 0 0 0 0 0 0 0 0 12 13 11 14 10 15 9 15 8 16 9 16 7 16 9 16 8 16 8 16 8 17 7 16 7 17 7 17 8 17 8 17 8 17 8 16 9 17 10 17 11 17 11 17 11 17 12 18 11 18 11 18 ]
2025-05-20 15:23:26,CSI_DATA,STA,D8:B1:90:DB:E8:90,-55,11,1,7,0,0,1,1,0,0,1,-94,0,2,0,550207589,0,110,0,0,550.565,256,[110 96 6 0 -25 12 -24 12 -24 13 -24 12 -23 13 -23 13 -22 13 -22 14 -22 14 -21 14 -21 15 -20 15 -20 15 -20 16 -19 16 -21 16 -21 15 -21 14 -21 14 -22 13 -21 13 -21 12 -21 11 -21 11 -22 9 0 0 0 0 0 0 0 0 0 0 0 0 0 0 0 0 0 0 0 0 0 0 -14 8 -14 8 -15 7 -15 6 -16 7 -17 7 -18 7 -19 7 -19 7 -20 6 -21 6 -21 5 -21 5 -21 6 -22 4 -23 4 -22 5 -23 5 -20 7 -20 8 -21 8 -21 8 -24 10 -24 10 -25 10 -24 10 ]
2025-05-20 15:23:28,CSI_DATA,STA,D8:B1:90:DB:E8:90,-55,11,1,7,0,0,1,1,0,0,1,-94,0,2,0,552216387,0,110,0,0,552.573,256,[110 96 6 0 24 10 25 10 25 9 25 10 25 9 25 9 25 8 25 8 24 7 25 7 25 6 25 7 25 7 25 7 25 7 24 8 24 8 24 8 23 8 22 9 22 9 21 9 20 10 21 10 21 12 0 0 0 0 0 0 0 0 0 0 0 0 0 0 0 0 0 0 0 0 0 0 -16 -3 -16 -4 15 4 15 5 16 6 16 6 17 7 17 8 18 8 17 9 18 9 18 10 18 10 19 10 18 10 18 10 19 9 20 9 17 10 18 10 19 10 20 11 23 10 23 10 24 10 25 10 ]
2025-05-20 15:23:29,CSI_DATA,STA,D8:B1:90:DB:E8:90,-66,11,1,7,0,0,1,1,0,0,1,-94,0,2,0,553239135,0,110,0,0,553.596,256,[110 96 6 0 13 19 11 18 11 18 10 18 12 17 11 15 11 16 11 15 12 14 12 13 12 12 12 12 12 11 13 10 13 10 14 10 14 10 15 9 15 9 15 9 16 9 16 10 16 11 17 12 17 14 0 0 0 0 0 0 0 0 0 0 0 0 0 0 0 0 0 0 0 0 0 0 14 15 12 16 10 17 11 16 11 17 9 17 8 18 8 18 9 18 9 19 8 19 9 19 9 19 9 18 7 18 9 19 9 18 11 17 10 18 11 19 11 18 11 19 13 18 12 19 12 18 11 19 ]
2025-05-20 15:23:30,CSI_DATA,STA,D8:B1:90:DB:E8:90,-55,11,1,7,0,0,1,1,0,0,1,-94,0,2,0,554731323,0,110,0,0,555.088,256,[110 96 6 0 -24 14 -24 14 -23 15 -23 14 -22 15 -22 15 -21 15 -21 16 -21 15 -20 16 -20 16 -20 16 -20 16 -19 17 -19 17 -19 17 -19 17 -19 16 -18 16 -19 15 -19 15 -19 14 -19 14 -20 13 -21 12 0 0 0 0 0 0 0 0 0 0 0 0 0 0 0 0 0 0 0 0 0 0 -13 11 -14 10 -15 10 -16 10 -16 9 -17 9 -17 9 -18 9 -19 9 -19 9 -20 9 -21 8 -21 8 -21 8 -21 9 -22 9 -22 9 -21 9 -22 10 -22 11 -22 12 -23 12 -22 12 -23 13 -23 12 -25
2025-05-20 15:23:31,CSI_DATA,STA,D8:B1:90:DB:E8:90,-52,11,1,6,0,0,1,0,0,0,1,-95,0,2,0,555730996,0,110,0,0,556.088,256,[110 96 6 0 -2 11 1 10 4 10 7 10 10 9 14 9 17 8 20 8 23 8 26 8 29 8 31 8 32 9 33 11 33 11 32 12 30 13 28 14 25 13 21 12 18 10 14 8 11 5 9 1 8 -2 0 0 0 0 0 0 0 0 0 0 0 0 0 0 0 0 0 0 0 0 0 0 1 2 -1 4 -3 6 -6 6 -9 8 -12 8 -15 9 -18 10 -22 9 -25 8 -27 7 -29 6 -30 4 -31 3 -30 2 -30 1 -28 1 -26 1 -24 2 -22 3 -20 4 -18 6 -16 7 -13 8 -11 9 -9 10 ]
2025-05-20 15:23:34,CSI_DATA,STA,D8:B1:90:DB:E8:90,-55,11,1,6,0,0,1,0,0,0,1,-94,0,2,0,558253267,0,110,0,0,558.61,256,[110 96 6 0 -7 28 -6 28 -5 28 -6 27 -5 27 -5 27 -5 26 -4 27 -3 27 -3 27 -2 27 -2 27 -2 27 -2 27 -1 27 -1 27 -2 27 -2 26 -2 26 -3 26 -3 25 -4 25 -4 24 -5 24 -6 24 0 0 0 0 0 0 0 0 0 0 0 0 0 0 0 0 0 0 0 0 0 0 1 17 0 17 -2 18 -3 18 -4 18 -5 19 -5 19 -6 19 -6 20 -7 20 -7 21 -8 21 -8 22 -8 22 -10 19 -9 19 -9 20 -9 21 -9 23 -9 24 -9 24 -9 25 -8 25 -8 26 -8 27 -6 27 ]
2025-05-20 15:23:36,CSI_DATA,STA,D8:B1:90:DB:E8:90,-54,11,1,7,0,0,1,0,0,0,0,-95,0,2,0,560251527,0,110,0,0,560.608,256,[110 96 6 0 16 22 16 21 16 21 17 21 17 20 17 20 18 20 18 18 18 19 19 18 19 18 18 19 19 18 19 17 19 17 19 18 18 18 18 17 17 17 16 18 16 17 16 18 15 18 14 18 13 19 0 0 0 0 0 0 0 0 0 0 0 0 0 0 0 0 0 0 0 0 0 0 14 10 13 11 12 12 12 13 12 14 11 15 11 15 11 16 11 17 11 18 11 19 11 19 11 20 11 19 11 20 12 19 12 19 13 20 13 20 13 20 15 21 15 21 15 21 15 22 16 22 16 22 ]
2025-05-20 15:23:37,CSI_DATA,STA,D8:B1:90:DB:E8:90,-54,11,1,5,0,0,1,0,0,0,1,-95,0,2,0,561254079,0,110,0,0,561.611,256,[110 96 6 0 21 -11 22 -12 21 -12 21 -12 20 -12 20 -13 20 -13 19 -13 19 -13 19 -13 18 -13 19 -14 19 -14 18 -15 19 -15 18 -14 18 -14 18 -14 18 -14 17 -14 18 -13 18 -13 18 -12 18 -11 19 -10 0 0 0 0 0 0 0 0 0 0 0 0 0 0 0 0 0 0 0 0 0 0 11 -10 12 -10 13 -9 13 -8 14 -8 15 -8 15 -8 16 -8 17 -7 17 -7 18 -7 19 -7 19 -6 19 -7 19 -8 19 -7 19 -8 19 -8 20 -9 19 -9 20 -10 21 -10 20 -10 21 -9 21 -10 23 -12 ]
2025-05-20 15:23:38,CSI_DATA,STA,D8:B1:90:DB:E8:90,-54,11,1,6,0,0,1,0,0,0,1,-93,0,2,0,562762380,0,110,0,0,563.119,256,[110 96 6 0 -11 4 -10 6 -9 8 -7 11 -6 13 -4 16 -2 18 -1 21 0 23 1 26 2 28 2 30 3 32 2 33 1 33 0 33 -1 32 -2 29 -3 26 -4 23 -4 19 -2 15 -1 11 2 8 4 5 0 0 0 0 0 0 0 0 0 0 0 0 0 0 0 0 0 0 0 0 0 0 -3 0 -5 -2 -7 -4 -7 -6 -9 -8 -10 -10 -12 -12 -13 -15 -13 -18 -14 -20 -14 -23 -13 -26 -12 -27 -11 -28 -10 -28 -9 -28 -9 -27 -7 -25 -8 -23 -7 -21 -7 -18 -8 -15 -8 -12 -9 -9 -9 -6 -10 -4 ]
2025-05-20 15:23:40,CSI_DATA,STA,D8:B1:90:DB:E8:90,-53,11,1,6,0,0,1,0,0,0,1,-94,0,2,0,564258682,0,110,0,0,564.616,256,[110 96 6 0 8 -6 7 -8 5 -9 2 -11 0 -13 -4 -15 -6 -17 -9 -19 -11 -22 -14 -23 -15 -25 -17 -27 -17 -29 -17 -30 -16 -31 -15 -31 -13 -31 -10 -29 -9 -26 -7 -23 -6 -19 -5 -15 -5 -11 -6 -7 -7 -4 0 0 0 0 0 0 0 0 0 0 0 0 0 0 0 0 0 0 0 0 0 0 1 -3 3 -2 5 0 7 1 9 3 11 5 13 8 15 10 17 12 17 16 18 18 18 21 17 22 17 23 16 24 15 24 14 23 13 21 12 19 11 17 11 14 11 11 11 8 11 5 11 3 11 1 ]
2025-05-20 15:23:43,CSI_DATA,STA,D8:B1:90:DB:E8:90,-54,11,1,6,0,0,1,0,0,0,1,-93,0,2,0,567769648,0,110,0,0,568.126,256,[110 96 6 0 -12 1 -12 4 -12 7 -12 10 -12 14 -12 17 -11 20 -12 23 -11 26 -11 29 -11 31 -12 33 -13 35 -13 34 -15 35 -16 33 -16 32 -17 28 -16 25 -14 22 -12 17 -9 14 -6 11 -2 9 2 8 0 0 0 0 0 0 0 0 0 0 0 0 0 0 0 0 0 0 0 0 0 0 -6 0 -8 -4 -8 -7 -9 -9 -9 -12 -10 -16 -10 -18 -10 -22 -9 -24 -8 -27 -8 -29 -6 -31 -5 -32 -3 -32 -2 -32 -2 -31 -1 -30 -2 -28 -2 -26 -2 -24 -3 -21 -5 -18 -6 -15 -7 -13 -9 -10 -
2025-05-20 15:23:46,CSI_DATA,STA,D8:B1:90:DB:E8:90,-53,11,1,7,0,0,1,0,0,0,1,-95,0,2,0,570781405,0,110,0,0,571.138,256,[110 96 6 0 8 2 9 0 9 -3 10 -6 10 -9 10 -12 10 -16 10 -19 10 -21 11 -24 11 -27 12 -28 13 -30 13 -30 15 -31 15 -30 16 -28 16 -26 15 -23 14 -19 12 -16 9 -13 6 -11 3 -9 -1 -8 0 0 0 0 0 0 0 0 0 0 0 0 0 0 0 0 0 0 0 0 0 0 3 0 3 3 2 5 2 8 2 10 1 12 1 15 0 18 -1 21 -3 23 -5 25 -6 26 -8 27 -9 27 -10 27 -11 25 -10 25 -9 23 -8 22 -7 20 -5 18 -3 16 -1 14 1 12 3 11 5 9 ]
2025-05-20 15:23:49,CSI_DATA,STA,D8:B1:90:DB:E8:90,-54,11,1,6,0,0,1,0,0,0,1,-93,0,2,0,573295295,0,110,0,0,573.652,256,[110 96 6 0 -6 -13 -8 -11 -10 -9 -14 -6 -16 -4 -19 -2 -22 0 -25 2 -28 4 -31 5 -33 7 -36 7 -37 7 -39 6 -39 5 -39 4 -38 1 -35 0 -32 -1 -28 -2 -24 -3 -19 -2 -15 0 -11 2 -8 5 0 0 0 0 0 0 0 0 0 0 0 0 0 0 0 0 0 0 0 0 0 0 -3 -2 -2 -4 -1 -7 1 -10 3 -12 5 -15 7 -17 9 -20 12 -22 15 -23 18 -23 21 -23 23 -23 24 -23 25 -22 24 -20 23 -20 22 -19 21 -17 18 -17 15 -17 13 -17 10 -16 8 -17 5 -16 3 -16 ]
2025-05-20 15:23:49,CSI_DATA,STA,D8:B1:90:DB:E8:90,-54,11,1,6,0,0,1,0,0,0,1,-95,0,2,0,573806278,0,110,0,0,574.163,256,[110 96 6 0 -7 27 -7 28 -6 27 -7 27 -6 27 -6 27 -5 27 -5 26 -4 26 -3 26 -3 26 -4 27 -3 26 -3 26 -3 26 -4 26 -3 25 -4 25 -4 24 -5 24 -5 23 -6 23 -6 23 -7 24 -9 23 0 0 0 0 0 0 0 0 0 0 0 0 0 0 0 0 0 0 0 0 0 0 -2 16 -3 16 -4 16 -5 16 -5 17 -6 17 -6 17 -7 18 -8 18 -8 19 -10 19 -10 19 -11 19 -10 20 -10 19 -10 19 -10 20 -10 20 -10 22 -9 22 -9 23 -9 24 -8 23 -9 24 -8 25 -8 26 ]
2025-05-20 15:23:51,CSI_DATA,STA,D8:B1:90:DB:E8:90,-54,11,1,7,0,0,1,0,0,0,1,-95,0,2,0,575806774,0,110,0,0,576.164,256,[110 96 6 0 1 26 2 27 2 26 3 26 4 25 4 25 5 25 5 24 5 24 6 24 7 24 5 24 6 24 6 24 6 25 6 24 6 24 5 23 5 23 4 22 4 22 4 22 4 22 2 22 1 23 0 0 0 0 0 0 0 0 0 0 0 0 0 0 0 0 0 0 0 0 0 0 4 14 3 15 3 16 2 17 2 17 2 18 0 18 0 19 -1 19 -1 19 -2 20 -2 20 -2 21 -3 21 -3 22 -3 21 -3 22 -2 22 -1 23 -1 23 0 23 0 24 0 24 1 25 1 26 0 26 ]
2025-05-20 15:23:52,CSI_DATA,STA,D8:B1:90:DB:E8:90,-66,11,1,7,0,0,1,0,0,0,1,-95,0,2,0,576804933,0,110,0,0,577.162,256,[110 96 6 0 -20 -5 -21 -6 -20 -6 -19 -5 -20 -5 -19 -5 -18 -4 -18 -4 -17 -2 -17 -2 -18 -3 -17 0 -18 0 -18 -1 -18 0 -18 1 -18 2 -19 1 -19 1 -20 2 -20 1 -21 0 -21 1 -23 -1 -24 -3 0 0 0 0 0 0 0 0 0 0 0 0 0 0 0 0 0 0 0 0 0 0 -21 -2 -20 -4 -20 -6 -19 -7 -18 -8 -18 -7 -17 -8 -18 -9 -17 -9 -18 -9 -17 -9 -17 -9 -17 -9 -16 -9 -16 -9 -17 -8 -17 -8 -16 -7 -18 -6 -17 -5 -18 -6 -18 -7 -20 -5 -19 -4 -20 -5
2025-05-20 15:23:53,CSI_DATA,STA,D8:B1:90:DB:E8:90,-54,11,1,7,0,0,1,0,0,0,1,-95,0,2,0,577809682,0,110,0,0,578.166,256,[110 96 6 0 15 -23 15 -24 14 -23 14 -23 13 -23 13 -23 12 -23 12 -24 11 -24 11 -25 10 -25 11 -24 11 -24 11 -24 11 -24 10 -24 11 -24 11 -24 11 -23 11 -24 12 -23 12 -22 12 -22 12 -21 13 -20 0 0 0 0 0 0 0 0 0 0 0 0 0 0 0 0 0 0 0 0 0 0 6 -15 8 -15 9 -15 9 -15 10 -14 11 -15 11 -15 12 -15 13 -16 14 -15 14 -16 15 -16 15 -16 15 -16 15 -15 15 -16 14 -16 15 -17 15 -18 15 -18 14 -20 15 -20 15 -20 15 -21
2025-05-20 15:23:56,CSI_DATA,STA,D8:B1:90:DB:E8:90,-54,11,1,7,0,0,1,0,0,0,1,-95,0,2,0,580817121,0,110,0,0,581.174,256,[110 96 6 0 13 -24 13 -24 12 -25 11 -24 10 -24 10 -24 9 -25 9 -25 8 -25 7 -25 7 -25 7 -26 6 -26 6 -26 6 -25 6 -25 6 -24 6 -24 6 -24 6 -24 6 -23 7 -23 7 -22 8 -22 9 -22 0 0 0 0 0 0 0 0 0 0 0 0 0 0 0 0 0 0 0 0 0 0 3 -16 5 -16 5 -17 6 -17 7 -16 7 -17 8 -17 9 -18 10 -18 10 -18 12 -17 13 -18 13 -17 13 -18 12 -18 12 -19 12 -19 12 -20 13 -19 13 -20 12 -21 13 -21 12 -22 13 -22 13 -23 14 -24 ]
2025-05-20 15:23:57,CSI_DATA,STA,D8:B1:90:DB:E8:90,-55,11,1,7,0,0,1,1,0,0,1,-95,0,2,0,581824696,0,110,0,0,582.182,256,[110 96 6 0 -8 24 -8 24 -6 24 -6 25 -5 25 -5 25 -4 25 -4 24 -4 24 -3 24 -2 24 -3 24 -2 24 -2 24 -2 24 -3 25 -3 24 -3 23 -3 23 -4 23 -4 22 -4 22 -5 21 -6 22 -7 22 0 0 0 0 0 0 0 0 0 0 0 0 0 0 0 0 0 0 0 0 0 0 -1 15 -2 15 -3 16 -4 16 -4 16 -5 17 -6 17 -6 18 -7 18 -7 19 -9 18 -9 18 -9 18 -9 18 -9 19 -10 19 -9 20 -8 20 -9 22 -8 22 -8 22 -8 22 -7 22 -7 23 -7 24 -7 25 ]
2025-05-20 15:23:58,CSI_DATA,STA,D8:B1:90:DB:E8:90,-54,11,1,7,0,0,1,1,0,0,1,-95,0,2,0,582325082,0,110,0,0,582.682,256,[110 96 6 0 -16 22 -16 22 -15 22 -14 21 -13 22 -13 22 -12 22 -12 22 -11 22 -11 22 -10 22 -11 22 -11 22 -11 22 -10 22 -10 22 -10 22 -11 21 -10 21 -11 21 -11 21 -11 20 -12 20 -12 19 -13 18 0 0 0 0 0 0 0 0 0 0 0 0 0 0 0 0 0 0 0 0 0 0 -6 14 -7 14 -8 14 -9 14 -9 14 -10 14 -12 14 -13 15 -13 14 -14 15 -14 15 -14 14 -15 15 -14 15 -15 16 -16 16 -15 16 -15 17 -16 16 -16 17 -16 18 -16 19 -15 18 -15 19 -
2025-05-20 15:24:03,CSI_DATA,STA,D8:B1:90:DB:E8:90,-66,11,1,7,0,0,1,1,0,0,1,-95,0,2,0,587342634,0,110,0,0,587.7,256,[110 96 6 0 -18 -15 -17 -14 -18 -14 -17 -14 -16 -13 -16 -13 -15 -13 -16 -12 -16 -12 -17 -11 -17 -11 -17 -9 -16 -8 -17 -8 -18 -7 -18 -8 -19 -7 -18 -7 -19 -7 -19 -7 -21 -7 -20 -8 -21 -9 -21 -10 -21 -12 0 0 0 0 0 0 0 0 0 0 0 0 0 0 0 0 0 0 0 0 0 0 -18 -13 -16 -15 -14 -16 -14 -15 -14 -17 -13 -16 -13 -16 -12 -17 -12 -17 -12 -17 -11 -17 -12 -16 -11 -17 -11 -16 -11 -16 -12 -15 -13 -16 -13 -15 -13 -15 -
2025-05-20 15:24:03,CSI_DATA,STA,D8:B1:90:DB:E8:90,-55,11,1,7,0,0,1,1,0,0,1,-94,0,2,0,587840767,0,110,0,0,588.198,256,[110 96 6 0 -27 -9 -28 -9 -27 -7 -27 -8 -28 -7 -28 -7 -27 -6 -27 -6 -27 -5 -27 -5 -27 -4 -27 -3 -27 -3 -26 -3 -27 -3 -27 -4 -27 -4 -26 -5 -26 -5 -25 -5 -25 -5 -24 -5 -24 -6 -24 -6 -24 -8 0 0 0 0 0 0 0 0 0 0 0 0 0 0 0 0 0 0 0 0 0 0 -17 -1 -17 -2 -17 -4 -18 -5 -18 -5 -18 -6 -19 -7 -19 -8 -19 -8 -19 -9 -20 -8 -20 -9 -21 -10 -21 -9 -19 -9 -20 -9 -21 -9 -20 -9 -23 -10 -23 -9 -24 -8 -25 -9 -24 -8 -
2025-05-20 15:24:07,CSI_DATA,STA,D8:B1:90:DB:E8:90,-60,11,1,7,0,0,1,1,0,0,1,-95,0,2,0,591349208,0,110,0,0,591.706,256,[110 96 6 0 24 10 24 10 26 9 30 4 30 3 30 1 29 -1 -28 9 -28 10 -27 12 -26 13 -28 -9 -27 -7 -28 -6 -27 -5 8 -8 8 -8 6 -8 6 -8 8 -8 7 -9 7 -9 6 -9 -7 5 -7 5 0 0 0 0 0 0 0 0 0 0 0 0 0 0 0 0 0 0 0 0 0 0 -3 -15 -2 -15 -2 -16 -2 -15 -2 -15 -2 -16 -1 -15 -2 -15 -1 -15 -2 -15 -3 -7 -3 -7 -3 -6 -3 -6 11 3 10 2 11 1 10 1 3 1 3 0 4 0 4 0 -24 -9 -25 -8 -26 -7 13 17 ]
2025-05-20 15:24:08,CSI_DATA,STA,D8:B1:90:DB:E8:90,-54,11,1,7,0,0,1,1,0,0,1,-95,0,2,0,592348849,0,110,0,0,592.706,256,[110 96 6 0 -1 27 0 27 0 26 0 25 1 25 1 26 2 25 2 25 2 25 3 25 4 25 4 25 4 24 4 25 4 24 4 24 3 23 3 23 3 23 3 24 3 23 2 23 2 23 1 22 0 22 0 0 0 0 0 0 0 0 0 0 0 0 0 0 0 0 0 0 0 0 0 0 3 15 3 15 2 16 1 16 1 17 0 18 -1 19 -2 19 -1 20 -2 20 -3 20 -3 20 -3 21 -2 21 -3 21 -3 22 -3 22 -3 22 -2 23 -1 22 0 23 0 24 -1 25 -1 26 -1 26 -1 26 ]
2025-05-20 15:24:12,CSI_DATA,STA,D8:B1:90:DB:E8:90,-67,11,1,7,0,0,1,1,0,0,1,-94,0,2,0,596358317,0,110,0,0,596.715,256,[110 96 6 0 -13 17 -13 17 -14 17 -13 16 -13 16 -13 16 -11 16 -12 16 -10 16 -9 16 -9 16 -8 16 -7 16 -7 16 -6 17 -6 17 -6 18 -6 18 -6 18 -6 19 -6 20 -7 21 -8 20 -10 21 -12 21 0 0 0 0 0 0 0 0 0 0 0 0 0 0 0 0 0 0 0 0 0 0 -11 17 -12 16 -14 16 -14 15 -15 14 -15 15 -15 14 -15 13 -16 14 -16 13 -17 13 -16 13 -16 13 -16 13 -15 13 -15 13 -15 14 -14 14 -14 14 -14 15 -13 16 -14 16 -13 17 -13 17 -14 17 -15
2025-05-20 15:24:18,CSI_DATA,STA,D8:B1:90:DB:E8:90,-54,11,1,7,0,0,1,0,0,0,0,-95,0,2,0,602888878,0,110,0,0,603.246,256,[110 96 6 0 -25 -14 -25 -13 -24 -12 -25 -13 -25 -12 -25 -12 -24 -12 -25 -11 -25 -10 -25 -9 -25 -8 -25 -8 -25 -8 -25 -7 -25 -7 -26 -8 -26 -8 -25 -7 -25 -7 -24 -8 -23 -8 -23 -9 -22 -9 -22 -10 -22 -11 0 0 0 0 0 0 0 0 0 0 0 0 0 0 0 0 0 0 0 0 0 0 -16 -5 -16 -7 -17 -8 -17 -8 -17 -10 -16 -9 -17 -10 -17 -11 -18 -12 -18 -13 -18 -13 -18 -13 -18 -13 -18 -14 -18 -15 -19 -15 -19 -13 -20 -15 -20 -15 -20 -1
2025-05-20 15:24:19,CSI_DATA,STA,D8:B1:90:DB:E8:90,-64,11,1,6,0,0,1,0,0,0,1,-94,0,2,0,603891530,0,110,0,0,604.248,256,[110 96 6 0 -9 -9 -8 -11 -7 -12 -7 -7 -5 -7 -5 -7 -4 -9 -23 -25 -22 -27 -20 -27 -18 -27 -9 0 -9 0 -8 -1 -8 0 -17 -15 -16 -15 -15 -15 -13 -15 -16 8 -16 7 -16 6 -17 4 -20 29 -23 26 0 0 0 0 0 0 0 0 0 0 0 0 0 0 0 0 0 0 0 0 0 0 1 16 0 17 5 8 4 10 2 11 1 13 1 9 0 9 -2 10 -4 10 6 24 4 24 2 25 2 25 13 12 12 15 11 16 11 17 -1 30 -3 31 -4 32 -6 32 3 22 2 22 1 22 -17 1 ]
2025-05-20 15:24:20,CSI_DATA,STA,D8:B1:90:DB:E8:90,-54,11,1,6,0,0,1,0,0,0,1,-94,0,2,0,604405300,0,110,0,0,604.762,256,[110 96 6 0 -12 5 -10 8 -8 10 -5 12 -3 15 0 18 2 21 4 24 6 27 7 30 8 32 9 35 9 36 8 38 7 38 6 38 4 36 3 34 2 30 1 27 0 22 1 18 2 13 4 9 7 6 0 0 0 0 0 0 0 0 0 0 0 0 0 0 0 0 0 0 0 0 0 0 -2 2 -5 1 -7 -1 -10 -3 -12 -4 -15 -7 -17 -9 -19 -11 -21 -15 -22 -18 -22 -22 -21 -25 -21 -26 -20 -28 -19 -28 -17 -27 -16 -26 -15 -24 -14 -22 -14 -19 -14 -16 -14 -13 -14 -9 -14 -7 -15 -4 -15 -2 ]
2025-05-20 15:24:23,CSI_DATA,STA,D8:B1:90:DB:E8:90,-56,11,1,5,0,0,1,0,0,0,1,-93,0,2,0,607405735,0,110,0,0,607.763,256,[110 96 6 0 -18 21 -18 21 -16 21 -15 21 -15 22 -15 22 -14 22 -14 21 -14 22 -13 22 -13 22 -12 22 -12 22 -12 22 -12 22 -12 23 -12 22 -12 22 -12 21 -13 21 -14 20 -14 20 -14 19 -14 19 -14 17 0 0 0 0 0 0 0 0 0 0 0 0 0 0 0 0 0 0 0 0 0 0 -8 14 -9 13 -10 14 -11 14 -12 14 -12 14 -13 14 -14 14 -15 15 -15 15 -16 14 -16 15 -16 14 -16 14 -17 14 -18 14 -16 15 -17 16 -17 16 -17 17 -16 18 -17 18 -18 18 -17 1
2025-05-20 15:24:23,CSI_DATA,STA,D8:B1:90:DB:E8:90,-56,11,1,7,0,0,1,0,0,0,0,-93,0,2,0,607907218,0,110,0,0,608.265,256,[110 96 6 0 26 -3 27 -3 26 -5 26 -4 25 -5 26 -5 25 -6 26 -6 25 -7 24 -8 24 -8 24 -9 25 -9 23 -8 24 -8 24 -8 24 -7 24 -7 24 -7 23 -6 23 -5 21 -5 22 -5 23 -5 23 -3 0 0 0 0 0 0 0 0 0 0 0 0 0 0 0 0 0 0 0 0 0 0 16 -5 16 -3 16 -2 17 -2 17 -1 18 -1 18 0 19 0 20 0 19 1 20 1 20 1 20 2 21 2 21 1 22 0 22 0 21 0 21 -1 20 -1 21 -2 22 -1 25 -2 25 -2 26 -2 27 -3 ]
2025-05-20 15:24:26,CSI_DATA,STA,D8:B1:90:DB:E8:90,-56,11,1,7,0,0,1,0,0,0,0,-93,0,2,0,610415264,0,110,0,0,610.772,256,[110 96 6 0 5 -26 5 -26 5 -26 4 -26 3 -26 3 -26 3 -26 2 -26 2 -26 1 -26 1 -26 1 -27 0 -27 0 -26 0 -26 0 -27 1 -26 1 -25 1 -26 1 -24 2 -24 2 -24 2 -23 4 -24 5 -23 0 0 0 0 0 0 0 0 0 0 0 0 0 0 0 0 0 0 0 0 0 0 -1 -16 0 -16 1 -17 2 -17 2 -18 3 -18 3 -19 4 -19 5 -20 5 -20 6 -20 6 -20 6 -20 7 -21 7 -22 7 -22 7 -23 6 -23 6 -23 5 -23 5 -24 5 -24 5 -25 5 -25 6 -26 6 -26 ]
2025-05-20 15:24:31,CSI_DATA,STA,D8:B1:90:DB:E8:90,-55,11,1,7,0,0,1,0,0,0,0,-94,0,2,0,614924768,0,110,0,0,615.282,256,[110 96 6 0 -12 -24 -13 -24 -13 -23 -13 -24 -14 -23 -13 -23 -14 -23 -15 -22 -14 -22 -15 -22 -15 -21 -16 -21 -16 -20 -16 -20 -16 -20 -16 -20 -15 -20 -16 -20 -15 -20 -14 -20 -13 -20 -13 -20 -12 -20 -11 -20 -11 -21 0 0 0 0 0 0 0 0 0 0 0 0 0 0 0 0 0 0 0 0 0 0 -11 -13 -10 -14 -10 -15 -10 -15 -9 -15 -9 -17 -9 -17 -9 -18 -8 -18 -8 -19 -8 -20 -8 -20 -8 -21 -8 -21 -9 -21 -9 -21 -9 -20 -9 -21 -10 -22 -
2025-05-20 15:24:36,CSI_DATA,STA,D8:B1:90:DB:E8:90,-54,11,1,6,0,0,1,0,0,0,0,-94,0,2,0,619943093,0,110,0,0,620.3,256,[110 96 6 0 -7 9 -4 10 -1 11 2 12 6 13 9 14 13 16 16 17 19 18 22 19 24 21 25 22 26 24 27 25 26 25 25 26 22 26 20 25 17 23 13 21 12 16 10 13 8 9 7 4 7 0 0 0 0 0 0 0 0 0 0 0 0 0 0 0 0 0 0 0 0 0 0 0 -1 3 -4 3 -7 3 -9 2 -12 1 -15 0 -19 -2 -22 -3 -25 -6 -27 -8 -28 -11 -29 -13 -29 -15 -28 -17 -27 -17 -26 -17 -24 -16 -22 -15 -20 -13 -19 -11 -17 -8 -16 -5 -15 -2 -15 1 -14 3 -13 5 ]
2025-05-20 15:24:36,CSI_DATA,STA,D8:B1:90:DB:E8:90,-55,11,1,6,0,0,1,0,0,0,0,-94,0,2,0,620445663,0,110,0,0,620.803,256,[110 96 6 0 9 25 9 24 10 24 10 23 11 24 11 22 12 22 11 22 11 22 12 22 12 21 12 22 12 21 12 22 13 22 13 22 12 22 12 22 12 21 11 21 11 21 11 21 10 21 10 21 8 21 0 0 0 0 0 0 0 0 0 0 0 0 0 0 0 0 0 0 0 0 0 0 7 13 6 14 6 16 5 16 5 17 5 17 4 18 4 19 3 19 3 20 3 20 2 21 2 21 3 21 3 21 3 22 3 22 4 22 5 22 6 22 6 23 6 23 7 24 8 24 7 25 8 25 ]
2025-05-20 15:24:36,CSI_DATA,STA,D8:B1:90:DB:E8:90,-67,11,1,7,0,0,1,0,0,0,1,-94,0,2,0,620948454,0,110,0,0,621.305,256,[110 96 6 0 12 17 12 17 12 16 12 16 12 15 11 15 12 14 12 14 11 12 12 12 12 11 12 10 13 10 13 9 14 9 14 9 15 8 15 9 15 9 16 9 16 9 17 10 17 11 16 11 17 14 0 0 0 0 0 0 0 0 0 0 0 0 0 0 0 0 0 0 0 0 0 0 15 14 14 15 12 16 12 17 10 17 11 17 10 18 10 18 9 17 9 19 9 18 8 18 9 17 9 17 8 17 8 15 9 17 10 16 10 17 10 16 12 16 12 17 12 16 12 17 12 17 12 17 ]
2025-05-20 15:24:37,CSI_DATA,STA,D8:B1:90:DB:E8:90,-55,11,1,5,0,0,1,0,0,0,0,-94,0,2,0,621955936,0,110,0,0,622.313,256,[110 96 6 0 6 26 7 26 8 25 9 25 10 25 10 24 10 24 10 23 11 23 12 22 12 22 11 23 11 23 11 23 11 23 10 24 10 23 9 22 9 22 8 23 8 23 7 23 7 22 5 22 4 22 0 0 0 0 0 0 0 0 0 0 0 0 0 0 0 0 0 0 0 0 0 0 7 13 7 14 7 15 6 16 5 16 5 16 4 17 3 18 3 19 3 19 3 20 2 20 3 21 2 21 3 22 2 22 3 21 3 22 4 22 4 23 5 23 5 24 7 24 7 24 7 25 8 24 ]
2025-05-20 15:24:39,CSI_DATA,STA,D8:B1:90:DB:E8:90,-55,11,1,5,0,0,1,0,0,0,1,-94,0,2,0,623461624,0,110,0,0,623.818,256,[110 96 6 0 -28 -9 -28 -8 -27 -8 -27 -7 -27 -7 -27 -6 -27 -5 -26 -5 -26 -5 -27 -4 -26 -4 -27 -4 -27 -3 -27 -3 -27 -3 -27 -3 -26 -4 -26 -4 -25 -4 -25 -4 -24 -5 -24 -5 -23 -5 -25 -6 -24 -7 0 0 0 0 0 0 0 0 0 0 0 0 0 0 0 0 0 0 0 0 0 0 -16 0 -17 -1 -17 -2 -17 -3 -18 -4 -18 -4 -18 -6 -19 -6 -20 -7 -19 -8 -20 -9 -20 -9 -20 -10 -20 -10 -21 -9 -22 -9 -22 -9 -22 -9 -22 -9 -22 -9 -23 -9 -24 -9 -25 -8 -2
2025-05-20 15:24:39,CSI_DATA,STA,D8:B1:90:DB:E8:90,-55,11,1,7,0,0,1,0,0,0,1,-94,0,2,0,623964232,0,110,0,0,624.321,256,[110 96 6 0 22 -18 21 -18 22 -18 21 -18 20 -19 19 -19 19 -19 18 -20 18 -20 17 -20 16 -21 16 -21 16 -21 15 -21 15 -21 17 -21 16 -21 16 -21 16 -21 16 -19 16 -19 16 -18 17 -18 17 -17 18 -16 0 0 0 0 0 0 0 0 0 0 0 0 0 0 0 0 0 0 0 0 0 0 10 -13 11 -12 12 -12 13 -11 14 -11 15 -11 16 -11 16 -11 17 -11 17 -11 18 -11 18 -11 19 -11 18 -11 19 -11 18 -11 18 -11 19 -12 20 -13 20 -14 19 -15 20 -16 21 -14 21
2025-05-20 15:24:40,CSI_DATA,STA,D8:B1:90:DB:E8:90,-67,11,1,7,0,0,1,0,0,0,1,-94,0,2,0,624462637,0,110,0,0,624.819,256,[110 96 6 0 4 -26 4 -25 5 -25 3 -24 4 -23 3 -24 3 -23 2 -23 3 -22 2 -22 -1 -21 -1 -22 -3 -20 -2 -21 -3 -20 -4 -22 -3 -21 -5 -21 -4 -22 -4 -22 -5 -23 -5 -24 -4 -24 -3 -25 0 -27 0 0 0 0 0 0 0 0 0 0 0 0 0 0 0 0 0 0 0 0 0 0 2 -23 3 -22 4 -23 5 -22 6 -22 6 -21 7 -21 8 -22 8 -22 8 -22 8 -21 8 -21 7 -21 8 -21 7 -20 7 -22 7 -21 6 -22 6 -22 5 -23 3 -24 4 -24 4 -26 3 -25 4 -26 5 -25 ]
2025-05-20 15:24:42,CSI_DATA,STA,D8:B1:90:DB:E8:90,-56,11,1,7,0,0,1,0,0,0,1,-94,0,2,0,625977356,0,110,0,0,626.334,256,[110 96 6 0 -18 18 -19 20 -17 19 -17 19 -17 19 -15 19 -15 19 -14 20 -14 19 -13 21 -12 21 -12 22 -13 22 -12 22 -13 22 -13 20 -13 20 -13 19 -13 19 -13 19 -13 19 -13 18 -14 18 -15 17 -16 17 0 0 0 0 0 0 0 0 0 0 0 0 0 0 0 0 0 0 0 0 0 0 -9 13 -9 12 -10 13 -11 12 -11 12 -12 12 -14 12 -14 13 -14 12 -15 13 -17 12 -17 11 -17 12 -16 12 -17 13 -17 11 -17 12 -17 14 -17 11 -18 15 -17 15 -19 14 -17 18 -18 1
2025-05-20 15:24:49,CSI_DATA,STA,D8:B1:90:DB:E8:90,-54,11,1,7,0,0,1,1,0,0,1,-95,0,2,0,632996759,0,110,0,0,633.354,256,[110 96 6 0 26 5 26 4 25 3 25 4 26 3 25 3 25 2 25 1 24 1 24 0 24 0 24 1 24 1 24 1 24 1 24 1 24 1 24 1 24 1 23 1 23 2 22 2 22 2 22 4 22 5 0 0 0 0 0 0 0 0 0 0 0 0 0 0 0 0 0 0 0 0 0 0 15 0 15 1 15 3 15 3 16 4 16 4 17 5 18 6 18 6 18 6 18 7 19 7 19 7 19 8 20 7 19 7 19 6 20 6 22 6 21 6 22 5 23 6 24 5 24 5 25 5 24 4 ]
2025-05-20 15:24:50,CSI_DATA,STA,D8:B1:90:DB:E8:90,-54,11,1,7,0,0,1,1,0,0,1,-95,0,2,0,634505236,0,110,0,0,634.862,256,[110 96 6 0 -21 16 -21 17 -20 16 -20 16 -20 16 -19 17 -19 16 -19 17 -18 17 -18 17 -18 18 -17 18 -17 18 -17 19 -16 18 -17 18 -16 18 -17 17 -16 17 -17 16 -17 16 -17 15 -17 15 -18 15 -19 14 0 0 0 0 0 0 0 0 0 0 0 0 0 0 0 0 0 0 0 0 0 0 -11 10 -12 10 -13 10 -14 9 -14 10 -15 10 -16 9 -16 9 -17 9 -18 9 -18 9 -19 9 -18 9 -19 8 -19 9 -19 9 -19 10 -19 11 -20 11 -20 11 -21 12 -21 12 -21 13 -21 14 -21 14
2025-05-20 15:24:52,CSI_DATA,STA,D8:B1:90:DB:E8:90,-57,11,1,7,0,0,1,1,0,0,1,-94,0,2,0,636025798,0,110,0,0,636.383,256,[110 96 6 0 -6 -26 -6 -25 -6 -25 -7 -24 -7 -24 -7 -23 -8 -23 -9 -24 -9 -24 -9 -23 -11 -23 -11 -22 -11 -22 -10 -23 -11 -22 -11 -22 -10 -22 -10 -22 -9 -22 -9 -22 -9 -22 -9 -22 -8 -21 -7 -22 -6 -22 0 0 0 0 0 0 0 0 0 0 0 0 0 0 0 0 0 0 0 0 0 0 -6 -14 -5 -15 -5 -15 -4 -16 -4 -16 -3 -17 -3 -18 -2 -18 -2 -19 -2 -19 -1 -20 -1 -21 -1 -21 -2 -21 -2 -21 -2 -21 -2 -21 -3 -21 -2 -21 -3 -21 -3 -21 -4 -22 -4
2025-05-20 15:24:54,CSI_DATA,STA,D8:B1:90:DB:E8:90,-55,11,1,7,0,0,1,1,0,0,1,-94,0,2,0,638026755,0,110,0,0,638.384,256,[110 96 6 0 23 -12 23 -13 22 -14 21 -13 21 -14 21 -14 20 -14 20 -16 20 -16 19 -17 18 -17 19 -17 19 -18 19 -18 18 -17 19 -16 19 -16 19 -15 18 -15 19 -15 19 -14 18 -14 18 -14 19 -13 20 -12 0 0 0 0 0 0 0 0 0 0 0 0 0 0 0 0 0 0 0 0 0 0 11 -10 12 -9 13 -9 13 -9 14 -9 15 -8 16 -8 17 -8 18 -8 18 -9 19 -8 19 -7 19 -7 20 -8 20 -8 20 -8 20 -8 20 -9 21 -9 21 -9 21 -10 23 -10 21 -12 22 -12 23 -12 24 -12 ]
2025-05-20 15:24:59,CSI_DATA,STA,D8:B1:90:DB:E8:90,-66,11,1,7,0,0,1,1,0,0,1,-94,0,2,0,643544458,0,110,0,0,643.902,256,[110 96 6 0 22 -11 22 -10 23 -10 22 -9 21 -8 20 -9 19 -9 20 -9 18 -10 18 -11 17 -11 16 -12 16 -12 17 -12 17 -13 15 -13 16 -14 16 -14 16 -14 17 -15 17 -14 18 -15 19 -14 21 -15 23 -12 0 0 0 0 0 0 0 0 0 0 0 0 0 0 0 0 0 0 0 0 0 0 19 -11 20 -12 20 -10 21 -8 20 -7 22 -8 20 -7 21 -6 21 -6 21 -6 21 -6 21 -5 21 -4 20 -7 18 -5 20 -5 21 -7 20 -7 20 -7 21 -7 20 -10 21 -8 22 -10 21 -10 22 -10 23 -10 ]
2025-05-20 15:25:01,CSI_DATA,STA,D8:B1:90:DB:E8:90,-54,11,1,6,0,0,1,0,0,0,1,-94,0,2,0,645586308,0,110,0,0,645.943,256,[110 96 6 0 5 11 8 8 10 5 12 3 15 -1 18 -3 21 -6 23 -9 27 -11 29 -13 32 -15 33 -15 35 -15 37 -16 36 -14 37 -13 35 -10 33 -8 29 -6 26 -5 21 -4 17 -4 12 -5 7 -7 4 -9 0 0 0 0 0 0 0 0 0 0 0 0 0 0 0 0 0 0 0 0 0 0 3 1 2 4 0 6 -2 9 -4 12 -7 14 -10 17 -13 18 -17 20 -21 20 -23 20 -26 19 -28 18 -28 17 -28 15 -27 14 -25 13 -24 12 -20 12 -17 12 -14 12 -11 13 -8 13 -5 14 -3 14 -1 14 ]
2025-05-20 15:25:02,CSI_DATA,STA,D8:B1:90:DB:E8:90,-55,11,1,6,0,0,1,0,0,0,1,-94,0,2,0,646054845,0,110,0,0,646.412,256,[110 96 6 0 -19 -21 -20 -21 -19 -20 -20 -20 -21 -19 -21 -18 -21 -17 -21 -18 -21 -17 -22 -17 -22 -17 -23 -16 -23 -16 -23 -16 -23 -16 -22 -17 -22 -16 -21 -16 -21 -16 -20 -17 -19 -17 -19 -17 -18 -17 -18 -17 -17 -18 0 0 0 0 0 0 0 0 0 0 0 0 0 0 0 0 0 0 0 0 0 0 -14 -10 -14 -11 -12 -13 -13 -14 -13 -15 -13 -15 -14 -16 -14 -17 -13 -17 -13 -18 -12 -19 -12 -20 -13 -20 -13 -20 -13 -20 -13 -20 -14 -20 -15
2025-05-20 15:25:02,CSI_DATA,STA,D8:B1:90:DB:E8:90,-66,11,1,7,0,0,1,0,0,0,0,-94,0,2,0,646565944,0,110,0,0,646.923,256,[110 96 6 0 -16 17 -17 17 -16 16 -16 16 -16 16 -15 16 -14 15 -14 16 -13 16 -13 16 -11 16 -11 16 -10 16 -11 16 -10 16 -9 17 -9 18 -9 18 -9 18 -9 19 -9 18 -9 19 -11 20 -12 19 -14 19 0 0 0 0 0 0 0 0 0 0 0 0 0 0 0 0 0 0 0 0 0 0 -13 16 -14 15 -15 14 -16 14 -15 13 -16 13 -17 12 -17 12 -17 12 -17 11 -17 12 -16 12 -17 12 -17 12 -17 12 -16 11 -17 13 -16 13 -16 14 -16 14 -16 15 -16 16 -16 15 -15 16 -15
2025-05-20 15:25:05,CSI_DATA,STA,D8:B1:90:DB:E8:90,-60,11,1,5,0,0,1,0,0,0,1,-95,0,2,0,649063606,0,110,0,0,649.42,256,[110 96 6 0 -36 -3 -35 -2 -35 -1 -15 10 -15 10 -14 11 -14 12 -18 23 -16 24 -15 25 -15 25 -14 7 -14 8 -14 7 -13 8 -15 2 -14 2 -13 1 -12 1 13 9 13 9 13 9 12 9 21 21 20 22 0 0 0 0 0 0 0 0 0 0 0 0 0 0 0 0 0 0 0 0 0 0 -9 -6 -9 -6 -19 -7 -20 -8 -20 -9 -21 -10 -21 -10 -22 -11 -23 -12 -24 -12 -23 -13 -23 -14 -23 -14 -24 -15 -9 -19 -11 -20 -12 -19 -12 -20 -12 0 -12 0 -12 -1 -12 -1 -30 7 -31 7 -31 8 -34
2025-05-20 15:25:07,CSI_DATA,STA,D8:B1:90:DB:E8:90,-54,11,1,6,0,0,1,0,0,0,1,-95,0,2,0,651582377,0,110,0,0,651.939,256,[110 96 6 0 -22 16 -21 16 -21 16 -20 16 -19 16 -20 16 -19 16 -19 17 -19 17 -18 17 -17 18 -17 18 -17 18 -17 19 -17 18 -17 19 -17 18 -17 17 -17 16 -17 16 -17 16 -17 15 -17 15 -17 14 -18 13 0 0 0 0 0 0 0 0 0 0 0 0 0 0 0 0 0 0 0 0 0 0 -10 12 -11 11 -12 11 -12 11 -13 11 -14 10 -16 11 -17 10 -17 11 -18 11 -18 10 -18 10 -19 10 -19 10 -19 10 -19 11 -19 11 -19 11 -20 12 -20 12 -20 13 -20 13 -21 14 -21
2025-05-20 15:25:08,CSI_DATA,STA,D8:B1:90:DB:E8:90,-56,11,1,6,0,0,1,0,0,0,1,-95,0,2,0,652070732,0,110,0,0,652.428,256,[110 96 6 0 1 -26 0 -26 0 -26 1 -26 0 -25 0 -26 -1 -25 -1 -25 -2 -25 -2 -25 -3 -25 -4 -25 -4 -25 -4 -25 -3 -25 -3 -25 -3 -25 -3 -24 -2 -24 -2 -23 -2 -23 -1 -23 0 -23 0 -23 2 -22 0 0 0 0 0 0 0 0 0 0 0 0 0 0 0 0 0 0 0 0 0 0 -3 -16 -2 -16 -1 -17 -1 -17 0 -18 1 -18 1 -18 2 -19 2 -20 2 -20 3 -20 4 -21 4 -21 4 -21 3 -21 3 -22 3 -22 3 -22 3 -23 3 -23 2 -24 2 -25 2 -25 2 -25 2 -25 1 -26 ]
2025-05-20 15:25:10,CSI_DATA,STA,D8:B1:90:DB:E8:90,-65,11,1,6,0,0,1,0,0,0,1,-95,0,2,0,654075973,0,110,0,0,654.433,256,[110 96 6 0 -21 0 -20 0 -20 0 -20 0 -19 0 -19 0 -18 1 -18 1 -17 2 -17 3 -16 3 -15 4 -15 4 -16 5 -16 6 -16 6 -16 7 -15 6 -16 6 -17 7 -17 6 -18 6 -19 6 -20 6 -21 5 0 0 0 0 0 0 0 0 0 0 0 0 0 0 0 0 0 0 0 0 0 0 -19 3 -19 1 -19 0 -18 -1 -19 -2 -19 -2 -18 -2 -19 -2 -18 -2 -19 -3 -18 -3 -18 -4 -19 -4 -18 -3 -18 -3 -18 -2 -18 -2 -18 -2 -18 -1 -19 0 -20 0 -19 0 -20 1 -20 0 -20 0 -21 -1 ]
2025-05-20 15:25:12,CSI_DATA,STA,D8:B1:90:DB:E8:90,-54,11,1,5,0,0,1,0,0,0,0,-94,0,2,0,656598816,0,110,0,0,656.956,256,[110 96 6 0 1 10 4 9 7 8 10 7 13 5 17 4 21 3 24 2 27 1 30 0 32 -1 34 0 36 -1 36 1 36 1 36 2 34 4 32 5 29 5 25 5 20 4 16 3 12 1 9 -2 6 -6 0 0 0 0 0 0 0 0 0 0 0 0 0 0 0 0 0 0 0 0 0 0 2 3 -1 5 -4 6 -7 8 -9 9 -12 10 -16 11 -19 11 -23 11 -26 10 -28 8 -31 7 -32 6 -32 4 -31 3 -30 2 -28 1 -26 1 -24 3 -21 3 -18 4 -15 7 -13 7 -11 9 -9 10 -6 11 ]
2025-05-20 15:25:13,CSI_DATA,STA,D8:B1:90:DB:E8:90,-55,11,1,6,0,0,1,1,0,0,1,-94,0,2,0,657079149,0,110,0,0,657.436,256,[110 96 6 0 3 -27 2 -27 2 -27 1 -27 0 -27 1 -27 0 -26 -1 -26 -1 -26 -2 -26 -3 -26 -2 -26 -2 -26 -2 -25 -2 -25 -2 -26 -2 -25 -1 -25 -1 -24 -1 -24 -1 -25 0 -24 0 -23 1 -23 3 -23 0 0 0 0 0 0 0 0 0 0 0 0 0 0 0 0 0 0 0 0 0 0 -2 -16 -1 -17 0 -17 0 -17 1 -18 2 -18 2 -19 3 -19 3 -19 4 -20 5 -20 5 -21 6 -20 5 -21 5 -22 5 -22 5 -22 5 -22 4 -23 4 -23 3 -25 4 -25 3 -25 3 -25 3 -25 3 -27 ]
2025-05-20 15:25:16,CSI_DATA,STA,D8:B1:90:DB:E8:90,-65,11,1,7,0,0,1,0,0,0,1,-95,0,2,0,660087787,0,110,0,0,660.445,256,[110 96 6 0 7 20 7 20 6 20 7 20 7 20 6 19 7 17 7 18 7 16 8 15 8 16 9 15 9 15 9 14 12 13 11 14 12 14 12 14 13 14 12 14 12 15 13 16 13 17 13 18 11 20 0 0 0 0 0 0 0 0 0 0 0 0 0 0 0 0 0 0 0 0 0 0 9 18 8 19 6 19 6 19 5 19 4 20 4 20 3 20 3 20 3 20 2 20 2 20 2 21 3 19 2 20 3 19 3 20 4 19 4 20 5 20 6 19 6 20 7 20 7 21 6 21 6 21 ]
2025-05-20 15:25:17,CSI_DATA,STA,D8:B1:90:DB:E8:90,-54,11,1,6,0,0,1,1,0,0,1,-95,0,2,0,661098227,0,110,0,0,661.455,256,[110 96 6 0 -26 7 -26 8 -25 9 -25 8 -25 9 -24 9 -23 10 -24 11 -23 11 -23 12 -22 12 -22 12 -23 11 -22 11 -22 12 -22 12 -22 11 -22 11 -22 10 -22 10 -22 9 -21 9 -22 8 -22 8 -22 7 0 0 0 0 0 0 0 0 0 0 0 0 0 0 0 0 0 0 0 0 0 0 -14 8 -15 7 -16 6 -17 5 -17 5 -18 5 -18 5 -19 5 -19 4 -20 4 -20 4 -21 4 -21 4 -21 4 -22 3 -22 3 -23 3 -23 4 -22 6 -23 7 -23 7 -24 7 -23 7 -24 8 -24 8 -25 8 ]
2025-05-20 15:25:23,CSI_DATA,STA,D8:B1:90:DB:E8:90,-55,11,1,7,0,0,1,0,0,0,1,-93,0,2,0,667593580,0,110,0,0,667.95,256,[110 96 6 0 9 23 9 22 10 23 10 22 10 21 10 21 11 21 11 21 12 21 12 20 12 20 11 20 11 19 13 20 12 19 11 21 11 20 11 20 10 19 10 19 10 19 9 19 9 19 8 19 6 20 0 0 0 0 0 0 0 0 0 0 0 0 0 0 0 0 0 0 0 0 0 0 6 12 5 13 5 14 4 14 4 15 4 15 4 15 3 16 3 17 3 18 2 17 3 19 3 19 2 19 3 18 3 20 4 20 4 20 4 19 5 20 6 21 7 21 6 23 7 23 8 22 7 22 ]
2025-05-20 15:25:24,CSI_DATA,STA,D8:B1:90:DB:E8:90,-67,11,1,7,0,0,1,0,0,0,1,-93,0,2,0,668093638,0,110,0,0,668.45,256,[110 96 6 0 10 18 10 19 10 18 10 18 10 17 9 16 10 16 10 15 10 14 10 14 11 14 11 14 12 13 11 13 12 12 13 12 13 12 13 12 13 12 13 12 13 13 14 13 14 15 14 15 12 17 0 0 0 0 0 0 0 0 0 0 0 0 0 0 0 0 0 0 0 0 0 0 11 14 9 15 8 15 8 16 7 16 6 16 6 16 6 16 6 17 6 17 6 17 6 16 6 17 6 17 7 17 6 16 7 16 8 16 8 16 9 17 9 17 10 17 10 17 10 17 11 17 10 18 ]
2025-05-20 15:25:24,CSI_DATA,STA,D8:B1:90:DB:E8:90,-55,11,1,7,0,0,1,0,0,0,1,-93,0,2,0,668593899,0,110,0,0,668.951,256,[110 96 6 0 9 26 10 26 10 25 10 25 11 24 11 24 12 23 11 24 11 23 12 22 12 23 13 24 13 23 14 23 13 23 13 23 13 22 12 22 12 22 11 22 10 22 10 22 9 21 7 21 6 22 0 0 0 0 0 0 0 0 0 0 0 0 0 0 0 0 0 0 0 0 0 0 8 13 7 14 7 15 7 16 6 16 6 16 5 18 5 18 5 19 5 20 5 20 5 20 4 21 4 21 5 21 5 21 5 21 6 21 8 22 8 23 9 24 9 23 9 24 9 24 10 24 10 24 ]
2025-05-20 15:25:28,CSI_DATA,STA,D8:B1:90:DB:E8:90,-55,11,1,7,0,0,1,0,0,0,1,-94,0,2,0,672601568,0,110,0,0,672.958,256,[110 96 6 0 -27 5 -27 6 -26 6 -26 5 -25 6 -26 7 -24 7 -25 9 -24 9 -23 9 -23 9 -25 9 -24 9 -24 9 -25 9 -24 9 -24 9 -24 8 -23 7 -23 7 -23 7 -22 6 -22 6 -23 6 -23 4 0 0 0 0 0 0 0 0 0 0 0 0 0 0 0 0 0 0 0 0 0 0 -16 6 -16 4 -16 4 -17 4 -17 4 -18 3 -19 3 -19 2 -20 2 -20 2 -21 2 -21 1 -22 1 -22 1 -22 0 -22 0 -22 1 -23 1 -23 0 -23 1 -24 2 -25 2 -25 3 -25 3 -26 3 -26 4 ]
2025-05-20 15:25:31,CSI_DATA,STA,D8:B1:90:DB:E8:90,-55,11,1,7,0,0,1,0,0,0,1,-95,0,2,0,675117033,0,110,0,0,675.474,256,[110 96 6 0 11 -23 12 -25 11 -23 11 -25 10 -24 10 -24 9 -24 8 -25 8 -24 7 -25 7 -25 6 -25 6 -25 6 -25 6 -25 6 -24 7 -25 7 -24 6 -23 7 -23 7 -23 7 -22 8 -22 9 -21 9 -21 0 0 0 0 0 0 0 0 0 0 0 0 0 0 0 0 0 0 0 0 0 0 3 -16 4 -16 5 -16 6 -17 6 -16 7 -17 7 -17 9 -17 9 -17 9 -17 11 -18 11 -18 11 -18 11 -19 11 -18 10 -17 10 -18 10 -19 12 -20 12 -19 11 -20 12 -21 10 -21 11 -22 11 -22 13 -23 ]
2025-05-20 15:25:31,CSI_DATA,STA,D8:B1:90:DB:E8:90,-54,11,1,6,0,0,1,1,0,0,1,-95,0,2,0,675608393,0,110,0,0,675.965,256,[110 96 6 0 22 -16 22 -16 22 -16 21 -16 20 -17 20 -17 20 -17 19 -18 19 -18 18 -19 18 -19 19 -19 19 -19 18 -19 19 -19 19 -18 19 -18 19 -17 18 -17 19 -16 19 -16 19 -15 18 -15 19 -13 20 -12 0 0 0 0 0 0 0 0 0 0 0 0 0 0 0 0 0 0 0 0 0 0 12 -11 13 -10 13 -9 14 -9 15 -9 15 -8 16 -8 17 -8 18 -8 19 -7 19 -7 19 -7 20 -7 20 -7 21 -8 21 -8 21 -9 21 -9 20 -11 20 -11 21 -11 22 -12 22 -13 22 -13 23 -14 23 -1
2025-05-20 15:25:35,CSI_DATA,STA,D8:B1:90:DB:E8:90,-54,11,1,7,0,0,1,0,0,0,1,-94,0,2,0,679623609,0,110,0,0,679.98,256,[110 96 6 0 7 -27 7 -28 6 -27 6 -28 5 -27 5 -27 4 -27 3 -27 3 -27 2 -27 1 -27 1 -27 0 -27 1 -27 1 -27 1 -27 1 -27 2 -26 2 -25 3 -25 3 -25 4 -24 4 -24 5 -24 6 -23 0 0 0 0 0 0 0 0 0 0 0 0 0 0 0 0 0 0 0 0 0 0 0 -17 2 -17 2 -18 3 -18 3 -18 4 -19 6 -19 7 -19 7 -20 7 -20 8 -20 9 -21 8 -21 8 -21 10 -21 9 -21 9 -22 9 -22 9 -24 9 -23 8 -24 9 -25 8 -25 7 -26 7 -27 8 -27 ]
2025-05-20 15:25:36,CSI_DATA,STA,D8:B1:90:DB:E8:90,-56,11,1,7,0,0,1,0,0,0,1,-94,0,2,0,680130997,0,110,0,0,680.488,256,[110 96 6 0 -21 -16 -21 -15 -21 -14 -21 -14 -22 -13 -22 -13 -22 -12 -22 -13 -22 -12 -23 -12 -23 -12 -22 -12 -23 -11 -22 -11 -22 -11 -23 -12 -22 -12 -22 -12 -21 -12 -21 -12 -21 -12 -20 -12 -20 -12 -20 -13 -19 -14 0 0 0 0 0 0 0 0 0 0 0 0 0 0 0 0 0 0 0 0 0 0 -14 -8 -13 -8 -13 -10 -13 -10 -13 -10 -13 -11 -13 -12 -14 -13 -13 -13 -14 -14 -13 -15 -13 -16 -13 -16 -13 -17 -13 -16 -14 -16 -14 -16 -15 -
2025-05-20 15:25:42,CSI_DATA,STA,D8:B1:90:DB:E8:90,-54,11,1,7,0,0,1,1,0,0,1,-95,0,2,0,686658441,0,110,0,0,687.016,256,[110 96 6 0 22 -17 22 -17 21 -17 21 -18 21 -18 20 -18 20 -19 20 -19 19 -20 19 -20 18 -21 17 -20 17 -20 17 -19 18 -20 18 -20 17 -19 17 -19 17 -18 17 -18 17 -17 17 -17 17 -16 19 -16 19 -15 0 0 0 0 0 0 0 0 0 0 0 0 0 0 0 0 0 0 0 0 0 0 11 -12 12 -11 13 -11 14 -11 15 -10 16 -11 16 -11 17 -11 18 -10 18 -11 19 -10 19 -10 19 -10 20 -10 20 -10 20 -11 20 -12 20 -12 20 -13 20 -14 20 -14 21 -15 21 -15 21
2025-05-20 15:25:43,CSI_DATA,STA,D8:B1:90:DB:E8:90,-66,11,1,7,0,0,1,1,0,0,1,-95,0,2,0,687658416,0,110,0,0,688.015,256,[110 96 6 0 21 -5 21 -4 22 -4 21 -5 20 -4 19 -4 19 -5 19 -5 18 -5 18 -5 17 -6 16 -7 16 -8 16 -7 16 -9 15 -9 15 -9 15 -10 15 -10 16 -10 17 -11 16 -10 18 -10 20 -9 21 -8 0 0 0 0 0 0 0 0 0 0 0 0 0 0 0 0 0 0 0 0 0 0 19 -7 19 -6 19 -5 19 -4 20 -2 19 -3 19 -1 20 -2 19 -2 19 -2 19 -1 19 -1 19 -1 20 0 19 -1 19 -2 19 -2 19 -4 19 -4 20 -4 20 -4 20 -4 21 -5 21 -5 21 -4 22 -5 ]
2025-05-20 15:25:45,CSI_DATA,STA,D8:B1:90:DB:E8:90,-53,11,1,7,0,0,1,1,0,0,1,-95,0,2,0,689158448,0,110,0,0,689.516,256,[110 96 6 0 -25 -5 -25 -5 -25 -4 -25 -3 -25 -3 -25 -2 -25 -2 -25 -2 -24 -1 -24 -1 -24 0 -24 0 -25 0 -24 0 -24 0 -25 0 -24 0 -24 0 -24 -1 -23 -1 -23 -2 -22 -2 -22 -3 -22 -4 -21 -6 0 0 0 0 0 0 0 0 0 0 0 0 0 0 0 0 0 0 0 0 0 0 -15 0 -15 -1 -15 -2 -15 -2 -16 -3 -16 -3 -17 -4 -17 -5 -17 -5 -18 -5 -19 -6 -19 -6 -19 -6 -19 -7 -19 -6 -20 -6 -20 -6 -20 -6 -21 -7 -21 -7 -22 -6 -22 -6 -23 -5 -24 -5 -24 -
2025-05-20 15:25:47,CSI_DATA,STA,D8:B1:90:DB:E8:90,-53,11,1,7,0,0,1,1,0,0,1,-95,0,2,0,691660643,0,110,0,0,692.018,256,[110 96 6 0 -29 -5 -29 -4 -29 -4 -28 -4 -28 -3 -28 -3 -28 -2 -28 -2 -27 -1 -27 -1 -27 0 -28 0 -28 0 -28 0 -27 0 -27 0 -27 -1 -27 -1 -26 -2 -26 -3 -26 -3 -25 -3 -25 -4 -24 -5 -23 -6 0 0 0 0 0 0 0 0 0 0 0 0 0 0 0 0 0 0 0 0 0 0 -17 0 -17 -1 -17 -1 -18 -3 -19 -3 -19 -4 -20 -4 -20 -4 -20 -4 -21 -6 -21 -5 -21 -6 -21 -6 -22 -6 -22 -8 -22 -8 -23 -7 -23 -7 -23 -7 -24 -7 -24 -6 -25 -5 -26 -5 -27 -5 -28
2025-05-20 15:25:48,CSI_DATA,STA,D8:B1:90:DB:E8:90,-66,11,1,7,0,0,1,1,0,0,1,-93,0,2,0,692660725,0,110,0,0,693.018,256,[110 96 6 0 18 -16 17 -16 18 -15 16 -15 16 -14 15 -14 15 -15 15 -15 14 -15 13 -15 12 -15 12 -15 11 -15 12 -16 11 -16 10 -16 10 -16 10 -16 11 -17 10 -17 11 -18 11 -18 12 -18 13 -17 16 -17 0 0 0 0 0 0 0 0 0 0 0 0 0 0 0 0 0 0 0 0 0 0 12 -15 12 -14 14 -14 13 -13 14 -13 14 -12 15 -12 15 -12 15 -12 15 -11 15 -11 15 -12 16 -11 16 -11 16 -12 16 -12 15 -13 16 -14 15 -13 15 -14 15 -15 16 -15 17 -15 16
2025-05-20 15:25:50,CSI_DATA,STA,D8:B1:90:DB:E8:90,-55,11,1,7,0,0,1,1,0,0,1,-93,0,2,0,694166317,0,110,0,0,694.523,256,[110 96 6 0 -3 24 -2 24 -1 24 -3 24 -2 24 -2 24 -1 24 -1 24 -1 24 1 24 1 24 1 24 1 24 1 23 1 24 1 24 0 23 0 23 0 23 -1 22 -2 22 -2 22 -3 22 -3 20 -4 20 0 0 0 0 0 0 0 0 0 0 0 0 0 0 0 0 0 0 0 0 0 0 1 14 0 14 -1 15 -2 16 -2 16 -2 16 -4 16 -5 16 -5 17 -6 18 -5 18 -6 19 -6 18 -6 18 -6 19 -6 19 -6 20 -5 19 -4 19 -5 19 -4 20 -4 21 -2 22 -2 23 -2 23 -3 24 ]
2025-05-20 15:25:52,CSI_DATA,STA,D8:B1:90:DB:E8:90,-54,11,1,7,0,0,1,1,0,0,1,-95,0,2,0,696175511,0,110,0,0,696.533,256,[110 96 6 0 18 -21 17 -20 18 -21 16 -20 16 -21 16 -21 16 -21 15 -21 15 -21 15 -22 14 -22 13 -21 12 -21 12 -22 13 -22 14 -22 14 -21 13 -21 14 -20 14 -20 13 -20 14 -19 14 -18 15 -17 15 -16 0 0 0 0 0 0 0 0 0 0 0 0 0 0 0 0 0 0 0 0 0 0 8 -14 9 -13 9 -13 11 -13 11 -13 12 -13 13 -12 14 -12 14 -13 15 -13 16 -12 17 -12 17 -12 16 -12 18 -12 18 -13 18 -14 18 -15 18 -15 17 -15 17 -15 18 -17 17 -17 18 -18
2025-05-20 15:25:54,CSI_DATA,STA,D8:B1:90:DB:E8:90,-54,11,1,7,0,0,1,1,0,0,1,-95,0,2,0,698186119,0,110,0,0,698.543,256,[110 96 6 0 -18 18 -17 18 -17 19 -16 18 -15 19 -15 19 -15 19 -14 19 -14 19 -14 19 -13 19 -13 19 -13 20 -13 20 -14 19 -14 20 -13 20 -13 19 -14 18 -13 18 -13 17 -13 17 -14 16 -15 16 -16 15 0 0 0 0 0 0 0 0 0 0 0 0 0 0 0 0 0 0 0 0 0 0 -7 12 -8 12 -9 12 -10 11 -10 12 -11 12 -13 12 -13 12 -14 12 -14 12 -15 11 -16 11 -16 11 -16 11 -16 12 -17 12 -16 12 -16 13 -16 13 -16 14 -16 14 -16 15 -16 16 -16 17
2025-05-20 15:25:56,CSI_DATA,STA,D8:B1:90:DB:E8:90,-54,11,1,7,0,0,1,1,0,0,1,-95,0,2,0,700194382,0,110,0,0,700.551,256,[110 96 6 0 19 17 20 17 20 16 20 17 21 15 21 15 22 14 21 13 21 13 22 12 22 12 22 12 22 12 22 12 22 12 21 12 21 12 21 12 20 12 21 13 20 12 19 13 18 13 17 14 17 15 0 0 0 0 0 0 0 0 0 0 0 0 0 0 0 0 0 0 0 0 0 0 13 7 13 8 12 9 12 10 12 11 12 11 13 12 13 13 13 14 13 14 13 14 12 15 13 16 13 16 13 17 12 17 14 16 14 17 14 17 15 17 16 17 17 18 17 16 18 17 19 17 19 16 ]
2025-05-20 15:25:57,CSI_DATA,STA,D8:B1:90:DB:E8:90,-54,11,1,7,0,0,1,1,0,0,1,-95,0,2,0,701695963,0,110,0,0,702.053,256,[110 96 6 0 -10 -28 -10 -27 -10 -26 -10 -26 -11 -26 -11 -26 -12 -25 -13 -24 -13 -24 -13 -24 -13 -24 -13 -24 -14 -24 -14 -23 -14 -23 -15 -24 -14 -23 -14 -23 -12 -22 -13 -22 -12 -22 -11 -22 -11 -22 -10 -22 -9 -23 0 0 0 0 0 0 0 0 0 0 0 0 0 0 0 0 0 0 0 0 0 0 -8 -15 -8 -15 -7 -16 -6 -16 -6 -17 -5 -17 -5 -18 -5 -19 -5 -20 -5 -20 -4 -20 -4 -21 -5 -22 -4 -22 -5 -22 -5 -23 -5 -22 -6 -23 -6 -23 -7 -23
2025-05-20 15:25:59,CSI_DATA,STA,D8:B1:90:DB:E8:90,-66,11,1,7,0,0,1,1,0,0,1,-93,0,2,0,703201141,0,110,0,0,703.558,256,[110 96 6 0 -23 6 -23 5 -23 5 -22 5 -21 5 -22 6 -20 6 -21 6 -19 6 -19 6 -19 7 -18 7 -18 8 -17 8 -17 10 -16 9 -16 10 -16 9 -17 11 -17 11 -18 10 -17 10 -18 10 -20 9 -22 8 0 0 0 0 0 0 0 0 0 0 0 0 0 0 0 0 0 0 0 0 0 0 -18 6 -19 5 -18 4 -19 3 -18 3 -19 2 -19 2 -19 2 -20 1 -19 1 -20 2 -19 2 -19 2 -20 1 -20 2 -20 3 -20 3 -20 4 -20 4 -21 5 -21 5 -21 5 -21 7 -22 6 -23 5 -23 5 ]
2025-05-20 15:26:06,CSI_DATA,STA,D8:B1:90:DB:E8:90,-55,11,1,7,0,0,1,1,0,0,1,-94,0,2,0,710225725,0,110,0,0,710.583,256,[110 96 6 0 25 -8 25 -9 24 -9 25 -9 24 -9 24 -10 24 -10 24 -10 23 -10 23 -11 23 -11 24 -11 23 -11 24 -11 24 -11 23 -11 23 -11 23 -10 22 -10 22 -9 22 -9 22 -8 22 -8 21 -7 22 -6 0 0 0 0 0 0 0 0 0 0 0 0 0 0 0 0 0 0 0 0 0 0 14 -7 14 -6 15 -5 15 -5 15 -5 17 -4 18 -4 17 -4 19 -3 19 -3 20 -3 20 -3 21 -3 20 -3 21 -4 21 -3 22 -5 22 -4 23 -6 22 -6 23 -7 24 -8 24 -6 23 -7 24 -8 25 -8 ]
2025-05-20 15:26:08,CSI_DATA,STA,D8:B1:90:DB:E8:90,-55,11,1,7,0,0,1,1,0,0,1,-94,0,2,0,712224439,0,110,0,0,712.582,256,[110 96 6 0 -18 -21 -19 -21 -18 -20 -19 -20 -19 -20 -19 -19 -20 -18 -19 -19 -19 -18 -20 -17 -20 -17 -20 -17 -21 -17 -20 -17 -20 -17 -20 -16 -20 -16 -19 -16 -19 -16 -19 -16 -18 -16 -18 -16 -18 -16 -18 -16 -16 -17 0 0 0 0 0 0 0 0 0 0 0 0 0 0 0 0 0 0 0 0 0 0 -13 -10 -12 -12 -11 -13 -12 -14 -11 -14 -11 -15 -11 -16 -11 -17 -11 -18 -11 -17 -11 -19 -11 -19 -11 -20 -11 -19 -9 -20 -10 -20 -10 -19 -11
2025-05-20 15:26:09,CSI_DATA,STA,D8:B1:90:DB:E8:90,-55,11,1,7,0,0,1,1,0,0,1,-94,0,2,0,713232611,0,110,0,0,713.59,256,[110 96 6 0 -9 -26 -9 -26 -9 -25 -10 -26 -10 -26 -11 -25 -11 -25 -12 -24 -12 -23 -13 -23 -13 -23 -14 -23 -14 -22 -14 -22 -14 -23 -14 -23 -13 -23 -13 -23 -13 -23 -13 -22 -12 -23 -11 -22 -11 -22 -10 -22 -9 -23 0 0 0 0 0 0 0 0 0 0 0 0 0 0 0 0 0 0 0 0 0 0 -8 -14 -7 -15 -6 -16 -6 -17 -6 -17 -5 -19 -5 -19 -5 -19 -4 -20 -4 -20 -4 -21 -3 -21 -4 -22 -4 -22 -4 -23 -4 -23 -4 -23 -4 -23 -5 -23 -5 -23 -6 -
2025-05-20 15:26:09,CSI_DATA,STA,D8:B1:90:DB:E8:90,-56,11,1,7,0,0,1,1,0,0,1,-94,0,2,0,713756639,0,110,0,0,714.114,256,[110 96 6 0 16 19 16 19 17 19 16 18 16 18 16 18 17 18 17 17 17 16 17 15 18 15 18 15 18 15 18 16 18 15 18 16 17 16 17 16 17 15 17 16 16 16 15 16 15 16 14 16 13 17 0 0 0 0 0 0 0 0 0 0 0 0 0 0 0 0 0 0 0 0 0 0 11 9 10 10 10 11 9 12 9 13 9 13 9 14 9 15 10 16 9 16 8 16 8 17 8 17 8 17 9 16 9 17 9 16 10 17 12 16 13 17 13 17 13 17 13 18 13 18 14 18 15 19 ]
2025-05-20 15:26:10,CSI_DATA,STA,D8:B1:90:DB:E8:90,-55,11,1,7,0,0,1,1,0,0,1,-94,0,2,0,714232290,0,110,0,0,714.589,256,[110 96 6 0 1 25 2 25 2 24 3 26 4 26 4 25 5 24 5 24 5 23 6 23 6 23 6 24 6 23 6 24 6 24 5 24 5 23 5 23 4 22 5 23 4 22 4 22 3 22 2 22 1 22 0 0 0 0 0 0 0 0 0 0 0 0 0 0 0 0 0 0 0 0 0 0 4 14 3 15 3 16 2 16 2 17 1 18 0 17 0 18 -1 18 -1 19 -2 20 -2 20 -2 21 -2 21 -1 22 -1 22 -1 22 -1 22 -1 23 -1 23 0 24 0 24 1 24 2 25 1 25 0 25 ]
2025-05-20 15:26:10,CSI_DATA,STA,D8:B1:90:DB:E8:90,-55,11,1,7,0,0,1,1,0,0,1,-94,0,2,0,714312304,0,100,0,0,714.669,256,[100 -64 5 0 -14 23 -13 23 -13 23 -13 23 -13 23 -12 23 -12 23 -11 23 -11 24 -10 24 -9 24 -9 25 -8 24 -9 25 -9 24 -9 25 -10 24 -10 23 -10 22 -11 22 -11 21 -11 21 -11 20 -12 20 -13 19 0 0 0 0 0 0 0 0 0 0 0 0 0 0 0 0 0 0 0 0 0 0 -5 14 -6 14 -7 14 -8 15 -9 15 -10 15 -11 15 -11 15 -12 16 -12 16 -13 17 -14 16 -14 17 -14 17 -13 15 -14 16 -14 16 -14 17 -14 18 -14 19 -14 19 -13 19 -14 20 -14 21 -14 21
2025-05-20 15:26:11,CSI_DATA,STA,D8:B1:90:DB:E8:90,-53,11,1,6,0,0,1,0,0,0,1,-94,0,2,0,715233802,0,110,0,0,715.591,256,[110 96 6 0 -10 1 -9 4 -6 7 -5 10 -3 14 0 16 2 20 4 23 5 26 7 28 8 31 8 33 9 34 8 36 7 36 6 35 5 34 3 32 2 28 1 24 1 20 1 15 3 11 4 7 6 3 0 0 0 0 0 0 0 0 0 0 0 0 0 0 0 0 0 0 0 0 0 0 -4 2 -6 -1 -7 -4 -8 -6 -9 -9 -10 -13 -10 -16 -11 -20 -10 -24 -9 -26 -8 -29 -7 -32 -5 -32 -4 -32 -2 -31 -1 -30 -2 -28 -2 -25 -3 -23 -4 -20 -5 -17 -7 -14 -9 -12 -10 -9 -11 -7 -12 -5 ]
2025-05-20 15:26:16,CSI_DATA,STA,D8:B1:90:DB:E8:90,-63,11,1,7,0,0,1,0,0,0,0,-94,0,2,0,720250527,0,110,0,0,720.607,256,[110 96 6 0 15 21 17 20 18 19 5 -9 5 -9 5 -10 5 -9 -16 -2 -15 -2 -14 0 -13 1 16 5 17 4 16 4 16 3 12 14 13 15 12 14 12 14 1 -9 1 -9 1 -9 0 -10 16 2 17 3 0 0 0 0 0 0 0 0 0 0 0 0 0 0 0 0 0 0 0 0 0 0 -21 -8 -21 -9 -8 2 -9 2 -10 3 -10 3 6 0 7 0 7 1 6 1 27 14 28 12 29 11 29 9 20 29 22 28 24 27 25 26 8 18 9 17 11 17 10 17 -2 9 0 10 -1 10 1 25 ]
2025-05-20 15:26:20,CSI_DATA,STA,D8:B1:90:DB:E8:90,-55,11,1,6,0,0,1,0,0,0,1,-94,0,2,0,724248602,0,110,0,0,724.606,256,[110 96 6 0 26 -2 27 -2 27 -3 25 -3 25 -4 25 -4 25 -5 25 -5 25 -6 24 -7 24 -7 24 -7 24 -7 24 -7 24 -7 24 -7 23 -7 23 -7 23 -6 23 -6 23 -5 22 -5 22 -4 22 -4 22 -2 0 0 0 0 0 0 0 0 0 0 0 0 0 0 0 0 0 0 0 0 0 0 15 -6 16 -5 16 -4 17 -3 17 -3 18 -3 19 -1 20 -1 21 -1 21 0 21 0 21 0 21 0 22 1 22 0 22 0 22 -1 22 -1 22 -2 22 -1 23 -3 24 -2 24 -3 24 -3 25 -3 27 -3 ]
2025-05-20 15:26:20,CSI_DATA,STA,D8:B1:90:DB:E8:90,-55,11,1,7,0,0,1,1,0,0,1,-94,0,2,0,724749752,0,110,0,0,725.107,256,[110 96 6 0 26 -8 26 -8 26 -7 25 -8 24 -9 24 -9 24 -10 24 -11 24 -11 23 -11 23 -11 23 -11 23 -11 24 -11 23 -11 24 -11 24 -10 23 -10 23 -10 22 -9 22 -9 22 -8 22 -7 23 -7 23 -5 0 0 0 0 0 0 0 0 0 0 0 0 0 0 0 0 0 0 0 0 0 0 14 -8 15 -6 15 -6 16 -5 16 -5 17 -4 18 -4 18 -4 19 -3 20 -3 20 -3 20 -2 20 -2 21 -2 21 -2 22 -2 22 -3 23 -3 23 -4 23 -5 23 -5 24 -6 25 -6 25 -6 26 -7 26 -7 ]
2025-05-20 15:26:21,CSI_DATA,STA,D8:B1:90:DB:E8:90,-53,11,1,6,0,0,1,0,0,0,1,-94,0,2,0,725261198,0,110,0,0,725.618,256,[110 96 6 0 -4 8 -2 8 3 8 6 8 10 8 13 8 17 8 21 9 23 8 27 8 29 8 31 9 32 10 33 11 33 11 32 12 30 12 27 12 24 12 21 11 17 9 14 6 10 4 8 0 6 -3 0 0 0 0 0 0 0 0 0 0 0 0 0 0 0 0 0 0 0 0 0 0 -1 4 -3 4 -6 3 -9 3 -12 2 -15 1 -18 0 -21 -1 -24 -4 -27 -5 -28 -8 -28 -10 -29 -12 -28 -13 -27 -14 -26 -14 -24 -12 -22 -11 -20 -9 -18 -7 -17 -4 -16 -2 -14 1 -13 3 -12 5 -10 6 ]
2025-05-20 15:26:23,CSI_DATA,STA,D8:B1:90:DB:E8:90,-53,11,1,6,0,0,1,0,0,0,1,-94,0,2,0,727774850,0,110,0,0,728.132,256,[110 96 6 0 -12 -4 -12 0 -12 3 -12 6 -13 11 -14 14 -14 18 -15 21 -16 24 -17 27 -18 29 -19 30 -20 31 -21 32 -22 31 -23 29 -23 27 -22 24 -20 21 -18 18 -15 15 -11 13 -8 11 -4 10 0 10 0 0 0 0 0 0 0 0 0 0 0 0 0 0 0 0 0 0 0 0 0 0 -5 0 -6 -3 -7 -5 -7 -9 -8 -12 -8 -15 -8 -18 -7 -22 -6 -25 -4 -28 -3 -30 -1 -31 1 -32 2 -32 3 -31 4 -30 4 -28 3 -26 2 -24 1 -22 -1 -20 -3 -18 -5 -16 -7 -14 -8 -13 -9 -11 ]
2025-05-20 15:26:26,CSI_DATA,STA,D8:B1:90:DB:E8:90,-54,11,1,6,0,0,1,0,0,0,1,-94,0,2,0,730282542,0,110,0,0,730.639,256,[110 96 6 0 9 1 9 -2 8 -6 9 -9 8 -13 8 -17 8 -21 8 -24 8 -27 7 -30 8 -32 9 -34 10 -35 11 -35 12 -34 13 -34 13 -31 13 -29 12 -26 11 -22 9 -19 6 -16 3 -13 0 -11 -4 -9 0 0 0 0 0 0 0 0 0 0 0 0 0 0 0 0 0 0 0 0 0 0 4 -1 6 2 6 4 6 7 7 10 7 13 7 17 7 20 6 23 4 26 3 28 0 29 -1 30 -3 30 -3 29 -4 29 -4 26 -3 24 -2 22 -1 20 1 18 4 16 5 14 7 12 8 10 9 8 ]
2025-05-20 15:26:29,CSI_DATA,STA,D8:B1:90:DB:E8:90,-54,11,1,7,0,0,1,0,0,0,1,-94,0,2,0,733790564,0,110,0,0,734.147,256,[110 96 6 0 -8 8 -5 9 -1 10 2 11 6 12 9 13 13 15 16 16 19 17 22 18 25 19 27 20 28 22 29 23 28 23 27 25 25 25 22 24 19 22 16 20 13 16 11 12 8 8 7 4 6 -1 0 0 0 0 0 0 0 0 0 0 0 0 0 0 0 0 0 0 0 0 0 0 -2 3 -5 2 -7 0 -9 -1 -12 -2 -15 -4 -18 -6 -20 -8 -23 -10 -24 -13 -26 -16 -26 -19 -27 -20 -26 -22 -24 -22 -23 -22 -21 -21 -20 -19 -18 -17 -17 -15 -16 -11 -15 -8 -14 -5 -13 -2 -12 1 -12 3 ]
2025-05-20 15:26:30,CSI_DATA,STA,D8:B1:90:DB:E8:90,-53,11,1,6,0,0,1,0,0,0,1,-94,0,2,0,734291077,0,110,0,0,734.648,256,[110 96 6 0 -13 0 -11 3 -9 7 -8 10 -6 14 -5 18 -3 22 -2 25 -1 28 0 31 0 34 1 37 0 38 -1 40 -1 40 -2 39 -3 37 -4 34 -5 31 -5 27 -5 22 -3 18 -1 13 2 10 5 7 0 0 0 0 0 0 0 0 0 0 0 0 0 0 0 0 0 0 0 0 0 0 -4 1 -5 -2 -7 -5 -8 -7 -8 -10 -10 -13 -11 -17 -11 -21 -11 -24 -10 -28 -9 -31 -8 -34 -5 -35 -4 -35 -3 -35 -2 -34 -1 -32 -2 -30 -2 -27 -3 -24 -5 -20 -7 -17 -9 -15 -10 -12 -11 -10 -12 -8 ]
2025-05-20 15:26:31,CSI_DATA,STA,D8:B1:90:DB:E8:90,-55,11,1,6,0,0,1,0,0,0,1,-94,0,2,0,735804461,0,110,0,0,736.161,256,[110 96 6 0 25 11 26 9 25 9 24 8 24 7 25 7 24 6 25 6 25 5 25 5 25 4 25 4 25 5 25 4 25 5 25 5 25 4 25 5 24 5 23 6 23 6 22 6 22 6 22 8 21 9 0 0 0 0 0 0 0 0 0 0 0 0 0 0 0 0 0 0 0 0 0 0 15 1 16 2 16 4 16 4 16 5 16 6 17 6 18 7 18 8 19 9 18 9 19 9 19 10 19 10 19 10 19 10 20 9 20 9 19 8 19 9 20 8 20 9 22 10 23 10 25 9 23 8 ]
2025-05-20 15:26:32,CSI_DATA,STA,D8:B1:90:DB:E8:90,-55,11,1,7,0,0,1,0,0,0,1,-94,0,2,0,736807754,0,110,0,0,737.165,256,[110 96 6 0 22 16 22 16 22 15 21 14 22 13 22 12 22 12 22 12 22 11 23 11 23 11 23 11 23 10 23 10 23 11 23 11 22 11 22 11 22 11 21 11 21 11 20 11 19 12 19 13 18 14 0 0 0 0 0 0 0 0 0 0 0 0 0 0 0 0 0 0 0 0 0 0 14 6 14 7 14 8 15 9 15 10 15 11 15 12 15 13 15 13 15 14 15 14 15 14 15 15 15 15 15 16 15 16 16 15 16 15 17 16 17 16 18 16 19 16 19 15 20 16 21 15 21 15 ]
2025-05-20 15:26:38,CSI_DATA,STA,D8:B1:90:DB:E8:90,-55,11,1,7,0,0,1,0,0,0,1,-94,0,2,0,742315009,0,110,0,0,742.672,256,[110 96 6 0 19 16 20 16 20 15 19 16 19 15 20 15 20 14 20 13 20 13 20 12 21 12 21 12 21 11 21 11 21 11 22 11 21 12 20 11 20 11 20 11 20 11 19 12 18 13 18 14 17 15 0 0 0 0 0 0 0 0 0 0 0 0 0 0 0 0 0 0 0 0 0 0 13 7 13 8 13 9 13 10 13 10 13 11 12 12 12 12 13 14 13 14 12 15 12 15 12 16 12 16 14 16 13 16 14 16 14 16 14 17 14 16 15 16 16 17 16 16 17 17 17 17 19 17 ]
2025-05-20 15:26:40,CSI_DATA,STA,D8:B1:90:DB:E8:90,-56,11,1,7,0,0,1,0,0,0,1,-94,0,2,0,744319735,0,110,0,0,744.677,256,[110 96 6 0 26 4 26 4 26 3 25 3 25 2 26 2 25 2 25 0 25 0 25 -1 25 -1 25 -1 25 -1 25 -1 25 -1 25 -1 25 -1 25 0 24 0 24 0 24 1 23 1 23 1 24 2 23 4 0 0 0 0 0 0 0 0 0 0 0 0 0 0 0 0 0 0 0 0 0 0 15 -2 15 -1 16 0 16 1 17 2 17 2 18 3 19 3 19 4 19 5 19 5 19 5 20 6 20 6 17 6 18 6 18 5 18 5 22 6 22 6 23 5 24 5 23 3 23 3 24 3 25 3 ]
2025-05-20 15:26:41,CSI_DATA,STA,D8:B1:90:DB:E8:90,-53,11,1,5,0,0,1,0,0,0,0,-94,0,2,0,745320368,0,110,0,0,745.677,256,[110 96 6 0 9 -1 8 -4 7 -7 6 -10 5 -14 4 -17 3 -21 2 -24 1 -27 1 -30 0 -32 1 -34 1 -35 2 -36 2 -37 4 -35 5 -34 5 -31 5 -28 5 -24 4 -20 2 -15 0 -13 -3 -10 -6 -8 0 0 0 0 0 0 0 0 0 0 0 0 0 0 0 0 0 0 0 0 0 0 3 -2 5 0 6 3 6 6 7 9 8 12 8 15 8 18 8 22 6 24 6 27 4 29 3 30 1 30 0 30 -1 28 -1 27 -1 25 0 23 1 20 2 17 4 15 5 12 7 10 8 8 9 6 ]
2025-05-20 15:26:41,CSI_DATA,STA,D8:B1:90:DB:E8:90,-53,11,1,6,0,0,1,1,0,0,1,-94,0,2,0,745832637,0,110,0,0,746.19,256,[110 96 6 0 6 9 7 6 9 3 11 0 13 -3 16 -6 18 -10 20 -12 22 -14 24 -17 26 -19 27 -19 29 -20 31 -20 30 -19 31 -18 30 -16 29 -14 26 -12 23 -10 19 -8 14 -7 10 -7 6 -7 2 -9 0 0 0 0 0 0 0 0 0 0 0 0 0 0 0 0 0 0 0 0 0 0 4 1 2 3 1 6 -1 9 -3 11 -4 14 -7 16 -9 18 -13 20 -15 22 -18 21 -21 22 -22 21 -24 20 -23 19 -23 17 -22 16 -20 15 -18 14 -15 14 -12 14 -9 13 -6 13 -3 13 -1 13 1 13 ]
2025-05-20 15:26:45,CSI_DATA,STA,D8:B1:90:DB:E8:90,-54,11,1,7,0,0,1,0,0,0,1,-94,0,2,0,749829088,0,110,0,0,750.186,256,[110 96 6 0 -11 3 -9 6 -6 9 -4 11 -1 14 1 17 4 20 6 23 8 25 9 27 10 30 11 32 12 34 11 34 10 36 9 35 7 34 5 32 3 29 2 25 2 20 2 16 3 12 4 8 6 4 0 0 0 0 0 0 0 0 0 0 0 0 0 0 0 0 0 0 0 0 0 0 -3 3 -6 1 -7 -1 -10 -3 -12 -5 -14 -8 -15 -11 -17 -14 -18 -18 -18 -20 -18 -23 -18 -26 -17 -27 -15 -28 -15 -28 -13 -27 -12 -26 -12 -24 -11 -22 -11 -18 -11 -15 -12 -12 -13 -9 -13 -6 -14 -4 -14 -2 ]
2025-05-20 15:26:46,CSI_DATA,STA,D8:B1:90:DB:E8:90,-54,11,1,7,0,0,1,0,0,0,1,-94,0,2,0,750845003,0,110,0,0,751.202,256,[110 96 6 0 7 3 8 0 9 -3 9 -7 10 -11 11 -15 11 -19 13 -22 14 -25 13 -28 14 -30 15 -32 16 -33 17 -35 18 -34 18 -33 18 -30 17 -28 16 -24 15 -21 12 -17 9 -14 5 -11 1 -9 -3 -7 0 0 0 0 0 0 0 0 0 0 0 0 0 0 0 0 0 0 0 0 0 0 5 1 4 4 3 7 1 10 0 13 -1 16 -3 19 -5 21 -7 24 -11 26 -13 26 -15 27 -17 27 -19 27 -19 25 -18 24 -18 22 -16 21 -14 19 -11 18 -9 16 -5 15 -3 14 0 13 2 11 4 10 ]
2025-05-20 15:26:47,CSI_DATA,STA,D8:B1:90:DB:E8:90,-53,11,1,7,0,0,1,0,0,0,1,-94,0,2,0,751333013,0,110,0,0,751.69,256,[110 96 6 0 0 9 3 7 6 6 10 5 14 3 18 1 22 0 25 -1 28 -2 30 -3 33 -4 35 -4 36 -4 37 -3 37 -3 37 -2 35 0 32 1 30 1 25 2 21 1 16 0 12 -1 8 -3 5 -6 0 0 0 0 0 0 0 0 0 0 0 0 0 0 0 0 0 0 0 0 0 0 1 4 -1 6 -5 7 -8 7 -11 8 -14 9 -18 8 -21 8 -25 8 -28 6 -30 5 -32 3 -33 1 -33 0 -32 -1 -31 -1 -29 -2 -26 -1 -24 0 -21 2 -19 3 -16 5 -14 6 -12 8 -9 9 -7 10 ]
2025-05-20 15:26:48,CSI_DATA,STA,D8:B1:90:DB:E8:90,-53,11,1,6,0,0,1,0,0,0,1,-94,0,2,0,752837585,0,110,0,0,753.194,256,[110 96 6 0 9 5 10 1 11 -2 11 -6 12 -10 13 -14 14 -18 15 -21 17 -26 17 -28 18 -31 19 -32 20 -33 22 -34 22 -33 24 -32 23 -29 22 -27 21 -24 18 -20 15 -17 11 -14 7 -12 3 -11 -1 -10 0 0 0 0 0 0 0 0 0 0 0 0 0 0 0 0 0 0 0 0 0 0 5 0 5 3 4 6 3 9 3 13 2 16 0 19 -1 22 -4 26 -7 29 -9 30 -12 31 -13 31 -15 30 -15 29 -16 28 -15 25 -14 24 -11 22 -9 21 -7 18 -4 17 -1 16 2 14 4 13 6 11 ]
2025-05-20 15:26:52,CSI_DATA,STA,D8:B1:90:DB:E8:90,-54,11,1,6,0,0,1,0,0,0,1,-94,0,2,0,756888032,0,110,0,0,757.245,256,[110 96 6 0 -10 23 -10 23 -10 23 -9 22 -9 22 -8 22 -8 22 -7 22 -8 23 -6 23 -6 23 -5 23 -5 23 -5 23 -5 23 -5 23 -6 23 -6 23 -6 22 -8 22 -7 21 -8 21 -9 21 -9 21 -11 20 0 0 0 0 0 0 0 0 0 0 0 0 0 0 0 0 0 0 0 0 0 0 -3 14 -4 13 -6 13 -7 14 -7 14 -8 14 -8 15 -9 15 -9 15 -10 15 -11 16 -11 16 -11 17 -11 17 -11 16 -11 16 -11 16 -11 17 -11 18 -10 19 -10 19 -11 20 -11 19 -11 20 -11 20 -10 22 ]
2025-05-20 15:26:53,CSI_DATA,STA,D8:B1:90:DB:E8:90,-55,11,1,7,0,0,1,0,0,0,1,-94,0,2,0,757363644,0,110,0,0,757.72,256,[110 96 6 0 -26 4 -27 5 -25 5 -26 5 -25 7 -25 7 -24 7 -24 8 -24 8 -24 9 -24 9 -23 10 -23 10 -23 11 -23 10 -23 10 -23 10 -23 10 -22 10 -22 10 -22 9 -22 9 -22 8 -23 7 -23 6 0 0 0 0 0 0 0 0 0 0 0 0 0 0 0 0 0 0 0 0 0 0 -16 5 -16 5 -17 4 -18 3 -18 3 -19 2 -19 2 -20 2 -20 1 -21 1 -22 0 -22 0 -22 -1 -22 -1 -23 0 -23 0 -23 0 -24 1 -24 1 -24 2 -24 3 -25 3 -25 3 -26 3 -26 3 -26 4 ]
2025-05-20 15:26:53,CSI_DATA,STA,D8:B1:90:DB:E8:90,-53,11,1,7,0,0,1,1,1,0,1,-94,0,2,0,757866303,0,110,0,0,758.223,384,[110 96 6 0 6 11 8 9 10 6 12 3 15 0 18 -3 21 -6 24 -8 27 -10 29 -12 31 -14 34 -14 35 -14 36 -14 37 -13 37 -11 35 -10 33 -8 30 -6 26 -5 21 -5 17 -4 12 -6 8 -7 5 -9 0 0 0 0 0 0 0 0 0 0 0 0 0 0 0 0 0 0 0 0 0 0 3 0 2 4 0 6 -2 9 -4 12 -6 14 -10 17 -13 19 -17 20 -20 21 -23 21 -26 20 -28 20 -29 18 -29 16 -28 14 -26 14 -24 12 -21 12 -19 12 -15 11 -12 13 -8 13 -5 14 -3 14 0 14 ]
2025-05-20 15:26:55,CSI_DATA,STA,D8:B1:90:DB:E8:90,-53,11,1,7,0,0,1,0,0,0,0,-94,0,2,0,759873512,0,110,0,0,760.23,256,[110 96 6 0 -4 8 -1 9 2 10 6 10 9 12 12 13 16 14 18 16 21 17 23 18 25 19 25 20 26 20 27 22 26 21 25 23 24 22 21 21 20 19 17 18 15 15 12 12 10 8 10 5 9 2 0 0 0 0 0 0 0 0 0 0 0 0 0 0 0 0 0 0 0 0 0 0 0 4 -3 5 -6 5 -9 4 -12 5 -15 4 -18 3 -21 3 -24 1 -27 -1 -28 -3 -30 -6 -30 -7 -30 -8 -29 -9 -28 -10 -26 -9 -25 -9 -23 -7 -21 -5 -20 -4 -19 -2 -17 0 -15 2 -14 4 -12 5 ]
2025-05-20 15:26:58,CSI_DATA,STA,D8:B1:90:DB:E8:90,-54,11,1,6,0,0,1,0,0,0,1,-94,0,2,0,762888303,0,110,0,0,763.245,256,[110 96 6 0 -8 -8 -9 -5 -10 -1 -11 1 -12 5 -14 8 -15 11 -18 14 -19 16 -20 18 -22 20 -23 21 -24 22 -25 22 -26 22 -26 20 -25 19 -25 16 -22 14 -20 12 -17 10 -14 8 -10 7 -6 7 -2 7 0 0 0 0 0 0 0 0 0 0 0 0 0 0 0 0 0 0 0 0 0 0 -4 -1 -4 -4 -3 -7 -2 -9 -1 -12 0 -14 1 -17 3 -18 5 -22 8 -24 10 -25 12 -26 14 -25 15 -25 16 -23 16 -22 15 -21 14 -19 12 -17 10 -16 6 -15 5 -15 1 -14 -1 -13 -3 -13 -4 -12 ]
2025-05-20 15:27:01,CSI_DATA,STA,D8:B1:90:DB:E8:90,-53,11,1,6,0,0,1,0,0,0,1,-94,0,2,0,765397191,0,110,0,0,765.754,256,[110 96 6 0 10 -4 6 -7 4 -9 3 -13 0 -15 -3 -17 -4 -20 -8 -22 -9 -26 -11 -28 -13 -30 -13 -32 -13 -33 -13 -35 -11 -35 -10 -35 -9 -33 -7 -32 -5 -29 -4 -25 -4 -21 -4 -16 -4 -12 -6 -8 -8 -5 0 0 0 0 0 0 0 0 0 0 0 0 0 0 0 0 0 0 0 0 0 0 3 -2 3 -1 7 0 7 4 10 5 11 7 13 10 15 12 16 16 17 19 17 22 17 24 15 27 14 28 12 27 12 26 10 26 10 25 8 20 8 18 8 16 11 11 11 10 12 7 13 4 11 2 ]
2025-05-20 15:27:03,CSI_DATA,STA,D8:B1:90:DB:E8:90,-53,11,1,6,0,0,1,0,0,0,1,-94,0,2,0,767910891,0,110,0,0,768.268,256,[110 96 6 0 -12 7 -9 10 -6 11 -3 12 1 15 4 16 8 19 10 21 14 23 16 26 18 28 20 30 20 33 19 34 18 35 17 35 15 34 12 32 10 29 8 26 6 21 5 16 6 11 7 7 9 4 0 0 0 0 0 0 0 0 0 0 0 0 0 0 0 0 0 0 0 0 0 0 -2 1 -5 1 -7 0 -10 -1 -12 -3 -15 -4 -18 -6 -21 -8 -24 -11 -25 -14 -26 -17 -27 -19 -27 -21 -26 -23 -25 -24 -23 -24 -21 -23 -19 -21 -18 -19 -17 -15 -17 -12 -16 -9 -16 -5 -16 -3 -15 0 -16 2 ]
2025-05-20 15:27:04,CSI_DATA,STA,D8:B1:90:DB:E8:90,-53,11,1,6,0,0,1,0,0,0,1,-94,0,2,0,768409512,0,110,0,0,768.766,256,[110 96 6 0 8 -11 6 -12 3 -12 -1 -14 -5 -15 -8 -17 -12 -18 -15 -21 -18 -23 -21 -24 -23 -26 -24 -29 -25 -30 -25 -31 -24 -32 -22 -32 -20 -33 -17 -31 -15 -28 -12 -25 -10 -21 -9 -16 -8 -12 -9 -8 -10 -4 0 0 0 0 0 0 0 0 0 0 0 0 0 0 0 0 0 0 0 0 0 0 0 -4 3 -3 6 -3 8 -3 12 -2 15 -1 18 1 22 2 24 5 26 7 28 10 29 12 29 14 29 16 28 16 26 17 25 17 23 15 21 13 19 11 18 8 16 5 15 2 15 -1 14 -3 14 -6 ]
2025-05-20 15:27:06,CSI_DATA,STA,D8:B1:90:DB:E8:90,-55,11,1,6,0,0,1,0,0,0,1,-94,0,2,0,770917538,0,110,0,0,771.274,256,[110 96 6 0 1 -27 1 -26 1 -26 0 -26 -1 -26 -1 -26 -2 -25 -2 -25 -2 -25 -2 -25 -2 -26 -3 -25 -3 -25 -4 -25 -4 -25 -4 -25 -3 -25 -3 -25 -3 -25 -1 -24 -1 -24 -1 -23 0 -23 0 -24 2 -24 0 0 0 0 0 0 0 0 0 0 0 0 0 0 0 0 0 0 0 0 0 0 -3 -15 -2 -16 -2 -17 -1 -17 0 -18 1 -19 0 -18 1 -19 2 -19 2 -20 4 -20 4 -20 4 -21 5 -21 4 -21 4 -22 3 -22 3 -23 3 -23 3 -23 2 -24 2 -24 2 -25 2 -25 2 -26 2 -26 ]
