2025-05-22 14:17:33,CSI_DATA,STA,D8:B1:90:DB:E8:90,-47,11,1,7,0,0,1,0,0,0,0,-93,0,2,0,1881339595,0,110,0,0,169385,256,[110 96 6 0 -1 28 -1 28 -2 27 -2 26 -3 26 -4 25 -4 24 -4 23 -5 22 -5 22 -6 22 -6 21 -6 20 -7 19 -7 18 -7 18 -8 16 -8 15 -8 14 -9 13 -9 12 -9 11 -9 10 -9 9 -9 8 0 0 0 0 0 0 0 0 0 0 0 0 0 0 0 0 0 0 0 0 0 0 -4 -6 -3 -6 -21 21 -23 20 -24 20 -26 19 13 16 13 17 13 19 12 20 11 21 10 22 10 22 10 23 9 23 8 24 8 24 7 25 7 25 7 26 7 26 6 27 5 28 5 28 4 28 3 28 ]
2025-05-22 14:17:37,CSI_DATA,STA,D8:B1:90:DB:E8:90,-43,11,1,7,0,0,1,0,0,0,0,-93,0,2,0,1884849290,0,110,0,0,169389,256,[110 96 6 0 -26 12 -25 12 -25 12 -22 13 -22 13 -21 13 -20 13 -21 14 -20 14 -20 14 -20 14 -19 14 -19 14 -19 14 -19 13 -19 13 -18 13 -18 12 -18 12 -19 11 -19 11 -19 10 -19 9 -19 8 -20 7 0 0 0 0 0 0 0 0 0 0 0 0 0 0 0 0 0 0 0 0 0 0 -18 10 -19 9 -19 8 -20 8 -20 7 -21 7 -22 8 -23 7 -23 7 -24 6 -25 6 -25 6 -25 6 -26 6 -24 8 -25 8 -24 8 -25 8 -25 9 -25 10 -25 10 -25 11 -25 11 -25 11 -26 12 -25 12 ]
2025-05-22 14:17:41,CSI_DATA,STA,D8:B1:90:DB:E8:90,-43,11,1,7,0,0,1,0,0,0,0,-93,0,2,0,1889372340,0,110,0,0,169393,256,[110 96 6 0 -18 21 -17 22 -16 21 -16 21 -15 21 -14 21 -14 21 -12 22 -11 21 -11 21 -11 21 -11 21 -11 21 -11 21 -11 21 -10 20 -10 20 -10 19 -10 19 -11 18 -12 18 -12 17 -13 17 -13 16 -14 15 0 0 0 0 0 0 0 0 0 0 0 0 0 0 0 0 0 0 0 0 0 0 -11 18 -12 18 -12 17 -13 17 -14 16 -15 17 -15 18 -16 18 -17 18 -17 18 -18 18 -18 18 -19 18 -19 18 -19 18 -19 18 -19 18 -19 18 -18 19 -18 19 -17 20 -18 20 -18 21 -18
2025-05-22 14:17:42,CSI_DATA,STA,D8:B1:90:DB:E8:90,-42,11,1,7,0,0,1,0,0,0,1,-93,0,2,0,1889872096,0,110,0,0,169394,256,[110 96 6 0 -15 21 -14 21 -14 21 -13 21 -12 21 -12 21 -11 20 -10 20 -10 20 -10 20 -9 20 -9 20 -9 20 -9 20 -9 20 -9 19 -9 19 -9 18 -9 18 -9 18 -9 17 -10 17 -11 16 -11 16 -13 15 0 0 0 0 0 0 0 0 0 0 0 0 0 0 0 0 0 0 0 0 0 0 -9 16 -10 15 -11 15 -12 15 -12 15 -13 15 -14 16 -15 16 -15 17 -16 17 -16 17 -16 18 -16 18 -17 17 -16 17 -16 17 -16 18 -16 18 -15 19 -15 19 -15 19 -15 20 -15 20 -16 21 -15 21 -
2025-05-22 14:17:43,CSI_DATA,STA,D8:B1:90:DB:E8:90,-43,11,1,7,0,0,1,1,0,0,0,-93,0,2,0,1890390143,0,110,0,0,169394,256,[110 96 6 0 4 24 5 24 5 24 5 22 6 22 6 22 6 21 7 21 7 21 7 21 7 20 8 19 9 19 9 19 9 19 8 19 8 19 7 19 7 18 6 19 6 19 5 19 4 19 3 18 2 18 0 0 0 0 0 0 0 0 0 0 0 0 0 0 0 0 0 0 0 0 0 0 5 17 4 17 2 17 2 18 1 18 1 19 1 20 1 21 1 21 0 22 -1 22 -1 22 -1 23 -1 22 0 22 0 22 0 23 0 23 2 23 2 23 3 24 4 24 4 24 4 25 4 25 5 24 ]
2025-05-22 14:17:46,CSI_DATA,STA,D8:B1:90:DB:E8:90,-41,11,1,7,0,0,1,0,0,0,1,-94,0,2,0,1893957203,0,110,0,0,169398,256,[110 96 6 0 23 -10 23 -10 22 -10 21 -11 21 -11 21 -11 20 -11 20 -12 19 -12 19 -12 19 -12 19 -12 19 -12 18 -12 19 -12 19 -11 19 -11 18 -11 18 -10 17 -9 18 -9 17 -8 17 -8 19 -7 19 -6 0 0 0 0 0 0 0 0 0 0 0 0 0 0 0 0 0 0 0 0 0 0 16 -10 17 -9 17 -8 18 -8 18 -7 19 -7 19 -7 20 -7 21 -6 21 -6 21 -7 22 -6 22 -6 22 -6 22 -7 22 -7 23 -8 23 -8 23 -8 23 -8 23 -9 24 -9 23 -10 23 -10 24 -11 23 -11 ]
2025-05-22 14:17:48,CSI_DATA,STA,D8:B1:90:DB:E8:90,-41,11,1,7,0,0,1,0,0,0,1,-94,0,2,0,1895978434,0,110,0,0,169400,256,[110 96 6 0 -28 5 -28 6 -27 5 -26 7 -25 8 -25 8 -25 8 -24 8 -23 8 -23 8 -23 9 -23 8 -23 9 -22 8 -23 8 -22 8 -22 8 -22 8 -21 7 -22 6 -21 5 -21 5 -21 4 -21 3 -22 1 0 0 0 0 0 0 0 0 0 0 0 0 0 0 0 0 0 0 0 0 0 0 -20 7 -21 5 -20 4 -21 3 -22 3 -23 3 -23 3 -24 3 -25 2 -25 2 -26 1 -26 1 -26 1 -26 0 -25 1 -26 1 -26 2 -26 1 -27 4 -26 4 -27 4 -27 4 -28 5 -28 4 -28 5 -28 6 ]
2025-05-22 14:17:49,CSI_DATA,STA,D8:B1:90:DB:E8:90,-41,11,1,7,0,0,1,0,0,0,1,-94,0,2,0,1896478758,0,110,0,0,169401,256,[110 96 6 0 17 18 18 18 17 17 18 16 18 15 18 15 18 14 18 13 18 13 18 12 18 12 18 13 18 12 18 12 18 12 18 13 17 12 17 12 16 12 15 13 15 13 14 13 14 14 13 14 12 15 0 0 0 0 0 0 0 0 0 0 0 0 0 0 0 0 0 0 0 0 0 0 14 10 13 11 13 13 13 13 13 14 13 15 13 15 13 16 13 17 13 17 13 18 13 19 13 19 12 19 13 19 13 19 13 19 14 19 15 18 15 18 16 18 16 18 17 17 17 18 18 18 18 18 ]
2025-05-22 14:17:52,CSI_DATA,STA,D8:B1:90:DB:E8:90,-41,11,1,7,0,0,1,0,0,0,1,-94,0,2,0,1899486108,0,110,0,0,169404,256,[110 96 6 0 24 1 24 0 24 0 23 0 23 0 23 -1 22 -1 22 -2 21 -2 21 -2 21 -2 20 -3 21 -2 20 -2 21 -2 21 -3 21 -2 21 -2 20 -2 20 -1 20 -1 19 0 19 0 19 2 19 3 0 0 0 0 0 0 0 0 0 0 0 0 0 0 0 0 0 0 0 0 0 0 17 -2 18 0 18 1 18 2 19 2 19 3 19 2 20 3 20 3 20 4 21 4 21 5 22 5 22 5 22 5 22 5 22 4 22 4 23 4 23 4 23 3 24 3 24 1 24 1 24 1 24 1 ]
2025-05-22 14:17:53,CSI_DATA,STA,D8:B1:90:DB:E8:90,-41,11,1,7,0,0,1,1,0,0,0,-94,0,2,0,1900487182,0,110,0,0,169405,256,[110 96 6 0 24 5 24 5 23 5 22 4 22 4 21 3 21 3 21 2 20 2 20 2 20 1 20 0 20 0 20 0 20 0 20 1 19 1 19 1 19 1 18 1 18 2 18 3 18 3 17 4 17 5 0 0 0 0 0 0 0 0 0 0 0 0 0 0 0 0 0 0 0 0 0 0 18 2 18 3 18 4 18 5 18 6 18 6 18 7 19 8 19 9 20 9 20 9 20 10 20 11 20 11 20 9 21 9 21 9 21 9 22 8 22 8 22 8 23 8 23 7 23 7 23 7 23 7 ]
2025-05-22 14:17:54,CSI_DATA,STA,D8:B1:90:DB:E8:90,-41,11,1,7,0,0,1,0,0,0,1,-94,0,2,0,1901487968,0,110,0,0,169406,256,[110 96 6 0 -10 25 -9 25 -9 24 -8 24 -8 24 -7 24 -7 23 -6 24 -6 24 -6 23 -5 23 -4 22 -4 22 -4 23 -4 22 -3 22 -4 22 -4 21 -4 21 -5 21 -5 21 -6 20 -7 20 -7 19 -8 18 0 0 0 0 0 0 0 0 0 0 0 0 0 0 0 0 0 0 0 0 0 0 -5 19 -6 19 -7 20 -8 20 -9 20 -10 20 -10 21 -11 21 -11 22 -12 22 -12 23 -12 23 -12 23 -12 23 -12 22 -13 23 -12 23 -12 23 -11 24 -11 24 -11 25 -11 25 -10 25 -10 26 -10 26 -9 24 ]
2025-05-22 14:17:57,CSI_DATA,STA,D8:B1:90:DB:E8:90,-41,11,1,7,0,0,1,0,0,0,1,-94,0,2,0,1905008529,0,110,0,0,169409,256,[110 96 6 0 19 -16 19 -17 18 -16 17 -17 16 -17 17 -17 16 -17 14 -17 13 -18 13 -18 13 -18 12 -18 11 -18 11 -18 12 -18 12 -18 12 -18 12 -17 12 -17 12 -15 12 -15 12 -14 13 -14 13 -14 14 -13 0 0 0 0 0 0 0 0 0 0 0 0 0 0 0 0 0 0 0 0 0 0 11 -14 12 -14 12 -13 13 -13 13 -12 14 -12 15 -13 16 -13 17 -13 17 -13 18 -13 18 -13 19 -13 19 -13 18 -13 18 -13 18 -14 18 -14 19 -15 18 -15 18 -15 19 -16 18 -17 18
2025-05-22 14:18:01,CSI_DATA,STA,D8:B1:90:DB:E8:90,-42,11,1,7,0,0,1,0,0,0,1,-94,0,2,0,1909027942,0,110,0,0,169413,256,[110 96 6 0 -24 -14 -24 -14 -23 -13 -22 -12 -23 -11 -23 -11 -22 -10 -23 -10 -22 -9 -22 -9 -22 -9 -22 -8 -22 -8 -22 -8 -21 -8 -22 -8 -21 -8 -21 -8 -20 -8 -20 -8 -19 -10 -19 -9 -18 -10 -18 -10 -17 -11 0 0 0 0 0 0 0 0 0 0 0 0 0 0 0 0 0 0 0 0 0 0 -19 -10 -18 -11 -18 -12 -18 -12 -18 -13 -18 -14 -19 -14 -19 -15 -20 -15 -20 -16 -19 -16 -19 -17 -19 -17 -19 -17 -19 -16 -20 -16 -20 -16 -20 -16 -21 -15
2025-05-22 14:18:02,CSI_DATA,STA,D8:B1:90:DB:E8:90,-41,11,1,7,0,0,1,0,0,0,1,-94,0,2,0,1909527757,0,110,0,0,169414,256,[110 96 6 0 -3 -28 -3 -28 -3 -27 -3 -27 -4 -26 -4 -25 -4 -25 -5 -25 -6 -24 -6 -24 -7 -24 -7 -23 -7 -23 -7 -23 -7 -24 -7 -22 -6 -22 -6 -22 -6 -21 -5 -21 -5 -21 -5 -21 -4 -21 -3 -21 -2 -21 0 0 0 0 0 0 0 0 0 0 0 0 0 0 0 0 0 0 0 0 0 0 -3 -21 -2 -22 -2 -22 -1 -23 -1 -23 0 -24 2 -23 2 -24 2 -25 3 -25 3 -26 3 -26 3 -26 3 -26 2 -27 2 -27 2 -27 2 -27 1 -27 1 -27 0 -27 0 -28 -2 -28 -2 -28 -3 -28 -3 -28
2025-05-22 14:18:06,CSI_DATA,STA,D8:B1:90:DB:E8:90,-41,11,1,7,0,0,1,0,0,0,1,-94,0,2,0,1914042688,0,110,0,0,169418,256,[110 96 6 0 10 22 11 22 11 21 12 20 12 19 12 19 12 18 12 18 12 17 12 17 13 17 13 16 13 16 13 16 13 16 12 16 12 16 11 16 11 16 10 15 10 16 9 16 9 16 8 17 6 17 0 0 0 0 0 0 0 0 0 0 0 0 0 0 0 0 0 0 0 0 0 0 10 15 9 15 9 16 8 17 8 18 7 18 7 18 7 19 7 20 7 20 7 20 7 21 6 21 6 22 7 22 7 22 7 22 7 22 7 22 7 22 8 22 8 23 9 22 10 23 10 23 10 22 ]
2025-05-22 14:18:10,CSI_DATA,STA,D8:B1:90:DB:E8:90,-43,11,1,7,0,0,1,0,0,0,1,-93,0,2,0,1918110446,0,110,0,0,169422,256,[110 96 6 0 -24 15 -24 16 -23 15 -21 15 -21 15 -21 15 -20 15 -19 16 -19 16 -18 16 -18 16 -18 15 -18 15 -17 15 -17 15 -18 15 -17 15 -17 14 -17 14 -17 13 -17 12 -17 12 -18 11 -18 10 -19 9 0 0 0 0 0 0 0 0 0 0 0 0 0 0 0 0 0 0 0 0 0 0 -16 12 -17 11 -18 10 -19 9 -19 9 -20 9 -20 10 -21 10 -22 10 -23 9 -24 10 -25 10 -25 10 -25 10 -24 10 -24 10 -24 11 -25 11 -24 12 -24 13 -24 13 -24 14 -24 14 -23 15 -
2025-05-22 14:18:13,CSI_DATA,STA,D8:B1:90:DB:E8:90,-43,11,1,7,0,0,1,0,0,0,1,-93,0,2,0,1921177911,0,110,0,0,169425,256,[110 96 6 0 16 -19 15 -19 15 -19 14 -18 13 -18 13 -19 13 -19 11 -19 12 -19 11 -19 10 -19 10 -18 10 -18 10 -18 10 -18 10 -18 10 -18 10 -18 10 -17 10 -16 10 -16 10 -16 11 -15 12 -14 12 -14 0 0 0 0 0 0 0 0 0 0 0 0 0 0 0 0 0 0 0 0 0 0 9 -15 10 -14 12 -14 12 -14 13 -14 14 -14 14 -14 15 -14 16 -15 16 -15 17 -14 17 -14 18 -14 17 -14 17 -14 17 -15 17 -15 17 -16 16 -16 16 -16 16 -17 16 -17 16 -18 16 -
2025-05-22 14:18:15,CSI_DATA,STA,D8:B1:90:DB:E8:90,-43,11,1,7,0,0,1,0,0,0,1,-93,0,2,0,1922713224,0,110,0,0,169427,256,[110 96 6 0 15 18 15 17 15 17 15 16 15 16 15 15 15 15 16 14 16 13 16 13 16 13 16 12 16 12 16 12 16 12 16 12 15 12 15 12 15 12 14 12 13 12 13 12 12 13 12 13 11 14 0 0 0 0 0 0 0 0 0 0 0 0 0 0 0 0 0 0 0 0 0 0 12 12 12 13 11 13 10 14 10 15 10 15 10 16 10 17 11 18 10 18 10 18 10 18 10 19 10 19 10 18 10 18 10 18 11 19 12 19 12 19 13 19 14 19 14 18 15 18 15 18 15 18 ]
2025-05-22 14:18:15,CSI_DATA,STA,D8:B1:90:DB:E8:90,-43,11,1,7,0,0,1,1,0,0,0,-93,0,2,0,1923224150,0,110,0,0,169427,256,[110 96 6 0 -3 -26 -3 -26 -3 -25 -3 -25 -4 -24 -4 -24 -4 -23 -5 -22 -5 -22 -5 -22 -6 -22 -7 -21 -7 -20 -7 -20 -7 -20 -7 -21 -7 -21 -7 -20 -6 -20 -6 -19 -6 -19 -5 -19 -4 -19 -3 -19 -2 -20 0 0 0 0 0 0 0 0 0 0 0 0 0 0 0 0 0 0 0 0 0 0 -3 -18 -2 -19 -1 -19 -1 -20 0 -20 0 -21 0 -21 0 -22 1 -22 1 -23 2 -23 2 -23 2 -24 2 -24 2 -24 2 -24 1 -24 1 -24 1 -25 0 -25 0 -25 0 -25 -1 -25 -1 -26 -1 -26 -2 -26
2025-05-22 14:18:16,CSI_DATA,STA,D8:B1:90:DB:E8:90,-42,11,1,7,0,0,1,1,0,0,1,-94,0,2,0,1923736719,0,110,0,0,169428,256,[110 96 6 0 15 -22 15 -22 15 -22 14 -22 13 -22 12 -22 12 -22 11 -22 10 -22 10 -22 9 -22 9 -22 9 -22 9 -21 9 -21 9 -20 10 -20 10 -20 10 -19 10 -19 10 -18 11 -18 11 -17 12 -17 13 -16 0 0 0 0 0 0 0 0 0 0 0 0 0 0 0 0 0 0 0 0 0 0 9 -18 10 -17 11 -17 12 -17 12 -17 13 -17 14 -18 14 -18 16 -18 16 -18 16 -18 16 -18 16 -18 17 -18 17 -18 17 -18 16 -19 17 -19 16 -20 16 -20 16 -21 16 -21 15 -21 15 -21 15
2025-05-22 14:18:17,CSI_DATA,STA,D8:B1:90:DB:E8:90,-42,11,1,6,0,0,1,0,0,0,1,-94,0,2,0,1925249744,0,110,0,0,169429,256,[110 96 6 0 12 37 11 34 9 30 8 24 9 18 10 11 11 4 14 -3 16 -9 18 -15 21 -20 23 -23 25 -26 26 -26 27 -26 26 -25 24 -23 21 -21 17 -19 13 -17 8 -15 3 -13 -1 -12 -4 -11 -7 -10 0 0 0 0 0 0 0 0 0 0 0 0 0 0 0 0 0 0 0 0 0 0 17 -15 16 -13 14 -11 11 -10 7 -10 2 -10 -2 -11 -7 -13 -11 -16 -14 -19 -16 -22 -16 -24 -16 -26 -15 -27 -13 -27 -10 -25 -6 -22 -2 -18 2 -13 6 -7 10 -1 13 7 16 14 17 20 17 27 16 32 ]
2025-05-22 14:18:19,CSI_DATA,STA,D8:B1:90:DB:E8:90,-43,11,1,6,0,0,1,0,0,0,1,-93,0,2,0,1927257670,0,110,0,0,169431,256,[110 96 6 0 -25 5 -24 5 -24 5 -23 5 -23 5 -22 5 -22 5 -21 7 -21 7 -20 7 -20 7 -19 7 -19 7 -20 7 -19 7 -20 7 -19 7 -20 6 -19 6 -19 5 -19 5 -19 5 -19 4 -19 4 -19 2 0 0 0 0 0 0 0 0 0 0 0 0 0 0 0 0 0 0 0 0 0 0 -18 4 -18 3 -19 3 -19 2 -20 2 -20 1 -21 2 -21 2 -22 1 -23 1 -23 2 -24 1 -24 1 -24 1 -23 1 -24 1 -23 1 -24 2 -23 2 -24 2 -23 2 -24 3 -25 4 -25 4 -25 4 -24 4 ]
2025-05-22 14:18:22,CSI_DATA,STA,D8:B1:90:DB:E8:90,-48,11,1,7,0,0,1,0,0,0,0,-94,0,2,0,1930287312,0,110,0,0,169434,256,[110 96 6 0 -16 23 -17 22 -18 21 -7 26 -9 25 -10 25 -11 25 -5 22 -6 22 -8 21 -9 21 21 -7 21 -7 22 -6 22 -6 -17 -6 -16 -7 -15 -9 -14 -10 -23 -10 -22 -11 -21 -12 -19 -14 -5 -5 -4 -5 0 0 0 0 0 0 0 0 0 0 0 0 0 0 0 0 0 0 0 0 0 0 5 17 3 17 3 26 1 26 -1 27 -3 28 -1 27 -3 27 -4 27 -6 28 7 -25 9 -24 10 -24 11 -25 6 -2 6 -2 6 -1 6 -1 4 5 4 6 3 7 3 7 4 7 4 8 3 9 -7 11 ]
2025-05-22 14:18:24,CSI_DATA,STA,D8:B1:90:DB:E8:90,-43,11,1,5,0,0,1,0,0,0,1,-93,0,2,0,1931798078,0,110,0,0,169436,256,[110 96 6 0 -23 7 -22 8 -22 7 -21 8 -20 8 -20 9 -20 9 -19 9 -18 10 -18 10 -18 10 -18 10 -18 10 -18 10 -18 10 -18 9 -17 10 -17 9 -17 9 -17 8 -17 8 -17 7 -17 7 -17 6 -17 5 0 0 0 0 0 0 0 0 0 0 0 0 0 0 0 0 0 0 0 0 0 0 -17 7 -17 6 -18 5 -18 4 -18 4 -19 4 -20 4 -20 4 -21 4 -22 3 -22 4 -22 3 -22 3 -22 3 -22 4 -22 4 -22 5 -23 5 -23 6 -23 6 -23 6 -23 7 -23 7 -23 7 -23 7 -23 8 ]
2025-05-22 14:18:29,CSI_DATA,STA,D8:B1:90:DB:E8:90,-44,11,1,6,0,0,1,0,0,0,1,-93,0,2,0,1936845941,0,110,0,0,169441,256,[110 96 6 0 -8 -38 -7 -35 -6 -30 -6 -25 -7 -19 -9 -12 -10 -5 -13 2 -15 8 -17 13 -19 19 -21 23 -23 25 -23 26 -23 27 -22 26 -21 24 -18 22 -14 19 -11 17 -7 14 -3 12 1 10 4 8 7 7 0 0 0 0 0 0 0 0 0 0 0 0 0 0 0 0 0 0 0 0 0 0 -23 1 -20 -1 -17 -1 -13 0 -9 2 -5 5 -2 8 2 12 4 17 6 20 7 24 7 27 6 29 5 29 3 28 0 26 -3 23 -5 17 -7 11 -9 5 -11 -2 -13 -10 -14 -16 -14 -23 -13 -29 -12 -35 ]
2025-05-22 14:18:31,CSI_DATA,STA,D8:B1:90:DB:E8:90,-42,11,1,6,0,0,1,0,0,0,1,-94,0,2,0,1938881784,0,110,0,0,169443,256,[110 96 6 0 25 -31 23 -28 21 -25 16 -21 10 -18 4 -14 -3 -11 -11 -8 -17 -6 -23 -4 -29 -3 -34 -2 -36 -1 -38 -1 -38 -1 -36 -1 -33 0 -30 1 -25 1 -20 3 -16 4 -11 6 -7 8 -3 10 -1 11 0 0 0 0 0 0 0 0 0 0 0 0 0 0 0 0 0 0 0 0 0 0 -19 -17 -16 -17 -13 -15 -11 -11 -10 -7 -9 -1 -9 4 -9 10 -11 15 -12 19 -15 23 -17 25 -19 26 -21 25 -21 23 -21 19 -20 15 -17 10 -14 4 -11 -2 -7 -9 -1 -16 3 -22 9 -26 15 -29 20 -
2025-05-22 14:18:37,CSI_DATA,STA,D8:B1:90:DB:E8:90,-42,11,1,6,0,0,1,0,0,0,1,-94,0,2,0,1944987094,0,110,0,0,169449,256,[110 96 6 0 -39 -4 -36 -4 -31 -3 -26 -2 -21 2 -15 5 -9 10 -5 15 0 19 4 23 7 28 8 31 10 33 10 34 10 34 9 32 9 30 8 26 8 22 8 17 9 13 9 8 10 4 11 1 12 -2 0 0 0 0 0 0 0 0 0 0 0 0 0 0 0 0 0 0 0 0 0 0 9 22 7 21 5 17 5 14 6 10 7 6 10 2 13 -2 17 -4 21 -7 24 -8 27 -7 29 -7 29 -5 28 -3 25 0 21 3 16 4 10 6 3 8 -4 10 -12 9 -20 10 -26 8 -32 6 -37 3 ]
2025-05-22 14:18:40,CSI_DATA,STA,D8:B1:90:DB:E8:90,-43,11,1,4,0,0,1,0,0,0,1,-93,0,2,0,1947492735,0,110,0,0,169452,256,[110 96 6 0 -28 -5 -28 -4 -27 -4 -26 -4 -25 -3 -25 -3 -25 -2 -25 -1 -24 0 -24 0 -24 0 -24 1 -24 1 -24 1 -24 1 -23 1 -23 1 -23 1 -23 0 -22 0 -22 -1 -21 -1 -21 -2 -21 -3 -21 -5 0 0 0 0 0 0 0 0 0 0 0 0 0 0 0 0 0 0 0 0 0 0 -20 -1 -20 -2 -21 -4 -21 -4 -21 -5 -22 -6 -22 -5 -22 -6 -23 -7 -23 -7 -24 -8 -24 -8 -25 -8 -25 -9 -25 -8 -24 -7 -25 -7 -25 -7 -25 -6 -26 -6 -26 -6 -26 -6 -26 -5 -27 -5 -27 -5 -
2025-05-22 14:18:44,CSI_DATA,STA,D8:B1:90:DB:E8:90,-43,11,1,6,0,0,1,0,0,0,1,-93,0,2,0,1952082573,0,110,0,0,169456,256,[110 96 6 0 -13 -27 -13 -26 -12 -26 -12 -24 -13 -24 -13 -23 -13 -23 -14 -22 -14 -22 -14 -21 -15 -21 -15 -21 -15 -20 -15 -20 -15 -20 -15 -21 -14 -20 -14 -20 -13 -20 -12 -20 -12 -20 -11 -20 -11 -20 -10 -20 -8 -21 0 0 0 0 0 0 0 0 0 0 0 0 0 0 0 0 0 0 0 0 0 0 -11 -18 -10 -19 -9 -19 -8 -20 -8 -21 -8 -21 -8 -22 -8 -22 -7 -23 -7 -24 -7 -24 -7 -24 -7 -25 -7 -25 -7 -25 -8 -26 -8 -25 -9 -26 -10 -25 -10
2025-05-22 14:18:49,CSI_DATA,STA,D8:B1:90:DB:E8:90,-43,11,1,3,0,0,1,0,0,0,0,-94,0,2,0,1957159416,0,110,0,0,169461,256,[110 96 6 0 -33 -20 -30 -19 -25 -16 -22 -12 -18 -7 -14 -2 -10 4 -6 10 -3 15 0 21 3 25 5 29 7 31 7 32 8 32 8 31 7 29 7 25 7 21 7 17 7 12 8 7 8 3 8 0 8 -3 0 0 0 0 0 0 0 0 0 0 0 0 0 0 0 0 0 0 0 0 0 0 -19 13 -18 10 -15 8 -12 7 -7 7 -3 7 2 8 7 10 11 11 15 14 17 16 19 18 20 20 19 20 17 21 14 20 10 19 5 17 0 14 -5 10 -11 7 -17 2 -22 -2 -26 -7 -30 -11 -32 -16 ]
2025-05-22 14:18:52,CSI_DATA,STA,D8:B1:90:DB:E8:90,-41,11,1,6,0,0,1,0,0,0,1,-94,0,2,0,1960168775,0,110,0,0,169464,256,[110 96 6 0 -29 4 -28 4 -27 4 -27 5 -27 5 -26 5 -25 5 -25 6 -24 7 -24 7 -24 7 -23 8 -23 8 -23 8 -22 8 -22 8 -21 8 -21 7 -21 6 -21 6 -21 5 -21 5 -20 5 -21 3 -21 2 0 0 0 0 0 0 0 0 0 0 0 0 0 0 0 0 0 0 0 0 0 0 -21 3 -21 2 -22 1 -22 0 -23 0 -23 -1 -24 -1 -24 -1 -25 -2 -26 -2 -26 -2 -26 -2 -26 -2 -27 -3 -26 -1 -27 -1 -26 -1 -27 -1 -27 0 -27 0 -28 0 -28 1 -28 1 -28 2 -28 2 -27 3 ]
2025-05-22 14:18:54,CSI_DATA,STA,D8:B1:90:DB:E8:90,-44,11,1,4,0,0,1,0,0,0,1,-93,0,2,0,1961677347,0,110,0,0,169466,256,[110 96 6 0 -33 -21 -31 -21 -27 -18 -23 -15 -20 -9 -17 -4 -14 3 -13 9 -11 15 -10 20 -10 26 -10 30 -11 33 -11 34 -11 34 -11 32 -10 30 -9 27 -7 23 -5 20 -2 16 1 13 4 10 7 8 9 7 0 0 0 0 0 0 0 0 0 0 0 0 0 0 0 0 0 0 0 0 0 0 3 22 1 20 0 17 1 13 4 10 6 7 10 4 14 2 19 0 22 0 26 1 28 2 29 4 29 5 28 7 23 8 19 9 14 9 7 8 0 7 -7 5 -14 2 -20 -1 -26 -6 -30 -10 -32 -15 ]
2025-05-22 14:18:54,CSI_DATA,STA,D8:B1:90:DB:E8:90,-44,11,1,7,0,0,1,0,0,0,1,-93,0,2,0,1962174079,0,110,0,0,169466,256,[110 96 6 0 16 -34 16 -32 14 -28 10 -25 6 -20 0 -16 -6 -12 -12 -9 -18 -6 -23 -5 -28 -3 -32 -2 -35 -2 -36 -2 -36 -2 -34 -2 -32 -2 -29 -1 -25 0 -21 2 -16 3 -12 5 -9 7 -6 9 -3 11 0 0 0 0 0 0 0 0 0 0 0 0 0 0 0 0 0 0 0 0 0 0 -23 -2 -20 -3 -17 -3 -14 -1 -10 1 -7 5 -5 9 -3 14 -2 18 -2 23 -2 26 -4 28 -5 29 -7 29 -8 27 -10 23 -11 19 -11 13 -10 7 -9 0 -7 -7 -4 -14 -2 -21 2 -26 6 -31 11 -35 ]
2025-05-22 14:18:57,CSI_DATA,STA,D8:B1:90:DB:E8:90,-44,11,1,6,0,0,1,0,0,0,1,-93,0,2,0,1965185554,0,110,0,0,169469,256,[110 96 6 0 -3 40 -4 36 -4 32 -2 27 1 21 4 15 8 9 13 4 18 -1 22 -5 26 -8 30 -10 32 -12 34 -12 34 -11 33 -11 30 -10 27 -10 23 -10 18 -10 14 -10 9 -10 5 -11 2 -12 -1 -13 0 0 0 0 0 0 0 0 0 0 0 0 0 0 0 0 0 0 0 0 0 0 22 -11 20 -9 17 -7 13 -7 9 -7 5 -9 1 -11 -3 -15 -6 -18 -9 -22 -10 -26 -10 -29 -10 -31 -8 -31 -6 -30 -3 -28 0 -24 2 -19 5 -13 6 -6 9 2 9 10 9 17 7 25 5 31 3 36 ]
2025-05-22 14:19:01,CSI_DATA,STA,D8:B1:90:DB:E8:90,-43,11,1,6,0,0,1,0,0,0,0,-94,0,2,0,1969258509,0,110,0,0,169473,256,[110 96 6 0 18 36 17 34 14 30 13 25 12 17 12 10 12 2 13 -5 14 -12 15 -19 16 -25 18 -29 19 -32 20 -33 20 -33 19 -32 18 -30 16 -27 13 -23 9 -20 5 -17 1 -14 -3 -11 -6 -9 -9 -7 0 0 0 0 0 0 0 0 0 0 0 0 0 0 0 0 0 0 0 0 0 0 20 -16 19 -14 16 -12 13 -10 8 -10 3 -10 -2 -11 -7 -13 -11 -16 -15 -19 -17 -22 -19 -25 -19 -27 -18 -28 -16 -28 -12 -26 -9 -24 -4 -20 0 -16 5 -9 10 -3 15 4 18 11 21 18 22 25 22 31
2025-05-22 14:19:02,CSI_DATA,STA,D8:B1:90:DB:E8:90,-42,11,1,5,0,0,1,0,0,0,1,-94,0,2,0,1969758479,0,110,0,0,169474,256,[110 96 6 0 39 -6 36 -5 32 -4 27 -5 20 -6 14 -8 7 -11 0 -14 -5 -18 -11 -21 -15 -25 -18 -28 -20 -30 -20 -31 -20 -31 -19 -30 -18 -28 -17 -25 -15 -21 -14 -16 -13 -11 -12 -6 -11 -2 -11 1 -11 4 0 0 0 0 0 0 0 0 0 0 0 0 0 0 0 0 0 0 0 0 0 0 -13 -22 -11 -21 -9 -18 -8 -15 -8 -10 -10 -6 -11 -1 -14 3 -17 7 -21 9 -24 11 -28 11 -30 11 -30 10 -30 8 -27 5 -24 1 -19 -2 -14 -5 -7 -7 1 -10 8 -12 16 -13 23 -13 2
2025-05-22 14:19:02,CSI_DATA,STA,D8:B1:90:DB:E8:90,-42,11,1,7,0,0,1,0,0,0,1,-94,0,2,0,1970258524,0,110,0,0,169474,256,[110 96 6 0 -22 -18 -22 -17 -21 -16 -21 -16 -21 -15 -21 -15 -21 -14 -21 -13 -20 -12 -20 -12 -21 -12 -21 -11 -21 -11 -21 -11 -21 -11 -20 -11 -19 -11 -19 -11 -19 -11 -18 -11 -18 -12 -18 -12 -17 -13 -16 -13 -16 -14 0 0 0 0 0 0 0 0 0 0 0 0 0 0 0 0 0 0 0 0 0 0 -17 -11 -17 -12 -17 -13 -17 -14 -16 -15 -16 -15 -16 -15 -16 -16 -17 -17 -17 -18 -17 -19 -16 -19 -17 -19 -17 -20 -17 -19 -18 -19 -18 -19 -18
2025-05-22 14:19:05,CSI_DATA,STA,D8:B1:90:DB:E8:90,-42,11,1,3,0,0,1,0,0,0,0,-94,0,2,0,1973265544,0,110,0,0,169477,256,[110 96 6 0 37 13 34 13 29 11 25 9 20 4 15 0 10 -6 6 -12 3 -18 0 -23 -3 -28 -5 -32 -6 -35 -6 -36 -6 -37 -5 -35 -5 -33 -5 -30 -5 -25 -6 -21 -7 -16 -8 -12 -9 -8 -11 -4 -12 -1 0 0 0 0 0 0 0 0 0 0 0 0 0 0 0 0 0 0 0 0 0 0 -1 -25 1 -22 1 -19 0 -16 -2 -12 -5 -8 -10 -5 -14 -3 -19 0 -23 0 -27 0 -30 -1 -32 -2 -32 -3 -31 -5 -27 -7 -23 -8 -18 -9 -11 -9 -4 -9 4 -8 12 -6 19 -4 26 -1 31 3 35 7 ]
2025-05-22 14:19:17,CSI_DATA,STA,D8:B1:90:DB:E8:90,-41,11,1,6,0,0,1,0,0,0,1,-95,0,2,0,1984859694,0,110,0,0,169489,256,[110 96 6 0 22 15 23 15 22 15 23 14 22 13 22 13 23 12 22 10 22 9 22 9 22 9 22 9 22 8 22 8 22 9 22 8 21 9 21 8 21 9 20 9 19 9 19 10 18 11 18 11 17 12 0 0 0 0 0 0 0 0 0 0 0 0 0 0 0 0 0 0 0 0 0 0 17 9 17 10 16 11 16 12 16 13 16 13 17 14 17 14 17 15 17 16 17 17 17 18 17 18 17 18 18 17 18 17 19 17 19 17 21 17 21 16 22 16 23 17 22 16 22 16 22 16 22 15 ]
2025-05-22 14:19:19,CSI_DATA,STA,D8:B1:90:DB:E8:90,-50,11,1,7,0,0,1,0,0,0,1,-93,0,2,0,1987395529,0,110,0,0,169491,256,[110 96 6 0 -32 13 -31 15 -29 17 -20 18 -19 19 -18 20 -16 20 -21 23 -20 24 -19 25 -18 26 7 -18 5 -19 3 -19 2 -19 14 15 14 13 14 12 14 11 -16 18 -16 18 -16 18 -16 18 -12 23 -13 22 0 0 0 0 0 0 0 0 0 0 0 0 0 0 0 0 0 0 0 0 0 0 -10 -17 -9 -18 -13 -19 -13 -19 -14 -19 -15 -20 -22 -19 -23 -19 -24 -18 -25 -17 7 -5 6 -5 5 -6 4 -7 6 14 6 14 6 14 7 14 5 8 6 8 5 7 5 7 0 1 -1 1 -1 1 -11 14 ]
2025-05-22 14:19:21,CSI_DATA,STA,D8:B1:90:DB:E8:90,-42,11,1,7,0,0,1,0,0,0,1,-93,0,2,0,1988422030,0,110,0,0,169493,256,[110 96 6 0 27 4 27 3 27 3 26 1 26 0 26 0 25 0 24 0 24 -1 24 -1 24 -1 23 -3 23 -3 23 -3 23 -3 24 -3 23 -3 23 -3 23 -2 22 -2 22 -1 22 -1 21 0 21 1 21 3 0 0 0 0 0 0 0 0 0 0 0 0 0 0 0 0 0 0 0 0 0 0 19 -1 20 0 20 1 20 2 21 2 21 3 21 3 22 3 23 4 23 5 23 5 24 5 24 6 24 6 24 6 24 6 24 5 25 5 25 4 26 4 26 4 27 4 27 3 27 3 28 4 27 3 ]
2025-05-22 14:19:23,CSI_DATA,STA,D8:B1:90:DB:E8:90,-43,11,1,7,0,0,1,0,0,0,1,-93,0,2,0,1990929158,0,110,0,0,169495,256,[110 96 6 0 -17 18 -16 18 -15 18 -14 17 -14 18 -14 17 -13 17 -13 17 -12 17 -12 17 -11 18 -11 18 -10 18 -10 18 -10 18 -11 18 -11 18 -11 17 -11 17 -11 16 -12 16 -12 15 -12 15 -13 14 -14 13 0 0 0 0 0 0 0 0 0 0 0 0 0 0 0 0 0 0 0 0 0 0 -11 13 -12 12 -13 12 -13 12 -14 12 -15 12 -16 12 -16 12 -17 12 -17 13 -17 13 -17 13 -18 13 -18 13 -17 13 -18 14 -18 14 -18 14 -16 15 -16 15 -16 16 -17 16 -16 17 -15
2025-05-22 14:19:25,CSI_DATA,STA,D8:B1:90:DB:E8:90,-42,11,1,7,0,0,1,1,0,0,1,-93,0,2,0,1992939271,0,110,0,0,169497,256,[110 96 6 0 -10 -24 -10 -23 -10 -23 -10 -23 -11 -22 -11 -22 -11 -21 -11 -21 -11 -20 -11 -20 -12 -20 -13 -19 -13 -19 -13 -19 -12 -19 -12 -19 -12 -19 -12 -19 -11 -19 -10 -18 -10 -19 -9 -19 -8 -19 -7 -19 -5 -19 0 0 0 0 0 0 0 0 0 0 0 0 0 0 0 0 0 0 0 0 0 0 -8 -17 -7 -18 -7 -19 -6 -19 -6 -20 -5 -20 -6 -20 -5 -21 -5 -21 -4 -22 -4 -24 -4 -24 -4 -24 -4 -24 -4 -24 -4 -24 -5 -24 -5 -24 -7 -24 -7 -24 -8
2025-05-22 14:19:28,CSI_DATA,STA,D8:B1:90:DB:E8:90,-43,11,1,7,0,0,1,1,0,0,1,-93,0,2,0,1995448396,0,110,0,0,169500,256,[110 96 6 0 4 -27 4 -27 4 -26 3 -25 2 -25 2 -25 1 -25 1 -24 0 -24 0 -24 -1 -24 -1 -23 -1 -23 -1 -23 -1 -23 -1 -24 0 -24 0 -23 1 -23 1 -22 1 -22 2 -22 2 -22 3 -21 4 -21 0 0 0 0 0 0 0 0 0 0 0 0 0 0 0 0 0 0 0 0 0 0 1 -20 2 -20 3 -21 4 -21 4 -22 5 -22 6 -22 7 -23 7 -23 7 -23 7 -23 8 -23 8 -24 8 -24 8 -25 8 -25 7 -25 7 -26 7 -26 7 -26 6 -26 6 -27 6 -26 6 -27 6 -27 5 -27 ]
2025-05-22 14:19:33,CSI_DATA,STA,D8:B1:90:DB:E8:90,-41,11,1,7,0,0,1,1,0,0,1,-95,0,2,0,2000485945,0,110,0,0,169505,256,[110 96 6 0 -24 -7 -24 -7 -23 -7 -23 -6 -23 -5 -23 -5 -22 -5 -22 -3 -21 -3 -21 -2 -21 -2 -22 -2 -22 -2 -21 -2 -21 -2 -21 -3 -20 -3 -20 -3 -20 -4 -20 -4 -19 -4 -19 -5 -19 -5 -18 -6 -18 -7 0 0 0 0 0 0 0 0 0 0 0 0 0 0 0 0 0 0 0 0 0 0 -18 -5 -18 -6 -18 -7 -18 -8 -18 -9 -19 -9 -19 -9 -20 -9 -20 -10 -20 -10 -21 -11 -21 -11 -22 -11 -22 -12 -21 -12 -22 -12 -22 -11 -22 -11 -23 -10 -23 -9 -23 -9 -24 -9
2025-05-22 14:19:33,CSI_DATA,STA,D8:B1:90:DB:E8:90,-41,11,1,7,0,0,1,0,0,0,0,-95,0,2,0,2001012671,0,110,0,0,169505,256,[110 96 6 0 -25 -6 -25 -5 -24 -5 -24 -5 -24 -4 -24 -4 -23 -3 -23 -2 -23 -2 -23 -2 -23 -1 -23 -1 -23 -1 -22 -1 -23 -1 -23 -2 -23 -2 -22 -2 -22 -3 -21 -3 -21 -3 -20 -4 -20 -5 -20 -5 -20 -7 0 0 0 0 0 0 0 0 0 0 0 0 0 0 0 0 0 0 0 0 0 0 -18 -4 -18 -5 -17 -6 -18 -6 -18 -7 -19 -7 -19 -8 -19 -8 -20 -9 -20 -9 -20 -10 -20 -10 -21 -10 -21 -10 -21 -9 -20 -9 -21 -9 -21 -9 -22 -8 -23 -7 -23 -6 -24 -7 -23 -6
2025-05-22 14:19:35,CSI_DATA,STA,D8:B1:90:DB:E8:90,-43,11,1,6,0,0,1,0,0,0,1,-94,0,2,0,2002544039,0,110,0,0,169507,256,[110 96 6 0 -27 2 -26 2 -26 2 -25 4 -25 4 -24 4 -24 5 -23 6 -23 6 -22 6 -22 6 -22 6 -22 6 -22 6 -22 5 -22 6 -21 5 -22 5 -22 4 -21 4 -21 3 -21 3 -21 2 -21 2 -21 0 0 0 0 0 0 0 0 0 0 0 0 0 0 0 0 0 0 0 0 0 0 0 -19 4 -19 3 -20 2 -20 1 -21 1 -21 1 -21 1 -22 1 -22 0 -23 0 -23 -1 -24 -1 -23 -1 -24 -1 -24 -1 -24 -1 -24 -1 -25 0 -25 0 -25 0 -26 0 -26 1 -26 2 -26 2 -26 2 -26 2 ]
2025-05-22 14:19:35,CSI_DATA,STA,D8:B1:90:DB:E8:90,-43,11,1,6,0,0,1,0,0,0,1,-94,0,2,0,2003045929,0,110,0,0,169507,256,[110 96 6 0 35 -11 32 -9 29 -8 22 -8 16 -9 9 -10 2 -12 -5 -15 -11 -17 -16 -20 -21 -23 -24 -25 -26 -27 -26 -28 -26 -28 -25 -27 -23 -24 -21 -21 -18 -18 -16 -13 -14 -9 -12 -4 -11 0 -10 4 -10 7 0 0 0 0 0 0 0 0 0 0 0 0 0 0 0 0 0 0 0 0 0 0 -12 -19 -10 -17 -8 -15 -8 -11 -8 -7 -9 -2 -11 2 -13 6 -16 10 -19 13 -22 14 -25 14 -26 14 -27 12 -26 10 -24 7 -21 4 -17 0 -12 -4 -6 -7 1 -11 8 -13 15 -15 22 -16 2
2025-05-22 14:19:36,CSI_DATA,STA,D8:B1:90:DB:E8:90,-41,11,1,5,0,0,1,0,0,0,1,-95,0,2,0,2004067785,0,110,0,0,169508,256,[110 96 6 0 19 16 19 16 19 15 20 14 20 13 19 13 20 13 19 12 19 11 19 10 19 10 19 10 19 10 19 10 18 10 18 11 18 11 17 11 17 12 16 12 15 13 15 13 14 13 14 14 12 15 0 0 0 0 0 0 0 0 0 0 0 0 0 0 0 0 0 0 0 0 0 0 14 9 13 11 13 11 13 12 13 13 13 14 13 14 14 15 13 16 14 16 15 16 15 16 15 17 15 17 15 16 15 16 15 16 15 16 18 16 17 16 18 16 19 17 19 15 20 16 20 16 20 15 ]
2025-05-22 14:19:38,CSI_DATA,STA,D8:B1:90:DB:E8:90,-42,11,1,7,0,0,1,0,0,0,0,-93,0,2,0,2006095576,0,110,0,0,169510,256,[110 96 6 0 11 -23 11 -23 10 -23 9 -22 9 -22 8 -22 8 -22 7 -22 7 -22 6 -22 6 -22 6 -23 5 -23 5 -23 5 -23 5 -22 5 -22 6 -21 6 -21 6 -21 6 -21 7 -20 7 -20 8 -19 9 -18 0 0 0 0 0 0 0 0 0 0 0 0 0 0 0 0 0 0 0 0 0 0 7 -16 8 -16 9 -16 10 -16 11 -16 12 -16 12 -16 12 -17 13 -17 13 -17 13 -18 14 -18 14 -18 14 -19 14 -19 14 -19 13 -19 14 -20 13 -20 13 -20 12 -21 12 -22 12 -22 12 -22 12 -23 12 -22 ]
2025-05-22 14:19:39,CSI_DATA,STA,D8:B1:90:DB:E8:90,-42,11,1,7,0,0,1,0,0,0,0,-93,0,2,0,2006591658,0,110,0,0,169511,256,[110 96 6 0 -24 -9 -25 -8 -23 -8 -24 -7 -23 -7 -23 -6 -23 -6 -23 -5 -22 -4 -23 -4 -23 -4 -22 -4 -22 -3 -21 -3 -22 -3 -22 -4 -22 -4 -22 -4 -22 -5 -20 -4 -20 -5 -19 -5 -19 -5 -19 -6 -19 -7 0 0 0 0 0 0 0 0 0 0 0 0 0 0 0 0 0 0 0 0 0 0 -18 -4 -18 -6 -17 -7 -17 -8 -17 -8 -18 -9 -18 -8 -19 -9 -19 -10 -19 -10 -21 -10 -21 -11 -21 -11 -21 -11 -21 -11 -21 -11 -21 -11 -21 -10 -22 -10 -22 -10 -23 -9 -23 -
2025-05-22 14:19:41,CSI_DATA,STA,D8:B1:90:DB:E8:90,-42,11,1,7,0,0,1,0,0,0,0,-93,0,2,0,2008597636,0,110,0,0,169513,256,[110 96 6 0 -10 -24 -10 -23 -10 -23 -10 -22 -10 -21 -10 -22 -10 -21 -11 -19 -12 -20 -12 -19 -12 -19 -13 -18 -12 -18 -13 -18 -12 -18 -12 -18 -12 -18 -12 -18 -11 -18 -10 -18 -10 -18 -9 -19 -9 -19 -8 -19 -7 -19 0 0 0 0 0 0 0 0 0 0 0 0 0 0 0 0 0 0 0 0 0 0 -9 -16 -8 -16 -8 -17 -7 -18 -7 -18 -7 -19 -7 -20 -7 -21 -7 -21 -6 -22 -6 -22 -6 -23 -6 -23 -5 -23 -6 -22 -7 -23 -7 -22 -7 -23 -9 -23 -9 -23 -10
2025-05-22 14:19:41,CSI_DATA,STA,D8:B1:90:DB:E8:90,-42,11,1,7,0,0,1,1,0,0,1,-93,0,2,0,2009098532,0,110,0,0,169513,256,[110 96 6 0 -22 -20 -22 -20 -21 -19 -22 -18 -22 -18 -22 -17 -22 -17 -22 -15 -22 -15 -22 -15 -22 -14 -22 -13 -22 -13 -21 -13 -21 -14 -21 -13 -21 -14 -21 -14 -20 -14 -20 -15 -19 -15 -18 -15 -18 -16 -17 -17 -16 -18 0 0 0 0 0 0 0 0 0 0 0 0 0 0 0 0 0 0 0 0 0 0 -17 -13 -16 -14 -16 -15 -15 -16 -16 -17 -16 -17 -16 -18 -17 -19 -16 -19 -17 -20 -16 -20 -16 -21 -16 -21 -16 -21 -17 -20 -17 -21 -17 -20 -17
2025-05-22 14:19:42,CSI_DATA,STA,D8:B1:90:DB:E8:90,-43,11,1,7,0,0,1,0,0,0,1,-93,0,2,0,2010110264,0,110,0,0,169514,256,[110 96 6 0 -26 -6 -26 -5 -25 -5 -25 -4 -25 -3 -25 -3 -25 -2 -24 -2 -24 -1 -24 -1 -24 -1 -24 -1 -24 -1 -24 -1 -24 -1 -23 -1 -23 -1 -23 -1 -22 -2 -21 -2 -22 -3 -21 -3 -21 -4 -20 -5 -20 -7 0 0 0 0 0 0 0 0 0 0 0 0 0 0 0 0 0 0 0 0 0 0 -19 -3 -19 -4 -20 -4 -20 -5 -21 -6 -21 -6 -22 -7 -22 -7 -22 -8 -23 -9 -23 -8 -23 -8 -23 -9 -23 -9 -23 -9 -24 -9 -24 -8 -25 -8 -24 -8 -25 -8 -25 -7 -25 -8 -25 -7 -26
2025-05-22 14:19:46,CSI_DATA,STA,D8:B1:90:DB:E8:90,-40,11,1,7,0,0,1,0,0,0,1,-95,0,2,0,2014137588,0,110,0,0,169518,256,[110 96 6 0 21 14 21 14 21 13 20 13 20 12 20 12 20 11 20 10 20 9 20 9 20 9 21 9 21 9 21 9 20 9 19 9 19 8 19 8 18 9 18 9 17 9 17 9 16 10 16 11 15 12 0 0 0 0 0 0 0 0 0 0 0 0 0 0 0 0 0 0 0 0 0 0 15 8 15 9 15 11 15 11 15 12 15 12 16 13 16 13 16 14 17 15 16 16 16 16 16 16 17 17 17 16 17 16 17 16 18 16 18 15 18 15 19 15 20 15 20 14 21 15 21 15 21 15 ]
2025-05-22 14:19:49,CSI_DATA,STA,D8:B1:90:DB:E8:90,-41,11,1,7,0,0,1,0,0,0,1,-95,0,2,0,2017168946,0,110,0,0,169521,256,[110 96 6 0 -2 24 -2 24 -1 23 -1 23 0 23 0 23 0 22 1 22 1 22 1 22 2 22 2 21 2 21 2 21 2 21 2 21 2 21 1 20 1 20 0 20 0 19 -1 19 -2 19 -3 19 -4 19 0 0 0 0 0 0 0 0 0 0 0 0 0 0 0 0 0 0 0 0 0 0 -1 17 -2 17 -2 17 -3 18 -3 18 -4 18 -4 19 -4 20 -5 21 -5 21 -5 21 -6 21 -6 21 -6 22 -5 22 -6 22 -6 22 -5 23 -4 22 -3 23 -3 23 -3 23 -3 24 -3 24 -2 24 -2 25 ]
2025-05-22 14:19:52,CSI_DATA,STA,D8:B1:90:DB:E8:90,-42,11,1,7,0,0,1,0,0,0,1,-94,0,2,0,2019713170,0,110,0,0,169524,256,[110 96 6 0 -7 -28 -7 -27 -7 -27 -7 -25 -8 -25 -8 -25 -8 -24 -9 -24 -9 -24 -10 -23 -10 -23 -10 -23 -10 -23 -10 -24 -10 -23 -10 -24 -9 -23 -9 -23 -8 -23 -8 -21 -7 -22 -7 -22 -6 -22 -5 -23 -4 -23 0 0 0 0 0 0 0 0 0 0 0 0 0 0 0 0 0 0 0 0 0 0 -7 -20 -5 -20 -4 -21 -4 -21 -3 -22 -3 -23 -2 -22 -2 -23 -1 -24 -1 -24 -2 -25 -1 -25 -1 -25 -1 -25 -2 -25 -2 -26 -2 -26 -2 -27 -4 -26 -4 -27 -5 -27 -5 -28 -6
2025-05-22 14:20:03,CSI_DATA,STA,D8:B1:90:DB:E8:90,-41,11,1,7,0,0,1,0,0,0,1,-95,0,2,0,2030833612,0,110,0,0,169535,256,[110 96 6 0 25 2 25 2 25 2 23 1 23 1 23 1 22 0 22 0 22 -1 22 -1 21 -1 21 -3 21 -2 21 -2 21 -2 21 -2 20 -1 20 -1 20 0 19 0 19 0 19 1 19 1 18 2 18 4 0 0 0 0 0 0 0 0 0 0 0 0 0 0 0 0 0 0 0 0 0 0 18 1 18 2 18 3 18 4 19 4 19 5 19 5 20 5 20 6 20 6 22 7 22 7 22 8 23 8 22 8 22 8 22 7 23 7 23 5 23 6 23 5 24 5 24 4 25 4 25 4 24 3 ]
2025-05-22 14:20:09,CSI_DATA,STA,D8:B1:90:DB:E8:90,-41,11,1,7,0,0,1,0,0,0,1,-95,0,2,0,2036416544,0,110,0,0,169541,256,[110 96 6 0 6 23 6 23 6 22 7 22 7 21 8 21 8 20 9 19 9 19 9 19 9 19 8 19 8 19 8 19 8 19 8 19 8 19 8 19 7 19 7 18 6 18 6 18 5 18 3 18 2 18 0 0 0 0 0 0 0 0 0 0 0 0 0 0 0 0 0 0 0 0 0 0 4 16 3 17 2 17 1 18 1 18 1 18 1 19 0 20 0 20 0 21 1 21 1 22 1 22 1 22 2 22 1 23 2 23 2 23 3 23 3 23 4 23 4 23 6 23 6 23 6 23 6 23 ]
2025-05-22 14:20:13,CSI_DATA,STA,D8:B1:90:DB:E8:90,-41,11,1,7,0,0,1,0,0,0,1,-95,0,2,0,2040417547,0,110,0,0,169545,256,[110 96 6 0 -27 -8 -27 -8 -26 -8 -25 -7 -25 -6 -25 -6 -25 -5 -24 -4 -23 -4 -24 -4 -24 -3 -24 -3 -24 -2 -23 -2 -23 -3 -22 -3 -23 -3 -22 -3 -22 -4 -22 -4 -21 -4 -21 -5 -21 -6 -20 -6 -20 -8 0 0 0 0 0 0 0 0 0 0 0 0 0 0 0 0 0 0 0 0 0 0 -19 -6 -19 -7 -19 -8 -19 -9 -19 -9 -20 -10 -20 -10 -20 -11 -21 -11 -21 -12 -21 -12 -21 -12 -21 -13 -22 -13 -22 -12 -22 -12 -22 -12 -22 -12 -23 -12 -23 -12 -24 -11 -
2025-05-22 14:20:15,CSI_DATA,STA,D8:B1:90:DB:E8:90,-49,11,1,7,0,0,1,0,0,0,1,-93,0,2,0,2042417819,0,110,0,0,169547,256,[110 96 6 0 -10 1 -11 0 -11 0 -12 27 -13 26 -13 25 -13 25 -16 20 -16 19 -17 19 -18 18 -17 -8 -17 -9 -17 -9 -17 -11 -6 15 -7 15 -7 13 -7 12 -29 0 -29 -1 -29 -3 -29 -5 6 8 6 8 0 0 0 0 0 0 0 0 0 0 0 0 0 0 0 0 0 0 0 0 0 0 -4 1 -4 1 -20 9 -21 8 -22 7 -23 7 -12 10 -13 11 -13 11 -14 11 -16 -6 -16 -6 -17 -6 -17 -7 -7 20 -8 20 -8 21 -9 21 0 -12 0 -12 0 -12 0 -12 -24 -27 -23 -28 -24 -29 -15 -11 ]
2025-05-22 14:20:15,CSI_DATA,STA,D8:B1:90:DB:E8:90,-42,11,1,7,0,0,1,0,0,0,1,-93,0,2,0,2042917549,0,110,0,0,169547,256,[110 96 6 0 -27 5 -27 6 -26 6 -25 6 -25 6 -24 7 -24 7 -23 8 -23 9 -23 9 -23 9 -24 8 -24 9 -23 9 -23 9 -24 8 -23 8 -23 7 -23 6 -23 6 -23 5 -23 4 -23 4 -22 2 -22 1 0 0 0 0 0 0 0 0 0 0 0 0 0 0 0 0 0 0 0 0 0 0 -20 4 -21 2 -21 3 -21 3 -22 2 -22 2 -23 2 -24 1 -24 1 -25 0 -24 2 -25 2 -25 1 -25 1 -26 1 -26 2 -26 2 -26 2 -27 3 -27 3 -27 4 -28 4 -27 5 -28 5 -28 5 -27 5 ]
2025-05-22 14:20:16,CSI_DATA,STA,D8:B1:90:DB:E8:90,-42,11,1,7,0,0,1,0,0,0,1,-93,0,2,0,2043417569,0,110,0,0,169548,256,[110 96 6 0 20 -15 19 -15 19 -16 18 -16 17 -15 17 -16 17 -16 16 -16 15 -17 15 -17 15 -17 14 -16 14 -16 14 -17 14 -17 14 -16 14 -16 14 -15 14 -15 15 -15 15 -14 15 -14 16 -13 16 -12 16 -11 0 0 0 0 0 0 0 0 0 0 0 0 0 0 0 0 0 0 0 0 0 0 13 -11 14 -11 14 -10 15 -10 16 -10 16 -10 17 -9 18 -10 19 -9 19 -9 20 -9 20 -9 21 -9 21 -9 21 -9 21 -10 20 -10 21 -11 21 -11 21 -12 21 -12 21 -13 21 -14 21 -14 21 -
2025-05-22 14:20:16,CSI_DATA,STA,D8:B1:90:DB:E8:90,-42,11,1,7,0,0,1,1,0,0,1,-93,0,2,0,2043920145,0,110,0,0,169548,256,[110 96 6 0 -4 -25 -4 -25 -4 -25 -6 -23 -6 -23 -6 -23 -6 -22 -7 -22 -7 -22 -7 -22 -7 -22 -7 -21 -7 -21 -7 -21 -7 -21 -7 -21 -6 -21 -6 -21 -5 -21 -5 -20 -5 -20 -4 -20 -3 -20 -2 -21 -1 -21 0 0 0 0 0 0 0 0 0 0 0 0 0 0 0 0 0 0 0 0 0 0 -6 -18 -5 -18 -4 -19 -3 -19 -3 -20 -2 -20 -2 -21 -1 -22 -1 -22 -1 -23 0 -23 0 -23 0 -23 0 -24 -1 -24 -1 -24 -1 -24 -1 -24 -2 -25 -2 -25 -2 -25 -2 -26 -3 -25 -3 -25
2025-05-22 14:20:19,CSI_DATA,STA,D8:B1:90:DB:E8:90,-41,11,1,7,0,0,1,1,0,0,1,-95,0,2,0,2046928359,0,110,0,0,169551,256,[110 96 6 0 17 22 18 22 18 21 18 20 18 19 18 19 18 18 18 17 19 16 19 16 19 16 18 15 18 15 18 15 18 15 17 15 17 15 16 15 16 15 16 15 15 15 15 15 14 16 13 16 12 18 0 0 0 0 0 0 0 0 0 0 0 0 0 0 0 0 0 0 0 0 0 0 13 14 13 15 12 16 12 17 12 18 12 18 12 19 12 20 12 21 12 21 12 21 12 22 12 22 12 22 13 22 13 22 13 22 14 22 15 22 15 22 16 22 16 23 17 22 17 22 18 23 17 21 ]
2025-05-22 14:20:21,CSI_DATA,STA,D8:B1:90:DB:E8:90,-41,11,1,7,0,0,1,1,0,0,1,-95,0,2,0,2048438750,0,110,0,0,169553,256,[110 96 6 0 -27 -4 -27 -3 -26 -4 -26 -3 -26 -2 -26 -2 -26 -2 -24 -1 -24 0 -24 0 -24 0 -25 1 -25 1 -24 1 -24 1 -23 -1 -23 -1 -23 -1 -22 -2 -22 -2 -22 -4 -21 -4 -21 -4 -21 -5 -21 -7 0 0 0 0 0 0 0 0 0 0 0 0 0 0 0 0 0 0 0 0 0 0 -20 -1 -20 -2 -20 -3 -21 -4 -21 -5 -22 -5 -22 -5 -22 -6 -23 -7 -23 -7 -23 -7 -23 -8 -24 -8 -24 -8 -25 -8 -25 -8 -25 -8 -25 -8 -25 -7 -25 -7 -26 -6 -26 -6 -27 -5 -27 -5 -27
2025-05-22 14:20:22,CSI_DATA,STA,D8:B1:90:DB:E8:90,-41,11,1,7,0,0,1,1,0,0,1,-95,0,2,0,2049939056,0,110,0,0,169554,256,[110 96 6 0 7 -25 6 -24 6 -24 6 -24 5 -23 5 -24 5 -23 4 -22 4 -22 3 -22 3 -22 3 -22 2 -22 2 -22 2 -22 3 -22 3 -22 3 -22 4 -21 4 -21 4 -21 4 -21 5 -20 6 -19 7 -19 0 0 0 0 0 0 0 0 0 0 0 0 0 0 0 0 0 0 0 0 0 0 5 -17 6 -16 7 -17 7 -17 8 -18 8 -18 8 -18 9 -19 10 -19 10 -19 11 -20 11 -20 11 -20 11 -20 11 -20 11 -21 10 -20 11 -21 8 -22 8 -22 8 -23 8 -24 7 -24 8 -24 8 -24 7 -24 ]
2025-05-22 14:20:24,CSI_DATA,STA,D8:B1:90:DB:E8:90,-42,11,1,7,0,0,1,1,0,0,1,-93,0,2,0,2051961296,0,110,0,0,169556,256,[110 96 6 0 24 -8 24 -9 23 -8 22 -9 21 -9 21 -9 21 -9 20 -10 20 -10 19 -11 19 -11 19 -11 19 -11 19 -11 19 -11 19 -11 19 -10 19 -10 19 -9 18 -9 18 -9 18 -8 18 -7 18 -6 19 -5 0 0 0 0 0 0 0 0 0 0 0 0 0 0 0 0 0 0 0 0 0 0 16 -7 17 -6 17 -6 17 -5 18 -5 19 -4 19 -4 20 -4 21 -3 21 -3 21 -3 22 -3 22 -3 22 -3 22 -5 22 -5 22 -5 22 -6 22 -6 22 -6 23 -6 23 -7 23 -7 24 -8 24 -8 24 -8 ]
2025-05-22 14:20:25,CSI_DATA,STA,D8:B1:90:DB:E8:90,-41,11,1,7,0,0,1,1,0,0,1,-95,0,2,0,2052977247,0,110,0,0,169557,256,[110 96 6 0 -11 23 -11 23 -10 22 -10 22 -9 22 -9 21 -8 21 -7 21 -7 21 -6 21 -6 21 -6 21 -6 21 -5 21 -5 21 -5 20 -5 20 -6 20 -6 19 -6 19 -7 19 -7 18 -7 18 -9 17 -10 17 0 0 0 0 0 0 0 0 0 0 0 0 0 0 0 0 0 0 0 0 0 0 -7 17 -8 16 -9 16 -10 16 -10 16 -11 17 -11 16 -12 16 -13 16 -13 17 -14 18 -14 18 -14 18 -14 18 -15 18 -15 18 -15 19 -15 19 -13 20 -13 20 -13 21 -13 21 -12 21 -12 22 -12 22 -11 22 ]
2025-05-22 14:20:26,CSI_DATA,STA,D8:B1:90:DB:E8:90,-47,11,1,7,0,0,1,1,0,0,1,-95,0,2,0,2053478731,0,110,0,0,169558,256,[110 96 6 0 -4 21 -3 21 -3 20 -5 19 -5 19 -4 18 -4 18 4 13 4 12 5 11 5 10 16 -13 16 -14 16 -15 16 -15 10 -1 10 -1 10 -1 10 -2 12 -7 12 -7 12 -7 12 -7 19 -1 20 0 0 0 0 0 0 0 0 0 0 0 0 0 0 0 0 0 0 0 0 0 0 0 -3 19 -4 19 -12 19 -13 19 -14 19 -14 20 -15 17 -16 17 -16 18 -17 18 22 2 22 2 23 2 23 1 -12 27 -12 27 -12 27 -12 27 -13 32 -13 32 -13 32 -12 33 1 26 2 26 3 25 -3 33 ]
2025-05-22 14:20:26,CSI_DATA,STA,D8:B1:90:DB:E8:90,-41,11,1,7,0,0,1,1,0,0,1,-95,0,2,0,2053978505,0,110,0,0,169558,256,[110 96 6 0 -25 4 -25 4 -24 4 -24 5 -23 5 -23 5 -22 5 -21 7 -21 7 -21 7 -21 7 -21 7 -21 7 -21 7 -21 7 -20 7 -20 6 -20 6 -20 5 -20 5 -20 4 -20 4 -20 3 -20 2 -20 0 0 0 0 0 0 0 0 0 0 0 0 0 0 0 0 0 0 0 0 0 0 0 -17 5 -18 4 -18 3 -18 2 -19 2 -20 2 -20 2 -20 1 -21 1 -21 0 -22 1 -22 1 -23 1 -23 0 -23 1 -23 1 -23 2 -23 2 -23 2 -24 3 -24 3 -24 3 -24 4 -25 4 -25 4 -24 4 ]
2025-05-22 14:20:27,CSI_DATA,STA,D8:B1:90:DB:E8:90,-43,11,1,7,0,0,1,1,0,0,1,-93,0,2,0,2054978306,0,110,0,0,169559,256,[110 96 6 0 15 -22 15 -23 14 -22 14 -22 13 -22 12 -22 12 -22 10 -23 10 -22 9 -23 9 -23 8 -23 8 -23 8 -22 8 -23 7 -22 8 -23 8 -22 8 -21 8 -21 9 -20 9 -19 10 -19 10 -19 12 -19 0 0 0 0 0 0 0 0 0 0 0 0 0 0 0 0 0 0 0 0 0 0 9 -18 10 -17 11 -17 12 -17 13 -17 14 -17 14 -17 14 -18 15 -18 16 -18 16 -18 17 -18 17 -18 17 -18 16 -19 16 -19 16 -19 16 -19 16 -21 15 -21 15 -21 16 -22 15 -22 15 -23 16 -23 16
2025-05-22 14:20:28,CSI_DATA,STA,D8:B1:90:DB:E8:90,-41,11,1,7,0,0,1,1,0,0,1,-94,0,2,0,2055479154,0,110,0,0,169560,256,[110 96 6 0 -2 -28 -3 -28 -3 -27 -4 -27 -4 -26 -5 -26 -5 -26 -5 -25 -6 -25 -6 -25 -7 -24 -7 -24 -7 -24 -7 -23 -7 -24 -8 -23 -7 -23 -7 -23 -7 -23 -6 -23 -6 -23 -5 -22 -5 -23 -3 -23 -2 -23 0 0 0 0 0 0 0 0 0 0 0 0 0 0 0 0 0 0 0 0 0 0 -2 -20 -1 -20 0 -21 0 -21 1 -22 1 -22 1 -22 2 -23 2 -23 3 -24 2 -24 3 -25 3 -25 3 -25 3 -25 2 -25 2 -26 2 -26 1 -26 1 -26 0 -27 0 -27 -1 -27 -2 -28 -1 -28 -1 -28 ]
2025-05-22 14:20:28,CSI_DATA,STA,D8:B1:90:DB:E8:90,-42,11,1,7,0,0,1,1,0,0,1,-94,0,2,0,2055978350,0,110,0,0,169560,256,[110 96 6 0 20 16 20 16 20 15 20 15 20 15 20 14 19 14 20 12 20 12 20 11 20 11 20 11 20 11 19 10 20 11 18 11 19 11 18 11 17 11 17 12 17 13 16 13 16 14 15 14 14 15 0 0 0 0 0 0 0 0 0 0 0 0 0 0 0 0 0 0 0 0 0 0 16 10 15 12 15 12 15 13 14 13 15 14 15 14 16 15 16 16 16 17 16 16 16 17 16 17 16 17 16 17 16 16 17 17 17 16 18 17 18 17 18 17 19 17 19 16 20 16 20 17 21 15 ]
2025-05-22 14:20:29,CSI_DATA,STA,D8:B1:90:DB:E8:90,-41,11,1,7,0,0,1,1,0,0,1,-94,0,2,0,2056991240,0,110,0,0,169561,256,[110 96 6 0 -12 25 -11 25 -10 24 -9 24 -9 24 -8 24 -7 24 -7 23 -6 23 -6 23 -5 23 -6 24 -6 24 -6 23 -6 24 -5 23 -6 23 -6 22 -6 22 -7 21 -7 20 -7 20 -8 19 -9 20 -10 19 0 0 0 0 0 0 0 0 0 0 0 0 0 0 0 0 0 0 0 0 0 0 -8 18 -9 18 -9 18 -10 18 -11 18 -12 18 -12 19 -13 19 -13 20 -14 20 -14 20 -14 21 -15 21 -15 21 -15 22 -15 22 -15 22 -15 22 -14 23 -14 23 -14 24 -14 24 -13 25 -13 25 -12 25 -12 25 ]
2025-05-22 14:20:30,CSI_DATA,STA,D8:B1:90:DB:E8:90,-42,11,1,7,0,0,1,1,0,0,1,-93,0,2,0,2058002428,0,110,0,0,169562,256,[110 96 6 0 12 22 12 22 12 21 12 20 12 20 12 19 12 19 13 18 13 17 13 18 13 17 13 17 13 17 14 16 14 16 14 16 14 16 13 16 13 16 12 16 12 16 11 16 10 17 10 17 9 18 0 0 0 0 0 0 0 0 0 0 0 0 0 0 0 0 0 0 0 0 0 0 9 15 8 16 8 16 7 17 7 18 7 19 8 19 7 20 8 20 7 21 6 22 6 22 6 22 7 22 7 22 7 22 8 22 8 22 9 23 10 23 10 22 11 23 11 23 11 24 12 23 12 23 ]
2025-05-22 14:20:31,CSI_DATA,STA,D8:B1:90:DB:E8:90,-42,11,1,7,0,0,1,1,0,0,1,-93,0,2,0,2058497407,0,110,0,0,169563,256,[110 96 6 0 -28 4 -28 5 -27 5 -26 5 -25 6 -25 6 -25 6 -23 7 -23 7 -23 7 -23 8 -23 9 -23 9 -23 9 -23 9 -22 9 -22 8 -22 8 -21 7 -21 8 -21 7 -21 6 -21 6 -21 3 -21 2 0 0 0 0 0 0 0 0 0 0 0 0 0 0 0 0 0 0 0 0 0 0 -20 6 -21 4 -21 4 -22 3 -23 2 -23 2 -24 2 -24 1 -25 1 -26 0 -26 1 -26 0 -26 0 -26 0 -26 0 -26 1 -26 1 -27 2 -27 2 -27 2 -27 3 -28 3 -28 3 -29 4 -29 4 -28 4 ]
2025-05-22 14:20:31,CSI_DATA,STA,D8:B1:90:DB:E8:90,-42,11,1,7,0,0,1,1,0,0,1,-93,0,2,0,2058997737,0,110,0,0,169563,256,[110 96 6 0 5 -25 5 -25 5 -24 5 -23 4 -23 3 -23 3 -23 2 -22 2 -22 2 -22 1 -22 1 -21 0 -21 1 -21 1 -21 1 -22 1 -21 1 -21 2 -21 2 -20 2 -19 3 -19 4 -19 5 -19 6 -19 0 0 0 0 0 0 0 0 0 0 0 0 0 0 0 0 0 0 0 0 0 0 2 -18 3 -18 4 -19 4 -19 5 -19 5 -20 6 -20 7 -21 7 -21 8 -22 8 -22 8 -22 8 -22 8 -22 8 -22 8 -22 8 -22 8 -22 7 -23 7 -23 7 -24 7 -25 6 -24 6 -24 6 -25 6 -25 ]
2025-05-22 14:20:32,CSI_DATA,STA,D8:B1:90:DB:E8:90,-42,11,1,7,0,0,1,1,0,0,1,-93,0,2,0,2059497748,0,110,0,0,169564,256,[110 96 6 0 9 22 9 22 8 21 9 21 10 20 10 20 10 20 10 18 10 18 11 18 11 18 11 17 11 17 11 17 11 17 11 17 10 17 10 17 9 17 9 16 8 17 8 16 7 17 6 17 5 18 0 0 0 0 0 0 0 0 0 0 0 0 0 0 0 0 0 0 0 0 0 0 8 15 7 16 7 16 6 17 5 18 5 19 5 19 5 20 4 20 4 21 4 21 4 21 4 22 4 22 5 23 4 23 5 23 4 23 6 22 6 22 7 22 7 23 8 22 8 23 9 23 9 23 ]
2025-05-22 14:20:32,CSI_DATA,STA,D8:B1:90:DB:E8:90,-42,11,1,7,0,0,1,1,0,0,1,-93,0,2,0,2059997220,0,110,0,0,169564,256,[110 96 6 0 0 27 1 27 0 26 1 26 2 25 2 25 2 24 4 24 4 23 5 23 5 23 5 23 5 23 5 22 5 23 5 22 4 22 4 22 4 21 3 21 2 21 2 21 1 21 0 21 -1 21 0 0 0 0 0 0 0 0 0 0 0 0 0 0 0 0 0 0 0 0 0 0 0 20 -1 21 -1 20 -2 20 -2 20 -3 21 -3 22 -4 22 -5 24 -5 24 -5 23 -6 23 -6 23 -6 24 -5 25 -5 25 -5 26 -4 25 -3 27 -3 27 -2 27 -1 28 -1 27 -1 28 -1 28 -1 28 ]
2025-05-22 14:20:33,CSI_DATA,STA,D8:B1:90:DB:E8:90,-41,11,1,7,0,0,1,1,0,0,1,-94,0,2,0,2060498257,0,110,0,0,169565,256,[110 96 6 0 -19 18 -18 19 -18 18 -17 18 -16 18 -16 18 -15 18 -13 18 -13 18 -12 18 -12 18 -12 18 -12 18 -12 18 -12 18 -13 19 -13 18 -14 18 -14 17 -14 16 -14 16 -14 15 -14 14 -15 13 -16 12 0 0 0 0 0 0 0 0 0 0 0 0 0 0 0 0 0 0 0 0 0 0 -13 14 -14 13 -13 14 -14 13 -14 13 -15 13 -16 14 -17 14 -17 14 -18 14 -19 14 -19 14 -20 14 -20 14 -20 14 -20 15 -20 15 -20 15 -19 16 -19 16 -19 17 -19 17 -19 18 -19
2025-05-22 14:20:35,CSI_DATA,STA,D8:B1:90:DB:E8:90,-42,11,1,7,0,0,1,1,0,0,1,-93,0,2,0,2062509808,0,110,0,0,169567,256,[110 96 6 0 23 11 23 11 22 10 22 9 22 9 22 8 22 8 21 7 21 6 21 6 21 6 21 5 21 5 21 5 21 5 21 5 20 5 20 5 20 5 19 6 19 6 19 6 18 7 18 7 17 9 0 0 0 0 0 0 0 0 0 0 0 0 0 0 0 0 0 0 0 0 0 0 17 6 16 7 17 8 16 9 17 9 17 10 17 11 17 12 17 12 17 13 18 13 18 13 18 13 18 14 19 13 19 13 19 13 20 13 21 12 21 13 22 12 22 12 22 12 22 12 23 12 23 11 ]
2025-05-22 14:20:36,CSI_DATA,STA,D8:B1:90:DB:E8:90,-42,11,1,7,0,0,1,1,0,0,1,-93,0,2,0,2063528696,0,110,0,0,169568,256,[110 96 6 0 -3 -27 -4 -26 -3 -26 -4 -25 -4 -25 -5 -25 -5 -24 -5 -23 -6 -22 -6 -22 -7 -22 -6 -23 -7 -23 -6 -22 -6 -23 -6 -21 -6 -21 -6 -21 -5 -21 -5 -20 -4 -20 -4 -20 -3 -20 -2 -21 -1 -21 0 0 0 0 0 0 0 0 0 0 0 0 0 0 0 0 0 0 0 0 0 0 -4 -18 -2 -19 -1 -20 -1 -20 0 -20 0 -21 1 -21 1 -22 2 -22 2 -23 2 -24 3 -24 3 -24 3 -24 3 -24 3 -24 3 -24 3 -25 0 -25 0 -25 -1 -26 -1 -27 -1 -26 -1 -26 -1 -26 -2 -2
2025-05-22 14:20:36,CSI_DATA,STA,D8:B1:90:DB:E8:90,-42,11,1,7,0,0,1,1,0,0,1,-93,0,2,0,2064028267,0,110,0,0,169568,256,[110 96 6 0 24 -6 24 -7 23 -6 24 -7 23 -7 22 -8 22 -8 21 -9 21 -9 21 -9 20 -9 20 -9 20 -10 20 -10 20 -10 20 -10 20 -9 19 -9 19 -9 19 -8 19 -8 19 -7 19 -6 19 -5 19 -3 0 0 0 0 0 0 0 0 0 0 0 0 0 0 0 0 0 0 0 0 0 0 18 -4 18 -3 18 -3 18 -2 19 -2 19 -1 21 -1 22 -1 22 -1 22 0 23 0 23 1 23 1 24 1 23 -1 23 -1 23 -2 24 -2 23 -3 24 -4 24 -4 24 -5 25 -5 25 -5 25 -5 25 -5 ]
2025-05-22 14:20:39,CSI_DATA,STA,D8:B1:90:DB:E8:90,-41,11,1,7,0,0,1,1,0,0,1,-95,0,2,0,2067038145,0,110,0,0,169571,256,[110 96 6 0 25 3 25 2 25 2 23 2 23 2 23 1 23 1 22 0 22 0 21 -1 21 -1 21 -2 21 -2 21 -2 21 -2 21 -1 20 -1 20 -1 20 0 20 0 19 1 19 1 19 2 18 2 18 4 0 0 0 0 0 0 0 0 0 0 0 0 0 0 0 0 0 0 0 0 0 0 17 1 17 2 17 3 18 3 18 4 18 4 19 5 20 5 20 7 20 7 21 7 21 7 21 7 22 8 21 7 22 7 21 7 22 7 23 5 23 5 24 5 24 5 24 4 24 3 24 4 25 3 ]
2025-05-22 14:20:40,CSI_DATA,STA,D8:B1:90:DB:E8:90,-41,11,1,7,0,0,1,1,0,0,1,-95,0,2,0,2067538222,0,110,0,0,169572,256,[110 96 6 0 -18 -19 -18 -18 -18 -18 -19 -16 -19 -16 -19 -15 -19 -15 -18 -14 -18 -13 -18 -13 -18 -13 -18 -12 -18 -12 -18 -12 -18 -12 -19 -13 -18 -12 -18 -13 -17 -13 -16 -13 -16 -13 -15 -13 -15 -14 -14 -15 -13 -15 0 0 0 0 0 0 0 0 0 0 0 0 0 0 0 0 0 0 0 0 0 0 -14 -13 -14 -14 -13 -15 -13 -15 -13 -16 -13 -16 -13 -16 -13 -17 -13 -18 -13 -19 -13 -19 -13 -20 -13 -20 -13 -20 -14 -19 -14 -19 -14 -19 -15
2025-05-22 14:20:40,CSI_DATA,STA,D8:B1:90:DB:E8:90,-45,11,1,7,0,0,1,1,0,0,1,-93,0,2,0,2068096895,0,100,0,0,169572,256,[100 -64 5 0 -28 -9 -29 -9 -28 -8 -29 -9 -28 -7 -29 -7 -29 -6 -29 -5 -29 -4 -29 -4 -29 -4 -30 -6 -30 -5 -30 -5 -30 -6 -29 -6 -28 -7 -29 -7 -28 -8 -27 -7 -26 -8 -26 -9 -25 -10 -25 -11 -24 -12 0 0 0 0 0 0 0 0 0 0 0 0 0 0 0 0 0 0 0 0 0 0 15 -4 16 -3 13 -1 14 -1 14 -1 15 -1 17 2 18 2 19 2 19 2 20 4 20 4 21 4 22 3 0 -3 0 -3 0 -2 -1 -2 -16 -12 -16 -12 -18 -11 -18 -12 -25 -9 -25 -9 -26 -9 -26 -9 ]
2025-05-22 14:20:45,CSI_DATA,STA,D8:B1:90:DB:E8:90,-42,11,1,7,0,0,1,1,0,0,1,-93,0,2,0,2072554298,0,110,0,0,169577,256,[110 96 6 0 10 -23 10 -23 10 -22 9 -22 9 -22 8 -22 8 -22 8 -21 7 -21 7 -22 6 -22 6 -22 6 -22 6 -21 6 -21 6 -21 6 -21 6 -20 7 -20 7 -19 7 -19 7 -18 8 -17 9 -17 10 -17 0 0 0 0 0 0 0 0 0 0 0 0 0 0 0 0 0 0 0 0 0 0 7 -17 8 -16 9 -16 10 -17 10 -16 11 -17 11 -18 12 -18 13 -18 13 -19 12 -20 13 -20 13 -20 13 -20 13 -19 13 -19 13 -20 13 -20 13 -21 13 -20 12 -21 13 -21 11 -23 11 -24 11 -24 12 -24 ]
2025-05-22 14:20:45,CSI_DATA,STA,D8:B1:90:DB:E8:90,-43,11,1,7,0,0,1,1,0,0,1,-93,0,2,0,2073055187,0,110,0,0,169577,256,[110 96 6 0 -6 27 -6 26 -5 26 -5 25 -4 25 -4 24 -3 24 -3 24 -3 23 -2 23 -2 23 -1 23 -1 23 -1 23 -1 23 -1 23 -2 22 -2 22 -2 22 -3 21 -3 21 -4 20 -5 20 -5 19 -7 19 0 0 0 0 0 0 0 0 0 0 0 0 0 0 0 0 0 0 0 0 0 0 -2 19 -4 19 -5 19 -5 19 -6 20 -7 20 -7 21 -8 22 -8 22 -9 23 -9 22 -10 23 -10 23 -10 23 -9 23 -9 23 -8 23 -8 24 -7 24 -7 25 -7 26 -7 26 -6 25 -6 26 -6 26 -6 26 ]
2025-05-22 14:20:46,CSI_DATA,STA,D8:B1:90:DB:E8:90,-42,11,1,7,0,0,1,1,0,0,1,-93,0,2,0,2073556793,0,110,0,0,169578,256,[110 96 6 0 -5 -26 -5 -25 -4 -25 -6 -24 -6 -23 -7 -23 -7 -23 -7 -22 -7 -21 -7 -21 -8 -21 -8 -20 -8 -20 -8 -20 -7 -20 -7 -21 -7 -21 -7 -21 -6 -20 -5 -19 -4 -20 -4 -19 -4 -19 -3 -19 -1 -19 0 0 0 0 0 0 0 0 0 0 0 0 0 0 0 0 0 0 0 0 0 0 -5 -17 -4 -18 -3 -19 -2 -19 -2 -19 -1 -20 -1 -21 0 -21 0 -22 0 -22 0 -23 1 -23 1 -23 1 -23 0 -23 0 -23 0 -24 0 -24 -2 -25 -2 -25 -3 -25 -3 -26 -3 -25 -3 -26 -3 -26
2025-05-22 14:20:48,CSI_DATA,STA,D8:B1:90:DB:E8:90,-41,11,1,7,0,0,1,1,0,0,1,-95,0,2,0,2076084907,0,110,0,0,169580,256,[110 96 6 0 -24 -16 -24 -16 -23 -15 -22 -14 -22 -14 -22 -13 -22 -13 -22 -11 -22 -11 -22 -11 -22 -10 -23 -9 -24 -9 -23 -8 -23 -8 -23 -8 -22 -8 -22 -9 -22 -9 -21 -10 -21 -10 -20 -11 -20 -11 -19 -11 -18 -12 0 0 0 0 0 0 0 0 0 0 0 0 0 0 0 0 0 0 0 0 0 0 -18 -11 -17 -12 -17 -13 -17 -13 -17 -14 -17 -15 -17 -15 -17 -16 -17 -16 -17 -17 -17 -18 -18 -18 -17 -18 -18 -18 -19 -18 -19 -18 -19 -18 -19 -18 -20
2025-05-22 14:20:50,CSI_DATA,STA,D8:B1:90:DB:E8:90,-43,11,1,7,0,0,1,1,0,0,1,-93,0,2,0,2078090197,0,110,0,0,169582,256,[110 96 6 0 6 -27 6 -27 5 -26 5 -25 4 -25 4 -25 4 -25 3 -24 3 -24 2 -24 2 -24 2 -23 2 -23 2 -23 2 -23 3 -23 3 -22 4 -22 4 -22 4 -22 4 -22 5 -21 6 -21 6 -20 8 -20 0 0 0 0 0 0 0 0 0 0 0 0 0 0 0 0 0 0 0 0 0 0 5 -19 6 -19 6 -19 7 -19 7 -19 9 -20 9 -20 9 -20 10 -21 10 -21 11 -21 12 -21 11 -21 11 -22 10 -23 10 -24 10 -24 10 -24 9 -24 10 -24 9 -25 9 -25 6 -25 6 -26 6 -26 7 -27 ]
2025-05-22 14:20:52,CSI_DATA,STA,D8:B1:90:DB:E8:90,-47,11,1,7,0,0,1,1,0,0,1,-93,0,2,0,2079590323,0,110,0,0,169584,256,[110 96 6 0 7 -4 7 -5 6 -5 -14 17 -15 15 -16 13 -17 12 -26 11 -27 10 -28 8 -28 6 -28 12 -29 9 -30 7 -29 4 3 17 2 17 0 18 -2 18 -8 -5 -7 -7 -7 -8 -6 -8 -16 15 -17 12 0 0 0 0 0 0 0 0 0 0 0 0 0 0 0 0 0 0 0 0 0 0 29 0 28 3 17 6 16 7 16 10 15 11 16 -13 17 -13 19 -12 20 -11 17 -17 18 -16 20 -15 21 -14 -13 -6 -13 -7 -12 -8 -11 -9 -38 -19 -38 -21 -37 -24 -37 -26 -22 -10 -21 -11 -21 -13 -6 -6 ]
2025-05-22 14:20:53,CSI_DATA,STA,D8:B1:90:DB:E8:90,-41,11,1,7,0,0,1,1,0,0,1,-95,0,2,0,2080599135,0,110,0,0,169585,256,[110 96 6 0 -25 7 -24 7 -24 7 -23 8 -23 8 -22 8 -22 8 -22 9 -21 9 -21 10 -20 10 -19 11 -19 11 -20 11 -19 10 -19 10 -19 10 -19 9 -19 9 -19 9 -19 8 -19 8 -19 7 -19 6 -20 5 0 0 0 0 0 0 0 0 0 0 0 0 0 0 0 0 0 0 0 0 0 0 -17 7 -17 6 -18 4 -19 3 -19 3 -20 3 -20 3 -21 3 -22 3 -22 3 -22 3 -23 2 -23 2 -23 2 -23 2 -24 2 -24 2 -24 3 -23 5 -23 5 -23 6 -24 6 -24 7 -24 7 -24 7 -24 7 ]
2025-05-22 14:20:55,CSI_DATA,STA,D8:B1:90:DB:E8:90,-41,11,1,7,0,0,1,1,0,0,1,-95,0,2,0,2082615394,0,110,0,0,169587,256,[110 96 6 0 -24 6 -24 7 -23 7 -22 7 -22 7 -22 7 -21 7 -21 8 -20 8 -20 9 -20 9 -20 8 -20 8 -20 8 -20 8 -19 8 -19 8 -19 7 -19 7 -19 7 -19 6 -19 6 -18 5 -19 4 -19 3 0 0 0 0 0 0 0 0 0 0 0 0 0 0 0 0 0 0 0 0 0 0 -16 7 -17 5 -17 5 -18 4 -18 4 -19 4 -20 4 -20 4 -21 3 -21 3 -22 4 -22 3 -22 3 -22 3 -23 3 -23 3 -23 3 -24 4 -23 4 -23 4 -23 5 -24 5 -24 6 -24 6 -24 7 -24 7 ]
2025-05-22 14:20:55,CSI_DATA,STA,D8:B1:90:DB:E8:90,-43,11,1,7,0,0,1,1,0,0,1,-93,0,2,0,2083115278,0,110,0,0,169587,256,[110 96 6 0 -6 -28 -6 -27 -6 -27 -6 -26 -7 -25 -7 -25 -7 -25 -8 -24 -8 -24 -8 -23 -8 -23 -8 -23 -8 -23 -8 -23 -8 -23 -8 -22 -7 -22 -7 -22 -7 -22 -6 -22 -6 -22 -5 -21 -5 -21 -3 -21 -1 -21 0 0 0 0 0 0 0 0 0 0 0 0 0 0 0 0 0 0 0 0 0 0 -5 -19 -4 -20 -4 -20 -3 -20 -3 -21 -2 -21 -2 -22 -2 -23 -1 -23 -1 -24 -1 -25 -1 -25 -1 -25 0 -26 -3 -25 -3 -26 -3 -26 -3 -26 -4 -26 -4 -26 -5 -27 -5 -27 -5 -27 -5 -
2025-05-22 14:20:56,CSI_DATA,STA,D8:B1:90:DB:E8:90,-43,11,1,7,0,0,1,1,0,0,1,-93,0,2,0,2083615222,0,110,0,0,169588,256,[110 96 6 0 -8 -26 -8 -25 -8 -25 -8 -24 -9 -24 -9 -23 -10 -23 -10 -22 -10 -22 -10 -21 -10 -21 -10 -21 -10 -20 -11 -21 -10 -20 -11 -20 -10 -19 -10 -19 -10 -19 -9 -19 -9 -19 -8 -19 -7 -19 -7 -20 -6 -20 0 0 0 0 0 0 0 0 0 0 0 0 0 0 0 0 0 0 0 0 0 0 -7 -19 -6 -19 -5 -21 -4 -21 -4 -22 -4 -22 -4 -23 -3 -23 -3 -24 -3 -25 -2 -25 -2 -25 -2 -25 -2 -25 -4 -25 -4 -26 -4 -25 -4 -26 -5 -26 -6 -26 -6 -26 -7 -
2025-05-22 14:20:56,CSI_DATA,STA,D8:B1:90:DB:E8:90,-42,11,1,7,0,0,1,1,0,0,1,-93,0,2,0,2084115209,0,110,0,0,169588,256,[110 96 6 0 18 17 18 16 18 16 17 15 17 15 17 14 17 14 18 12 18 12 18 11 18 11 18 11 18 11 18 11 18 10 17 11 17 11 16 11 16 11 16 11 16 11 15 12 15 12 14 13 12 14 0 0 0 0 0 0 0 0 0 0 0 0 0 0 0 0 0 0 0 0 0 0 13 10 13 11 12 12 11 13 12 14 12 14 12 15 12 16 13 16 13 17 13 17 13 17 13 18 13 18 13 17 14 18 14 17 15 18 14 17 15 18 15 17 16 18 17 18 17 18 18 18 18 16 ]
2025-05-22 14:20:57,CSI_DATA,STA,D8:B1:90:DB:E8:90,-42,11,1,7,0,0,1,1,0,0,1,-93,0,2,0,2084616420,0,110,0,0,169589,256,[110 96 6 0 25 8 24 7 24 7 23 6 23 5 23 5 22 5 22 2 22 2 22 2 21 2 22 1 21 1 22 1 21 1 21 1 20 2 20 2 20 2 19 2 19 2 19 3 18 4 18 5 17 7 0 0 0 0 0 0 0 0 0 0 0 0 0 0 0 0 0 0 0 0 0 0 18 3 17 5 18 5 18 6 19 7 19 7 19 8 19 8 20 9 20 10 20 10 20 11 20 11 21 11 21 11 22 11 21 10 22 11 22 10 23 10 23 10 24 10 23 9 23 9 23 9 24 8 ]
2025-05-22 14:20:57,CSI_DATA,STA,D8:B1:90:DB:E8:90,-42,11,1,7,0,0,1,1,0,0,1,-93,0,2,0,2085128058,0,110,0,0,169589,256,[110 96 6 0 24 -9 24 -9 23 -8 23 -8 22 -9 22 -9 21 -9 20 -9 20 -9 20 -9 20 -10 19 -9 19 -10 19 -10 19 -9 19 -9 19 -9 18 -9 18 -9 18 -8 18 -8 18 -7 18 -6 18 -5 18 -4 0 0 0 0 0 0 0 0 0 0 0 0 0 0 0 0 0 0 0 0 0 0 17 -7 17 -6 18 -5 18 -4 19 -4 20 -3 20 -4 21 -4 21 -3 22 -2 22 -2 23 -2 23 -2 23 -2 23 -2 23 -2 23 -2 24 -2 24 -4 24 -5 24 -5 25 -5 24 -6 25 -6 25 -6 24 -7 ]
2025-05-22 14:20:58,CSI_DATA,STA,D8:B1:90:DB:E8:90,-42,11,1,7,0,0,1,1,0,0,1,-93,0,2,0,2085622131,0,110,0,0,169590,256,[110 96 6 0 -19 -22 -19 -21 -18 -20 -19 -19 -19 -18 -19 -18 -19 -17 -19 -16 -19 -15 -19 -15 -19 -15 -18 -15 -18 -15 -18 -14 -18 -15 -18 -14 -18 -15 -18 -15 -17 -15 -16 -14 -16 -15 -15 -14 -15 -15 -14 -16 -13 -17 0 0 0 0 0 0 0 0 0 0 0 0 0 0 0 0 0 0 0 0 0 0 -15 -15 -14 -17 -13 -17 -13 -18 -13 -18 -13 -20 -13 -20 -13 -21 -12 -21 -13 -22 -14 -22 -14 -22 -14 -22 -14 -23 -14 -22 -14 -22 -15 -22 -15
2025-05-22 14:20:59,CSI_DATA,STA,D8:B1:90:DB:E8:90,-43,11,1,6,0,0,1,0,0,0,1,-93,0,2,0,2087123694,0,110,0,0,169591,256,[110 96 6 0 20 -33 19 -30 17 -26 13 -23 8 -18 2 -15 -4 -12 -11 -9 -17 -7 -23 -5 -29 -4 -33 -4 -35 -3 -36 -3 -37 -4 -35 -4 -33 -3 -30 -3 -26 -2 -22 0 -17 2 -13 4 -9 7 -6 8 -4 10 0 0 0 0 0 0 0 0 0 0 0 0 0 0 0 0 0 0 0 0 0 0 -23 -9 -21 -9 -16 -8 -14 -6 -11 -3 -8 1 -7 6 -5 11 -5 16 -6 20 -7 24 -8 27 -10 28 -12 27 -13 26 -14 22 -14 18 -13 13 -12 6 -10 0 -7 -8 -3 -14 0 -21 5 -26 10 -30 15 -33 ]
2025-05-22 14:21:00,CSI_DATA,STA,D8:B1:90:DB:E8:90,-42,11,1,6,0,0,1,0,0,0,1,-93,0,2,0,2087624504,0,110,0,0,169592,256,[110 96 6 0 27 -6 27 -7 26 -6 26 -7 25 -7 25 -7 24 -7 23 -9 22 -9 22 -9 22 -9 21 -10 21 -10 21 -10 21 -10 21 -10 21 -10 21 -9 21 -9 21 -8 21 -8 21 -7 21 -6 20 -5 21 -4 0 0 0 0 0 0 0 0 0 0 0 0 0 0 0 0 0 0 0 0 0 0 19 -7 20 -6 19 -5 20 -5 21 -4 22 -4 22 -3 23 -3 23 -2 24 -2 25 -3 25 -3 26 -2 26 -2 25 -2 25 -2 25 -3 26 -3 26 -4 26 -4 26 -5 27 -5 26 -6 27 -6 27 -6 27 -6 ]
2025-05-22 14:21:00,CSI_DATA,STA,D8:B1:90:DB:E8:90,-42,11,1,7,0,0,1,0,0,0,0,-93,0,2,0,2088122666,0,110,0,0,169592,256,[110 96 6 0 -24 14 -24 14 -23 14 -23 14 -22 14 -22 14 -21 14 -19 14 -19 14 -19 14 -19 14 -19 14 -18 14 -19 14 -18 14 -18 14 -18 14 -18 13 -18 13 -18 12 -18 12 -18 11 -19 10 -19 9 -19 8 0 0 0 0 0 0 0 0 0 0 0 0 0 0 0 0 0 0 0 0 0 0 -16 12 -17 11 -19 10 -19 9 -20 9 -21 9 -21 9 -22 9 -22 9 -23 8 -24 9 -24 8 -24 8 -25 8 -24 9 -25 9 -24 9 -25 10 -25 10 -25 10 -25 11 -25 11 -24 13 -24 13 -24 13 -24 1
2025-05-22 14:21:01,CSI_DATA,STA,D8:B1:90:DB:E8:90,-42,11,1,5,0,0,1,0,0,0,1,-93,0,2,0,2088622736,0,110,0,0,169593,256,[110 96 6 0 26 -7 26 -7 26 -7 25 -8 25 -7 24 -8 24 -8 23 -9 22 -10 22 -10 22 -10 21 -9 21 -9 21 -9 21 -9 22 -9 21 -9 21 -9 21 -8 21 -8 21 -8 20 -7 21 -7 21 -5 21 -4 0 0 0 0 0 0 0 0 0 0 0 0 0 0 0 0 0 0 0 0 0 0 18 -8 19 -7 19 -7 20 -6 21 -6 21 -5 22 -6 23 -5 24 -5 24 -5 25 -4 25 -4 25 -4 26 -4 25 -3 25 -4 25 -4 26 -4 26 -5 26 -5 26 -5 27 -6 26 -6 27 -6 27 -6 27 -7 ]
2025-05-22 14:21:05,CSI_DATA,STA,D8:B1:90:DB:E8:90,-43,11,1,6,0,0,1,0,0,0,1,-93,0,2,0,2092639419,0,110,0,0,169597,256,[110 96 6 0 -38 13 -35 12 -31 10 -25 10 -18 10 -11 10 -3 10 4 11 11 12 17 13 23 15 28 16 31 17 32 17 33 17 32 16 30 15 27 13 24 10 20 7 17 3 13 0 10 -3 7 -6 5 -9 0 0 0 0 0 0 0 0 0 0 0 0 0 0 0 0 0 0 0 0 0 0 4 24 2 22 0 19 1 15 2 10 4 5 7 1 11 -4 15 -7 19 -10 23 -12 26 -12 28 -12 29 -11 29 -9 27 -6 24 -3 19 0 14 3 8 7 0 10 -7 13 -14 16 -21 16 -28 17 -33 16 ]
2025-05-22 14:21:08,CSI_DATA,STA,D8:B1:90:DB:E8:90,-43,11,1,6,0,0,1,0,0,0,1,-93,0,2,0,2095659203,0,110,0,0,169600,256,[110 96 6 0 -15 39 -14 36 -13 31 -9 27 -4 21 1 15 6 8 12 2 17 -3 22 -8 27 -12 31 -15 33 -18 34 -19 34 -20 33 -20 31 -19 27 -18 22 -16 17 -15 12 -14 7 -12 2 -11 -2 -10 -6 -9 0 0 0 0 0 0 0 0 0 0 0 0 0 0 0 0 0 0 0 0 0 0 17 19 14 18 11 16 9 12 8 7 7 1 7 -4 7 -10 8 -16 9 -21 12 -25 14 -28 16 -29 18 -29 18 -27 18 -23 18 -19 16 -13 15 -7 13 0 10 8 6 15 3 23 -1 29 -6 34 -10 39 ]
2025-05-22 14:21:09,CSI_DATA,STA,D8:B1:90:DB:E8:90,-43,11,1,6,0,0,1,0,0,0,1,-93,0,2,0,2096676105,0,110,0,0,169601,256,[110 96 6 0 -37 11 -35 10 -31 9 -25 8 -18 9 -12 9 -4 10 3 13 9 14 15 16 20 19 24 21 27 22 28 23 28 23 27 23 25 21 23 18 20 14 18 11 15 7 12 3 11 -1 9 -4 8 -7 0 0 0 0 0 0 0 0 0 0 0 0 0 0 0 0 0 0 0 0 0 0 10 21 7 20 5 16 5 13 5 9 6 3 8 -1 10 -6 14 -10 17 -13 21 -15 24 -16 26 -15 27 -14 27 -12 25 -9 22 -6 18 -2 13 1 7 5 0 9 -7 12 -14 14 -21 15 -28 15 -33 15 ]
2025-05-22 14:21:13,CSI_DATA,STA,D8:B1:90:DB:E8:90,-43,11,1,7,0,0,1,0,0,0,1,-93,0,2,0,2101221726,0,110,0,0,169605,256,[110 96 6 0 8 -37 8 -36 7 -30 5 -26 0 -20 -3 -15 -8 -9 -13 -5 -18 0 -23 3 -27 7 -30 9 -34 11 -34 11 -35 11 -33 11 -32 11 -28 10 -23 10 -20 10 -15 9 -10 9 -6 10 -3 10 1 11 0 0 0 0 0 0 0 0 0 0 0 0 0 0 0 0 0 0 0 0 0 0 -24 -1 -22 -3 -18 -3 -15 -2 -11 0 -8 3 -5 7 -2 11 1 16 1 20 1 25 1 28 0 29 -2 29 -3 28 -6 25 -7 22 -8 16 -9 10 -9 3 -9 -5 -7 -12 -6 -19 -4 -25 -1 -31 3 -36 ]
2025-05-22 14:21:14,CSI_DATA,STA,D8:B1:90:DB:E8:90,-43,11,1,6,0,0,1,0,0,0,1,-93,0,2,0,2101718282,0,110,0,0,169606,256,[110 96 6 0 -21 -34 -19 -32 -16 -28 -15 -23 -13 -16 -12 -10 -11 -2 -12 6 -11 13 -12 19 -12 25 -13 30 -13 33 -13 34 -13 34 -12 33 -11 31 -10 28 -7 24 -5 21 -2 17 1 13 4 9 7 7 9 4 0 0 0 0 0 0 0 0 0 0 0 0 0 0 0 0 0 0 0 0 0 0 -23 10 -21 7 -19 5 -15 5 -11 5 -5 6 -1 8 4 10 9 13 12 16 14 19 16 23 16 25 15 26 14 26 10 25 6 22 3 18 -2 14 -6 8 -11 2 -15 -4 -18 -11 -21 -17 -23 -24 -22 -29 ]
2025-05-22 14:21:14,CSI_DATA,STA,D8:B1:90:DB:E8:90,-43,11,1,6,0,0,1,0,0,0,1,-93,0,2,0,2102218779,0,110,0,0,169606,256,[110 96 6 0 25 -9 24 -9 24 -9 22 -9 22 -10 21 -10 21 -10 21 -11 20 -11 20 -12 20 -12 19 -12 19 -12 19 -12 19 -12 20 -12 19 -11 19 -11 19 -11 19 -10 19 -10 19 -9 19 -9 18 -8 19 -6 0 0 0 0 0 0 0 0 0 0 0 0 0 0 0 0 0 0 0 0 0 0 18 -9 18 -7 18 -7 19 -6 19 -6 20 -5 21 -6 22 -6 23 -5 23 -5 23 -5 23 -5 23 -5 24 -5 24 -5 24 -5 23 -5 24 -6 24 -7 24 -7 24 -8 25 -8 25 -8 25 -8 26 -9 25 -9 ]
2025-05-22 14:21:16,CSI_DATA,STA,D8:B1:90:DB:E8:90,-49,11,1,7,0,0,1,0,0,0,1,-93,0,2,0,2104246443,0,110,0,0,169608,256,[110 96 6 0 -1 -16 -1 -16 1 -15 8 -24 9 -22 10 -22 10 -21 9 -27 10 -27 11 -26 13 -25 -25 -7 -25 -7 -24 -7 -25 -8 -30 -6 -30 -7 -29 -8 -29 -10 -30 -7 -29 -9 -28 -10 -27 -13 -25 -5 -24 -8 0 0 0 0 0 0 0 0 0 0 0 0 0 0 0 0 0 0 0 0 0 0 -13 12 -15 11 -11 15 -12 14 -14 13 -15 13 -11 11 -12 11 -13 10 -14 9 -4 6 -5 5 -6 5 -6 5 -16 9 -17 7 -17 6 -18 5 -16 5 -17 4 -18 3 -18 2 -18 -3 -19 -4 -19 -6 8 -6 ]
2025-05-22 14:21:17,CSI_DATA,STA,D8:B1:90:DB:E8:90,-43,11,1,7,0,0,1,0,0,0,1,-93,0,2,0,2105269140,0,110,0,0,169609,256,[110 96 6 0 -10 -25 -11 -25 -10 -24 -11 -24 -11 -23 -12 -22 -12 -22 -12 -21 -12 -20 -13 -20 -13 -19 -14 -20 -14 -20 -14 -19 -14 -19 -13 -19 -13 -18 -13 -18 -12 -18 -12 -18 -11 -18 -11 -18 -11 -18 -10 -19 -8 -20 0 0 0 0 0 0 0 0 0 0 0 0 0 0 0 0 0 0 0 0 0 0 -9 -18 -9 -19 -8 -19 -8 -20 -7 -20 -7 -21 -6 -21 -6 -22 -6 -22 -6 -23 -6 -23 -6 -24 -6 -24 -6 -24 -6 -24 -6 -24 -6 -24 -6 -24 -8 -25 -8 -25
2025-05-22 14:21:18,CSI_DATA,STA,D8:B1:90:DB:E8:90,-42,11,1,7,0,0,1,0,0,0,1,-93,0,2,0,2105805661,0,110,0,0,169610,256,[110 96 6 0 -21 19 -20 19 -20 19 -18 19 -17 19 -17 19 -16 19 -15 19 -15 19 -15 19 -14 18 -13 19 -13 19 -13 20 -13 19 -13 18 -13 18 -13 17 -13 17 -14 17 -14 16 -15 16 -15 15 -16 14 -17 13 0 0 0 0 0 0 0 0 0 0 0 0 0 0 0 0 0 0 0 0 0 0 -13 15 -14 14 -16 14 -17 13 -18 13 -18 13 -19 14 -20 14 -20 14 -21 13 -22 14 -23 13 -23 13 -23 13 -21 13 -22 14 -22 14 -22 14 -22 15 -22 15 -22 16 -22 16 -21 18 -21
2025-05-22 14:21:18,CSI_DATA,STA,D8:B1:90:DB:E8:90,-42,11,1,7,0,0,1,0,0,0,1,-94,0,2,0,2106310681,0,110,0,0,169610,256,[110 96 6 0 7 -26 7 -26 7 -26 5 -24 4 -24 4 -24 4 -24 3 -24 3 -24 2 -24 1 -23 1 -23 0 -23 1 -23 1 -22 1 -23 1 -23 1 -22 2 -22 2 -22 2 -21 2 -21 3 -21 4 -21 5 -20 0 0 0 0 0 0 0 0 0 0 0 0 0 0 0 0 0 0 0 0 0 0 2 -21 3 -21 4 -21 5 -21 5 -21 6 -21 7 -22 7 -23 8 -23 8 -23 8 -23 9 -23 9 -23 9 -24 9 -24 9 -24 9 -24 9 -25 8 -24 7 -25 7 -25 8 -26 7 -26 7 -26 7 -26 7 -27 ]
2025-05-22 14:21:20,CSI_DATA,STA,D8:B1:90:DB:E8:90,-49,11,1,7,0,0,1,1,0,0,1,-93,0,2,0,2107839567,0,110,0,0,169612,256,[110 96 6 0 18 22 18 21 18 21 18 20 17 20 17 19 17 18 17 18 17 17 17 16 17 16 17 15 16 15 16 15 15 15 15 14 14 14 14 13 13 13 12 12 12 12 11 11 10 11 10 11 9 11 0 0 0 0 0 0 0 0 0 0 0 0 0 0 0 0 0 0 0 0 0 0 12 10 12 11 12 12 12 12 12 13 12 14 12 15 13 16 13 17 13 17 14 18 14 19 13 19 14 19 14 19 14 19 14 20 15 20 16 20 16 20 17 20 17 21 18 21 18 21 19 21 18 21 ]
2025-05-22 14:21:20,CSI_DATA,STA,D8:B1:90:DB:E8:90,-49,11,1,7,0,0,1,1,0,0,1,-93,0,2,0,2108318159,0,110,0,0,169612,256,[110 96 6 0 -34 5 -33 7 -31 8 -23 8 -23 9 -22 10 -22 11 -30 14 -28 16 -28 17 -27 19 -22 13 -21 14 -21 14 -20 15 -27 18 -25 18 -24 18 -23 18 -8 1 -8 1 -7 0 -7 0 -13 19 -13 19 0 0 0 0 0 0 0 0 0 0 0 0 0 0 0 0 0 0 0 0 0 0 -5 -16 -4 -17 -12 -20 -12 -21 -12 -21 -14 -22 -9 -11 -10 -11 -10 -11 -10 -12 15 -8 15 -9 14 -10 13 -11 6 17 7 18 7 17 8 17 10 13 11 13 11 13 12 12 -13 3 -14 4 -14 5 -13 -3 ]
2025-05-22 14:21:26,CSI_DATA,STA,D8:B1:90:DB:E8:90,-41,11,1,7,0,0,1,0,0,0,0,-95,0,2,0,2113868445,0,110,0,0,169618,256,[110 96 6 0 -28 3 -27 3 -27 2 -26 5 -28 4 -26 2 -27 2 -25 3 -23 4 -22 5 -24 6 -22 5 -22 6 -21 7 -21 8 -23 7 -23 7 -24 6 -22 4 -23 3 -22 2 -21 3 -20 1 -19 3 -20 1 0 0 0 0 0 0 0 0 0 0 0 0 0 0 0 0 0 0 0 0 0 0 -20 1 -19 0 -21 -2 -20 -1 -22 -2 -24 -3 -26 -4 -24 -5 -24 -6 -23 -6 -23 -6 -24 -4 -24 -5 -25 -3 -25 -4 -27 -2 -26 -2 -27 -3 -27 -2 -28 -3 -27 -3 -27 -3 -26 -2 -26 -1 -27 0 -26 0 ]
2025-05-22 14:21:30,CSI_DATA,STA,D8:B1:90:DB:E8:90,-41,11,1,6,0,0,1,0,0,0,1,-95,0,2,0,2117896605,0,110,0,0,169622,256,[110 96 6 0 24 10 24 10 24 9 24 9 24 8 24 7 23 6 23 6 23 5 22 5 23 4 22 5 22 5 22 5 22 5 22 5 22 5 22 5 21 5 21 5 20 6 20 6 20 7 19 8 18 9 0 0 0 0 0 0 0 0 0 0 0 0 0 0 0 0 0 0 0 0 0 0 18 7 18 8 17 9 18 10 18 10 18 11 18 11 19 12 19 13 19 13 19 13 20 14 20 14 20 14 21 14 20 14 21 14 21 14 22 12 22 12 23 11 24 12 24 11 24 11 25 11 25 10 ]
2025-05-22 14:21:31,CSI_DATA,STA,D8:B1:90:DB:E8:90,-45,11,1,6,0,0,1,0,0,0,1,-95,0,2,0,2118898049,0,110,0,0,169623,256,[110 96 6 0 -30 -5 -30 -5 -30 -5 -29 -5 -29 -5 -29 -5 -29 -5 -30 -5 -30 -5 -30 -5 -31 -5 -32 -4 -32 -4 -32 -4 -31 -5 -32 -6 -31 -6 -30 -8 -30 -8 -27 -9 -26 -10 -26 -11 -25 -12 -21 -13 -19 -15 0 0 0 0 0 0 0 0 0 0 0 0 0 0 0 0 0 0 0 0 0 0 -1 -1 -1 -2 -1 -3 -1 -3 -1 -4 -1 -3 -4 -14 -4 -14 -3 -15 -3 -16 -1 11 -1 12 -2 12 -2 12 1 -20 1 -20 1 -21 1 -22 -16 -17 -16 -17 -17 -17 -18 -18 24 11 24 12 25
2025-05-22 14:21:35,CSI_DATA,STA,D8:B1:90:DB:E8:90,-41,11,1,6,0,0,1,0,0,0,1,-95,0,2,0,2122973432,0,110,0,0,169627,256,[110 96 6 0 -19 17 -19 18 -18 17 -17 18 -17 18 -17 18 -16 18 -14 19 -14 19 -14 19 -13 19 -13 19 -13 19 -13 19 -13 19 -14 18 -14 18 -14 17 -14 17 -14 16 -14 16 -14 15 -15 15 -16 14 -17 13 0 0 0 0 0 0 0 0 0 0 0 0 0 0 0 0 0 0 0 0 0 0 -13 15 -14 14 -15 13 -16 13 -17 13 -18 13 -18 12 -19 13 -20 12 -20 12 -22 13 -22 13 -22 13 -23 13 -21 14 -21 15 -21 15 -21 15 -20 16 -20 16 -20 17 -20 18 -20 18 -20
2025-05-22 14:21:41,CSI_DATA,STA,D8:B1:90:DB:E8:90,-41,11,1,6,0,0,1,0,0,0,1,-95,0,2,0,2129032690,0,110,0,0,169633,256,[110 96 6 0 17 -19 17 -19 17 -19 15 -21 15 -20 14 -20 14 -20 13 -20 12 -20 12 -20 11 -20 11 -20 11 -20 11 -20 11 -20 11 -20 11 -19 11 -19 11 -18 12 -18 12 -17 12 -16 13 -16 14 -16 15 -15 0 0 0 0 0 0 0 0 0 0 0 0 0 0 0 0 0 0 0 0 0 0 11 -15 12 -15 13 -15 14 -15 15 -15 16 -15 16 -14 17 -15 18 -14 18 -14 19 -15 20 -15 20 -15 20 -15 19 -14 19 -15 19 -15 20 -15 18 -17 19 -17 18 -18 19 -18 18 -19 18
2025-05-22 14:21:45,CSI_DATA,STA,D8:B1:90:DB:E8:90,-42,11,1,6,0,0,1,0,0,0,1,-95,0,2,0,2132569806,0,110,0,0,169637,256,[110 96 6 0 -30 31 -28 28 -25 24 -20 21 -13 17 -7 15 1 12 9 10 16 8 22 7 29 7 34 6 37 6 39 6 39 6 38 6 35 5 31 4 27 3 23 0 18 -2 14 -5 9 -7 6 -9 3 -11 0 0 0 0 0 0 0 0 0 0 0 0 0 0 0 0 0 0 0 0 0 0 20 16 17 16 14 14 11 11 9 6 8 1 8 -4 8 -10 10 -15 11 -20 14 -24 16 -26 19 -27 20 -26 21 -24 21 -20 19 -16 17 -10 14 -4 10 2 6 9 0 16 -6 22 -12 26 -18 30 -23 32 ]
2025-05-22 14:21:56,CSI_DATA,STA,D8:B1:90:DB:E8:90,-41,11,1,5,0,0,1,0,0,0,1,-94,0,2,0,2144236546,0,110,0,0,169648,256,[110 96 6 0 -5 -26 -5 -26 -5 -25 -6 -24 -6 -23 -6 -23 -6 -23 -7 -22 -8 -22 -8 -21 -8 -21 -9 -20 -9 -20 -9 -20 -9 -20 -9 -21 -8 -20 -8 -20 -8 -20 -7 -20 -7 -20 -6 -20 -6 -19 -5 -20 -4 -20 0 0 0 0 0 0 0 0 0 0 0 0 0 0 0 0 0 0 0 0 0 0 -7 -18 -5 -18 -5 -19 -4 -19 -4 -20 -3 -20 -4 -21 -3 -22 -3 -22 -3 -23 -2 -23 -2 -23 -2 -24 -2 -24 -2 -24 -3 -24 -3 -24 -3 -24 -3 -24 -4 -24 -4 -25 -4 -25 -5 -26 -5
2025-05-22 14:21:57,CSI_DATA,STA,D8:B1:90:DB:E8:90,-42,11,1,6,0,0,1,0,0,0,1,-94,0,2,0,2144463052,0,100,0,0,169649,256,[100 -64 5 0 38 10 34 9 30 8 25 5 19 1 14 -3 8 -8 2 -13 -3 -18 -8 -22 -12 -27 -15 -30 -17 -32 -18 -34 -18 -33 -18 -32 -16 -29 -16 -26 -14 -22 -13 -17 -12 -13 -11 -7 -10 -2 -10 2 -9 5 0 0 0 0 0 0 0 0 0 0 0 0 0 0 0 0 0 0 0 0 0 0 10 -21 10 -18 9 -15 6 -12 2 -10 -2 -8 -7 -6 -13 -5 -18 -5 -23 -5 -27 -6 -29 -8 -31 -9 -31 -11 -29 -12 -26 -13 -22 -13 -16 -13 -9 -12 -2 -11 6 -10 13 -8 20 -6 26 -2 32 1
2025-05-22 14:22:00,CSI_DATA,STA,D8:B1:90:DB:E8:90,-42,11,1,6,0,0,1,0,0,0,1,-94,0,2,0,2147746918,0,110,0,0,169652,256,[110 96 6 0 18 -35 17 -30 16 -27 11 -23 6 -20 0 -17 -7 -14 -13 -12 -19 -11 -25 -10 -30 -10 -33 -10 -35 -10 -36 -11 -35 -11 -34 -11 -31 -10 -28 -8 -23 -6 -20 -3 -16 -1 -12 3 -10 6 -8 9 -6 11 0 0 0 0 0 0 0 0 0 0 0 0 0 0 0 0 0 0 0 0 0 0 -23 2 -20 1 -18 1 -14 1 -11 4 -8 6 -5 11 -3 14 -2 19 -2 23 -3 26 -4 28 -6 28 -8 27 -8 25 -10 22 -11 17 -11 12 -11 5 -9 -1 -8 -9 -4 -16 -1 -23 4 -28 8 -32 13 -35
2025-05-22 14:22:00,CSI_DATA,STA,D8:B1:90:DB:E8:90,-42,11,1,6,0,0,1,0,0,0,1,-94,0,2,0,2148244448,0,110,0,0,169652,256,[110 96 6 0 -39 0 -37 -1 -33 -1 -28 0 -23 3 -18 6 -12 10 -8 15 -4 19 -1 24 2 28 3 32 3 35 3 35 2 36 2 34 1 32 1 28 2 24 3 20 4 16 6 12 8 9 10 6 12 4 0 0 0 0 0 0 0 0 0 0 0 0 0 0 0 0 0 0 0 0 0 0 21 10 18 11 15 9 13 7 11 4 11 0 11 -4 12 -9 14 -12 16 -16 19 -18 21 -19 23 -18 24 -16 24 -14 22 -10 20 -6 15 -2 10 1 4 5 -3 8 -11 10 -18 11 -24 11 -31 10 -36 7 ]
2025-05-22 14:22:04,CSI_DATA,STA,D8:B1:90:DB:E8:90,-42,11,1,7,0,0,1,0,0,0,1,-94,0,2,0,2151831536,0,110,0,0,169656,256,[110 96 6 0 19 -39 19 -35 17 -31 13 -27 8 -23 2 -19 -4 -15 -12 -12 -18 -10 -24 -8 -30 -7 -34 -6 -37 -5 -39 -6 -39 -6 -38 -6 -35 -6 -32 -6 -27 -4 -23 -2 -18 0 -14 3 -11 5 -8 8 -5 10 0 0 0 0 0 0 0 0 0 0 0 0 0 0 0 0 0 0 0 0 0 0 -27 0 -24 -1 -21 -2 -17 -1 -13 2 -10 5 -7 10 -4 15 -3 19 -3 24 -4 28 -5 30 -6 32 -8 32 -10 29 -11 26 -12 21 -12 15 -12 8 -10 0 -8 -8 -5 -16 -2 -24 3 -29 7 -34 13 -39 ]
2025-05-22 14:22:05,CSI_DATA,STA,D8:B1:90:DB:E8:90,-42,11,1,6,0,0,1,0,0,0,1,-94,0,2,0,2152833697,0,110,0,0,169657,256,[110 96 6 0 -35 7 -33 6 -29 5 -25 5 -19 6 -13 8 -7 10 -2 12 4 15 8 18 12 21 15 23 17 25 17 26 17 27 16 25 16 24 14 21 13 18 12 14 11 10 10 6 9 2 9 -1 10 -3 0 0 0 0 0 0 0 0 0 0 0 0 0 0 0 0 0 0 0 0 0 0 13 16 11 16 9 13 8 10 7 6 8 2 9 -2 11 -7 14 -10 16 -13 19 -14 22 -15 24 -15 24 -14 24 -12 22 -8 20 -5 16 -2 12 1 6 5 -1 8 -7 10 -14 12 -20 12 -26 12 -31 11 ]
2025-05-22 14:22:15,CSI_DATA,STA,D8:B1:90:DB:E8:90,-41,11,1,6,0,0,1,0,0,0,1,-94,0,2,0,2163399896,0,110,0,0,169667,256,[110 96 6 0 24 7 24 6 23 6 23 5 22 5 22 4 22 4 22 2 22 1 22 1 22 1 21 1 21 1 21 1 21 1 21 0 20 1 20 1 20 1 20 2 20 2 19 3 19 3 18 4 18 6 0 0 0 0 0 0 0 0 0 0 0 0 0 0 0 0 0 0 0 0 0 0 18 3 18 4 17 5 17 6 18 6 18 7 18 8 19 9 19 9 20 9 21 9 21 10 21 10 21 10 21 10 21 10 21 10 22 10 22 9 22 9 22 8 23 8 23 8 24 8 24 8 24 6 ]
