2025-04-02 16:18:06,CSI_DATA,STA,D8:B1:90:DB:E8:90,-45,11,1,7,0,0,1,1,0,0,1,-94,0,3,0,54155778,0,110,0,0,94543.8,256,[110 96 6 0 21 5 19 5 18 5 21 -12 21 -12 20 -11 20 -12 16 -16 15 -16 15 -17 14 -16 18 -16 18 -16 18 -17 17 -16 17 -19 17 -19 17 -18 17 -18 16 -15 16 -14 16 -14 16 -13 19 -10 20 -8 0 0 0 0 0 0 0 0 0 0 0 0 0 0 0 0 0 0 0 0 0 0 13 -12 15 -10 15 -13 15 -12 16 -12 17 -11 19 -10 20 -9 20 -8 21 -7 22 -11 22 -10 22 -9 22 -9 22 -9 23 -9 22 -9 22 -9 23 -11 22 -10 22 -11 23 -10 18 -15 18 -15 17 -15 17 5 ]
2025-04-02 16:18:06,CSI_DATA,STA,D8:B1:90:DB:E8:90,-41,11,1,7,0,0,1,1,0,0,1,-94,0,3,0,54655816,0,110,0,0,94544.3,256,[110 96 6 0 -11 -22 -12 -22 -12 -21 -12 -21 -13 -20 -13 -20 -13 -19 -13 -18 -13 -18 -14 -18 -14 -18 -14 -18 -15 -18 -15 -17 -14 -18 -13 -17 -13 -18 -13 -18 -12 -18 -12 -18 -12 -18 -11 -18 -10 -18 -8 -19 -7 -19 0 0 0 0 0 0 0 0 0 0 0 0 0 0 0 0 0 0 0 0 0 0 -11 -20 -9 -21 -8 -22 -7 -23 -6 -23 -6 -23 -6 -24 -5 -24 -5 -25 -5 -25 -4 -26 -4 -26 -4 -26 -4 -25 -5 -25 -5 -25 -5 -24 -6 -24 -7 -24 -8 -23 -
2025-04-02 16:18:11,CSI_DATA,STA,D8:B1:90:DB:E8:90,-46,11,1,7,0,0,1,1,0,0,1,-95,0,3,0,59156370,0,110,0,0,94548.8,256,[110 96 6 0 25 11 25 11 24 12 -15 33 -15 32 -15 32 -15 32 30 -12 31 -12 31 -12 31 -11 31 -5 32 -5 32 -4 33 -3 -17 -12 -16 -12 -14 -13 -13 -13 -17 1 -17 1 -17 0 -17 -1 13 23 11 24 0 0 0 0 0 0 0 0 0 0 0 0 0 0 0 0 0 0 0 0 0 0 -12 -8 -11 -9 4 -5 4 -5 4 -4 4 -4 -10 10 -10 10 -11 10 -11 10 -15 -5 -14 -6 -14 -6 -15 -6 -11 -15 -11 -15 -11 -14 -10 -14 0 -17 0 -16 -1 -16 -1 -16 3 26 3 26 2 26 15 -4 ]
2025-04-02 16:18:11,CSI_DATA,STA,D8:B1:90:DB:E8:90,-40,11,1,7,0,0,1,1,0,0,1,-95,0,3,0,59664978,0,110,0,0,94549.3,256,[110 96 6 0 -5 20 -5 20 -5 19 -3 21 -3 21 -3 20 -2 20 -2 20 -1 19 -1 20 0 19 -1 19 -1 21 0 19 -1 20 -2 18 -1 19 -2 18 -2 18 -2 17 -3 17 -3 17 -4 17 -5 17 -6 17 0 0 0 0 0 0 0 0 0 0 0 0 0 0 0 0 0 0 0 0 0 0 -4 19 -6 18 -7 18 -8 19 -8 19 -9 19 -9 19 -10 19 -11 19 -10 19 -10 20 -11 19 -11 19 -12 19 -11 19 -10 19 -10 19 -9 19 -8 19 -8 20 -8 20 -7 20 -6 20 -6 21 -6 22 -5 21 ]
2025-04-02 16:18:17,CSI_DATA,STA,D8:B1:90:DB:E8:90,-42,11,1,7,0,0,1,1,0,0,1,-93,0,3,0,65179568,0,110,0,0,94554.8,256,[110 96 6 0 -19 -20 -19 -19 -18 -18 -19 -18 -19 -17 -20 -17 -20 -16 -20 -16 -20 -15 -20 -15 -21 -15 -20 -15 -20 -15 -20 -15 -20 -15 -20 -15 -20 -15 -20 -15 -19 -15 -18 -15 -18 -15 -17 -16 -16 -16 -15 -17 -14 -18 0 0 0 0 0 0 0 0 0 0 0 0 0 0 0 0 0 0 0 0 0 0 -18 -18 -16 -19 -15 -20 -14 -21 -14 -22 -14 -22 -13 -22 -13 -23 -13 -23 -12 -24 -12 -25 -12 -25 -12 -25 -11 -25 -13 -25 -13 -24 -13 -24 -14
2025-04-02 16:18:17,CSI_DATA,STA,D8:B1:90:DB:E8:90,-41,9,0,0,0,0,0,0,0,0,0,-95,0,3,0,65677825,0,110,0,0,94555.3,128,[110 96 6 0 23 18 21 16 19 13 17 9 16 5 15 0 15 -5 16 -9 16 -14 16 -18 17 -22 18 -23 19 -25 19 -25 19 -25 19 -25 18 -23 16 -22 14 -20 12 -18 10 -17 8 -15 5 -13 3 -11 0 -10 0 0 0 0 0 0 0 0 0 0 0 0 0 0 0 0 0 0 0 0 0 0 -13 -19 -10 -18 -8 -16 -7 -12 -8 -8 -9 -4 -12 0 -16 3 -20 4 -24 5 -26 4 -28 2 -29 0 -28 -2 -25 -4 -22 -6 -17 -7 -11 -8 -5 -7 1 -5 7 -3 13 0 18 3 21 7 24 11 25 14 ]
2025-04-02 16:18:19,CSI_DATA,STA,D8:B1:90:DB:E8:90,-41,13,0,0,0,0,0,0,0,0,0,-95,0,3,0,67185188,0,110,0,0,94556.8,128,[110 96 6 0 -8 -33 -7 -31 -7 -26 -8 -22 -10 -17 -14 -12 -17 -7 -21 -3 -24 0 -28 3 -31 5 -33 7 -35 7 -35 7 -36 7 -35 7 -34 6 -31 6 -28 6 -26 6 -22 6 -19 7 -16 7 -13 8 -10 8 0 0 0 0 0 0 0 0 0 0 0 0 0 0 0 0 0 0 0 0 0 0 2 25 -1 22 -1 17 0 14 3 10 7 7 12 6 16 5 21 6 24 7 27 10 28 13 27 15 25 16 21 17 16 17 11 15 6 11 0 7 -4 1 -9 -5 -11 -12 -13 -17 -14 -23 -14 -28 -12 -33 ]
2025-04-02 16:18:20,CSI_DATA,STA,D8:B1:90:DB:E8:90,-41,8,0,0,0,0,0,0,0,0,0,-95,0,3,0,68697797,0,110,0,0,94558.3,128,[110 96 6 0 18 24 17 23 15 19 15 15 15 10 15 6 17 0 19 -3 20 -8 23 -10 25 -13 26 -15 28 -16 28 -15 29 -15 28 -14 27 -14 25 -13 23 -12 20 -12 18 -11 14 -11 12 -11 10 -11 8 -11 0 0 0 0 0 0 0 0 0 0 0 0 0 0 0 0 0 0 0 0 0 0 -22 -13 -18 -14 -12 -13 -12 -9 -10 -7 -10 -1 -14 3 -16 5 -20 8 -23 9 -26 7 -28 6 -29 4 -28 2 -26 -1 -22 -3 -18 -5 -11 -4 -5 -4 1 -2 7 1 12 5 16 8 19 13 21 17 22 21 ]
2025-04-02 16:18:23,CSI_DATA,STA,00:00:00:00:00:00,-41,11,0,0,0,0,0,0,0,0,0,-95,0,3,0,71229964,0,14,0,0,94560.8,128,[14 -32 0 0 -19 26 -17 24 -15 21 -11 20 -6 18 -2 17 3 17 8 17 12 17 16 19 19 20 21 22 23 22 23 23 23 24 22 23 21 23 20 22 18 19 17 17 15 14 14 12 13 9 12 7 11 5 0 0 0 0 0 0 0 0 0 0 0 0 0 0 0 0 0 0 0 0 0 0 8 -24 9 -20 8 -17 6 -14 2 -12 -2 -12 -7 -13 -11 -15 -13 -17 -15 -20 -16 -24 -15 -26 -13 -28 -10 -27 -8 -26 -4 -23 -2 -19 0 -13 2 -7 2 0 1 7 -1 13 -3 18 -7 23 -10 26 -15 28 ]
2025-04-02 16:18:25,CSI_DATA,STA,D8:B1:90:DB:E8:90,-41,12,0,0,0,0,0,0,0,0,0,-95,0,3,0,73209082,0,110,0,0,94562.8,128,[110 96 6 0 22 -21 21 -19 18 -17 14 -16 9 -15 4 -16 -1 -17 -5 -18 -10 -19 -13 -21 -16 -23 -18 -24 -19 -25 -19 -26 -19 -27 -18 -26 -18 -25 -16 -24 -15 -21 -14 -19 -13 -16 -12 -13 -12 -11 -11 -8 -10 -6 0 0 0 0 0 0 0 0 0 0 0 0 0 0 0 0 0 0 0 0 0 0 -18 16 -17 12 -15 9 -12 8 -8 8 -3 10 0 12 3 15 5 19 5 22 5 25 3 27 1 27 -2 26 -4 24 -6 20 -7 15 -6 10 -6 4 -4 -2 -1 -8 3 -14 7 -18 11 -21 15 -23 20 -24
2025-04-02 16:18:36,CSI_DATA,STA,D8:B1:90:DB:E8:90,-42,11,1,0,0,0,1,0,0,0,0,-95,0,3,0,84225610,0,110,0,0,94573.8,256,[110 96 6 0 28 -5 25 -5 21 -5 17 -6 12 -8 7 -12 2 -14 -2 -17 -6 -21 -9 -23 -12 -26 -13 -28 -15 -29 -15 -29 -15 -29 -14 -28 -14 -26 -13 -24 -13 -21 -13 -18 -12 -15 -12 -11 -11 -9 -11 -6 -11 -3 0 0 0 0 0 0 0 0 0 0 0 0 0 0 0 0 0 0 0 0 0 0 -18 -14 -15 -14 -11 -12 -9 -8 -8 -4 -8 2 -9 7 -11 11 -14 15 -17 17 -21 18 -23 18 -25 16 -25 14 -24 10 -22 6 -19 3 -14 -1 -9 -4 -3 -7 4 -9 10 -11 16 -11 21 -11 2
2025-04-02 16:18:42,CSI_DATA,STA,D8:B1:90:DB:E8:90,-41,11,1,1,0,0,1,0,0,0,0,-95,0,3,0,90242157,0,110,0,0,94579.9,256,[110 96 6 0 7 -32 7 -30 5 -25 1 -21 -3 -17 -8 -13 -13 -9 -18 -6 -23 -3 -27 -1 -31 1 -34 2 -36 3 -36 4 -37 4 -35 4 -33 4 -30 4 -26 5 -23 5 -20 7 -16 8 -13 8 -10 9 -7 9 0 0 0 0 0 0 0 0 0 0 0 0 0 0 0 0 0 0 0 0 0 0 -25 10 -22 7 -18 4 -14 4 -8 5 -3 8 1 11 5 15 8 21 8 24 8 29 6 31 4 32 2 31 -1 29 -3 25 -6 20 -7 13 -8 6 -8 -1 -8 -8 -6 -16 -4 -22 -1 -27 2 -32 5 -35 ]
2025-04-02 16:18:44,CSI_DATA,STA,D8:B1:90:DB:E8:90,-43,11,1,6,0,0,1,0,0,0,1,-93,0,3,0,92243376,0,110,0,0,94581.9,256,[110 96 6 0 29 12 26 11 23 8 19 4 16 -1 13 -7 11 -13 9 -18 7 -23 7 -27 6 -31 6 -34 5 -36 5 -36 5 -35 5 -34 3 -32 2 -30 0 -27 -1 -24 -3 -21 -5 -18 -6 -16 -7 -13 -9 -11 0 0 0 0 0 0 0 0 0 0 0 0 0 0 0 0 0 0 0 0 0 0 -12 -22 -8 -20 -6 -16 -6 -11 -7 -6 -9 -1 -13 4 -17 7 -22 9 -26 10 -30 8 -32 7 -33 4 -32 1 -29 -1 -24 -4 -19 -6 -13 -7 -6 -8 2 -7 9 -6 16 -3 23 -1 27 3 31 6 33 9 ]
2025-04-02 16:18:45,CSI_DATA,STA,D8:B1:90:DB:E8:90,-42,11,1,7,0,0,1,0,0,0,0,-93,0,3,0,93250326,0,110,0,0,94582.9,256,[110 96 6 0 -5 22 -5 23 -4 22 -3 22 -3 22 -3 22 -3 22 -2 22 -1 22 -1 22 -1 22 0 21 -1 21 -1 21 -1 21 -1 21 -1 21 -2 20 -2 20 -4 20 -4 19 -4 19 -5 19 -5 19 -7 18 0 0 0 0 0 0 0 0 0 0 0 0 0 0 0 0 0 0 0 0 0 0 -3 21 -5 21 -8 20 -9 20 -10 20 -10 21 -10 20 -11 20 -12 20 -12 20 -13 21 -14 20 -13 20 -13 20 -12 21 -11 21 -11 21 -10 21 -7 21 -7 21 -7 22 -7 22 -5 22 -5 22 -5 23 -4 22 ]
2025-04-02 16:18:45,CSI_DATA,STA,D8:B1:90:DB:E8:90,-40,11,1,6,0,0,1,0,0,0,1,-95,0,3,0,93750589,0,110,0,0,94583.4,256,[110 96 6 0 -23 -7 -23 -7 -23 -6 -23 -5 -23 -4 -22 -4 -22 -3 -22 -3 -21 -3 -22 -2 -22 -2 -23 -1 -23 -1 -23 -1 -23 -1 -23 -2 -22 -2 -22 -3 -21 -3 -22 -3 -21 -4 -21 -5 -21 -5 -19 -6 -19 -7 0 0 0 0 0 0 0 0 0 0 0 0 0 0 0 0 0 0 0 0 0 0 -21 -7 -21 -9 -20 -10 -20 -11 -20 -12 -20 -12 -20 -13 -20 -14 -20 -15 -20 -15 -20 -15 -20 -15 -20 -15 -20 -15 -20 -14 -20 -14 -20 -13 -20 -13 -21 -12 -21 -11 -22 -11
2025-04-02 16:18:48,CSI_DATA,STA,D8:B1:90:DB:E8:90,-42,11,1,7,0,0,1,0,0,0,1,-94,0,3,0,96759774,0,110,0,0,94586.4,256,[110 96 6 0 -27 -18 -24 -15 -21 -13 -19 -8 -17 -4 -15 1 -14 7 -14 12 -14 17 -14 21 -14 25 -15 27 -16 29 -16 29 -16 29 -15 28 -14 26 -13 24 -10 22 -8 21 -6 18 -3 17 -1 15 1 14 2 12 0 0 0 0 0 0 0 0 0 0 0 0 0 0 0 0 0 0 0 0 0 0 15 18 11 17 8 14 7 10 7 6 9 1 11 -3 15 -7 19 -9 23 -10 26 -9 28 -8 29 -6 28 -3 26 0 22 2 17 4 11 5 4 5 -2 4 -9 3 -15 0 -21 -3 -25 -7 -28 -10 -29 -14 ]
2025-04-02 16:18:49,CSI_DATA,STA,D8:B1:90:DB:E8:90,-43,11,1,6,0,0,1,0,0,0,1,-94,0,3,0,97268196,0,110,0,0,94586.9,256,[110 96 6 0 35 -4 32 -3 28 -4 22 -6 16 -9 11 -13 6 -16 1 -21 -3 -25 -6 -29 -9 -32 -10 -34 -12 -36 -12 -37 -12 -37 -12 -35 -11 -33 -11 -30 -11 -26 -11 -23 -12 -19 -12 -16 -13 -13 -13 -10 -13 -7 0 0 0 0 0 0 0 0 0 0 0 0 0 0 0 0 0 0 0 0 0 0 -25 -14 -21 -14 -16 -13 -13 -9 -11 -4 -10 2 -10 8 -12 14 -15 19 -18 22 -22 23 -25 23 -28 21 -28 18 -27 15 -25 10 -21 5 -16 0 -10 -4 -2 -7 6 -10 13 -12 21 -12 2
2025-04-02 16:18:52,CSI_DATA,STA,D8:B1:90:DB:E8:90,-41,11,1,7,0,0,1,0,0,0,1,-95,0,3,0,100776211,0,110,0,0,94590.4,256,[110 96 6 0 -9 -22 -9 -22 -9 -21 -10 -21 -10 -20 -10 -20 -11 -20 -11 -20 -12 -19 -12 -19 -12 -19 -13 -19 -13 -19 -13 -19 -13 -19 -12 -19 -12 -19 -12 -19 -11 -19 -10 -19 -10 -19 -9 -19 -8 -19 -8 -20 -6 -20 0 0 0 0 0 0 0 0 0 0 0 0 0 0 0 0 0 0 0 0 0 0 -8 -21 -6 -21 -5 -22 -5 -23 -3 -23 -3 -23 -3 -23 -2 -23 -1 -23 -1 -24 -2 -24 -1 -24 -1 -24 -1 -24 -2 -24 -2 -24 -2 -23 -2 -24 -5 -23 -5 -22 -6 -23
2025-04-02 16:18:53,CSI_DATA,STA,D8:B1:90:DB:E8:90,-41,11,1,6,0,0,1,0,0,0,1,-95,0,3,0,101776151,0,110,0,0,94591.4,256,[110 96 6 0 1 -24 1 -24 1 -24 0 -23 0 -23 -1 -23 -1 -22 -1 -22 -2 -22 -2 -22 -3 -22 -2 -22 -3 -23 -3 -23 -2 -22 -2 -22 -2 -22 -2 -22 -1 -21 -1 -22 -1 -22 0 -22 1 -22 2 -21 4 -20 0 0 0 0 0 0 0 0 0 0 0 0 0 0 0 0 0 0 0 0 0 0 2 -22 4 -22 6 -21 7 -21 8 -21 9 -21 8 -21 8 -22 9 -22 9 -22 10 -23 10 -23 10 -22 10 -22 10 -22 9 -22 8 -22 8 -23 6 -23 6 -23 6 -23 5 -23 4 -23 3 -24 3 -24 3 -24 ]
2025-04-02 16:18:54,CSI_DATA,STA,D8:B1:90:DB:E8:90,-41,11,1,7,0,0,1,0,0,0,1,-95,0,3,0,102776802,0,110,0,0,94592.4,256,[110 96 6 0 -23 10 -22 11 -21 10 -20 10 -20 11 -20 11 -19 11 -19 12 -18 12 -18 12 -18 13 -19 12 -19 13 -19 13 -19 13 -18 12 -18 12 -18 11 -18 10 -18 10 -18 9 -18 9 -18 9 -19 8 -20 6 0 0 0 0 0 0 0 0 0 0 0 0 0 0 0 0 0 0 0 0 0 0 -21 7 -20 8 -21 4 -22 6 -22 3 -25 4 -24 5 -24 4 -24 4 -25 3 -25 4 -25 3 -25 3 -24 3 -24 3 -24 4 -24 4 -24 4 -24 6 -23 6 -23 6 -23 7 -23 8 -23 8 -23 9 -23 9 ]
2025-04-02 16:18:55,CSI_DATA,STA,D8:B1:90:DB:E8:90,-41,11,1,7,0,0,1,0,0,0,1,-95,0,3,0,103276306,0,110,0,0,94592.9,256,[110 96 6 0 0 23 1 23 1 22 1 21 1 21 2 21 2 21 2 20 3 20 3 20 3 20 3 21 3 21 4 21 4 21 3 21 3 21 3 21 2 20 2 20 1 19 1 19 0 19 -1 19 -2 19 0 0 0 0 0 0 0 0 0 0 0 0 0 0 0 0 0 0 0 0 0 0 0 21 -1 21 -2 21 -3 21 -4 21 -5 22 -5 22 -5 22 -6 22 -6 23 -6 22 -6 22 -7 22 -7 22 -7 22 -7 22 -6 22 -6 22 -4 21 -4 21 -4 21 -3 22 -1 23 -1 23 -1 23 0 23 ]
2025-04-02 16:18:56,CSI_DATA,STA,D8:B1:90:DB:E8:90,-41,11,1,7,0,0,1,0,0,0,1,-95,0,3,0,104784070,0,110,0,0,94594.4,256,[110 96 6 0 -2 25 -1 24 -1 24 0 23 1 23 1 23 2 23 2 23 3 23 3 22 3 22 3 22 3 22 3 22 3 22 3 23 3 23 2 22 2 22 1 21 1 21 0 21 -1 21 -2 21 -3 21 0 0 0 0 0 0 0 0 0 0 0 0 0 0 0 0 0 0 0 0 0 0 -1 23 -3 22 -4 23 -6 23 -6 23 -7 24 -8 24 -8 24 -9 24 -9 24 -10 24 -10 23 -10 23 -10 23 -9 23 -9 24 -9 23 -8 24 -6 24 -6 24 -6 24 -5 24 -4 25 -4 25 -4 25 -3 25 ]
2025-04-02 16:19:01,CSI_DATA,STA,D8:B1:90:DB:E8:90,-41,11,1,7,0,0,1,1,0,0,1,-95,0,3,0,109292247,0,110,0,0,94598.9,256,[110 96 6 0 13 19 14 18 13 17 13 17 14 16 14 16 14 16 14 15 14 14 15 14 15 14 16 15 16 14 16 14 16 14 15 15 15 14 15 14 14 14 13 14 13 15 12 15 12 15 11 16 10 17 0 0 0 0 0 0 0 0 0 0 0 0 0 0 0 0 0 0 0 0 0 0 12 17 10 17 10 18 9 19 9 19 9 20 8 21 8 22 8 22 7 22 7 22 7 22 7 22 7 22 8 21 8 20 9 21 9 20 10 20 10 20 11 20 12 20 12 20 13 20 13 20 13 18 ]
2025-04-02 16:19:01,CSI_DATA,STA,D8:B1:90:DB:E8:90,-41,11,1,7,0,0,1,1,0,0,1,-95,0,3,0,109791781,0,110,0,0,94599.4,256,[110 96 6 0 -14 16 -14 16 -14 16 -13 15 -12 15 -12 15 -12 15 -11 15 -11 15 -11 15 -10 16 -10 16 -10 16 -10 16 -10 16 -10 16 -10 16 -11 16 -11 15 -10 14 -11 14 -11 14 -11 13 -12 13 -13 12 0 0 0 0 0 0 0 0 0 0 0 0 0 0 0 0 0 0 0 0 0 0 -13 13 -13 12 -15 12 -16 11 -17 12 -17 11 -17 11 -18 11 -18 11 -18 11 -19 11 -19 10 -18 10 -18 10 -16 12 -16 12 -16 13 -16 13 -16 13 -15 14 -16 14 -15 15 -15 15 -15
2025-04-02 16:19:02,CSI_DATA,STA,D8:B1:90:DB:E8:90,-49,11,1,7,0,0,1,1,0,0,1,-95,0,3,0,110294547,0,110,0,0,94599.9,256,[110 96 6 0 12 -1 13 -1 14 -2 4 -17 3 -18 3 -18 2 -18 -21 37 -20 37 -20 38 -20 38 8 -5 7 -5 7 -6 7 -6 -33 0 -32 -1 -31 -2 -30 -3 -27 -14 -25 -14 -24 -15 -23 -15 -4 14 -5 14 0 0 0 0 0 0 0 0 0 0 0 0 0 0 0 0 0 0 0 0 0 0 4 4 3 5 -7 -8 -6 -9 -6 -9 -6 -9 11 -19 12 -19 13 -19 14 -19 17 2 17 2 17 1 17 2 8 10 7 9 8 8 8 8 -1 10 -1 9 0 9 0 9 -14 -8 -16 -7 -16 -7 27 15 ]
2025-04-02 16:19:05,CSI_DATA,STA,D8:B1:90:DB:E8:90,-42,11,1,7,0,0,1,1,0,0,1,-94,0,3,0,113304071,0,110,0,0,94602.9,256,[110 96 6 0 9 -22 8 -22 8 -22 7 -21 6 -21 6 -21 6 -21 5 -22 5 -22 4 -22 4 -22 4 -22 4 -22 4 -22 4 -22 4 -21 4 -21 4 -21 4 -20 5 -20 5 -20 6 -20 6 -19 7 -18 8 -18 0 0 0 0 0 0 0 0 0 0 0 0 0 0 0 0 0 0 0 0 0 0 8 -19 10 -19 10 -20 11 -20 11 -19 12 -20 13 -20 13 -20 14 -20 14 -20 14 -19 15 -19 15 -19 15 -19 14 -19 14 -19 13 -19 13 -20 12 -20 12 -20 11 -21 11 -21 10 -21 10 -21 10 -22 10 -21 ]
2025-04-02 16:19:08,CSI_DATA,STA,D8:B1:90:DB:E8:90,-41,11,1,7,0,0,1,1,0,0,1,-94,0,3,0,116309067,0,110,0,0,94605.9,256,[110 96 6 0 -3 -24 -3 -24 -3 -23 -4 -23 -4 -23 -5 -23 -5 -22 -6 -22 -7 -22 -7 -22 -7 -22 -8 -22 -8 -22 -8 -21 -8 -22 -7 -21 -7 -21 -7 -21 -6 -21 -6 -21 -5 -21 -5 -21 -4 -21 -3 -20 -2 -20 0 0 0 0 0 0 0 0 0 0 0 0 0 0 0 0 0 0 0 0 0 0 -2 -21 0 -21 1 -22 2 -23 3 -23 3 -23 3 -23 4 -24 5 -23 5 -24 6 -23 6 -23 6 -23 6 -23 5 -24 4 -24 4 -24 4 -24 3 -24 3 -24 2 -24 2 -24 0 -25 0 -25 -1 -25 -1 -24 ]
2025-04-02 16:19:08,CSI_DATA,STA,D8:B1:90:DB:E8:90,-41,11,1,7,0,0,1,1,0,0,1,-94,0,3,0,116808936,0,110,0,0,94606.4,256,[110 96 6 0 23 4 23 3 23 3 22 1 22 2 22 1 23 0 22 0 22 -1 22 -1 22 -2 21 -1 21 -2 21 -1 21 -2 22 -1 22 -1 21 -1 21 -1 21 0 21 0 20 1 20 2 19 2 19 4 0 0 0 0 0 0 0 0 0 0 0 0 0 0 0 0 0 0 0 0 0 0 20 4 20 6 19 7 19 8 19 8 20 9 20 9 21 10 21 10 21 11 20 12 20 11 20 12 20 12 21 10 20 10 20 10 21 9 21 8 22 8 22 7 23 7 22 7 22 7 23 6 23 6 ]
2025-04-02 16:19:10,CSI_DATA,STA,D8:B1:90:DB:E8:90,-41,11,1,7,0,0,1,1,0,0,1,-94,0,3,0,118812669,0,110,0,0,94608.4,256,[110 96 6 0 22 -9 22 -10 22 -10 20 -11 20 -11 19 -12 19 -12 18 -12 18 -12 18 -13 18 -13 17 -13 17 -13 17 -13 17 -13 18 -13 18 -12 17 -12 17 -12 17 -11 18 -11 18 -10 18 -9 18 -8 18 -7 0 0 0 0 0 0 0 0 0 0 0 0 0 0 0 0 0 0 0 0 0 0 18 -11 19 -9 19 -8 20 -7 21 -6 21 -5 22 -6 22 -5 23 -5 23 -4 24 -3 24 -3 24 -3 23 -3 23 -3 23 -4 23 -4 23 -5 22 -5 22 -5 22 -6 22 -7 23 -7 23 -7 23 -7 22 -9 ]
2025-04-02 16:19:14,CSI_DATA,STA,D8:B1:90:DB:E8:90,-41,11,1,7,0,0,1,1,0,0,1,-94,0,3,0,122819050,0,110,0,0,94612.4,256,[110 96 6 0 -23 6 -24 6 -22 7 -22 7 -22 8 -21 8 -21 9 -21 9 -20 9 -20 9 -20 9 -20 9 -21 9 -20 9 -21 9 -20 9 -20 9 -20 8 -20 8 -20 7 -20 7 -19 6 -20 5 -20 4 -20 3 0 0 0 0 0 0 0 0 0 0 0 0 0 0 0 0 0 0 0 0 0 0 -21 6 -22 4 -22 3 -23 2 -23 1 -24 1 -24 1 -24 1 -25 1 -25 0 -25 0 -25 0 -25 0 -25 0 -25 0 -25 0 -25 1 -25 1 -25 2 -24 3 -24 3 -24 4 -23 5 -24 5 -24 6 -24 7 ]
2025-04-02 16:19:18,CSI_DATA,STA,D8:B1:90:DB:E8:90,-40,11,1,7,0,0,1,1,0,0,1,-95,0,3,0,126324112,0,110,0,0,94615.9,256,[110 96 6 0 -25 2 -25 2 -24 2 -24 2 -23 3 -23 3 -22 3 -23 4 -22 5 -22 5 -22 5 -21 5 -21 6 -21 5 -21 6 -21 6 -21 5 -21 5 -20 4 -20 4 -20 3 -20 3 -20 2 -20 1 -20 0 0 0 0 0 0 0 0 0 0 0 0 0 0 0 0 0 0 0 0 0 0 0 -23 1 -23 -1 -23 -3 -23 -4 -23 -5 -24 -6 -23 -6 -23 -7 -24 -8 -24 -8 -24 -8 -24 -9 -24 -9 -24 -9 -24 -6 -24 -6 -25 -5 -25 -5 -25 -3 -24 -3 -24 -2 -25 -2 -24 0 -25 1 -25 1 -24 1 ]
2025-04-02 16:19:19,CSI_DATA,STA,D8:B1:90:DB:E8:90,-40,11,1,7,0,0,1,1,0,0,1,-95,0,3,0,127324079,0,110,0,0,94616.9,256,[110 96 6 0 -11 -24 -11 -24 -11 -23 -11 -22 -12 -21 -12 -21 -12 -20 -12 -19 -13 -19 -13 -19 -13 -19 -13 -18 -13 -18 -13 -18 -13 -18 -13 -19 -13 -19 -12 -19 -12 -19 -11 -19 -11 -19 -10 -19 -10 -19 -8 -19 -7 -19 0 0 0 0 0 0 0 0 0 0 0 0 0 0 0 0 0 0 0 0 0 0 -9 -22 -7 -23 -6 -23 -5 -24 -5 -24 -4 -24 -3 -25 -3 -25 -2 -26 -2 -26 -3 -27 -2 -26 -2 -27 -2 -27 -2 -26 -3 -26 -3 -26 -3 -26 -6 -25 -7 -25 -
2025-04-02 16:19:22,CSI_DATA,STA,D8:B1:90:DB:E8:90,-41,11,1,7,0,0,1,1,0,0,1,-94,0,3,0,130826721,0,110,0,0,94620.4,256,[110 96 6 0 -5 -24 -6 -24 -6 -23 -6 -24 -7 -23 -7 -23 -8 -23 -8 -22 -8 -21 -9 -21 -9 -21 -9 -21 -10 -22 -9 -21 -9 -21 -9 -20 -8 -21 -8 -20 -8 -20 -7 -20 -6 -20 -6 -19 -6 -20 -5 -20 -3 -21 0 0 0 0 0 0 0 0 0 0 0 0 0 0 0 0 0 0 0 0 0 0 -5 -22 -4 -24 -3 -23 -2 -24 -1 -23 -1 -25 1 -24 1 -25 2 -25 2 -25 2 -26 2 -26 2 -26 3 -26 2 -26 2 -25 2 -25 1 -25 -1 -26 -2 -25 -2 -26 -2 -26 -4 -24 -5 -25 -5 -25
2025-04-02 16:19:23,CSI_DATA,STA,00:00:00:00:00:00,-41,11,0,0,0,0,0,0,0,0,0,-94,0,3,0,131238091,0,14,0,0,94620.9,128,[14 -32 0 0 25 18 23 16 20 12 20 8 19 3 19 -2 19 -7 20 -11 21 -15 23 -18 24 -21 25 -22 26 -22 26 -21 26 -21 24 -19 22 -18 20 -17 17 -16 14 -16 11 -15 8 -14 5 -14 3 -14 1 -14 0 0 0 0 0 0 0 0 0 0 0 0 0 0 0 0 0 0 0 0 0 0 -21 -8 -18 -8 -15 -7 -13 -4 -13 0 -14 4 -15 7 -18 10 -22 12 -25 12 -27 11 -29 9 -29 6 -27 3 -24 0 -20 -3 -15 -5 -8 -6 -1 -6 5 -4 12 -3 18 1 23 4 26 8 28 12 29 16 ]
2025-04-02 16:19:27,CSI_DATA,STA,D8:B1:90:DB:E8:90,-41,11,1,7,0,0,1,1,0,0,1,-94,0,3,0,135336351,0,110,0,0,94625,256,[110 96 6 0 24 -6 23 -7 23 -7 22 -8 22 -8 22 -9 21 -9 20 -9 20 -10 20 -10 20 -10 20 -10 20 -10 20 -11 20 -10 21 -10 20 -9 20 -9 20 -9 20 -8 20 -7 20 -6 20 -5 20 -4 20 -3 0 0 0 0 0 0 0 0 0 0 0 0 0 0 0 0 0 0 0 0 0 0 21 -5 21 -3 22 -4 22 -3 23 -2 23 -1 24 -1 25 0 25 1 26 2 25 2 25 2 25 3 25 3 25 1 25 0 24 0 25 0 24 -2 25 -3 25 -4 25 -4 25 -6 25 -6 25 -6 24 -7 ]
2025-04-02 16:19:32,CSI_DATA,STA,D8:B1:90:DB:E8:90,-41,11,1,7,0,0,1,1,0,0,1,-94,0,3,0,140851932,0,110,0,0,94630.5,256,[110 96 6 0 -16 -21 -16 -21 -16 -20 -16 -19 -16 -19 -16 -19 -17 -18 -17 -18 -18 -17 -18 -17 -19 -17 -19 -16 -19 -15 -19 -16 -19 -15 -18 -16 -18 -15 -18 -16 -17 -16 -17 -16 -17 -16 -16 -16 -16 -16 -14 -17 -13 -18 0 0 0 0 0 0 0 0 0 0 0 0 0 0 0 0 0 0 0 0 0 0 -15 -19 -14 -20 -12 -22 -11 -22 -11 -23 -11 -23 -11 -24 -10 -24 -10 -25 -10 -26 -10 -25 -10 -26 -10 -26 -10 -26 -10 -25 -10 -25 -11 -24 -11
2025-04-02 16:19:35,CSI_DATA,STA,D8:B1:90:DB:E8:90,-41,11,1,7,0,0,1,1,0,0,1,-94,0,3,0,143359810,0,110,0,0,94633,256,[110 96 6 0 -18 13 -17 13 -16 14 -16 13 -15 14 -15 13 -14 14 -13 15 -13 14 -14 15 -13 15 -13 14 -13 14 -13 15 -13 14 -13 15 -13 14 -12 14 -13 13 -13 13 -13 12 -14 12 -13 11 -14 10 -15 10 0 0 0 0 0 0 0 0 0 0 0 0 0 0 0 0 0 0 0 0 0 0 -17 12 -18 10 -19 9 -19 8 -20 8 -20 8 -20 8 -20 8 -21 8 -22 7 -22 7 -23 7 -22 7 -22 6 -21 7 -21 8 -21 7 -21 8 -19 10 -19 11 -19 11 -19 12 -19 12 -19 13 -19 13 -17 13
2025-04-02 16:19:35,CSI_DATA,STA,D8:B1:90:DB:E8:90,-41,11,1,7,0,0,1,1,0,0,1,-94,0,3,0,143859917,0,110,0,0,94633.5,256,[110 96 6 0 -25 -2 -25 -1 -24 -1 -25 1 -24 1 -24 1 -24 1 -23 2 -23 2 -23 2 -23 2 -23 2 -23 2 -23 2 -23 2 -22 1 -22 1 -21 1 -21 0 -20 0 -20 -1 -20 -1 -19 -2 -19 -3 -19 -5 0 0 0 0 0 0 0 0 0 0 0 0 0 0 0 0 0 0 0 0 0 0 -23 -1 -23 -3 -23 -4 -23 -6 -23 -6 -23 -8 -24 -7 -24 -8 -24 -9 -24 -9 -25 -7 -25 -8 -25 -8 -25 -8 -24 -8 -24 -7 -24 -7 -24 -7 -25 -6 -24 -5 -25 -5 -25 -5 -25 -2 -26 -2 -26 -2 -25 -2
2025-04-02 16:19:36,CSI_DATA,STA,D8:B1:90:DB:E8:90,-41,11,1,7,0,0,1,1,0,0,1,-94,0,3,0,144359902,0,110,0,0,94634,256,[110 96 6 0 4 -25 3 -25 4 -24 2 -24 2 -23 1 -23 1 -23 1 -23 0 -22 -1 -23 -1 -23 -1 -22 -1 -22 -1 -21 -1 -22 -1 -22 0 -22 0 -21 0 -21 0 -21 1 -21 1 -20 2 -20 3 -20 4 -19 0 0 0 0 0 0 0 0 0 0 0 0 0 0 0 0 0 0 0 0 0 0 4 -23 5 -23 6 -23 7 -23 8 -23 9 -24 9 -24 9 -24 10 -24 10 -24 10 -24 11 -24 11 -24 11 -24 9 -25 9 -24 8 -24 8 -24 7 -25 7 -24 6 -25 6 -25 5 -24 4 -24 4 -25 4 -25 ]
2025-04-02 16:19:41,CSI_DATA,STA,D8:B1:90:DB:E8:90,-47,11,1,7,0,0,1,1,0,0,1,-94,0,3,0,149376859,0,110,0,0,94639,256,[110 96 6 0 13 12 13 12 14 12 13 38 14 37 15 35 15 33 26 -10 25 -10 25 -10 23 -11 23 -12 22 -12 22 -12 21 -12 21 -12 20 -11 19 -11 18 -11 17 -10 17 -10 17 -10 16 -9 15 -9 15 -8 0 0 0 0 0 0 0 0 0 0 0 0 0 0 0 0 0 0 0 0 0 0 1 -24 2 -24 5 -4 5 -3 5 -3 5 -3 -12 1 -12 1 -13 1 -13 1 -11 -18 -11 -17 -11 -17 -12 -16 -6 -21 -8 -20 -8 -19 -9 -19 0 -28 0 -28 -2 -27 -3 -27 6 -9 4 -9 4 -9 21 12 ]
2025-04-02 16:19:41,CSI_DATA,STA,D8:B1:90:DB:E8:90,-41,11,1,7,0,0,1,1,0,0,1,-94,0,3,0,149877162,0,110,0,0,94639.5,256,[110 96 6 0 -19 -15 -19 -14 -18 -14 -19 -12 -19 -12 -19 -11 -19 -11 -19 -9 -19 -10 -19 -9 -19 -9 -20 -10 -20 -9 -19 -9 -19 -9 -18 -9 -18 -9 -18 -9 -17 -10 -17 -10 -16 -10 -16 -10 -15 -11 -15 -13 -15 -14 0 0 0 0 0 0 0 0 0 0 0 0 0 0 0 0 0 0 0 0 0 0 -19 -14 -18 -16 -17 -17 -16 -18 -16 -19 -16 -19 -16 -20 -16 -21 -15 -22 -14 -22 -14 -22 -14 -22 -13 -22 -13 -22 -14 -21 -14 -21 -14 -20 -14 -20 -16
2025-04-02 16:19:42,CSI_DATA,STA,D8:B1:90:DB:E8:90,-41,11,1,7,0,0,1,1,0,0,1,-94,0,3,0,150380095,0,110,0,0,94640,256,[110 96 6 0 11 22 11 21 11 21 11 20 11 19 11 19 12 19 12 18 12 18 12 17 13 17 12 18 12 17 13 18 13 17 12 18 12 17 12 17 11 17 10 17 10 17 9 17 9 17 8 17 7 17 0 0 0 0 0 0 0 0 0 0 0 0 0 0 0 0 0 0 0 0 0 0 11 20 9 21 8 22 7 22 7 23 6 23 6 24 6 24 5 25 5 25 5 25 5 25 5 25 5 25 5 24 5 24 6 24 6 24 6 23 7 23 7 23 8 23 9 24 9 23 10 23 10 22 ]
2025-04-02 16:19:47,CSI_DATA,STA,D8:B1:90:DB:E8:90,-41,11,1,7,0,0,1,1,0,0,1,-94,0,3,0,155895066,0,110,0,0,94645.5,256,[110 96 6 0 -5 -24 -6 -25 -6 -24 -6 -23 -6 -22 -7 -22 -7 -22 -7 -21 -8 -21 -9 -21 -9 -20 -9 -20 -9 -20 -9 -20 -9 -20 -9 -20 -8 -20 -8 -20 -7 -20 -7 -20 -6 -20 -6 -20 -5 -20 -4 -19 -3 -19 0 0 0 0 0 0 0 0 0 0 0 0 0 0 0 0 0 0 0 0 0 0 -7 -23 -5 -23 -5 -23 -4 -24 -3 -24 -2 -25 -1 -24 0 -25 0 -25 1 -25 1 -25 1 -25 1 -25 1 -25 1 -25 0 -25 0 -25 0 -25 -1 -25 -1 -24 -1 -24 -2 -25 -4 -25 -4 -25 -5 -24
2025-04-02 16:19:51,CSI_DATA,STA,D8:B1:90:DB:E8:90,-41,11,1,7,0,0,1,1,0,0,1,-94,0,3,0,159905268,0,110,0,0,94649.5,256,[110 96 6 0 17 -20 16 -20 16 -20 14 -19 13 -19 13 -19 13 -19 12 -20 12 -20 11 -20 11 -20 11 -20 11 -20 11 -20 11 -20 11 -20 11 -19 11 -19 11 -19 11 -18 11 -18 11 -17 12 -16 13 -16 14 -15 0 0 0 0 0 0 0 0 0 0 0 0 0 0 0 0 0 0 0 0 0 0 16 -18 17 -16 17 -15 18 -14 19 -14 19 -14 20 -14 20 -14 21 -14 22 -13 22 -14 22 -14 21 -14 22 -14 21 -13 21 -14 20 -14 21 -14 20 -15 20 -15 19 -16 19 -17 18 -17 18
2025-04-02 16:19:59,CSI_DATA,STA,D8:B1:90:DB:E8:90,-41,11,1,7,0,0,1,1,0,0,1,-94,0,3,0,167421822,0,110,0,0,94657,256,[110 96 6 0 3 21 3 20 4 21 4 20 4 19 5 19 5 19 5 18 6 18 5 18 6 18 6 17 6 17 6 17 6 17 5 17 5 17 4 18 4 16 3 17 3 17 2 16 3 17 1 17 0 16 0 0 0 0 0 0 0 0 0 0 0 0 0 0 0 0 0 0 0 0 0 0 1 20 0 20 -1 19 -2 20 -2 20 -3 20 -4 21 -4 21 -5 21 -5 21 -5 21 -5 21 -5 21 -5 21 -5 21 -5 22 -5 21 -4 21 -3 21 -3 21 -2 21 -2 21 1 22 1 21 1 21 1 20 ]
2025-04-02 16:20:08,CSI_DATA,STA,D8:B1:90:DB:E8:90,-41,11,1,7,0,0,1,1,0,0,1,-94,0,3,0,176451057,0,110,0,0,94666.1,256,[110 96 6 0 21 9 21 9 21 8 21 8 21 8 20 7 21 7 20 6 20 6 20 5 20 5 20 5 20 5 20 5 20 5 20 6 20 6 19 6 19 6 18 7 17 7 17 7 16 8 16 9 15 10 0 0 0 0 0 0 0 0 0 0 0 0 0 0 0 0 0 0 0 0 0 0 15 7 21 6 20 11 19 9 16 13 19 13 19 14 18 13 18 14 19 15 19 15 18 15 18 16 18 16 18 14 18 15 18 14 18 14 20 13 20 12 21 12 21 12 21 12 21 12 21 12 22 11 ]
2025-04-02 16:20:08,CSI_DATA,STA,D8:B1:90:DB:E8:90,-41,11,1,7,0,0,1,1,0,0,1,-94,0,3,0,176947355,0,110,0,0,94666.6,256,[110 96 6 0 -17 18 -16 18 -16 18 -15 17 -14 17 -14 17 -13 17 -13 18 -13 18 -12 18 -12 18 -12 18 -12 18 -11 18 -11 18 -12 18 -11 18 -12 17 -12 17 -12 16 -12 16 -13 15 -13 15 -13 14 -14 13 0 0 0 0 0 0 0 0 0 0 0 0 0 0 0 0 0 0 0 0 0 0 -16 15 -17 14 -18 14 -19 14 -20 13 -20 13 -20 14 -21 13 -21 13 -22 13 -22 12 -22 12 -22 11 -22 11 -22 11 -22 12 -21 12 -22 13 -20 13 -20 14 -19 14 -20 15 -20 16 -19
2025-04-02 16:20:09,CSI_DATA,STA,D8:B1:90:DB:E8:90,-42,11,1,7,0,0,1,1,0,0,1,-94,0,3,0,177957618,0,110,0,0,94667.6,256,[110 96 6 0 2 -23 1 -23 1 -22 0 -22 0 -22 -1 -21 -1 -21 -1 -21 -2 -21 -2 -21 -2 -21 -2 -21 -3 -21 -2 -21 -2 -21 -2 -21 -2 -20 -2 -20 -1 -20 0 -20 1 -20 1 -19 2 -19 3 -19 4 -19 0 0 0 0 0 0 0 0 0 0 0 0 0 0 0 0 0 0 0 0 0 0 3 -21 5 -21 6 -21 7 -21 8 -21 9 -21 8 -21 8 -22 9 -22 10 -22 11 -21 11 -21 11 -21 11 -21 9 -21 9 -21 9 -21 8 -22 5 -22 4 -22 4 -23 4 -23 3 -23 2 -23 2 -23 2 -23 ]
2025-04-02 16:20:14,CSI_DATA,STA,D8:B1:90:DB:E8:90,-41,11,1,7,0,0,1,0,0,0,0,-94,0,3,0,182967640,0,110,0,0,94672.6,256,[110 96 6 0 -10 -20 -10 -19 -10 -19 -11 -18 -11 -18 -11 -18 -12 -17 -12 -17 -12 -17 -12 -16 -12 -16 -13 -16 -13 -15 -13 -16 -12 -16 -12 -16 -11 -16 -11 -16 -11 -16 -10 -16 -9 -16 -9 -16 -8 -16 -8 -17 -7 -18 0 0 0 0 0 0 0 0 0 0 0 0 0 0 0 0 0 0 0 0 0 0 -9 -18 -8 -19 -7 -20 -6 -20 -6 -21 -5 -21 -6 -21 -5 -23 -4 -22 -4 -23 -5 -22 -5 -22 -4 -22 -4 -22 -6 -22 -6 -22 -6 -21 -6 -21 -7 -21 -8 -21 -8 -
2025-04-02 16:20:15,CSI_DATA,STA,D8:B1:90:DB:E8:90,-41,11,1,6,0,0,1,0,0,0,1,-94,0,3,0,183973122,0,110,0,0,94673.6,256,[110 96 6 0 -25 -4 -25 -3 -24 -3 -24 -2 -23 -1 -24 -1 -23 0 -22 1 -22 1 -22 1 -22 2 -22 2 -22 2 -22 2 -22 2 -22 1 -22 1 -22 1 -21 1 -21 0 -21 0 -20 -1 -20 -2 -20 -3 -19 -5 0 0 0 0 0 0 0 0 0 0 0 0 0 0 0 0 0 0 0 0 0 0 -24 -5 -23 -7 -23 -7 -23 -9 -23 -10 -23 -10 -24 -10 -24 -11 -24 -12 -25 -12 -24 -12 -24 -12 -23 -12 -23 -12 -23 -11 -23 -11 -23 -11 -23 -10 -23 -9 -23 -9 -24 -8 -24 -8 -25 -6 -25
2025-04-02 16:20:16,CSI_DATA,STA,D8:B1:90:DB:E8:90,-42,11,1,6,0,0,1,0,0,0,1,-94,0,3,0,184474046,0,110,0,0,94674.1,256,[110 96 6 0 -8 29 -8 26 -6 23 -3 20 1 17 5 15 9 13 14 12 18 11 21 11 25 11 27 11 28 12 29 12 28 12 28 12 27 11 25 10 23 9 21 7 19 5 18 4 16 2 14 0 13 -1 0 0 0 0 0 0 0 0 0 0 0 0 0 0 0 0 0 0 0 0 0 0 2 -23 3 -20 4 -16 1 -13 -1 -11 -6 -9 -10 -9 -14 -10 -18 -11 -20 -14 -21 -17 -21 -20 -19 -22 -17 -22 -13 -21 -10 -20 -6 -16 -2 -12 0 -6 3 0 4 6 4 13 3 19 1 24 -1 27 -4 30 ]
2025-04-02 16:20:21,CSI_DATA,STA,D8:B1:90:DB:E8:90,-41,11,1,5,0,0,1,0,0,0,1,-94,0,3,0,189490126,0,110,0,0,94679.1,256,[110 96 6 0 6 -24 5 -24 5 -23 3 -23 2 -23 2 -23 2 -23 2 -22 1 -22 0 -22 0 -22 -1 -22 -1 -22 -1 -21 -1 -22 -1 -21 0 -21 0 -21 0 -21 1 -19 1 -19 1 -19 2 -19 2 -20 3 -19 0 0 0 0 0 0 0 0 0 0 0 0 0 0 0 0 0 0 0 0 0 0 3 -22 5 -22 6 -22 8 -22 8 -22 9 -22 9 -23 11 -23 12 -23 11 -23 11 -22 12 -22 12 -22 12 -22 12 -22 11 -22 11 -22 11 -22 8 -23 8 -22 7 -23 8 -23 6 -23 6 -23 6 -23 6 -24 ]
2025-04-02 16:20:21,CSI_DATA,STA,D8:B1:90:DB:E8:90,-41,11,1,7,0,0,1,0,0,0,0,-94,0,3,0,189990142,0,110,0,0,94679.6,256,[110 96 6 0 12 -23 11 -23 11 -23 11 -24 10 -24 9 -24 9 -24 7 -23 6 -23 6 -23 5 -23 5 -24 5 -24 6 -24 5 -23 6 -23 6 -23 6 -22 7 -22 7 -22 8 -22 8 -21 9 -21 10 -19 11 -19 0 0 0 0 0 0 0 0 0 0 0 0 0 0 0 0 0 0 0 0 0 0 11 -22 12 -21 14 -20 15 -19 16 -19 17 -19 17 -20 18 -20 19 -20 19 -20 20 -20 20 -19 20 -19 20 -19 17 -21 18 -21 17 -21 17 -22 15 -21 15 -21 14 -22 14 -22 13 -23 13 -23 13 -23 12 -23
2025-04-02 16:20:22,CSI_DATA,STA,D8:B1:90:DB:E8:90,-41,11,1,7,0,0,1,0,0,0,0,-94,0,3,0,190490249,0,110,0,0,94680.1,256,[110 96 6 0 -18 17 -18 17 -17 17 -16 17 -15 17 -15 18 -14 18 -13 18 -13 18 -12 18 -12 18 -12 18 -12 18 -12 19 -12 18 -12 18 -12 17 -12 17 -12 17 -13 16 -13 15 -14 15 -14 14 -15 14 -16 11 0 0 0 0 0 0 0 0 0 0 0 0 0 0 0 0 0 0 0 0 0 0 -16 15 -18 14 -18 13 -19 12 -19 12 -20 11 -20 12 -21 12 -22 12 -22 11 -23 11 -23 11 -22 10 -22 10 -21 11 -22 12 -21 12 -21 13 -20 13 -20 13 -19 14 -20 15 -20 15 -20
2025-04-02 16:20:22,CSI_DATA,STA,D8:B1:90:DB:E8:90,-41,11,1,7,0,0,1,0,0,0,0,-94,0,3,0,190994820,0,110,0,0,94680.6,256,[110 96 6 0 24 -4 24 -4 24 -5 24 -5 23 -5 23 -6 23 -6 23 -6 22 -6 22 -7 22 -7 22 -7 22 -7 22 -7 22 -7 22 -7 22 -6 21 -6 21 -6 21 -5 21 -5 20 -4 20 -4 20 -3 20 -1 0 0 0 0 0 0 0 0 0 0 0 0 0 0 0 0 0 0 0 0 0 0 21 -3 21 -2 21 -1 21 -1 22 0 22 1 23 2 24 2 24 3 24 4 24 3 24 4 24 4 24 4 24 2 23 2 23 2 24 1 24 1 24 1 25 0 25 0 25 -1 25 -1 25 -2 24 -2 ]
2025-04-02 16:20:23,CSI_DATA,STA,00:00:00:00:00:00,-41,11,0,0,0,0,0,0,0,0,0,-94,0,3,0,191229755,0,14,0,0,94680.8,128,[14 -32 0 0 15 -27 14 -25 11 -22 7 -20 2 -18 -3 -17 -9 -17 -14 -17 -18 -17 -22 -18 -25 -19 -27 -20 -28 -21 -27 -21 -27 -21 -25 -20 -24 -18 -22 -16 -20 -14 -19 -11 -17 -8 -16 -5 -15 -3 -14 -1 -13 1 0 0 0 0 0 0 0 0 0 0 0 0 0 0 0 0 0 0 0 0 0 0 -14 18 -14 14 -11 11 -8 10 -4 10 0 11 4 13 7 16 9 20 9 23 9 26 7 28 5 28 2 27 -1 24 -4 20 -5 15 -6 8 -6 2 -5 -4 -4 -11 -1 -17 2 -22 6 -26 10 -29 14 -30 ]
2025-04-02 16:20:31,CSI_DATA,STA,D8:B1:90:DB:E8:90,-41,11,1,7,0,0,1,0,0,0,1,-94,0,3,0,199518246,0,110,0,0,94689.1,256,[110 96 6 0 17 17 17 17 17 16 16 16 16 15 16 15 17 14 17 14 18 14 18 13 18 13 18 13 18 13 17 13 17 13 17 13 17 13 16 12 16 13 15 13 15 13 14 13 14 14 12 14 11 15 0 0 0 0 0 0 0 0 0 0 0 0 0 0 0 0 0 0 0 0 0 0 15 15 14 16 13 17 13 18 12 19 12 20 12 20 12 21 11 22 11 22 12 21 11 22 11 22 11 22 13 21 13 21 13 20 13 20 13 19 14 19 14 19 15 19 16 19 16 19 16 19 16 18 ]
2025-04-02 16:20:34,CSI_DATA,STA,D8:B1:90:DB:E8:90,-41,11,1,7,0,0,1,0,0,0,1,-94,0,3,0,202525107,0,110,0,0,94692.1,256,[110 96 6 0 12 22 12 22 12 21 12 20 12 19 13 19 13 19 13 18 14 18 14 18 14 18 14 18 14 17 15 17 15 17 14 18 13 17 13 17 12 17 12 17 12 17 11 18 10 18 9 18 8 18 0 0 0 0 0 0 0 0 0 0 0 0 0 0 0 0 0 0 0 0 0 0 9 19 8 20 7 21 6 21 6 22 5 23 5 23 5 23 4 24 4 24 4 24 4 24 4 24 4 24 4 23 4 24 4 23 5 24 6 23 7 23 8 23 8 23 9 23 9 23 9 23 9 22 ]
2025-04-02 16:20:34,CSI_DATA,STA,D8:B1:90:DB:E8:90,-41,11,1,7,0,0,1,0,0,0,1,-94,0,3,0,203025481,0,110,0,0,94692.6,256,[110 96 6 0 -21 13 -20 13 -19 13 -19 15 -19 15 -18 15 -18 15 -17 14 -17 15 -16 15 -16 15 -17 14 -17 15 -17 15 -17 15 -16 13 -16 13 -16 13 -16 12 -17 12 -17 11 -17 11 -17 10 -17 9 -18 8 0 0 0 0 0 0 0 0 0 0 0 0 0 0 0 0 0 0 0 0 0 0 -18 12 -19 10 -20 9 -21 9 -21 8 -23 8 -22 6 -23 6 -24 5 -24 5 -25 6 -25 6 -25 6 -25 5 -24 6 -24 6 -24 7 -24 7 -22 10 -22 10 -22 11 -23 11 -22 12 -22 13 -22 13 -21 13
2025-04-02 16:20:35,CSI_DATA,STA,D8:B1:90:DB:E8:90,-41,11,1,7,0,0,1,0,0,0,1,-94,0,3,0,203525144,0,110,0,0,94693.1,256,[110 96 6 0 21 13 21 12 21 12 21 11 21 11 20 10 21 10 20 9 21 8 21 8 21 8 21 8 20 7 21 8 20 8 21 9 20 8 19 8 19 9 18 10 18 10 17 10 17 11 17 11 16 13 0 0 0 0 0 0 0 0 0 0 0 0 0 0 0 0 0 0 0 0 0 0 18 12 17 14 17 15 16 16 16 17 16 18 16 18 15 18 16 19 15 20 15 20 14 20 14 20 14 20 15 20 15 20 15 19 16 19 18 17 18 17 19 16 19 16 19 15 20 15 20 15 21 14 ]
2025-04-02 16:20:36,CSI_DATA,STA,D8:B1:90:DB:E8:90,-41,11,1,7,0,0,1,1,0,0,0,-94,0,3,0,204026377,0,110,0,0,94693.6,256,[110 96 6 0 7 22 7 23 7 22 8 22 8 21 8 21 9 20 10 20 10 19 10 19 11 19 11 18 11 19 10 18 11 19 10 18 10 19 9 18 9 18 8 18 8 18 7 18 7 18 6 18 4 19 0 0 0 0 0 0 0 0 0 0 0 0 0 0 0 0 0 0 0 0 0 0 6 20 5 21 3 21 2 22 2 22 1 23 2 23 1 24 1 24 0 24 0 25 0 25 0 25 -1 25 1 24 1 24 1 24 2 24 3 24 3 24 4 24 4 24 5 23 6 24 6 24 7 23 ]
2025-04-02 16:20:36,CSI_DATA,STA,D8:B1:90:DB:E8:90,-41,11,1,7,0,0,1,1,0,0,1,-94,0,3,0,204527043,0,110,0,0,94694.1,256,[110 96 6 0 12 18 12 17 13 17 13 17 12 16 13 16 13 15 14 15 14 14 14 14 14 13 14 13 14 13 14 13 14 13 14 13 13 13 12 13 12 13 12 14 11 14 10 14 10 14 9 15 8 15 0 0 0 0 0 0 0 0 0 0 0 0 0 0 0 0 0 0 0 0 0 0 12 15 10 16 10 16 9 17 9 18 8 18 8 19 8 20 8 20 8 19 8 20 7 20 7 20 7 20 7 20 8 20 8 19 8 20 9 20 10 19 10 19 10 20 11 19 11 19 12 19 12 18 ]
2025-04-02 16:20:39,CSI_DATA,STA,D8:B1:90:DB:E8:90,-41,11,1,7,0,0,1,1,0,0,1,-94,0,3,0,207534137,0,110,0,0,94697.2,256,[110 96 6 0 -9 -24 -10 -24 -10 -23 -11 -22 -11 -21 -12 -21 -12 -20 -13 -20 -13 -20 -13 -20 -14 -20 -14 -19 -14 -19 -14 -19 -14 -19 -13 -19 -13 -19 -13 -19 -12 -18 -11 -18 -11 -18 -10 -18 -10 -18 -9 -20 -7 -21 0 0 0 0 0 0 0 0 0 0 0 0 0 0 0 0 0 0 0 0 0 0 -7 -20 -6 -21 -5 -21 -4 -22 -4 -22 -3 -23 -3 -25 -2 -25 -2 -26 -1 -26 -1 -25 -1 -25 -1 -25 -1 -25 -2 -25 -2 -25 -3 -25 -3 -25 -4 -25 -4 -24 -5
2025-04-02 16:20:40,CSI_DATA,STA,D8:B1:90:DB:E8:90,-41,11,1,7,0,0,1,1,0,0,1,-94,0,3,0,208533797,0,110,0,0,94698.1,256,[110 96 6 0 10 -22 10 -22 10 -21 9 -22 8 -22 8 -22 7 -22 8 -21 7 -22 7 -22 6 -22 6 -22 6 -22 6 -21 6 -21 6 -21 7 -21 7 -20 7 -20 7 -19 8 -18 8 -18 9 -18 10 -17 11 -16 0 0 0 0 0 0 0 0 0 0 0 0 0 0 0 0 0 0 0 0 0 0 9 -19 11 -18 11 -19 12 -18 13 -18 14 -19 13 -19 14 -19 15 -18 15 -19 15 -19 15 -19 15 -19 16 -19 15 -19 15 -19 15 -19 15 -19 13 -19 13 -19 13 -20 13 -20 12 -21 12 -21 12 -21 11 -21 ]
2025-04-02 16:20:41,CSI_DATA,STA,D8:B1:90:DB:E8:90,-46,11,1,7,0,0,1,1,0,0,1,-94,0,3,0,209033885,0,110,0,0,94698.6,256,[110 96 6 0 22 -10 22 -9 22 -8 -26 16 -26 15 -26 14 -26 14 -1 -6 -1 -7 -1 -7 -1 -8 1 23 0 23 -1 23 -1 24 21 11 20 12 19 13 18 13 21 -1 20 0 20 1 20 2 31 1 31 4 0 0 0 0 0 0 0 0 0 0 0 0 0 0 0 0 0 0 0 0 0 0 -4 -15 -2 -15 -3 -19 -1 -19 0 -19 1 -19 2 -18 3 -18 5 -17 6 -17 1 -17 3 -17 3 -16 4 -16 -3 9 -3 9 -3 9 -3 10 10 30 10 30 10 30 10 31 2 20 2 20 2 21 -3 -24 ]
2025-04-02 16:20:43,CSI_DATA,STA,D8:B1:90:DB:E8:90,-41,11,1,7,0,0,1,1,0,0,1,-94,0,3,0,211545248,0,110,0,0,94701.2,256,[110 96 6 0 13 -21 13 -21 12 -21 11 -21 11 -21 10 -21 10 -21 8 -21 8 -22 8 -22 7 -22 8 -21 7 -21 8 -21 8 -21 8 -21 8 -20 8 -20 9 -19 9 -19 9 -18 10 -18 10 -17 11 -16 12 -16 0 0 0 0 0 0 0 0 0 0 0 0 0 0 0 0 0 0 0 0 0 0 12 -18 14 -17 15 -16 15 -15 17 -15 17 -15 17 -16 17 -16 18 -16 19 -16 20 -16 20 -15 20 -15 20 -15 18 -16 18 -16 18 -16 18 -16 16 -18 16 -18 16 -19 16 -19 15 -19 15 -19 15 -20 15
2025-04-02 16:20:46,CSI_DATA,STA,D8:B1:90:DB:E8:90,-41,11,1,7,0,0,1,1,0,0,1,-94,0,3,0,214052854,0,110,0,0,94703.7,256,[110 96 6 0 -21 12 -21 12 -20 12 -19 12 -19 12 -18 12 -18 13 -18 13 -17 14 -17 14 -17 14 -16 14 -16 14 -16 15 -16 14 -16 14 -16 14 -16 14 -16 13 -16 12 -16 12 -16 11 -16 11 -17 10 -18 9 0 0 0 0 0 0 0 0 0 0 0 0 0 0 0 0 0 0 0 0 0 0 -20 10 -21 9 -22 8 -22 7 -23 7 -23 7 -24 6 -25 6 -25 5 -25 5 -25 5 -25 4 -25 5 -25 4 -24 5 -25 6 -24 6 -24 7 -23 8 -23 8 -23 9 -23 9 -22 10 -22 10 -22 11 -21 11 ]
2025-04-02 16:20:46,CSI_DATA,STA,D8:B1:90:DB:E8:90,-41,11,1,7,0,0,1,1,0,0,1,-94,0,3,0,214552937,0,110,0,0,94704.2,256,[110 96 6 0 -5 -26 -5 -26 -5 -25 -6 -24 -7 -24 -7 -24 -7 -23 -8 -22 -8 -22 -9 -22 -9 -22 -9 -21 -9 -22 -9 -21 -9 -21 -8 -21 -8 -21 -7 -21 -7 -21 -6 -21 -5 -21 -5 -20 -4 -20 -3 -20 -2 -21 0 0 0 0 0 0 0 0 0 0 0 0 0 0 0 0 0 0 0 0 0 0 -6 -22 -4 -23 -3 -24 -2 -25 -1 -25 -1 -26 -1 -25 0 -26 1 -26 1 -27 0 -27 1 -27 1 -27 1 -27 1 -26 0 -27 0 -26 0 -26 -1 -27 -1 -26 -2 -27 -2 -27 -2 -26 -3 -27 -3 -27
2025-04-02 16:20:47,CSI_DATA,STA,D8:B1:90:DB:E8:90,-41,11,1,7,0,0,1,1,0,0,1,-94,0,3,0,215052914,0,110,0,0,94704.7,256,[110 96 6 0 13 20 13 20 14 19 14 19 14 18 14 18 14 17 15 16 15 16 15 16 16 15 19 11 14 15 15 14 15 15 15 15 15 15 14 15 13 15 13 15 12 16 11 15 11 16 9 16 8 17 0 0 0 0 0 0 0 0 0 0 0 0 0 0 0 0 0 0 0 0 0 0 12 18 10 19 10 20 9 21 8 21 8 22 7 22 7 23 7 23 6 24 7 24 7 24 7 24 6 24 6 24 6 23 7 24 7 23 8 23 9 23 9 23 10 23 10 22 11 22 11 22 12 20 ]
2025-04-02 16:20:48,CSI_DATA,STA,D8:B1:90:DB:E8:90,-42,11,1,7,0,0,1,1,0,0,1,-94,0,3,0,217054040,0,110,0,0,94706.7,256,[110 96 6 0 21 -10 21 -10 20 -10 20 -10 19 -10 19 -11 18 -11 18 -12 17 -12 17 -12 17 -13 17 -13 17 -13 17 -13 17 -13 17 -12 17 -12 17 -12 17 -12 16 -11 16 -10 16 -10 16 -9 17 -8 17 -7 0 0 0 0 0 0 0 0 0 0 0 0 0 0 0 0 0 0 0 0 0 0 20 -8 21 -6 21 -5 22 -4 22 -4 23 -3 23 -3 23 -3 24 -2 24 -2 24 -1 24 -1 24 -1 23 -1 23 -2 23 -2 23 -3 23 -3 24 -5 23 -6 23 -6 24 -7 22 -7 22 -8 22 -8 21 -9 ]
2025-04-02 16:20:50,CSI_DATA,STA,D8:B1:90:DB:E8:90,-42,11,1,7,0,0,1,1,0,0,1,-94,0,3,0,218561872,0,110,0,0,94708.2,256,[110 96 6 0 -22 10 -22 11 -20 11 -20 11 -19 11 -19 11 -19 12 -19 12 -18 12 -18 12 -18 13 -18 13 -18 13 -18 12 -18 13 -18 12 -18 12 -18 11 -18 11 -18 11 -18 10 -18 9 -18 9 -18 8 -18 6 0 0 0 0 0 0 0 0 0 0 0 0 0 0 0 0 0 0 0 0 0 0 -19 11 -20 10 -21 8 -22 8 -22 7 -23 6 -23 6 -24 6 -24 5 -24 5 -25 5 -26 5 -25 5 -26 4 -24 5 -24 5 -24 6 -23 6 -23 8 -23 8 -23 8 -24 9 -21 9 -22 10 -22 10 -22 11 ]
2025-04-02 16:20:51,CSI_DATA,STA,D8:B1:90:DB:E8:90,-41,11,1,7,0,0,1,1,0,0,1,-94,0,3,0,220064993,0,110,0,0,94709.7,256,[110 96 6 0 -14 -21 -14 -20 -14 -20 -14 -19 -14 -19 -14 -18 -14 -18 -16 -17 -15 -18 -16 -17 -16 -17 -16 -16 -16 -16 -16 -17 -16 -16 -15 -16 -14 -16 -14 -16 -14 -16 -13 -16 -13 -16 -12 -17 -12 -17 -11 -17 -10 -18 0 0 0 0 0 0 0 0 0 0 0 0 0 0 0 0 0 0 0 0 0 0 -12 -18 -10 -19 -10 -20 -9 -21 -9 -22 -8 -22 -9 -23 -8 -23 -8 -23 -7 -24 -6 -25 -6 -25 -6 -25 -6 -25 -6 -24 -7 -24 -7 -23 -8 -24 -9 -23 -9
2025-04-02 16:20:55,CSI_DATA,STA,D8:B1:90:DB:E8:90,-41,11,1,7,0,0,1,1,0,0,1,-94,0,3,0,223069946,0,110,0,0,94712.7,256,[110 96 6 0 -27 -1 -26 0 -25 0 -24 2 -23 3 -23 3 -23 3 -23 4 -22 4 -22 4 -22 4 -23 4 -23 4 -23 4 -23 4 -22 4 -22 4 -22 3 -21 3 -21 3 -21 2 -21 2 -21 1 -21 -1 -21 -3 0 0 0 0 0 0 0 0 0 0 0 0 0 0 0 0 0 0 0 0 0 0 -23 -1 -23 -3 -23 -4 -23 -5 -24 -6 -24 -7 -24 -6 -24 -7 -24 -8 -24 -8 -25 -8 -25 -9 -25 -9 -25 -9 -25 -9 -25 -8 -25 -8 -25 -7 -25 -7 -25 -6 -26 -5 -26 -5 -25 -3 -25 -3 -25 -2 -25 -2 ]
2025-04-02 16:20:56,CSI_DATA,STA,D8:B1:90:DB:E8:90,-41,11,1,7,0,0,1,1,0,0,1,-94,0,3,0,224071815,0,110,0,0,94713.7,256,[110 96 6 0 -1 -24 -1 -24 -1 -24 -2 -24 -3 -23 -3 -23 -3 -23 -4 -22 -5 -22 -5 -22 -6 -22 -5 -22 -5 -22 -5 -22 -5 -22 -4 -21 -4 -21 -3 -21 -3 -21 -2 -21 -2 -21 -2 -20 -1 -20 0 -20 1 -20 0 0 0 0 0 0 0 0 0 0 0 0 0 0 0 0 0 0 0 0 0 0 0 -23 1 -23 2 -23 3 -23 4 -23 5 -23 4 -24 5 -25 6 -25 6 -25 6 -24 7 -24 7 -24 7 -24 6 -24 6 -24 5 -24 5 -24 4 -24 4 -24 3 -25 3 -25 0 -25 0 -25 0 -25 0 -24 ]
2025-04-02 16:20:57,CSI_DATA,STA,D8:B1:90:DB:E8:90,-42,11,1,7,0,0,1,1,0,0,1,-94,0,3,0,225073884,0,110,0,0,94714.7,256,[110 96 6 0 -8 -24 -8 -23 -8 -23 -9 -23 -9 -22 -10 -22 -10 -21 -10 -20 -11 -20 -11 -19 -11 -20 -12 -20 -12 -20 -11 -20 -11 -20 -11 -20 -10 -19 -10 -20 -9 -19 -9 -19 -8 -20 -8 -19 -7 -19 -6 -19 -5 -20 0 0 0 0 0 0 0 0 0 0 0 0 0 0 0 0 0 0 0 0 0 0 -6 -21 -5 -22 -3 -22 -3 -22 -2 -23 -1 -23 0 -23 0 -24 1 -24 1 -24 1 -24 1 -24 1 -25 1 -25 -1 -23 -1 -23 -2 -23 -2 -24 -3 -24 -3 -24 -4 -24 -4 -25 -5 -2
2025-04-02 16:20:58,CSI_DATA,STA,D8:B1:90:DB:E8:90,-42,11,1,7,0,0,1,1,0,0,1,-94,0,3,0,227078031,0,110,0,0,94716.7,256,[110 96 6 0 -15 19 -15 19 -14 19 -12 18 -12 19 -11 19 -11 19 -10 19 -10 19 -10 19 -9 19 -9 20 -9 20 -9 20 -9 19 -10 20 -10 19 -10 19 -10 18 -10 17 -11 16 -11 16 -12 16 -12 15 -13 14 0 0 0 0 0 0 0 0 0 0 0 0 0 0 0 0 0 0 0 0 0 0 -13 16 -14 15 -16 15 -16 14 -17 14 -18 14 -19 14 -19 14 -20 13 -20 13 -20 13 -21 13 -21 13 -21 13 -19 14 -20 14 -19 14 -19 15 -18 15 -18 16 -18 16 -17 16 -17 17 -17 17 -
2025-04-02 16:21:05,CSI_DATA,STA,D8:B1:90:DB:E8:90,-42,11,1,7,0,0,1,1,0,0,1,-94,0,3,0,233607111,0,110,0,0,94723.2,256,[110 96 6 0 8 21 9 21 9 20 10 20 10 20 10 19 11 19 11 19 11 18 12 18 12 17 13 17 13 17 12 17 13 17 12 17 12 17 11 17 11 17 10 17 9 17 9 17 8 17 7 18 6 18 0 0 0 0 0 0 0 0 0 0 0 0 0 0 0 0 0 0 0 0 0 0 8 18 6 19 5 20 5 21 4 21 3 22 3 22 3 23 2 23 2 23 3 24 3 24 3 24 2 24 3 24 3 23 3 23 4 23 4 22 5 22 5 22 6 22 6 22 7 22 7 22 8 22 ]
2025-04-02 16:21:06,CSI_DATA,STA,D8:B1:90:DB:E8:90,-42,11,1,7,0,0,1,1,0,0,1,-94,0,3,0,234106778,0,110,0,0,94723.7,256,[110 96 6 0 18 14 19 14 18 13 18 12 18 11 18 11 18 10 19 9 19 9 19 9 20 8 19 8 20 8 19 8 20 8 19 8 19 9 19 9 18 9 17 9 17 9 16 9 16 10 15 11 14 12 0 0 0 0 0 0 0 0 0 0 0 0 0 0 0 0 0 0 0 0 0 0 18 10 17 12 17 13 17 14 16 15 16 16 16 15 16 15 16 16 16 16 15 17 15 18 15 18 15 18 15 17 15 16 15 17 15 16 16 15 16 15 16 15 17 15 17 15 18 15 18 15 18 13 ]
2025-04-02 16:21:08,CSI_DATA,STA,D8:B1:90:DB:E8:90,-42,11,1,7,0,0,1,1,0,0,1,-94,0,3,0,236124786,0,110,0,0,94725.7,256,[110 96 6 0 5 -20 5 -19 6 -20 5 -19 4 -19 4 -19 4 -19 3 -19 2 -19 3 -20 3 -19 3 -19 3 -19 2 -20 2 -19 3 -19 3 -18 3 -18 4 -18 4 -18 4 -17 5 -17 5 -17 6 -16 7 -15 0 0 0 0 0 0 0 0 0 0 0 0 0 0 0 0 0 0 0 0 0 0 5 -18 7 -18 7 -18 8 -18 9 -18 10 -18 11 -19 11 -18 12 -18 12 -19 12 -18 12 -18 12 -18 11 -17 11 -17 11 -18 11 -18 10 -18 9 -20 8 -20 9 -20 8 -20 7 -20 7 -20 7 -20 7 -20 ]
2025-04-02 16:21:09,CSI_DATA,STA,D8:B1:90:DB:E8:90,-42,11,1,7,0,0,1,1,0,0,1,-94,0,3,0,237631546,0,110,0,0,94727.2,256,[110 96 6 0 -18 -17 -18 -16 -18 -16 -18 -15 -18 -14 -18 -14 -18 -13 -19 -13 -19 -13 -19 -12 -19 -12 -19 -11 -19 -12 -19 -11 -19 -12 -19 -12 -18 -12 -18 -12 -18 -12 -17 -12 -17 -13 -16 -13 -16 -13 -15 -13 -14 -14 0 0 0 0 0 0 0 0 0 0 0 0 0 0 0 0 0 0 0 0 0 0 -16 -15 -15 -16 -14 -17 -13 -17 -13 -18 -13 -18 -13 -19 -13 -20 -13 -20 -13 -21 -13 -21 -12 -21 -12 -21 -13 -21 -12 -21 -13 -20 -13 -20 -14
2025-04-02 16:21:11,CSI_DATA,STA,D8:B1:90:DB:E8:90,-41,11,1,7,0,0,1,1,0,0,1,-94,0,3,0,239631012,0,110,0,0,94729.2,256,[110 96 6 0 -19 15 -18 16 -18 16 -17 16 -17 16 -16 16 -15 16 -15 16 -15 16 -15 17 -14 17 -13 17 -13 17 -13 17 -13 17 -14 17 -14 16 -14 16 -14 15 -14 14 -14 13 -14 13 -15 13 -16 12 -17 11 0 0 0 0 0 0 0 0 0 0 0 0 0 0 0 0 0 0 0 0 0 0 -16 14 -17 13 -19 13 -19 12 -20 12 -21 11 -20 11 -21 11 -22 11 -22 10 -22 12 -22 12 -22 11 -22 11 -21 11 -21 11 -21 11 -21 11 -20 13 -20 13 -20 13 -20 14 -19 15 -19
2025-04-02 16:21:14,CSI_DATA,STA,D8:B1:90:DB:E8:90,-42,11,1,7,0,0,1,1,0,0,1,-94,0,3,0,242140051,0,110,0,0,94731.8,256,[110 96 6 0 20 -11 20 -12 19 -11 19 -13 18 -13 18 -13 17 -14 16 -14 16 -14 16 -14 16 -14 15 -14 15 -14 15 -14 16 -15 15 -13 15 -13 15 -13 15 -13 15 -12 15 -11 15 -11 15 -10 16 -9 17 -8 0 0 0 0 0 0 0 0 0 0 0 0 0 0 0 0 0 0 0 0 0 0 18 -10 19 -8 19 -9 21 -8 21 -7 22 -6 22 -6 23 -6 24 -5 23 -4 23 -4 23 -4 23 -3 23 -3 23 -4 22 -4 22 -4 22 -5 22 -6 22 -6 22 -7 22 -8 21 -9 22 -9 22 -10 20 -10 ]
2025-04-02 16:21:14,CSI_DATA,STA,D8:B1:90:DB:E8:90,-42,11,1,7,0,0,1,1,0,0,1,-94,0,3,0,242639865,0,110,0,0,94732.3,256,[110 96 6 0 -17 16 -17 17 -16 16 -15 16 -14 16 -14 16 -13 16 -13 17 -12 17 -12 17 -11 18 -12 18 -11 18 -11 18 -11 18 -11 18 -11 17 -11 17 -12 16 -12 16 -12 15 -12 15 -12 14 -13 14 -14 13 0 0 0 0 0 0 0 0 0 0 0 0 0 0 0 0 0 0 0 0 0 0 -15 15 -16 14 -17 13 -18 12 -19 12 -19 12 -20 12 -20 12 -21 12 -21 11 -21 11 -21 11 -21 11 -21 11 -21 11 -21 11 -20 12 -20 12 -19 13 -19 13 -19 13 -19 14 -18 14 -18
2025-04-02 16:21:15,CSI_DATA,STA,D8:B1:90:DB:E8:90,-42,11,1,7,0,0,1,1,0,0,1,-94,0,3,0,243141230,0,110,0,0,94732.8,256,[110 96 6 0 -3 -25 -3 -24 -3 -24 -3 -23 -4 -22 -4 -22 -4 -21 -6 -22 -6 -22 -7 -22 -7 -21 -6 -20 -7 -21 -6 -21 -6 -21 -6 -21 -5 -20 -5 -20 -5 -20 -5 -20 -4 -20 -4 -20 -3 -20 -2 -20 -1 -20 0 0 0 0 0 0 0 0 0 0 0 0 0 0 0 0 0 0 0 0 0 0 -1 -21 0 -22 1 -23 2 -22 3 -23 4 -23 3 -23 3 -23 4 -24 5 -24 5 -25 5 -24 5 -24 5 -24 5 -24 5 -25 4 -23 2 -26 2 -24 2 -23 1 -24 1 -24 0 -24 0 -24 -1 -24 -1 -24 ]
2025-04-02 16:21:20,CSI_DATA,STA,D8:B1:90:DB:E8:90,-42,11,1,6,0,0,1,0,0,0,1,-94,0,3,0,248661785,0,110,0,0,94738.3,256,[110 96 6 0 6 33 6 30 6 26 7 21 9 15 12 10 15 5 19 0 22 -4 25 -7 32 -13 30 -12 31 -9 33 -13 33 -13 32 -13 30 -12 27 -12 25 -12 21 -11 18 -12 15 -12 11 -12 9 -13 6 -12 0 0 0 0 0 0 0 0 0 0 0 0 0 0 0 0 0 0 0 0 0 0 5 -25 6 -20 5 -16 3 -13 -2 -10 -6 -8 -12 -7 -17 -7 -21 -10 -25 -12 -27 -15 -27 -18 -26 -21 -23 -22 -19 -22 -14 -20 -9 -17 -5 -13 1 -8 5 -2 9 4 11 12 13 18 13 24 13 29 11 33 ]
2025-04-02 16:21:23,CSI_DATA,STA,D8:B1:90:DB:E8:90,-42,11,1,3,0,0,1,0,0,0,0,-94,0,3,0,251173992,0,110,0,0,94740.8,256,[110 96 6 0 27 -20 24 -18 21 -16 16 -15 10 -15 4 -16 -2 -17 -8 -18 -12 -20 -17 -22 -20 -23 -23 -25 -25 -26 -25 -26 -25 -26 -25 -25 -24 -24 -22 -22 -21 -19 -20 -17 -18 -14 -17 -10 -16 -7 -15 -5 -14 -2 0 0 0 0 0 0 0 0 0 0 0 0 0 0 0 0 0 0 0 0 0 0 -24 4 -21 1 -17 0 -13 1 -8 4 -5 8 -2 13 -1 18 0 23 -2 26 -4 30 -7 31 -9 30 -11 28 -13 25 -13 20 -13 14 -11 8 -8 2 -4 -4 1 -10 6 -16 11 -19 16 -22 21 -2
2025-04-02 16:21:23,CSI_DATA,STA,00:00:00:00:00:00,-42,11,0,0,0,0,0,0,0,0,0,-94,0,3,0,251236915,0,14,0,0,94740.9,128,[14 -32 0 0 29 -16 26 -15 22 -13 17 -13 11 -14 5 -15 0 -17 -6 -19 -11 -21 -15 -23 -18 -25 -21 -26 -22 -27 -23 -28 -23 -28 -22 -27 -22 -26 -20 -24 -19 -21 -18 -18 -17 -15 -16 -11 -15 -9 -14 -6 -14 -3 0 0 0 0 0 0 0 0 0 0 0 0 0 0 0 0 0 0 0 0 0 0 -24 -1 -20 -3 -16 -3 -12 -1 -9 3 -6 7 -4 12 -3 18 -4 22 -6 26 -8 29 -11 30 -14 29 -15 26 -16 23 -16 18 -15 12 -12 6 -9 1 -4 -5 2 -10 8 -14 13 -18 19 -20
2025-04-02 16:21:26,CSI_DATA,STA,D8:B1:90:DB:E8:90,-49,11,1,7,0,0,1,0,0,0,0,-94,0,3,0,254176149,0,110,0,0,94743.8,256,[110 96 6 0 1 -25 1 -25 2 -24 -22 -29 -23 -27 -23 -27 -22 -26 20 20 21 18 22 17 23 17 -31 -14 -31 -13 -30 -14 -30 -14 -6 -1 -7 -2 -6 -2 -6 -2 -17 2 -17 2 -17 2 -17 1 1 27 -1 27 0 0 0 0 0 0 0 0 0 0 0 0 0 0 0 0 0 0 0 0 0 0 -12 4 -12 3 10 -12 10 -11 11 -11 11 -11 -5 12 -4 11 -5 11 -5 12 -10 14 -10 14 -10 15 -9 15 -15 0 -15 1 -14 1 -14 2 -16 -2 -16 -1 -15 0 -15 1 23 17 23 16 23 17 -30 10 ]
2025-04-02 16:21:26,CSI_DATA,STA,D8:B1:90:DB:E8:90,-42,11,1,5,0,0,1,0,0,0,1,-94,0,3,0,254676463,0,110,0,0,94744.3,256,[110 96 6 0 -17 -17 -18 -17 -17 -16 -18 -15 -18 -14 -18 -14 -18 -13 -18 -12 -18 -12 -18 -12 -19 -11 -19 -12 -19 -11 -19 -11 -19 -11 -19 -11 -18 -11 -18 -11 -18 -12 -17 -12 -17 -12 -16 -12 -16 -13 -15 -14 -14 -15 0 0 0 0 0 0 0 0 0 0 0 0 0 0 0 0 0 0 0 0 0 0 -16 -16 -15 -17 -15 -17 -14 -18 -14 -19 -13 -19 -13 -19 -13 -20 -13 -21 -12 -21 -13 -21 -12 -22 -12 -21 -12 -22 -12 -20 -13 -20 -13 -20 -13
2025-04-02 16:21:27,CSI_DATA,STA,D8:B1:90:DB:E8:90,-42,11,1,6,0,0,1,0,0,0,1,-94,0,3,0,255675672,0,110,0,0,94745.3,256,[110 96 6 0 19 29 17 26 15 22 15 18 15 12 16 7 18 1 21 -4 23 -8 26 -12 28 -15 30 -16 32 -17 33 -18 33 -17 32 -16 30 -15 28 -14 25 -14 23 -13 19 -13 16 -13 13 -13 11 -13 8 -13 0 0 0 0 0 0 0 0 0 0 0 0 0 0 0 0 0 0 0 0 0 0 -16 -21 -12 -19 -9 -17 -9 -12 -9 -8 -11 -3 -14 1 -18 3 -23 5 -27 5 -30 3 -32 1 -33 -1 -31 -4 -28 -7 -23 -8 -18 -8 -11 -8 -4 -6 2 -3 9 1 15 6 19 11 21 17 23 22 22 26 ]
2025-04-02 16:21:30,CSI_DATA,STA,D8:B1:90:DB:E8:90,-42,11,1,6,0,0,1,0,0,0,1,-94,0,3,0,258685173,0,110,0,0,94748.3,256,[110 96 6 0 -17 -26 -15 -23 -14 -20 -13 -15 -14 -10 -14 -5 -15 0 -17 5 -19 9 -21 12 -23 15 -24 17 -25 19 -26 19 -25 19 -25 19 -23 18 -22 17 -19 15 -17 15 -14 14 -11 13 -9 12 -6 11 -4 11 0 0 0 0 0 0 0 0 0 0 0 0 0 0 0 0 0 0 0 0 0 0 5 21 3 18 2 15 2 11 4 7 7 3 11 1 15 0 20 0 23 0 26 3 27 5 26 7 25 9 21 10 17 11 12 10 7 8 1 6 -4 3 -10 -1 -14 -6 -17 -11 -20 -16 -20 -20 -20 -24 ]
2025-04-02 16:21:32,CSI_DATA,STA,D8:B1:90:DB:E8:90,-42,11,1,6,0,0,1,0,0,0,1,-94,0,3,0,260195348,0,110,0,0,94749.8,256,[110 96 6 0 12 27 10 25 10 21 10 17 11 12 13 7 15 3 18 -1 21 -5 24 -8 26 -10 28 -11 29 -12 30 -12 30 -11 29 -11 28 -10 26 -10 23 -10 21 -10 18 -10 15 -10 12 -10 9 -10 8 -11 0 0 0 0 0 0 0 0 0 0 0 0 0 0 0 0 0 0 0 0 0 0 -9 -20 -6 -19 -4 -16 -5 -12 -6 -8 -9 -5 -13 -2 -17 -1 -21 0 -25 -1 -27 -4 -28 -6 -28 -8 -25 -10 -22 -11 -18 -12 -13 -11 -7 -9 -2 -6 3 -2 8 2 12 8 14 13 16 18 16 23 16 27 ]
2025-04-02 16:21:36,CSI_DATA,STA,D8:B1:90:DB:E8:90,-42,11,1,7,0,0,1,0,0,0,1,-94,0,3,0,264708208,0,110,0,0,94754.3,256,[110 96 6 0 -26 -15 -24 -14 -21 -11 -19 -7 -16 -3 -15 2 -13 7 -12 13 -12 17 -12 21 -12 24 -12 27 -12 29 -12 29 -12 29 -12 29 -11 27 -10 25 -8 23 -7 21 -5 18 -3 16 0 14 1 12 3 10 0 0 0 0 0 0 0 0 0 0 0 0 0 0 0 0 0 0 0 0 0 0 12 17 9 15 7 12 6 8 7 4 8 0 11 -3 14 -7 18 -8 22 -9 25 -8 27 -6 27 -4 26 -2 24 1 20 3 15 4 10 5 4 5 -3 4 -9 3 -15 0 -20 -2 -24 -5 -27 -9 -28 -12 ]
2025-04-02 16:21:37,CSI_DATA,STA,D8:B1:90:DB:E8:90,-42,11,1,6,0,0,1,0,0,0,1,-94,0,3,0,265208207,0,110,0,0,94754.8,256,[110 96 6 0 31 -10 29 -9 24 -8 20 -9 14 -12 9 -14 4 -17 0 -21 -5 -23 -8 -27 -11 -30 -13 -32 -14 -34 -13 -34 -14 -35 -13 -33 -13 -31 -12 -29 -12 -26 -12 -23 -11 -20 -12 -16 -12 -13 -11 -10 -12 -7 0 0 0 0 0 0 0 0 0 0 0 0 0 0 0 0 0 0 0 0 0 0 -25 -3 -22 -5 -17 -5 -14 -2 -11 2 -9 6 -8 11 -8 16 -10 20 -12 24 -14 26 -17 26 -19 25 -21 22 -21 18 -20 13 -17 8 -13 3 -9 -2 -3 -6 4 -10 11 -13 16 -15 22 -1
2025-04-02 16:21:37,CSI_DATA,STA,D8:B1:90:DB:E8:90,-41,11,1,6,0,0,1,0,0,0,1,-94,0,3,0,265710703,0,110,0,0,94755.3,256,[110 96 6 0 -17 18 -17 19 -16 18 -16 18 -15 18 -15 19 -14 19 -13 19 -12 19 -12 19 -11 19 -11 20 -12 20 -11 19 -12 20 -12 19 -12 19 -12 18 -13 17 -13 17 -14 17 -14 16 -14 16 -14 14 -16 13 0 0 0 0 0 0 0 0 0 0 0 0 0 0 0 0 0 0 0 0 0 0 -15 16 -17 15 -17 14 -19 13 -19 13 -20 13 -20 13 -21 13 -22 12 -22 12 -22 13 -22 13 -22 12 -22 12 -21 12 -21 12 -21 13 -20 12 -18 15 -18 16 -18 16 -18 16 -18 17 -17
2025-04-02 16:21:38,CSI_DATA,STA,D8:B1:90:DB:E8:90,-42,11,1,7,0,0,1,0,0,0,1,-94,0,3,0,266211056,0,110,0,0,94755.8,256,[110 96 6 0 10 -21 9 -22 9 -21 8 -22 8 -22 7 -22 7 -22 6 -22 5 -21 5 -22 5 -22 4 -21 4 -21 5 -21 5 -21 5 -21 5 -21 6 -21 6 -20 7 -20 7 -20 7 -19 8 -19 9 -18 10 -17 0 0 0 0 0 0 0 0 0 0 0 0 0 0 0 0 0 0 0 0 0 0 10 -18 12 -17 13 -19 13 -18 14 -18 15 -18 15 -18 16 -18 17 -17 17 -17 17 -17 17 -17 17 -17 17 -17 17 -17 16 -17 16 -17 16 -18 14 -19 14 -19 13 -19 14 -20 13 -20 12 -21 12 -21 12 -21 ]
2025-04-02 16:21:41,CSI_DATA,STA,D8:B1:90:DB:E8:90,-41,11,1,7,0,0,1,0,0,0,1,-94,0,3,0,269216224,0,110,0,0,94758.8,256,[110 96 6 0 4 -20 4 -21 4 -20 4 -21 4 -21 4 -21 3 -20 3 -20 3 -20 2 -20 2 -20 2 -19 1 -20 2 -20 2 -20 2 -19 2 -20 2 -20 3 -19 3 -18 3 -18 4 -17 4 -17 6 -17 7 -17 0 0 0 0 0 0 0 0 0 0 0 0 0 0 0 0 0 0 0 0 0 0 3 -19 6 -19 6 -19 7 -19 7 -18 9 -18 9 -19 10 -19 10 -19 10 -19 11 -19 11 -19 11 -19 11 -19 10 -20 9 -20 9 -20 8 -20 8 -20 7 -20 6 -21 7 -21 6 -21 6 -21 6 -21 5 -21 ]
2025-04-02 16:21:43,CSI_DATA,STA,D8:B1:90:DB:E8:90,-41,11,1,7,0,0,1,0,0,0,1,-94,0,3,0,271223778,0,110,0,0,94760.8,256,[110 96 6 0 -7 -24 -8 -24 -8 -23 -9 -23 -9 -22 -10 -22 -10 -22 -11 -21 -11 -20 -12 -20 -12 -20 -12 -20 -12 -20 -12 -19 -12 -20 -12 -19 -12 -20 -12 -19 -11 -19 -10 -19 -10 -19 -9 -19 -8 -19 -8 -19 -6 -20 0 0 0 0 0 0 0 0 0 0 0 0 0 0 0 0 0 0 0 0 0 0 -8 -21 -7 -22 -6 -22 -5 -23 -4 -23 -4 -24 -3 -24 -3 -25 -2 -25 -2 -25 -2 -25 -1 -25 -1 -25 -1 -25 -2 -25 -2 -25 -3 -25 -3 -25 -4 -25 -4 -24 -5 -24 -
2025-04-02 16:21:48,CSI_DATA,STA,D8:B1:90:DB:E8:90,-42,11,1,7,0,0,1,0,0,0,1,-94,0,3,0,276238801,0,110,0,0,94765.9,256,[110 96 6 0 -24 -2 -25 -2 -24 -2 -23 -2 -23 -1 -23 -1 -23 -1 -22 0 -21 0 -21 1 -22 1 -22 2 -22 2 -21 2 -22 2 -21 2 -21 1 -21 1 -21 0 -20 0 -20 0 -20 0 -20 -1 -20 -2 -20 -3 0 0 0 0 0 0 0 0 0 0 0 0 0 0 0 0 0 0 0 0 0 0 -21 -3 -21 -4 -21 -5 -21 -6 -21 -7 -22 -8 -22 -7 -22 -8 -22 -8 -22 -9 -22 -9 -22 -9 -22 -9 -22 -9 -22 -8 -22 -8 -22 -8 -22 -7 -23 -7 -23 -7 -23 -6 -24 -6 -23 -5 -23 -5 -24 -4 -23
2025-04-02 16:21:52,CSI_DATA,STA,D8:B1:90:DB:E8:90,-42,11,1,7,0,0,1,1,0,0,1,-94,0,3,0,280245919,0,110,0,0,94769.9,256,[110 96 6 0 -20 17 -20 17 -19 17 -17 18 -16 18 -16 18 -15 19 -16 19 -15 19 -15 19 -14 19 -14 19 -14 20 -14 19 -14 19 -14 19 -14 19 -14 18 -15 18 -15 18 -16 17 -15 16 -16 16 -16 14 -17 13 0 0 0 0 0 0 0 0 0 0 0 0 0 0 0 0 0 0 0 0 0 0 -17 16 -19 15 -19 15 -20 15 -20 14 -22 14 -21 13 -22 13 -22 12 -23 12 -23 13 -23 12 -23 12 -23 12 -23 12 -22 12 -23 13 -22 13 -22 14 -21 14 -21 15 -22 15 -21 15 -21
2025-04-02 16:21:56,CSI_DATA,STA,D8:B1:90:DB:E8:90,-47,11,1,7,0,0,1,1,0,0,1,-94,0,3,0,284252825,0,110,0,0,94773.9,256,[110 96 6 0 -30 0 -30 1 -29 3 -28 5 -27 7 -26 8 -24 9 -24 11 -22 12 -21 13 -20 14 -18 15 -17 16 -16 16 -15 17 -14 17 -12 17 -11 17 -11 16 -9 16 -8 16 -7 16 -7 16 -6 15 -6 15 0 0 0 0 0 0 0 0 0 0 0 0 0 0 0 0 0 0 0 0 0 0 -20 5 -20 4 -9 -12 -9 -11 -9 -11 -10 -11 15 9 16 8 17 8 17 7 6 17 7 16 8 15 9 14 3 18 4 17 6 16 8 15 4 20 6 19 8 18 10 17 -29 -9 -29 -7 -30 -6 -30 -5 ]
2025-04-02 16:21:56,CSI_DATA,STA,D8:B1:90:DB:E8:90,-41,11,1,7,0,0,1,1,0,0,1,-94,0,3,0,284753064,0,110,0,0,94774.4,256,[110 96 6 0 22 9 22 9 22 8 21 8 21 7 21 7 21 6 22 5 22 5 22 4 22 4 21 4 21 4 21 4 21 4 22 5 21 5 21 5 21 5 20 5 20 5 19 6 19 6 19 8 18 10 0 0 0 0 0 0 0 0 0 0 0 0 0 0 0 0 0 0 0 0 0 0 20 8 19 10 19 10 19 12 19 13 18 13 19 12 19 13 19 14 19 14 18 14 18 15 18 15 19 15 18 14 18 14 19 13 19 13 19 13 19 12 20 12 21 12 21 10 22 10 22 10 22 9 ]
2025-04-02 16:21:57,CSI_DATA,STA,D8:B1:90:DB:E8:90,-45,11,1,7,0,0,1,1,0,0,1,-94,0,3,0,285255728,0,110,0,0,94774.9,256,[110 96 6 0 -18 -22 -18 -21 -17 -21 -18 -20 -18 -19 -18 -18 -18 -17 -18 -16 -18 -16 -19 -15 -18 -14 -19 -13 -19 -13 -19 -12 -18 -12 -18 -11 -18 -11 -17 -11 -16 -10 -16 -10 -16 -9 -15 -9 -15 -9 -14 -10 -13 -9 0 0 0 0 0 0 0 0 0 0 0 0 0 0 0 0 0 0 0 0 0 0 -31 -13 -31 -15 -6 -6 -6 -6 -6 -7 -6 -7 9 -13 9 -14 10 -14 10 -13 12 -18 12 -18 11 -18 11 -18 -6 -12 -6 -11 -7 -10 -7 -9 -31 -20 -32 -18 -33 -1
2025-04-02 16:22:00,CSI_DATA,STA,D8:B1:90:DB:E8:90,-49,11,1,7,0,0,1,1,0,0,1,-94,0,3,0,288261151,0,110,0,0,94777.9,256,[110 96 6 0 -30 -13 -30 -13 -30 -11 6 27 7 26 8 25 9 24 10 23 11 22 12 21 13 20 13 19 14 18 14 17 14 16 14 15 14 15 14 13 13 13 13 12 13 11 13 10 13 10 12 10 12 10 0 0 0 0 0 0 0 0 0 0 0 0 0 0 0 0 0 0 0 0 0 0 17 14 17 14 -9 7 -9 7 -9 7 -9 8 -3 -18 -4 -19 -4 -19 -5 -19 9 -19 8 -19 7 -19 5 -20 13 -15 11 -15 9 -16 8 -17 13 -13 12 -13 9 -15 9 -16 3 24 6 24 8 24 -25 -26 ]
2025-04-02 16:22:00,CSI_DATA,STA,D8:B1:90:DB:E8:90,-42,11,1,7,0,0,1,1,0,0,1,-94,0,3,0,288761144,0,110,0,0,94778.4,256,[110 96 6 0 15 -18 15 -18 15 -18 12 -19 12 -19 11 -19 11 -19 11 -20 11 -20 10 -20 10 -20 10 -20 9 -19 9 -20 10 -19 10 -19 10 -19 10 -19 11 -18 10 -17 11 -17 11 -16 11 -15 13 -15 14 -14 0 0 0 0 0 0 0 0 0 0 0 0 0 0 0 0 0 0 0 0 0 0 14 -17 15 -16 16 -16 17 -15 18 -14 18 -14 18 -13 19 -14 20 -13 20 -13 20 -13 20 -12 20 -12 20 -12 19 -13 19 -13 19 -13 19 -14 17 -15 17 -15 17 -16 18 -17 17 -17 17 -1
2025-04-02 16:22:03,CSI_DATA,STA,00:00:00:00:00:00,-42,11,0,0,0,0,0,0,0,0,0,-94,0,3,0,291557710,0,14,0,0,94781.2,128,[14 -32 0 0 -12 -28 -11 -26 -10 -22 -10 -17 -11 -12 -13 -8 -15 -3 -18 1 -20 5 -23 8 -25 11 -27 12 -28 13 -29 14 -29 14 -28 13 -26 13 -24 12 -22 11 -19 11 -17 11 -14 11 -11 10 -9 10 -6 10 0 0 0 0 0 0 0 0 0 0 0 0 0 0 0 0 0 0 0 0 0 0 2 21 0 18 -1 15 0 11 3 7 6 5 11 3 15 2 19 3 23 4 25 7 25 9 25 11 23 13 19 13 15 13 10 12 5 9 0 6 -5 2 -9 -3 -12 -9 -15 -14 -16 -19 -16 -23 -16 -27 ]
2025-04-02 16:22:03,CSI_DATA,STA,D8:B1:90:DB:E8:90,-42,11,1,7,0,0,1,1,0,0,1,-94,0,3,0,291558916,0,100,0,0,94781.2,256,[100 -64 5 0 16 16 16 16 16 15 16 15 16 14 16 14 17 13 17 13 17 12 17 12 17 12 17 12 17 13 17 12 17 13 17 12 16 12 16 12 15 12 15 12 14 12 14 13 13 13 12 14 12 14 0 0 0 0 0 0 0 0 0 0 0 0 0 0 0 0 0 0 0 0 0 0 15 15 14 16 13 16 13 17 12 18 12 18 11 20 11 20 11 21 10 21 11 21 11 21 10 21 11 21 11 20 11 20 11 20 11 20 12 20 12 19 13 19 14 19 14 17 15 17 15 17 16 16 ]
2025-04-02 16:22:07,CSI_DATA,STA,D8:B1:90:DB:E8:90,-50,11,1,7,0,0,1,1,0,0,1,-94,0,3,0,295289121,0,110,0,0,94784.9,256,[110 96 6 0 -5 -2 -5 -1 -6 -1 -8 -19 -9 -18 -10 -17 -10 -17 29 -21 27 -23 25 -24 24 -27 -19 30 -18 32 -16 33 -14 33 1 -19 0 -19 -1 -18 -1 -19 -12 -16 -12 -15 -11 -14 -11 -14 -30 5 -31 5 0 0 0 0 0 0 0 0 0 0 0 0 0 0 0 0 0 0 0 0 0 0 -13 7 -14 7 -1 -4 -1 -4 -1 -4 -1 -4 4 12 5 12 6 13 6 12 -8 19 -7 18 -5 19 -4 19 -5 14 -4 14 -2 15 -1 14 -8 17 -6 17 -4 19 -3 19 3 33 5 35 8 35 5 35 ]
2025-04-02 16:22:11,CSI_DATA,STA,D8:B1:90:DB:E8:90,-51,11,1,7,0,0,1,1,0,0,1,-94,0,3,0,299306911,0,110,0,0,94788.9,256,[110 96 6 0 -6 9 -4 9 -2 8 -20 27 -16 28 -11 29 -7 29 -9 -15 -11 -14 -13 -12 -15 -11 -29 6 -27 11 -24 14 -22 17 7 5 7 4 8 2 9 1 20 1 21 -1 21 -3 21 -5 26 22 28 20 0 0 0 0 0 0 0 0 0 0 0 0 0 0 0 0 0 0 0 0 0 0 -11 12 -9 13 0 -8 0 -8 -1 -8 -1 -8 22 -5 22 -8 21 -10 20 -13 25 0 24 -3 23 -7 22 -11 23 -5 21 -8 20 -12 18 -16 16 -15 13 -17 10 -19 6 -22 21 -7 19 -10 16 -13 39 25 ]
2025-04-02 16:22:11,CSI_DATA,STA,D8:B1:90:DB:E8:90,-42,11,1,5,0,0,1,1,1,0,0,-94,0,3,0,299809246,0,110,0,0,94789.4,384,[110 96 6 0 29 -16 26 -15 23 -14 18 -14 12 -14 7 -16 2 -18 -3 -20 -7 -23 -11 -25 -14 -28 -16 -30 -17 -30 -17 -31 -17 -31 -17 -30 -16 -28 -16 -27 -15 -24 -15 -22 -14 -19 -14 -15 -13 -13 -13 -10 -13 -7 0 0 0 0 0 0 0 0 0 0 0 0 0 0 0 0 0 0 0 0 0 0 -25 7 -22 4 -18 2 -13 3 -9 5 -5 8 -3 12 -1 17 -1 22 -2 26 -4 29 -7 30 -10 29 -12 27 -13 23 -13 18 -12 13 -10 7 -7 1 -3 -5 2 -11 8 -15 13 -18 19 -20 24
2025-04-02 16:22:12,CSI_DATA,STA,D8:B1:90:DB:E8:90,-41,11,1,7,0,0,1,1,0,0,1,-94,0,3,0,300306921,0,110,0,0,94789.9,256,[110 96 6 0 -1 -25 -1 -25 -1 -24 -2 -24 -3 -24 -3 -24 -3 -23 -4 -23 -4 -23 -4 -23 -5 -23 -5 -23 -5 -23 -5 -23 -5 -23 -4 -22 -4 -22 -4 -22 -3 -22 -3 -21 -2 -21 -2 -20 -1 -21 -1 -20 1 -21 0 0 0 0 0 0 0 0 0 0 0 0 0 0 0 0 0 0 0 0 0 0 -1 -23 0 -23 3 -23 3 -23 4 -22 5 -23 4 -27 5 -24 6 -24 6 -24 7 -20 6 -24 7 -24 7 -24 5 -21 6 -23 6 -24 5 -23 1 -23 4 -24 3 -24 3 -25 2 -24 2 -25 1 -25 0 -24 ]
2025-04-02 16:22:12,CSI_DATA,STA,D8:B1:90:DB:E8:90,-42,11,1,7,0,0,1,0,0,0,0,-94,0,3,0,300806209,0,110,0,0,94790.4,256,[110 96 6 0 -23 -8 -23 -7 -23 -7 -22 -6 -22 -5 -22 -5 -22 -5 -22 -4 -21 -4 -22 -3 -22 -3 -22 -3 -22 -3 -22 -3 -22 -3 -21 -3 -21 -3 -21 -4 -20 -4 -20 -4 -20 -5 -19 -5 -19 -5 -19 -6 -19 -7 0 0 0 0 0 0 0 0 0 0 0 0 0 0 0 0 0 0 0 0 0 0 -21 -7 -21 -9 -21 -10 -21 -11 -21 -12 -21 -12 -21 -13 -21 -14 -21 -14 -21 -15 -21 -14 -21 -15 -21 -15 -21 -15 -21 -14 -21 -14 -21 -13 -21 -13 -21 -12 -21 -11 -21 -1
2025-04-02 16:22:16,CSI_DATA,STA,D8:B1:90:DB:E8:90,-42,11,1,6,0,0,1,0,0,0,1,-94,0,3,0,304325233,0,110,0,0,94793.9,256,[110 96 6 0 23 -3 22 -3 23 -3 21 -3 21 -3 21 -4 21 -4 21 -5 20 -6 20 -6 20 -6 20 -6 20 -6 20 -7 20 -6 20 -6 19 -5 19 -5 19 -5 19 -4 19 -4 19 -3 19 -3 19 -1 19 0 0 0 0 0 0 0 0 0 0 0 0 0 0 0 0 0 0 0 0 0 0 0 21 -1 21 0 21 1 21 2 22 3 21 4 22 4 22 5 22 5 22 6 23 6 22 6 22 6 23 6 22 4 23 4 22 4 23 3 21 2 22 2 21 1 22 0 22 -1 23 -1 23 -1 22 -2 ]
2025-04-02 16:22:16,CSI_DATA,STA,00:00:00:00:00:00,-43,11,0,0,0,0,0,0,0,0,0,-94,0,3,0,304383742,0,14,0,0,94794,128,[14 -32 0 0 31 -13 28 -11 25 -11 20 -11 15 -12 10 -14 5 -16 0 -19 -4 -22 -7 -25 -10 -28 -11 -30 -12 -31 -12 -32 -12 -32 -12 -32 -12 -30 -12 -28 -12 -26 -11 -23 -11 -21 -11 -18 -11 -15 -11 -12 -11 -10 0 0 0 0 0 0 0 0 0 0 0 0 0 0 0 0 0 0 0 0 0 0 -25 7 -22 3 -19 1 -14 1 -10 3 -5 6 -2 10 -1 15 0 20 -1 24 -3 27 -6 28 -8 29 -11 27 -12 24 -13 19 -12 14 -10 8 -7 2 -3 -3 2 -9 8 -13 14 -16 19 -18 25 -18 3
2025-04-02 16:22:16,CSI_DATA,STA,D8:B1:90:DB:E8:90,-42,11,1,6,0,0,1,0,0,0,1,-94,0,3,0,304549222,0,100,0,0,94794.2,256,[100 -64 5 0 27 -14 25 -12 22 -12 18 -11 13 -12 8 -14 3 -15 -1 -18 -6 -20 -9 -22 -12 -24 -14 -26 -15 -27 -15 -28 -15 -28 -15 -28 -15 -26 -14 -25 -13 -22 -13 -20 -13 -17 -12 -15 -12 -12 -12 -9 -11 -7 0 0 0 0 0 0 0 0 0 0 0 0 0 0 0 0 0 0 0 0 0 0 -24 5 -21 2 -18 0 -14 0 -9 2 -6 5 -3 9 -2 14 -1 18 -2 22 -4 25 -6 26 -8 26 -10 25 -12 22 -12 18 -11 13 -10 7 -7 2 -3 -3 2 -8 7 -12 12 -16 17 -17 21 -18
2025-04-02 16:22:18,CSI_DATA,STA,D8:B1:90:DB:E8:90,-42,11,1,5,0,0,1,0,0,0,1,-94,0,3,0,306837276,0,110,0,0,94796.5,256,[110 96 6 0 22 -10 21 -10 22 -10 20 -10 20 -11 20 -11 19 -11 19 -11 18 -12 18 -13 18 -12 18 -12 18 -12 18 -12 18 -12 18 -12 18 -11 18 -11 18 -10 18 -10 18 -10 18 -9 18 -9 18 -8 18 -6 0 0 0 0 0 0 0 0 0 0 0 0 0 0 0 0 0 0 0 0 0 0 22 -8 20 -5 21 -4 21 -3 22 -2 22 -2 24 -1 23 -1 23 1 25 2 24 0 23 2 23 1 24 0 23 -2 24 -3 22 -3 24 -4 22 -4 22 -5 22 -6 24 -6 22 -7 22 -7 22 -7 22 -8 ]
2025-04-02 16:22:22,CSI_DATA,STA,D8:B1:90:DB:E8:90,-40,11,1,7,0,0,1,0,0,0,0,-95,0,3,0,310343120,0,110,0,0,94800,256,[110 96 6 0 -22 -12 -22 -11 -22 -11 -22 -10 -22 -10 -22 -9 -22 -9 -21 -9 -22 -8 -22 -8 -22 -8 -22 -8 -22 -8 -23 -8 -22 -7 -22 -7 -21 -7 -21 -8 -21 -8 -20 -8 -20 -8 -20 -9 -19 -9 -19 -10 -18 -11 0 0 0 0 0 0 0 0 0 0 0 0 0 0 0 0 0 0 0 0 0 0 -20 -11 -18 -12 -19 -14 -18 -15 -18 -16 -18 -16 -18 -17 -17 -17 -17 -18 -17 -19 -17 -18 -17 -18 -17 -18 -17 -18 -16 -17 -17 -17 -17 -17 -17 -17 -18 -18 -18 -17
2025-04-02 16:22:23,CSI_DATA,STA,00:00:00:00:00:00,-42,11,0,0,0,0,0,0,0,0,0,-94,0,3,0,311236381,0,14,0,0,94800.9,128,[14 -32 0 0 -7 34 -6 31 -5 27 -2 22 2 18 6 14 11 10 16 7 20 4 24 1 28 -1 31 -2 33 -4 35 -4 35 -5 34 -5 32 -5 30 -6 28 -6 25 -7 22 -7 18 -8 15 -8 12 -8 8 -9 0 0 0 0 0 0 0 0 0 0 0 0 0 0 0 0 0 0 0 0 0 0 21 -15 19 -11 15 -9 11 -7 5 -8 0 -9 -5 -11 -9 -15 -12 -20 -14 -24 -14 -28 -12 -31 -10 -32 -8 -32 -5 -30 -2 -27 1 -22 4 -16 5 -9 6 -2 7 6 6 14 5 20 3 26 0 31 -3 34 ]
2025-04-02 16:22:23,CSI_DATA,STA,D8:B1:90:DB:E8:90,-42,11,1,7,0,0,1,0,0,0,0,-94,0,3,0,311851052,0,110,0,0,94801.5,256,[110 96 6 0 -21 12 -20 12 -20 12 -19 12 -19 12 -18 12 -18 12 -18 13 -17 13 -17 14 -16 14 -17 14 -16 14 -16 15 -16 15 -16 15 -16 14 -16 14 -16 13 -16 12 -16 12 -17 12 -17 11 -18 10 -18 9 0 0 0 0 0 0 0 0 0 0 0 0 0 0 0 0 0 0 0 0 0 0 -20 9 -21 7 -22 6 -22 5 -23 5 -23 4 -23 5 -24 4 -24 4 -25 3 -25 4 -25 3 -25 3 -25 3 -24 4 -24 5 -24 5 -24 5 -22 6 -22 7 -22 7 -23 8 -23 9 -22 10 -22 10 -21 11 ]
2025-04-02 16:22:25,CSI_DATA,STA,D8:B1:90:DB:E8:90,-49,11,1,7,0,0,1,0,0,0,0,-94,0,3,0,313851320,0,110,0,0,94803.5,256,[110 96 6 0 18 -33 16 -34 15 -33 2 -6 1 -6 0 -6 -1 -7 15 10 15 8 14 8 14 7 7 -20 6 -20 6 -20 6 -20 28 -11 28 -11 27 -11 27 -11 -32 13 -31 14 -31 13 -31 13 -1 10 -2 10 0 0 0 0 0 0 0 0 0 0 0 0 0 0 0 0 0 0 0 0 0 0 17 7 17 8 -5 6 -5 7 -5 6 -5 6 3 -17 2 -17 2 -18 2 -18 15 -7 15 -7 15 -8 14 -8 18 -2 16 -3 16 -4 15 -5 19 -4 18 -5 17 -6 17 -7 3 -13 2 -13 1 -15 7 -20 ]
2025-04-02 16:22:28,CSI_DATA,STA,D8:B1:90:DB:E8:90,-42,11,1,6,0,0,1,0,0,0,0,-94,0,3,0,316359209,0,110,0,0,94806,256,[110 96 6 0 6 33 6 30 5 25 7 21 10 16 12 11 16 6 20 3 23 -1 27 -4 30 -6 33 -7 35 -8 35 -8 36 -9 35 -8 34 -8 31 -7 28 -7 25 -7 21 -8 18 -8 15 -8 12 -9 9 -9 0 0 0 0 0 0 0 0 0 0 0 0 0 0 0 0 0 0 0 0 0 0 2 -24 4 -21 4 -17 1 -13 -3 -10 -7 -8 -12 -7 -17 -7 -22 -9 -25 -12 -27 -15 -28 -18 -26 -20 -24 -21 -20 -22 -15 -20 -11 -18 -5 -13 -1 -9 4 -3 7 4 10 11 11 17 12 23 11 28 9 32 ]
2025-04-02 16:22:34,CSI_DATA,STA,D8:B1:90:DB:E8:90,-41,11,1,6,0,0,1,0,0,0,0,-94,0,3,0,322877204,0,110,0,0,94812.5,256,[110 96 6 0 12 -18 12 -18 11 -17 11 -17 10 -18 10 -18 9 -19 9 -18 8 -18 8 -18 8 -18 7 -19 7 -19 7 -19 7 -19 7 -18 7 -18 8 -18 8 -18 8 -16 8 -16 8 -15 9 -15 10 -15 11 -14 0 0 0 0 0 0 0 0 0 0 0 0 0 0 0 0 0 0 0 0 0 0 9 -17 10 -16 11 -16 11 -15 12 -15 13 -14 13 -15 14 -15 15 -15 15 -15 16 -15 16 -15 16 -15 16 -14 15 -15 14 -15 14 -14 14 -15 13 -16 13 -15 13 -16 13 -17 11 -17 12 -17 12 -18 12 -17
2025-04-02 16:22:35,CSI_DATA,STA,D8:B1:90:DB:E8:90,-41,11,1,7,0,0,1,0,0,0,1,-94,0,3,0,323885956,0,110,0,0,94813.5,256,[110 96 6 0 22 8 22 7 22 7 22 6 22 6 22 5 22 4 21 4 21 3 21 4 21 3 21 3 21 3 21 3 21 3 20 3 20 3 19 4 19 4 19 4 19 4 19 5 18 5 18 7 17 8 0 0 0 0 0 0 0 0 0 0 0 0 0 0 0 0 0 0 0 0 0 0 19 7 18 8 18 9 18 10 18 11 19 11 18 13 18 13 18 14 18 14 19 15 19 15 19 15 18 15 18 15 18 14 18 14 19 14 20 12 21 11 21 11 22 11 22 9 22 9 22 9 22 8 ]
2025-04-02 16:22:37,CSI_DATA,STA,D8:B1:90:DB:E8:90,-41,11,1,5,0,0,1,0,0,0,0,-94,0,3,0,325902137,0,110,0,0,94815.5,256,[110 96 6 0 -12 -22 -13 -22 -13 -21 -13 -20 -14 -19 -14 -18 -14 -18 -15 -17 -15 -17 -15 -17 -15 -17 -14 -17 -15 -17 -15 -16 -15 -17 -14 -17 -14 -17 -14 -17 -13 -17 -13 -17 -12 -17 -12 -17 -11 -18 -10 -18 -9 -19 0 0 0 0 0 0 0 0 0 0 0 0 0 0 0 0 0 0 0 0 0 0 -10 -19 -9 -20 -9 -21 -8 -21 -8 -22 -7 -23 -8 -23 -8 -23 -8 -24 -7 -24 -6 -24 -6 -25 -6 -25 -6 -24 -7 -24 -7 -23 -8 -23 -8 -23 -9 -23 -10 -2
2025-04-02 16:22:38,CSI_DATA,STA,D8:B1:90:DB:E8:90,-41,11,1,5,0,0,1,0,0,0,1,-94,0,3,0,326402170,0,110,0,0,94816,256,[110 96 6 0 21 -5 22 -5 21 -5 21 -6 21 -6 20 -6 20 -6 20 -7 20 -7 20 -8 20 -8 20 -7 20 -7 20 -8 20 -7 20 -7 20 -7 19 -6 19 -6 19 -5 19 -5 18 -4 19 -3 19 -2 19 0 0 0 0 0 0 0 0 0 0 0 0 0 0 0 0 0 0 0 0 0 0 0 20 -4 20 -3 20 -2 21 -1 21 0 21 1 22 0 22 0 23 1 23 2 23 2 23 2 23 3 23 3 23 3 23 2 23 2 23 1 22 0 22 0 22 0 23 -1 22 -3 23 -3 23 -3 23 -4 ]
2025-04-02 16:22:38,CSI_DATA,STA,D8:B1:90:DB:E8:90,-41,11,1,6,0,0,1,0,0,0,0,-94,0,3,0,326902251,0,110,0,0,94816.5,256,[110 96 6 0 -19 -25 -18 -23 -16 -19 -16 -15 -16 -9 -17 -5 -18 1 -20 5 -22 9 -24 12 -26 16 -28 17 -29 18 -29 18 -29 17 -28 16 -26 15 -24 14 -21 13 -18 13 -15 12 -11 11 -8 11 -6 11 -3 11 0 0 0 0 0 0 0 0 0 0 0 0 0 0 0 0 0 0 0 0 0 0 10 19 8 17 6 14 6 10 8 6 11 3 14 0 18 -2 22 -2 26 -2 28 0 29 2 30 5 27 7 24 8 19 9 14 9 8 8 2 6 -4 3 -10 -1 -14 -5 -18 -10 -21 -14 -22 -19 -22 -22 ]
2025-04-02 16:22:41,CSI_DATA,STA,D8:B1:90:DB:E8:90,-44,11,1,6,0,0,1,0,0,0,0,-92,0,3,0,329412345,0,110,0,0,94819,256,[110 96 6 0 -31 10 -28 9 -23 9 -18 10 -13 12 -8 14 -3 16 1 20 5 22 8 25 11 28 12 30 13 32 13 32 13 31 12 30 11 28 10 25 10 21 9 18 9 14 9 11 9 7 10 5 10 2 0 0 0 0 0 0 0 0 0 0 0 0 0 0 0 0 0 0 0 0 0 0 23 3 19 4 16 3 13 1 10 -3 8 -7 7 -12 7 -16 9 -21 11 -24 13 -25 16 -26 18 -24 19 -22 19 -18 18 -14 16 -9 12 -4 8 1 2 6 -4 10 -10 12 -16 15 -22 16 -26 15 -30 15 ]
2025-04-02 16:22:41,CSI_DATA,STA,D8:B1:90:DB:E8:90,-43,11,1,6,0,0,1,0,0,0,0,-94,0,3,0,329912000,0,110,0,0,94819.5,256,[110 96 6 0 -20 24 -18 22 -14 19 -9 17 -4 16 2 15 8 14 13 14 18 14 23 14 26 15 29 16 31 16 30 17 30 17 28 16 27 15 24 13 22 10 19 8 16 5 14 2 12 0 10 -2 8 -5 0 0 0 0 0 0 0 0 0 0 0 0 0 0 0 0 0 0 0 0 0 0 22 -7 19 -5 15 -4 12 -5 8 -7 4 -10 1 -14 -1 -19 -1 -23 -1 -26 0 -29 2 -31 5 -31 7 -29 8 -26 10 -21 10 -16 9 -10 8 -4 5 3 3 10 -2 15 -5 20 -9 24 -14 26 -17 28 ]
2025-04-02 16:22:45,CSI_DATA,STA,D8:B1:90:DB:E8:90,-41,11,1,7,0,0,1,0,0,0,0,-95,0,3,0,333922076,0,110,0,0,94823.5,256,[110 96 6 0 24 -23 22 -21 18 -19 13 -18 8 -18 2 -18 -3 -18 -9 -20 -15 -21 -18 -23 -21 -25 -24 -27 -25 -28 -25 -29 -25 -29 -23 -28 -22 -27 -20 -24 -18 -21 -17 -18 -15 -15 -14 -11 -13 -8 -12 -5 -11 -2 0 0 0 0 0 0 0 0 0 0 0 0 0 0 0 0 0 0 0 0 0 0 -23 12 -21 9 -17 7 -13 7 -9 8 -5 11 -2 15 0 19 1 24 1 27 -1 30 -3 32 -5 31 -8 30 -9 27 -11 22 -11 17 -10 10 -8 3 -5 -3 -2 -9 3 -15 8 -20 13 -23 18 -25 2
2025-04-02 16:22:48,CSI_DATA,STA,D8:B1:90:DB:E8:90,-43,11,1,6,0,0,1,0,0,0,0,-94,0,3,0,336927178,0,110,0,0,94826.5,256,[110 96 6 0 -20 24 -18 23 -14 19 -10 17 -4 16 1 15 7 14 13 15 18 14 22 14 26 15 28 16 30 17 30 18 30 18 28 17 27 16 24 14 22 12 19 9 17 7 14 4 13 1 11 -1 9 -4 0 0 0 0 0 0 0 0 0 0 0 0 0 0 0 0 0 0 0 0 0 0 21 -9 18 -6 14 -5 10 -6 6 -7 2 -11 -1 -14 -3 -19 -4 -23 -4 -27 -2 -30 0 -32 2 -32 5 -30 7 -27 8 -22 9 -17 8 -10 7 -4 5 3 2 10 -2 16 -5 20 -10 24 -14 27 -18 28 ]
2025-04-02 16:22:49,CSI_DATA,STA,D8:B1:90:DB:E8:90,-41,11,1,6,0,0,1,0,0,0,0,-94,0,3,0,337429136,0,110,0,0,94827,256,[110 96 6 0 -28 2 -28 2 -27 3 -26 3 -26 3 -26 3 -25 4 -25 5 -25 5 -25 6 -24 6 -25 7 -25 7 -25 7 -25 7 -25 7 -25 6 -25 6 -24 5 -24 5 -24 4 -24 4 -24 3 -23 2 -23 0 0 0 0 0 0 0 0 0 0 0 0 0 0 0 0 0 0 0 0 0 0 0 -24 2 -25 0 -25 -2 -25 -3 -25 -4 -26 -4 -26 -3 -27 -4 -27 -5 -27 -5 -28 -6 -28 -6 -28 -7 -27 -6 -26 -6 -26 -6 -26 -5 -26 -5 -27 -2 -27 -2 -27 -1 -27 -1 -28 0 -29 1 -29 1 -27 1 ]
2025-04-02 16:22:55,CSI_DATA,STA,D8:B1:90:DB:E8:90,-42,11,1,6,0,0,1,0,0,0,1,-94,0,3,0,343446638,0,110,0,0,94833.1,256,[110 96 6 0 -3 -35 -3 -31 -4 -26 -6 -22 -9 -16 -13 -12 -17 -7 -22 -4 -26 0 -29 2 -33 4 -36 5 -37 6 -38 6 -38 5 -36 5 -33 5 -31 4 -27 5 -24 5 -20 6 -16 7 -12 7 -9 9 -6 10 0 0 0 0 0 0 0 0 0 0 0 0 0 0 0 0 0 0 0 0 0 0 -10 22 -9 17 -7 14 -4 12 1 10 6 10 11 11 15 12 19 16 22 19 22 22 21 25 20 26 16 27 13 25 8 23 4 19 0 13 -4 7 -7 1 -10 -7 -11 -14 -12 -21 -10 -26 -9 -32 -6 -35 ]
2025-04-02 16:22:55,CSI_DATA,STA,D8:B1:90:DB:E8:90,-42,11,1,6,0,0,1,0,0,0,1,-94,0,3,0,343949115,0,110,0,0,94833.6,256,[110 96 6 0 27 6 25 5 22 3 18 0 14 -4 11 -8 7 -13 5 -17 3 -21 1 -25 -1 -29 -1 -31 -2 -33 -2 -33 -2 -33 -2 -31 -2 -29 -2 -27 -3 -24 -3 -20 -4 -17 -5 -13 -6 -10 -7 -8 -8 -5 0 0 0 0 0 0 0 0 0 0 0 0 0 0 0 0 0 0 0 0 0 0 -11 -18 -9 -16 -7 -13 -7 -9 -8 -5 -10 0 -13 3 -16 6 -20 8 -24 8 -27 7 -28 6 -29 4 -28 2 -26 -1 -22 -3 -17 -5 -12 -6 -6 -7 1 -8 7 -7 14 -6 19 -4 24 -2 27 0 30 3 ]
2025-04-02 16:22:58,CSI_DATA,STA,D8:B1:90:DB:E8:90,-42,11,1,6,0,0,1,0,0,0,1,-94,0,3,0,346454712,0,110,0,0,94836.1,256,[110 96 6 0 -34 2 -31 2 -26 3 -22 5 -17 9 -12 12 -7 16 -4 20 0 24 2 28 4 32 5 34 6 36 5 36 5 37 5 34 4 33 4 30 4 26 5 22 5 18 6 14 7 11 8 8 9 5 0 0 0 0 0 0 0 0 0 0 0 0 0 0 0 0 0 0 0 0 0 0 22 8 18 8 15 6 12 3 11 -1 11 -6 12 -11 13 -15 16 -19 19 -20 22 -22 24 -21 26 -19 26 -16 25 -13 22 -8 19 -4 13 0 7 3 1 6 -7 9 -14 10 -20 10 -26 10 -31 8 -34 6 ]
2025-04-02 16:23:00,CSI_DATA,STA,D8:B1:90:DB:E8:90,-42,11,1,6,0,0,1,0,0,0,1,-94,0,3,0,348463570,0,110,0,0,94838.1,256,[110 96 6 0 -32 2 -30 2 -25 3 -20 5 -15 8 -10 11 -5 15 -1 19 3 22 6 26 9 29 10 31 12 33 12 33 12 34 11 32 11 30 10 27 10 23 9 19 9 16 8 11 9 8 8 5 9 2 0 0 0 0 0 0 0 0 0 0 0 0 0 0 0 0 0 0 0 0 0 0 16 15 13 14 10 11 9 7 9 2 10 -3 12 -8 15 -12 18 -15 21 -16 25 -17 27 -16 29 -14 28 -11 27 -8 23 -4 19 -1 13 2 7 5 1 7 -7 9 -14 10 -20 10 -26 9 -30 7 -34 5 ]
2025-04-02 16:23:04,CSI_DATA,STA,D8:B1:90:DB:E8:90,-41,11,1,7,0,0,1,0,0,0,0,-94,0,3,0,352477356,0,110,0,0,94842.1,256,[110 96 6 0 -25 -6 -25 -5 -25 -5 -24 -6 -24 -5 -24 -4 -23 -4 -23 -4 -22 -3 -23 -3 -23 -3 -23 -2 -23 -2 -23 -2 -23 -2 -23 -3 -22 -3 -22 -3 -22 -4 -21 -4 -21 -5 -20 -5 -20 -6 -20 -8 -20 -9 0 0 0 0 0 0 0 0 0 0 0 0 0 0 0 0 0 0 0 0 0 0 -22 -6 -22 -7 -21 -9 -21 -10 -21 -11 -21 -11 -22 -10 -22 -11 -22 -12 -22 -12 -21 -14 -21 -14 -21 -14 -21 -14 -22 -11 -23 -11 -23 -11 -23 -11 -24 -10 -23 -9 -24 -9 -
2025-04-02 16:23:05,CSI_DATA,STA,D8:B1:90:DB:E8:90,-42,11,1,7,0,0,1,0,0,0,1,-94,0,3,0,353480154,0,110,0,0,94843.1,256,[110 96 6 0 5 -30 5 -27 3 -23 0 -20 -4 -17 -8 -14 -13 -11 -18 -10 -22 -8 -26 -7 -29 -7 -32 -7 -33 -7 -33 -8 -33 -8 -31 -8 -29 -8 -27 -7 -24 -6 -21 -4 -18 -3 -15 0 -13 2 -11 3 -9 5 0 0 0 0 0 0 0 0 0 0 0 0 0 0 0 0 0 0 0 0 0 0 -9 20 -9 17 -8 13 -5 11 -1 10 3 10 7 11 11 12 15 15 17 17 16 21 16 23 15 25 12 25 9 24 5 20 2 16 0 12 -4 6 -6 -1 -7 -5 -6 -13 -5 -19 -4 -24 -1 -28 2 -31 ]
2025-04-02 16:23:09,CSI_DATA,STA,D8:B1:90:DB:E8:90,-43,11,1,6,0,0,1,0,0,0,1,-94,0,3,0,357987256,0,110,0,0,94847.6,256,[110 96 6 0 -19 -30 -18 -28 -16 -24 -16 -19 -15 -14 -16 -8 -16 -2 -18 4 -19 9 -21 13 -23 17 -24 20 -26 23 -26 22 -26 23 -25 23 -24 22 -22 21 -19 19 -17 18 -14 16 -10 15 -7 13 -4 12 -1 11 0 0 0 0 0 0 0 0 0 0 0 0 0 0 0 0 0 0 0 0 0 0 -1 26 -3 23 -4 19 -3 15 1 10 5 7 10 5 15 4 20 4 24 5 27 8 29 10 29 13 27 15 24 16 19 16 14 15 8 12 2 10 -4 5 -10 0 -15 -6 -19 -11 -21 -17 -23 -22 -23 -27 ]
2025-04-02 16:23:15,CSI_DATA,STA,D8:B1:90:DB:E8:90,-41,11,1,6,0,0,1,0,0,0,1,-94,0,3,0,364001389,0,110,0,0,94853.6,256,[110 96 6 0 23 6 23 5 23 5 23 5 22 4 22 4 22 4 21 2 21 2 21 2 21 2 21 1 21 1 21 1 21 2 20 2 20 2 20 3 19 3 19 3 19 4 18 4 18 5 18 6 17 7 0 0 0 0 0 0 0 0 0 0 0 0 0 0 0 0 0 0 0 0 0 0 21 5 21 7 20 8 20 10 20 11 20 12 21 13 21 13 20 14 20 15 21 14 20 14 20 14 20 14 20 12 20 12 20 11 21 11 23 9 23 9 23 8 23 9 23 8 24 8 24 8 23 6 ]
