2025-05-20 15:37:30,CSI_DATA,STA,D8:B1:90:DB:E8:90,-41,11,1,6,0,0,1,0,0,0,1,-95,0,2,0,1382065281,0,110,0,0,1382.42,256,[110 96 6 0 -26 -9 -25 -9 -25 -8 -25 -8 -24 -7 -25 -7 -24 -7 -23 -6 -23 -5 -23 -5 -23 -4 -24 -4 -24 -4 -24 -4 -24 -4 -23 -3 -22 -4 -22 -4 -22 -5 -22 -5 -22 -5 -21 -5 -21 -6 -20 -7 -20 -8 0 0 0 0 0 0 0 0 0 0 0 0 0 0 0 0 0 0 0 0 0 0 -20 -5 -20 -7 -21 -7 -21 -8 -21 -9 -21 -10 -21 -11 -22 -11 -22 -12 -23 -13 -23 -13 -23 -13 -23 -14 -23 -14 -23 -13 -24 -13 -24 -13 -24 -13 -24 -13 -24 -13 -25 -12
2025-05-20 15:37:31,CSI_DATA,STA,D8:B1:90:DB:E8:90,-42,11,1,7,0,0,1,0,0,0,1,-95,0,2,0,1383065233,0,110,0,0,1383.42,256,[110 96 6 0 -41 -1 -39 -2 -34 -2 -30 0 -25 3 -20 6 -15 11 -11 15 -7 20 -4 24 -2 29 -1 32 0 35 0 36 -1 37 -1 35 -2 33 -2 29 -1 25 0 21 2 17 4 12 6 9 9 6 11 3 0 0 0 0 0 0 0 0 0 0 0 0 0 0 0 0 0 0 0 0 0 0 23 9 20 10 16 8 14 5 13 1 12 -4 12 -8 14 -13 17 -17 19 -20 22 -21 25 -21 27 -19 28 -17 27 -14 25 -9 21 -5 15 -1 10 2 3 6 -5 8 -13 9 -20 10 -27 9 -33 8 -38 5 ]
2025-05-20 15:37:32,CSI_DATA,STA,D8:B1:90:DB:E8:90,-42,11,1,7,0,0,1,0,0,0,1,-95,0,2,0,1384066371,0,110,0,0,1384.43,256,[110 96 6 0 37 12 34 12 31 10 26 7 23 3 19 -2 15 -7 12 -13 9 -18 7 -23 5 -28 4 -32 3 -34 4 -36 3 -36 3 -35 3 -32 2 -29 1 -26 0 -21 -2 -18 -4 -13 -5 -10 -7 -6 -10 -3 0 0 0 0 0 0 0 0 0 0 0 0 0 0 0 0 0 0 0 0 0 0 -9 -24 -6 -22 -5 -20 -6 -15 -8 -12 -10 -8 -14 -4 -18 -1 -22 0 -27 1 -30 0 -32 -2 -33 -3 -32 -6 -30 -7 -27 -9 -21 -10 -15 -11 -8 -11 -1 -10 7 -9 15 -7 22 -4 27 -1 32 3 36 6 ]
2025-05-20 15:37:36,CSI_DATA,STA,D8:B1:90:DB:E8:90,-42,11,1,7,0,0,1,0,0,0,1,-95,0,2,0,1387584578,0,110,0,0,1387.94,256,[110 96 6 0 25 22 24 21 21 19 20 15 18 11 17 6 16 0 16 -5 16 -11 17 -16 18 -20 19 -23 21 -25 21 -26 22 -26 22 -25 22 -23 20 -21 17 -19 15 -16 11 -14 7 -13 4 -11 1 -10 -3 -10 0 0 0 0 0 0 0 0 0 0 0 0 0 0 0 0 0 0 0 0 0 0 -13 -21 -10 -19 -9 -17 -8 -14 -9 -10 -11 -6 -14 -3 -18 0 -22 2 -26 3 -29 2 -32 1 -33 -1 -32 -3 -30 -5 -27 -7 -22 -8 -17 -9 -11 -8 -4 -7 3 -5 9 -1 15 2 20 6 24 11 26 15 ]
2025-05-20 15:37:39,CSI_DATA,STA,D8:B1:90:DB:E8:90,-41,11,1,7,0,0,1,0,0,0,1,-95,0,2,0,1391092325,0,110,0,0,1391.45,256,[110 96 6 0 -2 25 -1 26 -1 24 0 23 1 23 0 23 1 22 2 22 2 22 2 22 2 22 2 22 2 21 3 21 2 22 2 21 2 21 2 21 2 20 1 20 0 20 0 19 -1 19 -2 20 -3 19 0 0 0 0 0 0 0 0 0 0 0 0 0 0 0 0 0 0 0 0 0 0 0 19 -1 20 -1 20 -2 21 -3 21 -4 21 -4 22 -5 22 -5 23 -6 23 -6 23 -7 23 -7 23 -7 23 -6 23 -6 23 -6 24 -6 24 -5 24 -5 24 -5 24 -5 25 -4 25 -4 25 -4 25 -2 25 ]
2025-05-20 15:37:40,CSI_DATA,STA,D8:B1:90:DB:E8:90,-43,11,1,7,0,0,1,1,1,0,1,-95,0,2,0,1391593007,0,110,0,0,1391.95,384,[110 96 6 0 -33 18 -31 17 -28 15 -23 14 -17 14 -12 14 -5 14 1 15 7 16 12 17 17 19 21 20 23 21 25 22 25 22 25 22 23 21 21 19 18 16 16 14 13 10 10 6 8 2 6 -2 4 -5 0 0 0 0 0 0 0 0 0 0 0 0 0 0 0 0 0 0 0 0 0 0 21 12 17 12 15 11 12 8 11 4 10 -1 10 -6 11 -11 14 -15 16 -19 19 -21 21 -22 23 -22 24 -20 23 -17 22 -14 20 -10 17 -5 12 -1 8 4 1 9 -5 13 -11 16 -17 18 -23 20 -27 20 ]
2025-05-20 15:37:41,CSI_DATA,STA,D8:B1:90:DB:E8:90,-42,11,1,7,0,0,1,0,0,0,1,-95,0,2,0,1393093508,0,110,0,0,1393.45,256,[110 96 6 0 21 12 21 12 21 11 20 11 20 10 20 9 20 9 19 8 19 7 20 6 20 6 20 6 20 6 20 5 21 5 20 6 20 6 20 6 19 6 19 6 19 6 18 7 18 7 18 8 17 9 0 0 0 0 0 0 0 0 0 0 0 0 0 0 0 0 0 0 0 0 0 0 18 7 18 8 17 10 17 11 17 11 17 12 17 13 18 13 18 14 18 15 18 14 18 14 18 15 18 15 19 14 18 14 19 14 19 14 19 14 20 13 20 13 20 13 21 12 21 12 21 12 21 11 ]
2025-05-20 15:37:45,CSI_DATA,STA,D8:B1:90:DB:E8:90,-41,11,1,7,0,0,1,0,0,0,1,-95,0,2,0,1397104456,0,110,0,0,1397.46,256,[110 96 6 0 25 10 25 10 25 9 24 7 24 7 23 6 23 6 24 3 24 3 23 2 24 2 23 2 23 2 23 2 23 2 24 3 23 3 23 3 22 4 22 4 22 4 21 5 21 6 20 7 19 8 0 0 0 0 0 0 0 0 0 0 0 0 0 0 0 0 0 0 0 0 0 0 20 3 20 5 20 6 20 7 21 8 21 9 21 10 21 10 21 11 22 12 22 12 22 12 22 13 22 13 22 13 22 13 22 13 23 13 23 12 23 12 24 11 24 12 24 10 25 10 25 10 25 9 ]
2025-05-20 15:37:50,CSI_DATA,STA,D8:B1:90:DB:E8:90,-42,11,1,7,0,0,1,0,0,0,1,-93,0,2,0,1401632425,0,110,0,0,1401.99,256,[110 96 6 0 13 20 14 20 14 19 14 18 14 17 14 17 15 16 15 16 15 14 15 14 16 14 15 13 16 14 15 13 16 13 16 13 16 13 15 13 15 13 14 13 14 13 14 13 13 14 12 15 11 15 0 0 0 0 0 0 0 0 0 0 0 0 0 0 0 0 0 0 0 0 0 0 13 14 11 17 10 14 9 17 10 17 11 18 9 19 9 21 9 22 9 21 9 21 9 21 10 23 7 22 10 22 7 24 8 22 8 21 8 21 12 21 12 20 11 23 12 21 14 20 14 21 13 21 ]
2025-05-20 15:37:50,CSI_DATA,STA,D8:B1:90:DB:E8:90,-44,11,1,7,0,0,1,1,1,0,1,-93,0,2,0,1402116901,0,110,0,0,1402.48,384,[110 96 6 0 35 -17 33 -16 29 -14 24 -13 17 -13 11 -14 4 -15 -3 -17 -9 -18 -14 -20 -19 -22 -23 -24 -25 -26 -26 -27 -26 -27 -24 -26 -23 -25 -21 -22 -18 -19 -16 -15 -14 -11 -12 -6 -10 -2 -9 2 -9 6 0 0 0 0 0 0 0 0 0 0 0 0 0 0 0 0 0 0 0 0 0 0 -21 -13 -18 -13 -15 -11 -13 -8 -11 -3 -10 1 -11 7 -12 12 -14 16 -17 19 -20 21 -22 22 -24 21 -26 19 -25 16 -24 12 -21 7 -17 2 -12 -2 -6 -7 0 -12 7 -16 13 -19
2025-05-20 15:37:51,CSI_DATA,STA,D8:B1:90:DB:E8:90,-42,11,1,7,0,0,1,1,1,0,1,-95,0,2,0,1403116910,0,110,0,0,1403.48,384,[110 96 6 0 39 -2 36 -1 32 -2 27 -3 21 -6 15 -9 9 -12 4 -16 -1 -20 -5 -25 -8 -29 -11 -31 -13 -34 -12 -34 -13 -35 -12 -33 -11 -31 -10 -28 -9 -24 -9 -19 -9 -15 -9 -10 -9 -6 -10 -2 -11 2 0 0 0 0 0 0 0 0 0 0 0 0 0 0 0 0 0 0 0 0 0 0 -16 -20 -13 -18 -10 -15 -10 -11 -10 -7 -11 -2 -13 3 -16 7 -19 10 -23 11 -26 12 -29 11 -31 10 -30 7 -28 4 -25 1 -21 -2 -15 -5 -9 -8 -1 -10 7 -12 14 -12 21 -12 28 -11 3
2025-05-20 15:37:53,CSI_DATA,STA,D8:B1:90:DB:E8:90,-41,11,1,7,0,0,1,0,0,0,1,-95,0,2,0,1405117426,0,110,0,0,1405.48,256,[110 96 6 0 -24 10 -23 11 -23 11 -22 11 -22 11 -21 11 -21 12 -21 13 -20 13 -19 14 -19 14 -18 14 -19 14 -18 14 -18 14 -18 14 -19 14 -19 13 -19 13 -19 11 -19 11 -19 11 -19 10 -19 9 -20 7 0 0 0 0 0 0 0 0 0 0 0 0 0 0 0 0 0 0 0 0 0 0 -19 9 -20 8 -20 8 -21 7 -22 7 -22 7 -23 7 -24 7 -24 6 -25 6 -24 7 -25 7 -25 7 -25 7 -25 7 -25 7 -25 7 -25 7 -25 8 -25 9 -25 9 -25 9 -25 10 -25 10 -25 11 -24 11 ]
2025-05-20 15:38:00,CSI_DATA,STA,D8:B1:90:DB:E8:90,-42,11,1,5,0,0,1,0,0,0,0,-95,0,2,0,1412141925,0,110,0,0,1412.5,256,[110 96 6 0 -8 36 -7 33 -7 28 -4 24 -1 20 4 16 8 12 13 9 19 6 23 4 27 3 30 3 32 3 34 4 34 4 32 4 30 4 27 4 24 2 20 0 17 -2 14 -4 11 -7 9 -9 8 -11 0 0 0 0 0 0 0 0 0 0 0 0 0 0 0 0 0 0 0 0 0 0 8 -21 8 -18 7 -15 4 -12 0 -11 -4 -10 -9 -10 -13 -12 -17 -14 -20 -17 -20 -20 -21 -23 -19 -24 -17 -25 -13 -24 -9 -22 -6 -18 -2 -13 1 -7 4 0 6 7 6 14 6 22 4 27 2 32 -1 35 ]
2025-05-20 15:38:05,CSI_DATA,STA,D8:B1:90:DB:E8:90,-42,11,1,7,0,0,1,0,0,0,1,-94,0,2,0,1416650140,0,110,0,0,1417.01,256,[110 96 6 0 6 -23 6 -23 6 -22 5 -22 4 -22 3 -22 3 -22 1 -21 1 -21 1 -21 0 -21 1 -21 0 -22 1 -21 1 -21 1 -21 1 -21 1 -21 1 -21 1 -20 1 -20 2 -20 3 -20 3 -19 4 -19 0 0 0 0 0 0 0 0 0 0 0 0 0 0 0 0 0 0 0 0 0 0 5 -19 6 -19 7 -20 8 -20 9 -20 10 -20 10 -20 10 -21 11 -20 12 -21 13 -20 13 -20 13 -20 14 -20 12 -21 12 -21 12 -21 12 -22 11 -22 10 -22 10 -23 10 -23 9 -23 9 -23 9 -23 9 -23 ]
2025-05-20 15:38:06,CSI_DATA,STA,D8:B1:90:DB:E8:90,-42,11,1,7,0,0,1,1,1,0,1,-95,0,2,0,1417652685,0,110,0,0,1418.01,384,[110 96 6 0 -7 36 -7 33 -6 28 -4 24 0 20 4 17 8 12 13 10 18 7 23 5 27 4 30 4 32 4 33 5 33 6 32 6 30 6 27 6 24 4 20 2 17 0 13 -3 11 -6 9 -8 7 -10 0 0 0 0 0 0 0 0 0 0 0 0 0 0 0 0 0 0 0 0 0 0 8 -22 8 -19 7 -16 4 -14 0 -12 -4 -12 -8 -12 -13 -14 -16 -16 -19 -18 -20 -21 -20 -24 -18 -25 -16 -26 -13 -25 -8 -22 -5 -19 -2 -14 1 -8 4 -1 6 6 5 13 6 20 4 26 2 31 -1 35 ]
2025-05-20 15:38:09,CSI_DATA,STA,D8:B1:90:DB:E8:90,-43,11,1,7,0,0,1,0,0,0,1,-93,0,2,0,1421162260,0,110,0,0,1421.52,256,[110 96 6 0 -27 2 -27 3 -26 3 -25 5 -24 5 -24 5 -23 5 -23 6 -22 7 -22 7 -22 7 -22 7 -22 7 -22 8 -22 8 -22 7 -22 7 -21 7 -21 6 -21 6 -22 5 -21 5 -22 4 -22 2 -22 1 0 0 0 0 0 0 0 0 0 0 0 0 0 0 0 0 0 0 0 0 0 0 -21 4 -22 3 -22 2 -23 1 -23 0 -24 0 -24 0 -24 -1 -25 -2 -25 -2 -27 -3 -27 -4 -27 -4 -27 -5 -26 -2 -26 -2 -26 -2 -27 -1 -26 -1 -26 -1 -26 0 -26 0 -27 1 -27 1 -27 1 -27 2 ]
2025-05-20 15:38:10,CSI_DATA,STA,D8:B1:90:DB:E8:90,-44,11,1,7,0,0,1,1,1,0,1,-93,0,2,0,1421665606,0,110,0,0,1422.03,384,[110 96 6 0 -37 17 -35 16 -30 14 -26 13 -19 13 -14 14 -7 15 -1 18 4 20 8 22 12 26 15 28 17 31 17 31 17 33 16 31 15 30 13 27 12 23 11 19 10 14 10 9 10 6 11 2 12 -1 0 0 0 0 0 0 0 0 0 0 0 0 0 0 0 0 0 0 0 0 0 0 25 -5 22 -3 18 -2 15 -3 11 -6 8 -10 6 -14 5 -19 5 -24 6 -27 8 -30 10 -31 13 -31 14 -29 15 -26 15 -21 14 -16 11 -9 8 -3 3 3 -2 9 -9 14 -14 18 -21 20 -27 21 -32 21 ]
2025-05-20 15:38:11,CSI_DATA,STA,D8:B1:90:DB:E8:90,-42,11,1,7,0,0,1,0,0,0,0,-95,0,2,0,1422662101,0,110,0,0,1423.02,256,[110 96 6 0 34 -9 31 -7 28 -7 24 -7 19 -9 15 -10 10 -13 6 -17 2 -20 -1 -24 -3 -27 -5 -30 -5 -32 -4 -33 -4 -33 -3 -32 -2 -30 -2 -28 -2 -24 -3 -21 -4 -17 -6 -14 -7 -11 -9 -9 -11 -7 0 0 0 0 0 0 0 0 0 0 0 0 0 0 0 0 0 0 0 0 0 0 -22 7 -20 5 -17 3 -14 4 -11 6 -8 9 -7 12 -6 16 -6 20 -7 23 -9 25 -11 26 -13 25 -14 23 -15 20 -14 16 -13 11 -10 6 -7 1 -2 -4 3 -8 9 -12 15 -14 21 -15 26 -15 31 -14 ]
2025-05-20 15:38:14,CSI_DATA,STA,D8:B1:90:DB:E8:90,-42,11,1,6,0,0,1,0,0,0,1,-95,0,2,0,1425672286,0,110,0,0,1426.03,256,[110 96 6 0 -28 24 -27 22 -23 19 -19 17 -13 16 -8 16 -2 16 4 18 9 19 14 21 17 24 20 27 21 29 21 30 21 31 19 31 17 29 15 26 14 23 12 19 12 15 12 12 12 8 12 6 12 3 0 0 0 0 0 0 0 0 0 0 0 0 0 0 0 0 0 0 0 0 0 0 14 -19 13 -16 11 -14 7 -12 4 -12 0 -13 -4 -15 -7 -18 -10 -22 -10 -25 -10 -28 -8 -31 -6 -31 -3 -31 -1 -28 1 -25 3 -19 3 -14 3 -7 2 0 -1 7 -5 14 -9 19 -13 23 -18 26 -23 27 ]
2025-05-20 15:38:14,CSI_DATA,STA,D8:B1:90:DB:E8:90,-41,11,1,7,0,0,1,0,0,0,1,-95,0,2,0,1426172602,0,110,0,0,1426.53,256,[110 96 6 0 -2 -24 -3 -24 -2 -23 -3 -23 -3 -22 -4 -22 -4 -22 -6 -22 -6 -21 -6 -21 -7 -21 -8 -20 -8 -20 -8 -20 -7 -20 -7 -20 -7 -20 -7 -20 -6 -20 -6 -20 -6 -20 -5 -20 -5 -20 -4 -20 -2 -20 0 0 0 0 0 0 0 0 0 0 0 0 0 0 0 0 0 0 0 0 0 0 -3 -18 -1 -19 -1 -19 0 -20 1 -20 1 -20 1 -20 1 -21 2 -21 2 -22 3 -22 3 -22 3 -22 3 -23 3 -23 3 -23 3 -24 3 -24 1 -23 1 -23 0 -24 0 -24 -1 -24 -1 -24 -1 -24 -1 -24
2025-05-20 15:38:15,CSI_DATA,STA,D8:B1:90:DB:E8:90,-41,11,1,7,0,0,1,0,0,0,1,-95,0,2,0,1426672322,0,110,0,0,1427.03,256,[110 96 6 0 17 -19 17 -20 17 -19 16 -19 15 -19 15 -19 14 -19 13 -19 13 -19 12 -19 12 -19 12 -19 12 -20 12 -20 12 -20 12 -20 12 -20 12 -19 13 -19 12 -18 12 -18 13 -17 13 -17 14 -15 15 -14 0 0 0 0 0 0 0 0 0 0 0 0 0 0 0 0 0 0 0 0 0 0 12 -16 14 -15 15 -15 16 -15 17 -15 18 -15 17 -15 18 -16 19 -15 20 -15 20 -16 20 -16 20 -15 21 -15 21 -15 21 -16 21 -16 21 -16 20 -17 20 -17 19 -17 20 -18 18 -18 18
2025-05-20 15:38:17,CSI_DATA,STA,D8:B1:90:DB:E8:90,-41,11,1,7,0,0,1,0,0,0,1,-95,0,2,0,1428684070,0,110,0,0,1429.04,256,[110 96 6 0 12 22 12 21 12 21 13 20 13 19 13 19 14 18 14 18 14 17 14 17 15 17 14 17 14 17 14 16 14 16 14 17 13 16 13 17 13 17 12 16 12 16 11 17 11 17 10 17 9 18 0 0 0 0 0 0 0 0 0 0 0 0 0 0 0 0 0 0 0 0 0 0 12 15 11 16 10 17 9 18 9 19 9 19 9 20 9 21 9 22 9 23 8 23 8 24 8 24 8 24 8 23 8 23 8 23 8 23 9 23 10 23 10 24 11 24 11 24 11 23 11 23 12 21 ]
2025-05-20 15:38:18,CSI_DATA,STA,D8:B1:90:DB:E8:90,-42,11,1,5,0,0,1,0,0,0,1,-95,0,2,0,1430192101,0,110,0,0,1430.55,256,[110 96 6 0 22 28 21 26 18 22 17 18 15 12 14 6 13 0 13 -7 13 -12 14 -18 15 -23 16 -26 17 -29 17 -29 18 -30 17 -28 16 -26 14 -24 12 -21 8 -18 5 -15 1 -12 -2 -10 -6 -9 -9 -8 0 0 0 0 0 0 0 0 0 0 0 0 0 0 0 0 0 0 0 0 0 0 4 -24 5 -21 4 -17 2 -14 -2 -11 -6 -9 -10 -8 -15 -7 -19 -8 -23 -9 -25 -11 -26 -13 -26 -15 -25 -16 -22 -17 -17 -16 -12 -15 -7 -13 -2 -10 5 -6 10 -1 16 4 20 9 23 14 25 19 26 23 ]
2025-05-20 15:38:19,CSI_DATA,STA,D8:B1:90:DB:E8:90,-43,11,1,7,0,0,1,0,0,0,0,-95,0,2,0,1430692141,0,110,0,0,1431.05,256,[110 96 6 0 9 -38 9 -34 8 -31 4 -26 1 -21 -4 -17 -9 -13 -14 -9 -20 -6 -25 -3 -29 -1 -32 0 -34 1 -36 1 -36 0 -35 0 -32 0 -29 -1 -25 0 -21 1 -16 3 -12 4 -8 6 -5 8 -2 10 0 0 0 0 0 0 0 0 0 0 0 0 0 0 0 0 0 0 0 0 0 0 -23 11 -20 8 -17 7 -13 7 -9 8 -5 10 -1 13 3 16 5 20 6 24 6 27 5 30 3 30 1 29 -2 27 -4 24 -6 18 -8 13 -9 6 -9 -2 -9 -10 -7 -17 -5 -24 -3 -30 0 -34 4 -38 ]
2025-05-20 15:38:21,CSI_DATA,STA,D8:B1:90:DB:E8:90,-42,11,1,7,0,0,1,0,0,0,0,-95,0,2,0,1432701078,0,110,0,0,1433.06,256,[110 96 6 0 12 -34 11 -31 11 -27 7 -24 4 -20 -1 -18 -6 -15 -12 -14 -17 -13 -22 -12 -26 -13 -30 -14 -31 -15 -32 -16 -31 -17 -31 -18 -28 -17 -26 -16 -23 -14 -21 -12 -18 -9 -16 -5 -15 -2 -14 0 -14 2 0 0 0 0 0 0 0 0 0 0 0 0 0 0 0 0 0 0 0 0 0 0 -4 22 -5 19 -5 16 -2 13 1 11 5 10 9 10 13 11 17 13 19 15 21 18 21 21 19 22 17 23 14 22 10 20 6 17 3 12 0 6 -2 0 -3 -7 -3 -14 -3 -21 0 -26 3 -31 7 -34 ]
2025-05-20 15:38:21,CSI_DATA,STA,D8:B1:90:DB:E8:90,-42,11,1,7,0,0,1,0,0,0,0,-95,0,2,0,1433204832,0,110,0,0,1433.56,256,[110 96 6 0 13 35 12 33 10 28 10 24 10 18 12 12 14 5 17 0 20 -5 23 -10 26 -13 28 -16 31 -17 32 -17 33 -17 32 -15 31 -14 27 -12 24 -12 20 -11 16 -11 12 -11 8 -11 5 -12 2 -12 0 0 0 0 0 0 0 0 0 0 0 0 0 0 0 0 0 0 0 0 0 0 -3 -25 -1 -22 -1 -18 -3 -15 -5 -12 -9 -9 -13 -8 -18 -7 -22 -7 -25 -8 -28 -10 -29 -13 -29 -15 -27 -16 -24 -17 -19 -16 -14 -15 -8 -12 -2 -8 3 -3 9 2 13 9 16 15 18 21 19 27 17 32 ]
2025-05-20 15:38:24,CSI_DATA,STA,D8:B1:90:DB:E8:90,-43,11,1,7,0,0,1,0,0,0,0,-93,0,2,0,1435713242,0,110,0,0,1436.07,256,[110 96 6 0 18 17 18 17 18 17 19 15 18 14 19 13 19 13 18 12 18 11 18 11 18 11 19 10 19 10 19 9 19 10 19 10 18 10 18 10 18 10 17 11 16 11 16 11 15 12 15 13 14 14 0 0 0 0 0 0 0 0 0 0 0 0 0 0 0 0 0 0 0 0 0 0 17 11 17 12 15 13 15 14 15 15 15 16 15 17 15 18 15 18 15 19 15 19 14 20 14 20 14 20 15 19 15 20 16 19 16 19 17 19 17 19 18 18 18 19 18 17 18 18 18 18 19 18 ]
2025-05-20 15:38:25,CSI_DATA,STA,D8:B1:90:DB:E8:90,-43,11,1,7,0,0,1,0,0,0,1,-93,0,2,0,1437220206,0,110,0,0,1437.58,256,[110 96 6 0 -15 36 -14 32 -13 28 -10 24 -5 20 -1 17 5 13 10 11 16 8 21 7 26 6 29 6 32 6 33 7 33 8 32 8 31 8 27 7 24 5 21 3 17 1 14 -2 12 -5 10 -7 8 -10 0 0 0 0 0 0 0 0 0 0 0 0 0 0 0 0 0 0 0 0 0 0 16 -18 15 -15 13 -13 9 -11 5 -11 1 -11 -4 -13 -7 -16 -10 -18 -12 -22 -12 -25 -12 -27 -10 -28 -8 -28 -6 -26 -2 -23 0 -19 2 -13 3 -6 4 1 4 9 3 15 2 22 -1 28 -5 32 -9 36 ]
2025-05-20 15:38:26,CSI_DATA,STA,D8:B1:90:DB:E8:90,-42,11,1,7,0,0,1,0,0,0,1,-95,0,2,0,1438221339,0,110,0,0,1438.58,256,[110 96 6 0 -17 -35 -15 -33 -12 -29 -12 -25 -12 -19 -13 -13 -14 -7 -17 -1 -19 4 -22 8 -25 13 -27 15 -29 17 -30 17 -31 17 -30 15 -29 15 -26 13 -22 12 -19 11 -15 11 -10 11 -7 11 -4 12 -1 13 0 0 0 0 0 0 0 0 0 0 0 0 0 0 0 0 0 0 0 0 0 0 4 23 2 21 1 17 2 14 4 10 8 7 12 5 16 4 20 4 24 5 26 6 28 9 27 10 26 12 23 13 18 13 13 12 7 9 1 6 -4 2 -10 -3 -14 -9 -18 -14 -21 -21 -21 -26 -21 -32 ]
2025-05-20 15:38:29,CSI_DATA,STA,D8:B1:90:DB:E8:90,-42,11,1,7,0,0,1,0,0,0,1,-95,0,2,0,1440726510,0,110,0,0,1441.09,256,[110 96 6 0 -27 29 -25 26 -22 23 -18 20 -12 19 -7 17 0 16 6 16 11 17 16 18 21 20 24 21 26 23 27 23 27 24 25 24 23 23 21 20 19 17 17 14 15 10 14 7 13 3 12 0 12 -2 0 0 0 0 0 0 0 0 0 0 0 0 0 0 0 0 0 0 0 0 0 0 18 -17 17 -14 14 -11 11 -11 7 -11 2 -13 -1 -15 -4 -19 -6 -22 -6 -26 -6 -29 -4 -31 -2 -31 0 -30 2 -28 4 -23 5 -18 5 -11 5 -5 3 3 1 10 -3 17 -7 22 -12 26 -16 30 -22 31 ]
2025-05-20 15:38:33,CSI_DATA,STA,D8:B1:90:DB:E8:90,-43,11,1,7,0,0,1,0,0,0,1,-94,0,2,0,1444731130,0,110,0,0,1445.09,256,[110 96 6 0 35 7 32 7 28 6 24 4 20 0 16 -3 12 -8 9 -13 6 -18 4 -22 2 -26 2 -30 1 -32 1 -33 2 -33 2 -32 2 -30 2 -28 1 -25 0 -21 -2 -18 -4 -14 -6 -12 -7 -9 -9 -7 0 0 0 0 0 0 0 0 0 0 0 0 0 0 0 0 0 0 0 0 0 0 -19 -13 -16 -13 -13 -11 -11 -8 -11 -4 -11 1 -12 5 -14 9 -17 12 -20 14 -23 14 -25 14 -26 13 -27 10 -25 8 -22 4 -18 1 -13 -2 -7 -4 -1 -5 7 -7 14 -6 20 -6 26 -4 31 -1 34 1 ]
2025-05-20 15:38:33,CSI_DATA,STA,D8:B1:90:DB:E8:90,-43,11,1,7,0,0,1,1,1,0,0,-94,0,2,0,1445232695,0,110,0,0,1445.59,384,[110 96 6 0 17 36 15 34 13 30 12 26 12 20 13 14 15 8 17 2 20 -3 23 -7 26 -11 29 -13 31 -15 32 -15 33 -14 32 -13 31 -12 28 -11 24 -10 21 -9 17 -9 12 -9 9 -10 6 -11 3 -11 0 0 0 0 0 0 0 0 0 0 0 0 0 0 0 0 0 0 0 0 0 0 -9 -25 -7 -23 -6 -19 -6 -16 -8 -12 -10 -9 -14 -6 -18 -4 -23 -4 -27 -5 -30 -6 -31 -8 -31 -10 -30 -13 -27 -14 -22 -14 -17 -14 -10 -12 -4 -9 2 -4 8 1 14 7 17 13 20 19 22 25 21 31 ]
2025-05-20 15:38:34,CSI_DATA,STA,D8:B1:90:DB:E8:90,-42,11,1,7,0,0,1,0,0,0,1,-94,0,2,0,1445732321,0,110,0,0,1446.09,256,[110 96 6 0 11 -21 11 -22 10 -21 9 -20 9 -20 8 -20 7 -20 8 -20 7 -20 6 -20 6 -20 5 -20 5 -20 5 -20 5 -20 5 -20 6 -20 5 -19 6 -19 6 -18 6 -18 7 -17 8 -17 9 -18 11 -21 0 0 0 0 0 0 0 0 0 0 0 0 0 0 0 0 0 0 0 0 0 0 6 -18 8 -18 9 -18 9 -18 10 -17 11 -18 11 -18 12 -19 13 -18 14 -19 13 -18 14 -18 14 -18 15 -18 14 -19 14 -18 14 -19 14 -19 14 -20 13 -19 13 -20 13 -20 13 -20 12 -21 12 -21 12 -21 ]
2025-05-20 15:38:41,CSI_DATA,STA,D8:B1:90:DB:E8:90,-42,11,1,7,0,0,1,0,0,0,1,-94,0,2,0,1453248196,0,110,0,0,1453.61,256,[110 96 6 0 -6 22 -5 21 -5 21 -5 21 -5 21 -5 21 -4 21 -3 20 -2 20 -1 19 -1 19 -1 20 -1 20 -1 20 -1 19 -1 20 -1 19 -2 19 -2 19 -2 19 -3 18 -3 18 -4 18 -4 18 -6 18 0 0 0 0 0 0 0 0 0 0 0 0 0 0 0 0 0 0 0 0 0 0 -2 18 -4 18 -4 18 -5 18 -6 18 -6 19 -7 18 -8 19 -8 19 -9 19 -8 20 -9 20 -9 20 -9 20 -9 20 -9 20 -8 20 -8 20 -8 21 -8 21 -7 21 -7 22 -6 22 -6 22 -6 22 -6 22 ]
2025-05-20 15:38:45,CSI_DATA,STA,D8:B1:90:DB:E8:90,-41,11,1,7,0,0,1,0,0,0,1,-94,0,2,0,1457263090,0,110,0,0,1457.62,256,[110 96 6 0 -4 -25 -4 -25 -4 -23 -5 -23 -5 -23 -6 -22 -6 -22 -7 -21 -7 -21 -7 -21 -7 -21 -8 -21 -8 -21 -8 -20 -8 -21 -8 -20 -8 -20 -8 -19 -7 -19 -7 -20 -7 -20 -6 -20 -5 -20 -4 -20 -3 -20 0 0 0 0 0 0 0 0 0 0 0 0 0 0 0 0 0 0 0 0 0 0 -6 -20 -4 -21 -3 -21 -3 -21 -2 -21 -1 -22 -1 -23 0 -24 0 -24 1 -24 1 -24 2 -24 2 -24 2 -24 2 -24 2 -24 1 -24 1 -25 -1 -25 -1 -25 -2 -25 -2 -25 -2 -24 -2 -25 -2 -25
2025-05-20 15:38:46,CSI_DATA,STA,D8:B1:90:DB:E8:90,-42,11,1,5,0,0,1,1,1,0,0,-94,0,2,0,1457766319,0,110,0,0,1458.13,384,[110 96 6 0 28 22 25 20 22 17 19 12 17 6 15 0 14 -7 14 -13 15 -19 16 -24 16 -29 18 -31 19 -33 21 -33 21 -32 21 -30 20 -27 18 -24 15 -21 11 -19 7 -16 3 -15 -1 -14 -4 -13 -6 -13 0 0 0 0 0 0 0 0 0 0 0 0 0 0 0 0 0 0 0 0 0 0 -15 -17 -11 -15 -9 -12 -9 -7 -10 -3 -11 2 -15 6 -18 9 -22 12 -27 12 -30 11 -32 9 -33 7 -32 4 -28 1 -24 -2 -18 -3 -12 -4 -5 -4 3 -2 10 0 17 3 23 7 28 11 30 15 32 19 ]
2025-05-20 15:38:49,CSI_DATA,STA,D8:B1:90:DB:E8:90,-42,11,1,7,0,0,1,0,0,0,1,-94,0,2,0,1460776393,0,110,0,0,1461.14,256,[110 96 6 0 -37 16 -34 14 -30 12 -25 12 -19 12 -13 12 -6 13 0 16 7 18 12 20 16 24 19 27 21 28 21 30 21 31 19 30 18 29 16 26 14 22 12 18 11 14 10 9 10 4 10 1 11 -3 0 0 0 0 0 0 0 0 0 0 0 0 0 0 0 0 0 0 0 0 0 0 24 1 21 2 17 2 14 0 11 -3 8 -8 7 -12 6 -17 7 -21 8 -25 9 -28 12 -29 14 -29 15 -27 16 -24 15 -19 14 -14 11 -9 7 -4 3 2 -3 8 -9 12 -15 17 -21 19 -27 20 -32 20 ]
2025-05-20 15:38:51,CSI_DATA,STA,D8:B1:90:DB:E8:90,-43,11,1,7,0,0,1,0,0,0,1,-94,0,2,0,1462781037,0,110,0,0,1463.14,256,[110 96 6 0 -32 -8 -30 -9 -26 -7 -24 -5 -21 -1 -18 2 -15 7 -13 12 -10 16 -9 21 -9 25 -9 28 -9 30 -9 31 -10 32 -10 30 -10 29 -10 27 -8 24 -7 21 -6 18 -4 14 -2 12 0 9 2 7 0 0 0 0 0 0 0 0 0 0 0 0 0 0 0 0 0 0 0 0 0 0 19 11 17 12 13 10 12 7 11 4 11 -1 11 -5 13 -9 16 -11 19 -14 22 -14 24 -14 26 -13 26 -11 25 -8 22 -5 19 -2 14 0 8 2 2 3 -5 4 -11 3 -17 3 -22 1 -27 -1 -31 -4 ]
2025-05-20 15:38:59,CSI_DATA,STA,D8:B1:90:DB:E8:90,-43,11,1,7,0,0,1,0,0,0,1,-94,0,2,0,1471317350,0,110,0,0,1471.68,256,[110 96 6 0 -42 -4 -38 -4 -33 -3 -28 -1 -21 2 -16 6 -10 10 -6 15 -1 20 3 25 6 29 8 33 8 35 9 36 8 36 7 35 7 32 6 28 6 24 6 19 6 14 8 9 9 4 11 1 13 -3 0 0 0 0 0 0 0 0 0 0 0 0 0 0 0 0 0 0 0 0 0 0 15 18 11 16 9 13 8 8 8 3 9 -2 11 -7 14 -12 18 -14 22 -17 24 -17 27 -16 28 -14 28 -11 26 -8 22 -5 18 -1 12 2 5 4 -3 6 -11 8 -18 8 -26 8 -32 7 -38 4 -41 2 ]
2025-05-20 15:39:02,CSI_DATA,STA,D8:B1:90:DB:E8:90,-42,11,1,7,0,0,1,0,0,0,1,-94,0,2,0,1474324128,0,110,0,0,1474.68,256,[110 96 6 0 -23 -29 -21 -28 -19 -24 -18 -19 -16 -14 -16 -8 -14 -1 -15 5 -14 11 -15 16 -15 21 -16 25 -16 27 -17 28 -17 29 -17 28 -16 26 -15 23 -12 19 -10 16 -6 12 -3 9 1 7 4 4 7 3 0 0 0 0 0 0 0 0 0 0 0 0 0 0 0 0 0 0 0 0 0 0 -11 20 -10 17 -9 14 -6 11 -1 9 4 8 8 8 13 9 17 10 21 12 23 15 24 17 23 18 21 19 19 19 14 18 9 16 5 13 -1 9 -6 5 -11 0 -16 -6 -20 -11 -23 -16 -25 -21 -25 -26 ]
2025-05-20 15:39:04,CSI_DATA,STA,D8:B1:90:DB:E8:90,-43,11,1,7,0,0,1,0,0,0,1,-94,0,2,0,1475833711,0,110,0,0,1476.19,256,[110 96 6 0 -3 36 -3 33 -3 30 -1 26 2 22 5 17 9 12 13 8 17 4 21 1 25 -1 28 -2 31 -3 32 -3 33 -3 32 -2 30 -1 27 -1 24 -1 20 -1 15 -2 11 -4 7 -5 4 -7 2 -9 0 0 0 0 0 0 0 0 0 0 0 0 0 0 0 0 0 0 0 0 0 0 11 -20 11 -17 9 -14 6 -12 2 -11 -2 -11 -7 -12 -11 -14 -15 -16 -17 -19 -18 -22 -18 -24 -17 -25 -15 -26 -12 -25 -8 -22 -5 -19 -2 -14 1 -9 4 -2 6 5 7 12 7 19 7 25 5 30 3 34 ]
2025-05-20 15:39:05,CSI_DATA,STA,D8:B1:90:DB:E8:90,-41,11,1,7,0,0,1,1,0,0,1,-94,0,2,0,1476335127,0,110,0,0,1476.69,256,[110 96 6 0 24 -11 23 -11 22 -11 22 -12 22 -12 21 -12 20 -13 19 -13 19 -14 18 -14 18 -14 18 -14 18 -15 18 -14 18 -15 17 -14 17 -15 17 -14 17 -13 17 -13 17 -12 17 -12 17 -11 17 -10 18 -9 0 0 0 0 0 0 0 0 0 0 0 0 0 0 0 0 0 0 0 0 0 0 17 -13 18 -12 19 -11 19 -10 21 -10 21 -9 22 -9 23 -9 24 -9 25 -9 25 -10 25 -9 25 -9 25 -9 25 -9 25 -9 24 -9 25 -10 24 -10 25 -10 24 -11 25 -11 25 -11 24 -11 25 -12
2025-05-20 15:39:12,CSI_DATA,STA,D8:B1:90:DB:E8:90,-42,11,1,7,0,0,1,0,0,0,1,-94,0,2,0,1483353035,0,110,0,0,1483.71,256,[110 96 6 0 27 -21 26 -19 22 -17 18 -16 12 -15 7 -15 1 -16 -4 -18 -8 -19 -12 -22 -16 -24 -18 -27 -19 -29 -19 -29 -18 -30 -17 -30 -15 -28 -13 -26 -12 -22 -11 -18 -10 -15 -10 -11 -11 -8 -11 -5 -12 -3 0 0 0 0 0 0 0 0 0 0 0 0 0 0 0 0 0 0 0 0 0 0 -16 13 -14 10 -12 8 -8 8 -4 9 0 11 3 14 5 17 6 21 6 24 5 27 3 29 1 29 -1 28 -3 25 -4 21 -5 16 -5 10 -3 4 -1 -2 2 -8 6 -14 10 -18 15 -21 20 -23 24 -24 ]
2025-05-20 15:39:12,CSI_DATA,STA,D8:B1:90:DB:E8:90,-41,11,1,7,0,0,1,1,0,0,1,-94,0,2,0,1483855003,0,110,0,0,1484.21,256,[110 96 6 0 19 14 19 13 19 13 20 11 20 10 20 10 20 9 19 9 20 9 20 9 19 8 19 8 19 8 20 7 19 7 20 8 19 8 19 8 19 8 18 8 18 8 18 9 17 10 16 10 16 11 0 0 0 0 0 0 0 0 0 0 0 0 0 0 0 0 0 0 0 0 0 0 16 9 15 10 15 11 14 11 15 13 14 12 15 14 15 14 16 15 15 16 16 16 16 16 16 16 16 17 16 16 17 16 16 15 17 16 17 15 18 15 18 14 19 15 18 14 19 14 19 14 19 14 ]
2025-05-20 15:39:16,CSI_DATA,STA,D8:B1:90:DB:E8:90,-43,11,1,6,0,0,1,0,0,0,1,-94,0,2,0,1487861983,0,110,0,0,1488.22,256,[110 96 6 0 35 6 33 7 29 6 25 4 20 0 16 -4 12 -9 9 -15 6 -20 4 -25 3 -30 3 -33 3 -36 5 -36 6 -37 6 -35 7 -33 6 -30 5 -26 4 -22 2 -19 -1 -15 -3 -12 -6 -9 -9 -7 0 0 0 0 0 0 0 0 0 0 0 0 0 0 0 0 0 0 0 0 0 0 -22 -9 -18 -10 -16 -8 -13 -5 -12 -1 -11 3 -11 8 -13 12 -16 15 -18 18 -21 19 -24 19 -25 18 -26 15 -25 12 -23 8 -19 5 -14 1 -8 -2 -2 -4 6 -6 13 -6 20 -6 26 -4 31 -2 35 0 ]
2025-05-20 15:39:17,CSI_DATA,STA,D8:B1:90:DB:E8:90,-42,11,1,7,0,0,1,0,0,0,0,-94,0,2,0,1489367714,0,110,0,0,1489.73,256,[110 96 6 0 -21 10 -21 10 -20 11 -20 11 -19 11 -19 11 -18 12 -17 12 -17 12 -17 12 -17 12 -16 12 -16 12 -16 12 -16 12 -17 13 -16 12 -17 12 -16 11 -16 12 -16 11 -17 11 -17 10 -17 9 -18 8 0 0 0 0 0 0 0 0 0 0 0 0 0 0 0 0 0 0 0 0 0 0 -16 10 -17 9 -18 7 -19 7 -19 6 -20 6 -20 6 -20 6 -21 6 -22 5 -22 5 -22 5 -22 4 -22 4 -22 5 -23 5 -23 5 -23 6 -22 6 -22 7 -23 7 -22 7 -22 8 -22 8 -22 8 -22 9 ]
2025-05-20 15:39:19,CSI_DATA,STA,D8:B1:90:DB:E8:90,-41,11,1,6,0,0,1,0,0,0,1,-94,0,2,0,1490873106,0,110,0,0,1491.23,256,[110 96 6 0 20 -17 19 -17 19 -17 18 -17 17 -17 16 -18 16 -18 17 -18 16 -19 15 -19 15 -19 14 -19 14 -19 14 -19 14 -19 15 -18 15 -18 15 -18 15 -17 15 -16 16 -16 16 -15 16 -15 17 -15 18 -14 0 0 0 0 0 0 0 0 0 0 0 0 0 0 0 0 0 0 0 0 0 0 15 -15 17 -14 17 -13 18 -12 19 -12 20 -12 20 -13 21 -12 22 -12 23 -12 23 -11 24 -11 24 -11 24 -10 23 -13 23 -13 23 -13 22 -14 22 -14 21 -14 21 -14 22 -15 21 -16 21
2025-05-20 15:39:20,CSI_DATA,STA,D8:B1:90:DB:E8:90,-42,11,1,7,0,0,1,0,0,0,1,-94,0,2,0,1491372883,0,110,0,0,1491.73,256,[110 96 6 0 36 -6 33 -5 31 -4 26 -5 22 -7 17 -9 11 -12 7 -16 2 -20 -2 -24 -5 -28 -7 -31 -8 -34 -8 -36 -8 -36 -7 -37 -5 -35 -4 -33 -3 -30 -3 -26 -3 -22 -3 -17 -3 -13 -4 -9 -6 -5 0 0 0 0 0 0 0 0 0 0 0 0 0 0 0 0 0 0 0 0 0 0 -24 -7 -21 -8 -18 -8 -15 -6 -13 -2 -12 2 -11 7 -12 12 -13 16 -16 20 -18 22 -21 23 -23 23 -24 21 -24 18 -23 14 -21 11 -17 6 -13 2 -7 -2 -1 -5 6 -8 13 -10 20 -11 25 -11 30 -10
2025-05-20 15:39:20,CSI_DATA,STA,D8:B1:90:DB:E8:90,-42,11,1,7,0,0,1,0,0,0,1,-94,0,2,0,1492373882,0,110,0,0,1492.73,256,[110 96 6 0 -2 38 -3 35 -2 31 -1 27 2 22 5 17 9 11 13 8 18 4 23 1 27 -2 31 -2 33 -3 35 -3 35 -2 35 -1 33 -1 30 0 26 -1 22 -1 17 -2 13 -4 9 -6 5 -8 3 -10 0 0 0 0 0 0 0 0 0 0 0 0 0 0 0 0 0 0 0 0 0 0 10 -23 10 -19 9 -16 6 -14 2 -12 -2 -12 -7 -12 -11 -13 -15 -16 -18 -18 -19 -21 -20 -24 -19 -25 -17 -26 -14 -25 -10 -23 -7 -20 -3 -16 0 -10 3 -3 6 3 7 11 8 18 8 25 6 30 3 35 ]
2025-05-20 15:39:22,CSI_DATA,STA,D8:B1:90:DB:E8:90,-42,11,1,7,0,0,1,0,0,0,1,-94,0,2,0,1493378059,0,110,0,0,1493.74,256,[110 96 6 0 35 -5 33 -4 30 -4 27 -4 22 -6 17 -9 12 -12 8 -16 4 -20 1 -24 -2 -28 -4 -31 -5 -33 -5 -35 -5 -36 -4 -35 -3 -34 -3 -32 -2 -28 -2 -25 -3 -21 -3 -17 -4 -13 -5 -10 -6 -7 0 0 0 0 0 0 0 0 0 0 0 0 0 0 0 0 0 0 0 0 0 0 -24 -5 -21 -7 -18 -7 -16 -5 -14 -2 -12 2 -11 6 -11 11 -12 15 -15 18 -17 21 -20 22 -22 21 -23 19 -23 17 -22 13 -20 9 -16 5 -12 1 -6 -3 0 -7 7 -9 14 -11 20 -11 26 -11 31 -10 ]
2025-05-20 15:39:27,CSI_DATA,STA,D8:B1:90:DB:E8:90,-41,11,1,7,0,0,1,0,0,0,1,-94,0,2,0,1498887981,0,110,0,0,1499.25,256,[110 96 6 0 -25 4 -24 4 -23 5 -23 5 -23 6 -22 6 -22 7 -20 8 -20 8 -20 8 -20 8 -19 9 -19 9 -19 9 -19 9 -19 9 -19 9 -20 9 -19 8 -20 8 -20 7 -20 7 -20 6 -20 5 -20 4 0 0 0 0 0 0 0 0 0 0 0 0 0 0 0 0 0 0 0 0 0 0 -19 5 -20 4 -20 2 -21 2 -21 1 -22 0 -22 1 -23 0 -23 -1 -24 -1 -24 -1 -24 -1 -24 -1 -24 -2 -24 -1 -25 -1 -24 -1 -24 0 -25 1 -24 2 -25 2 -25 2 -25 3 -25 3 -25 4 -25 4 ]
2025-05-20 15:39:27,CSI_DATA,STA,D8:B1:90:DB:E8:90,-43,11,1,7,0,0,1,1,1,0,1,-94,0,2,0,1499400030,0,110,0,0,1499.76,384,[110 96 6 0 -36 22 -33 20 -29 18 -23 17 -16 16 -10 15 -2 14 5 14 13 13 19 13 25 13 30 14 34 14 35 14 36 14 36 14 34 13 30 12 27 10 22 8 18 5 13 2 9 -2 5 -4 2 -7 0 0 0 0 0 0 0 0 0 0 0 0 0 0 0 0 0 0 0 0 0 0 13 22 10 20 7 17 6 12 6 7 8 1 9 -4 12 -10 16 -13 19 -17 22 -19 25 -19 28 -19 28 -17 27 -13 25 -9 22 -5 17 -1 12 3 6 8 -1 13 -8 16 -14 21 -21 23 -27 24 -32 25 ]
2025-05-20 15:39:30,CSI_DATA,STA,D8:B1:90:DB:E8:90,-41,11,1,7,0,0,1,0,0,0,1,-94,0,2,0,1501905117,0,110,0,0,1502.26,256,[110 96 6 0 23 1 23 1 23 1 22 0 22 0 22 -1 21 -1 21 -2 21 -3 21 -3 21 -3 20 -3 20 -4 21 -4 21 -4 20 -3 20 -3 20 -2 20 -2 19 -1 19 -1 19 0 19 0 19 1 19 2 0 0 0 0 0 0 0 0 0 0 0 0 0 0 0 0 0 0 0 0 0 0 20 -1 19 1 19 1 20 2 20 3 20 4 21 5 21 5 21 6 22 6 23 5 23 6 23 6 23 6 23 6 23 5 23 5 23 5 24 5 24 5 24 4 24 4 24 3 24 3 24 3 24 1 ]
2025-05-20 15:39:31,CSI_DATA,STA,D8:B1:90:DB:E8:90,-42,11,1,7,0,0,1,1,1,0,1,-94,0,2,0,1502405799,0,110,0,0,1502.77,384,[110 96 6 0 34 7 31 6 27 6 23 3 19 0 14 -4 10 -9 7 -13 4 -18 2 -23 -1 -27 -2 -30 -2 -33 -2 -34 -2 -34 -1 -34 -1 -32 0 -29 0 -25 -1 -22 -2 -18 -3 -14 -5 -10 -7 -7 -8 -4 0 0 0 0 0 0 0 0 0 0 0 0 0 0 0 0 0 0 0 0 0 0 -15 -17 -11 -15 -9 -13 -8 -10 -8 -5 -9 -1 -11 4 -14 7 -16 10 -20 12 -23 12 -25 11 -27 10 -26 7 -24 5 -21 2 -17 0 -12 -2 -6 -4 0 -5 7 -6 14 -5 20 -4 25 -2 30 0 33 3 ]
2025-05-20 15:39:32,CSI_DATA,STA,D8:B1:90:DB:E8:90,-41,11,1,7,0,0,1,0,0,0,1,-94,0,2,0,1503918270,0,110,0,0,1504.28,256,[110 96 6 0 -23 -15 -22 -14 -22 -14 -22 -13 -22 -12 -22 -12 -22 -11 -23 -10 -23 -10 -23 -9 -23 -9 -23 -9 -23 -9 -23 -8 -23 -8 -23 -9 -22 -9 -22 -9 -21 -9 -21 -10 -21 -10 -21 -11 -20 -11 -20 -12 -19 -14 0 0 0 0 0 0 0 0 0 0 0 0 0 0 0 0 0 0 0 0 0 0 -19 -11 -19 -13 -18 -14 -18 -15 -18 -16 -18 -17 -18 -16 -18 -17 -18 -18 -18 -19 -19 -19 -19 -19 -19 -19 -19 -19 -19 -19 -19 -19 -19 -19 -20 -19 -21
2025-05-20 15:39:43,CSI_DATA,STA,D8:B1:90:DB:E8:90,-41,11,1,7,0,0,1,0,0,0,1,-94,0,2,0,1514448021,0,110,0,0,1514.81,256,[110 96 6 0 24 -4 23 -4 24 -4 22 -4 22 -5 22 -5 21 -5 21 -6 21 -7 21 -7 21 -7 20 -7 20 -7 20 -7 20 -7 21 -7 20 -7 20 -7 20 -6 20 -5 20 -5 19 -4 20 -3 20 -2 20 0 0 0 0 0 0 0 0 0 0 0 0 0 0 0 0 0 0 0 0 0 0 0 19 -4 19 -3 20 -2 20 -1 20 0 21 0 21 1 21 2 22 2 22 3 23 3 23 4 23 4 23 4 22 2 22 2 22 2 23 1 22 0 22 -1 22 -1 23 -1 23 -3 23 -3 23 -3 23 -3 ]
2025-05-20 15:39:45,CSI_DATA,STA,D8:B1:90:DB:E8:90,-41,11,1,7,0,0,1,0,0,0,1,-94,0,2,0,1516959996,0,110,0,0,1517.32,256,[110 96 6 0 -22 11 -22 12 -21 11 -20 13 -20 13 -19 13 -19 13 -18 14 -17 14 -17 14 -17 14 -18 14 -18 15 -17 15 -17 15 -17 14 -17 14 -18 13 -17 13 -17 12 -17 12 -17 12 -18 11 -18 10 -19 9 0 0 0 0 0 0 0 0 0 0 0 0 0 0 0 0 0 0 0 0 0 0 -18 10 -19 9 -19 8 -20 7 -21 7 -21 7 -22 6 -23 6 -23 5 -24 5 -24 7 -24 7 -24 6 -24 6 -24 6 -24 6 -24 7 -24 7 -24 7 -24 7 -24 8 -24 8 -23 10 -23 11 -23 11 -23 11 ]
2025-05-20 15:39:46,CSI_DATA,STA,D8:B1:90:DB:E8:90,-42,11,1,7,0,0,1,1,1,0,1,-94,0,2,0,1517458689,0,110,0,0,1517.82,384,[110 96 6 0 31 22 28 21 25 18 22 14 19 8 16 3 14 -4 13 -10 12 -17 11 -22 11 -28 11 -31 12 -34 13 -35 13 -36 13 -34 13 -32 12 -29 10 -26 7 -22 5 -18 2 -15 -1 -12 -5 -9 -8 -7 0 0 0 0 0 0 0 0 0 0 0 0 0 0 0 0 0 0 0 0 0 0 -6 -25 -4 -22 -2 -19 -3 -15 -5 -11 -8 -7 -12 -4 -16 -2 -20 0 -24 0 -28 -1 -29 -3 -30 -5 -29 -6 -27 -8 -22 -9 -18 -10 -12 -9 -5 -8 2 -6 9 -4 16 0 22 3 26 8 30 13 32 17 ]
2025-05-20 15:39:46,CSI_DATA,STA,D8:B1:90:DB:E8:90,-43,11,1,7,0,0,1,1,1,0,1,-94,0,2,0,1517962022,0,110,0,0,1518.32,384,[110 96 6 0 23 -32 22 -30 19 -26 14 -23 8 -19 2 -17 -5 -14 -12 -12 -18 -10 -24 -9 -30 -8 -34 -8 -37 -7 -38 -8 -39 -8 -38 -8 -35 -8 -32 -7 -28 -5 -24 -4 -20 -2 -16 1 -12 4 -9 6 -6 8 0 0 0 0 0 0 0 0 0 0 0 0 0 0 0 0 0 0 0 0 0 0 -26 -5 -22 -7 -18 -6 -14 -4 -10 0 -7 5 -5 10 -4 15 -4 21 -5 25 -7 28 -9 30 -11 30 -13 29 -14 26 -14 21 -14 16 -12 9 -10 2 -7 -4 -3 -12 2 -18 6 -24 10 -28 15 -32 21 -34 ]
2025-05-20 15:39:49,CSI_DATA,STA,D8:B1:90:DB:E8:90,-41,11,1,7,0,0,1,0,0,0,1,-94,0,2,0,1520966004,0,110,0,0,1521.33,256,[110 96 6 0 22 -8 22 -9 21 -9 20 -9 19 -10 19 -10 18 -10 19 -11 18 -11 18 -11 18 -11 17 -11 18 -11 18 -11 18 -11 18 -11 18 -11 18 -11 18 -10 18 -10 18 -10 18 -9 18 -8 18 -7 19 -6 0 0 0 0 0 0 0 0 0 0 0 0 0 0 0 0 0 0 0 0 0 0 17 -9 18 -7 18 -8 19 -7 20 -7 21 -6 21 -5 21 -5 22 -4 22 -4 23 -4 23 -4 23 -3 23 -3 23 -5 23 -5 23 -5 23 -5 23 -5 22 -5 23 -6 23 -6 22 -7 23 -8 23 -8 23 -8 ]
2025-05-20 15:39:50,CSI_DATA,STA,D8:B1:90:DB:E8:90,-42,11,1,7,0,0,1,1,1,0,1,-94,0,2,0,1521467102,0,110,0,0,1521.83,384,[110 96 6 0 -29 22 -27 19 -24 16 -19 15 -13 15 -8 14 -2 15 4 17 9 18 13 20 17 23 19 25 20 27 21 28 20 29 19 28 17 27 15 25 14 22 13 19 12 14 12 11 12 7 12 4 12 2 0 0 0 0 0 0 0 0 0 0 0 0 0 0 0 0 0 0 0 0 0 0 17 -15 16 -12 13 -9 10 -9 6 -9 2 -11 -2 -13 -5 -17 -7 -20 -8 -24 -7 -28 -5 -29 -3 -30 -1 -29 2 -26 3 -22 4 -17 4 -11 3 -5 1 2 -2 8 -6 14 -11 19 -15 22 -20 24 -25 24 ]
2025-05-20 15:39:54,CSI_DATA,STA,D8:B1:90:DB:E8:90,-42,11,1,7,0,0,1,0,0,0,1,-94,0,2,0,1525974669,0,110,0,0,1526.33,256,[110 96 6 0 14 -21 14 -21 13 -20 13 -20 12 -20 12 -20 11 -20 10 -21 9 -21 9 -21 9 -21 9 -22 9 -22 9 -21 9 -22 9 -21 10 -22 10 -21 10 -21 10 -20 11 -20 11 -19 11 -19 12 -18 13 -18 0 0 0 0 0 0 0 0 0 0 0 0 0 0 0 0 0 0 0 0 0 0 11 -18 13 -17 13 -17 14 -17 15 -16 16 -17 15 -17 16 -18 17 -17 17 -17 18 -18 18 -18 18 -18 19 -18 17 -19 17 -19 17 -20 16 -20 16 -20 16 -19 15 -20 15 -21 14 -21 15 -21 15
2025-05-20 15:39:56,CSI_DATA,STA,D8:B1:90:DB:E8:90,-41,11,1,7,0,0,1,0,0,0,1,-94,0,2,0,1527482163,0,110,0,0,1527.84,256,[110 96 6 0 -21 17 -20 17 -20 17 -18 18 -18 18 -17 18 -17 18 -16 19 -16 19 -15 19 -15 20 -15 19 -15 19 -15 19 -15 19 -16 19 -15 18 -16 18 -16 17 -16 16 -16 16 -17 15 -17 14 -18 14 -19 13 0 0 0 0 0 0 0 0 0 0 0 0 0 0 0 0 0 0 0 0 0 0 -15 15 -16 14 -18 13 -18 13 -19 12 -20 12 -20 14 -21 14 -22 13 -23 13 -22 14 -22 13 -22 13 -23 13 -22 13 -22 13 -22 13 -22 14 -21 14 -21 15 -21 15 -21 15 -21 16 -2
2025-05-20 15:39:56,CSI_DATA,STA,D8:B1:90:DB:E8:90,-42,11,1,7,0,0,1,1,1,0,1,-94,0,2,0,1527985752,0,110,0,0,1528.35,384,[110 96 6 0 8 -39 7 -35 7 -30 4 -26 0 -20 -5 -16 -9 -11 -15 -8 -20 -5 -26 -3 -30 -1 -34 -1 -36 0 -37 0 -37 -1 -36 -1 -33 -2 -31 -1 -26 0 -23 1 -19 3 -15 5 -12 7 -9 9 -7 11 0 0 0 0 0 0 0 0 0 0 0 0 0 0 0 0 0 0 0 0 0 0 -16 18 -15 14 -13 11 -9 9 -4 8 1 8 6 10 10 12 14 15 16 19 17 22 16 25 15 26 12 26 9 24 5 21 2 17 -1 11 -3 5 -5 -2 -6 -10 -6 -18 -5 -24 -3 -30 0 -35 4 -39 ]
2025-05-20 15:39:58,CSI_DATA,STA,D8:B1:90:DB:E8:90,-41,11,1,7,0,0,1,0,0,0,1,-94,0,2,0,1529486845,0,110,0,0,1529.85,256,[110 96 6 0 6 -23 5 -23 5 -22 4 -22 3 -22 3 -22 3 -22 2 -21 1 -21 1 -21 0 -21 0 -23 0 -23 0 -23 0 -23 0 -22 1 -22 1 -22 2 -22 1 -21 2 -21 2 -20 3 -20 4 -20 5 -19 0 0 0 0 0 0 0 0 0 0 0 0 0 0 0 0 0 0 0 0 0 0 3 -19 4 -19 6 -20 6 -20 7 -20 8 -20 8 -20 8 -21 9 -21 10 -21 10 -22 10 -22 10 -22 10 -22 9 -22 9 -22 9 -22 9 -22 9 -23 8 -23 8 -23 8 -24 6 -24 6 -24 6 -25 6 -24 ]
2025-05-20 15:40:00,CSI_DATA,STA,D8:B1:90:DB:E8:90,-42,11,1,7,0,0,1,0,0,0,1,-94,0,2,0,1531494906,0,110,0,0,1531.85,256,[110 96 6 0 -1 -24 -1 -24 -1 -23 -2 -23 -2 -22 -3 -22 -3 -22 -4 -21 -4 -21 -4 -21 -5 -21 -6 -20 -7 -20 -6 -20 -6 -20 -6 -20 -6 -21 -6 -20 -5 -20 -4 -20 -4 -19 -3 -19 -2 -19 -1 -20 0 -20 0 0 0 0 0 0 0 0 0 0 0 0 0 0 0 0 0 0 0 0 0 0 -3 -19 -1 -19 0 -20 1 -21 2 -20 2 -21 3 -21 3 -22 3 -22 4 -23 5 -22 5 -23 5 -22 5 -23 4 -23 4 -22 4 -23 3 -23 3 -24 2 -23 2 -24 2 -24 1 -23 1 -24 1 -24 0 -23 ]
2025-05-20 15:40:02,CSI_DATA,STA,D8:B1:90:DB:E8:90,-41,11,1,7,0,0,1,0,0,0,1,-94,0,2,0,1533504444,0,110,0,0,1533.86,256,[110 96 6 0 24 5 23 4 24 4 23 4 23 3 22 3 22 2 22 1 22 1 22 1 22 0 21 0 21 -1 21 -1 21 -1 22 -1 22 -1 21 -1 21 0 21 0 21 0 20 1 20 2 20 3 20 4 0 0 0 0 0 0 0 0 0 0 0 0 0 0 0 0 0 0 0 0 0 0 20 3 19 5 19 6 20 7 20 7 20 8 20 9 20 10 21 10 21 11 21 11 21 11 21 12 21 12 21 11 21 10 22 10 22 10 22 9 23 9 23 8 24 8 23 7 23 7 23 7 23 6 ]
2025-05-20 15:40:03,CSI_DATA,STA,D8:B1:90:DB:E8:90,-43,11,1,7,0,0,1,1,1,0,1,-94,0,2,0,1535017440,0,110,0,0,1535.38,384,[110 96 6 0 -26 -31 -24 -29 -21 -26 -19 -20 -17 -14 -15 -8 -13 -1 -12 7 -10 14 -9 20 -8 27 -8 31 -8 34 -8 36 -8 37 -8 36 -7 34 -7 31 -5 27 -4 22 -2 17 0 12 3 7 5 3 7 -1 0 0 0 0 0 0 0 0 0 0 0 0 0 0 0 0 0 0 0 0 0 0 -22 13 -20 10 -18 8 -14 7 -9 7 -4 7 1 9 7 11 11 14 15 17 17 21 19 23 19 25 17 26 15 26 12 25 7 22 4 19 -1 14 -7 9 -12 3 -16 -3 -21 -9 -24 -15 -26 -21 -27 -26 ]
2025-05-20 15:40:04,CSI_DATA,STA,D8:B1:90:DB:E8:90,-42,11,1,7,0,0,1,0,0,0,0,-94,0,2,0,1536031784,0,110,0,0,1536.39,256,[110 96 6 0 30 19 28 19 24 16 21 13 18 8 15 3 13 -4 12 -10 11 -16 12 -21 13 -26 14 -30 15 -32 17 -32 18 -32 18 -30 18 -28 16 -25 14 -22 11 -19 7 -17 4 -14 0 -13 -4 -13 -7 -13 0 0 0 0 0 0 0 0 0 0 0 0 0 0 0 0 0 0 0 0 0 0 -19 -15 -15 -15 -12 -13 -11 -10 -10 -6 -10 -1 -12 3 -14 7 -17 10 -20 12 -24 12 -26 12 -28 11 -28 9 -26 6 -23 3 -19 1 -13 -1 -7 -2 0 -2 7 -2 14 0 19 2 25 6 29 10 32 14 ]
2025-05-20 15:40:07,CSI_DATA,STA,D8:B1:90:DB:E8:90,-42,11,1,6,0,0,1,0,0,0,1,-94,0,2,0,1539042024,0,110,0,0,1539.4,256,[110 96 6 0 25 30 23 28 20 25 19 20 17 15 16 8 16 1 16 -5 17 -12 18 -18 19 -24 21 -28 22 -31 24 -32 24 -32 25 -31 24 -29 22 -26 19 -23 16 -20 12 -18 8 -15 3 -13 0 -11 -4 -11 0 0 0 0 0 0 0 0 0 0 0 0 0 0 0 0 0 0 0 0 0 0 -1 -27 1 -24 1 -20 0 -17 -3 -13 -6 -10 -11 -8 -16 -6 -21 -5 -25 -6 -29 -8 -31 -10 -32 -12 -31 -14 -29 -16 -25 -16 -20 -15 -14 -14 -7 -12 -1 -8 6 -4 13 1 18 7 23 12 25 18 27 23 ]
2025-05-20 15:40:09,CSI_DATA,STA,D8:B1:90:DB:E8:90,-42,11,1,7,0,0,1,0,0,0,1,-94,0,2,0,1541047957,0,110,0,0,1541.41,256,[110 96 6 0 -18 19 -18 19 -17 19 -16 20 -16 20 -15 20 -15 20 -14 20 -13 20 -12 21 -12 21 -12 21 -11 22 -11 21 -11 22 -12 21 -11 21 -12 20 -12 20 -13 19 -13 19 -13 18 -14 18 -15 17 -17 17 0 0 0 0 0 0 0 0 0 0 0 0 0 0 0 0 0 0 0 0 0 0 -12 16 -14 15 -14 14 -15 14 -16 14 -17 14 -17 15 -18 15 -19 15 -19 15 -20 15 -20 15 -20 14 -20 15 -20 15 -20 15 -20 15 -20 16 -20 17 -19 17 -19 17 -19 18 -19 19 -1
2025-05-20 15:40:11,CSI_DATA,STA,D8:B1:90:DB:E8:90,-47,11,1,7,0,0,1,0,0,0,1,-94,0,2,0,1543052461,0,110,0,0,1543.41,256,[110 96 6 0 24 -18 23 -19 23 -18 34 -16 32 -16 31 -16 30 -16 -33 19 -32 19 -31 19 -32 20 22 6 21 6 21 6 21 7 19 7 19 7 18 8 17 7 16 8 15 8 14 8 13 8 12 9 11 9 0 0 0 0 0 0 0 0 0 0 0 0 0 0 0 0 0 0 0 0 0 0 -2 9 -3 9 -5 -11 -5 -12 -4 -12 -4 -13 19 23 19 24 19 26 19 27 9 15 9 16 8 16 8 16 4 -17 4 -17 4 -17 3 -18 -4 -23 -4 -24 -4 -24 -4 -25 14 -7 14 -7 13 -8 27 -15 ]
2025-05-20 15:40:12,CSI_DATA,STA,D8:B1:90:DB:E8:90,-42,11,1,7,0,0,1,0,0,0,1,-94,0,2,0,1544052312,0,110,0,0,1544.41,256,[110 96 6 0 -8 -22 -8 -22 -8 -22 -9 -21 -9 -20 -9 -20 -9 -20 -10 -19 -10 -19 -11 -18 -11 -18 -11 -17 -11 -17 -12 -17 -11 -17 -11 -17 -11 -17 -10 -17 -10 -17 -10 -17 -10 -17 -9 -17 -9 -17 -7 -18 -6 -19 0 0 0 0 0 0 0 0 0 0 0 0 0 0 0 0 0 0 0 0 0 0 -8 -17 -7 -18 -6 -19 -5 -19 -5 -20 -4 -21 -5 -21 -4 -22 -4 -22 -3 -23 -4 -23 -3 -23 -3 -24 -3 -24 -3 -23 -3 -23 -4 -23 -4 -23 -5 -24 -5 -23 -6 -24 -6
2025-05-20 15:40:13,CSI_DATA,STA,D8:B1:90:DB:E8:90,-43,11,1,7,0,0,1,0,0,0,1,-94,0,2,0,1544552000,0,110,0,0,1544.91,256,[110 96 6 0 -31 -25 -28 -24 -25 -21 -22 -17 -20 -11 -18 -6 -15 1 -15 7 -13 13 -13 19 -13 25 -14 29 -15 32 -15 33 -16 33 -16 33 -15 31 -14 28 -12 24 -10 21 -7 17 -4 14 0 10 2 8 6 6 0 0 0 0 0 0 0 0 0 0 0 0 0 0 0 0 0 0 0 0 0 0 1 26 -1 23 -2 20 -1 16 2 13 5 9 10 7 14 4 19 4 23 4 26 5 29 7 30 9 29 11 27 12 23 13 18 13 13 12 6 10 0 8 -8 5 -14 0 -20 -3 -25 -9 -29 -13 -31 -18 ]
2025-05-20 15:40:13,CSI_DATA,STA,D8:B1:90:DB:E8:90,-42,11,1,5,0,0,1,1,1,0,0,-94,0,2,0,1545064189,0,110,0,0,1545.42,384,[110 96 6 0 3 -41 3 -38 4 -35 2 -30 -1 -25 -5 -22 -9 -16 -14 -13 -20 -9 -25 -6 -30 -4 -34 -4 -36 -3 -39 -4 -39 -4 -39 -5 -36 -5 -33 -6 -29 -6 -26 -4 -21 -4 -16 -1 -12 2 -9 4 -6 7 0 0 0 0 0 0 0 0 0 0 0 0 0 0 0 0 0 0 0 0 0 0 -13 24 -14 20 -13 18 -10 15 -7 14 -2 13 3 14 7 15 11 18 14 21 16 24 17 27 16 29 14 29 12 29 8 27 4 23 1 19 -2 13 -5 7 -8 -1 -9 -9 -9 -17 -8 -24 -6 -31 -3 -36 ]
2025-05-20 15:40:17,CSI_DATA,STA,D8:B1:90:DB:E8:90,-43,11,1,6,0,0,1,0,0,0,1,-94,0,2,0,1548582298,0,110,0,0,1548.94,256,[110 96 6 0 -3 36 -3 34 -3 31 -1 27 2 22 6 18 10 13 14 9 19 5 23 2 27 -1 31 -2 34 -3 36 -4 37 -3 36 -3 34 -2 32 -1 28 -1 24 -1 20 -1 15 -2 11 -3 7 -4 3 -5 0 0 0 0 0 0 0 0 0 0 0 0 0 0 0 0 0 0 0 0 0 0 19 -17 18 -14 16 -11 12 -10 8 -11 3 -11 -1 -13 -5 -16 -8 -20 -10 -23 -11 -27 -11 -29 -10 -31 -8 -31 -5 -30 -3 -28 0 -24 3 -19 5 -13 6 -6 8 1 8 8 8 15 7 22 5 28 2 32 ]
2025-05-20 15:40:17,CSI_DATA,STA,D8:B1:90:DB:E8:90,-42,11,1,7,0,0,1,0,0,0,0,-94,0,2,0,1549082154,0,110,0,0,1549.44,256,[110 96 6 0 -13 22 -13 22 -12 22 -11 21 -11 21 -10 21 -9 21 -9 20 -9 20 -8 21 -8 21 -8 21 -8 21 -8 21 -8 21 -8 21 -8 21 -8 21 -8 20 -9 20 -9 20 -9 19 -10 19 -10 18 -12 18 0 0 0 0 0 0 0 0 0 0 0 0 0 0 0 0 0 0 0 0 0 0 -8 18 -9 18 -10 18 -11 18 -11 18 -12 18 -14 18 -14 18 -15 18 -15 18 -15 18 -15 18 -16 18 -16 18 -16 19 -16 19 -16 19 -15 19 -15 20 -15 20 -14 20 -14 21 -14 21 -13 21 -13 21 -13 21
2025-05-20 15:40:20,CSI_DATA,STA,D8:B1:90:DB:E8:90,-42,11,1,6,0,0,1,0,0,0,1,-94,0,2,0,1551588304,0,110,0,0,1551.95,256,[110 96 6 0 -24 -3 -24 -3 -23 -3 -23 -2 -23 -1 -22 -1 -22 0 -21 1 -21 1 -21 2 -21 2 -21 1 -21 1 -21 1 -21 1 -21 1 -21 1 -21 1 -20 0 -20 -1 -20 -1 -20 -1 -19 -2 -20 -4 -19 -5 0 0 0 0 0 0 0 0 0 0 0 0 0 0 0 0 0 0 0 0 0 0 -19 -2 -19 -3 -19 -4 -19 -5 -19 -6 -19 -6 -20 -6 -21 -6 -21 -7 -22 -8 -22 -8 -22 -8 -22 -9 -22 -9 -21 -9 -21 -9 -22 -8 -22 -8 -22 -7 -22 -7 -22 -7 -23 -7 -22 -6 -23 -5 -23 -5 -
2025-05-20 15:40:21,CSI_DATA,STA,D8:B1:90:DB:E8:90,-43,11,1,7,0,0,1,0,0,0,1,-94,0,2,0,1552597853,0,110,0,0,1552.96,256,[110 96 6 0 24 23 22 22 20 20 19 17 16 12 15 7 14 1 14 -4 14 -10 15 -15 15 -20 17 -24 18 -27 19 -28 20 -29 21 -28 20 -26 19 -24 17 -21 15 -19 11 -16 8 -13 5 -11 2 -10 -1 -8 0 0 0 0 0 0 0 0 0 0 0 0 0 0 0 0 0 0 0 0 0 0 -6 -24 -3 -22 -2 -20 -3 -16 -4 -13 -7 -10 -10 -6 -14 -4 -19 -3 -24 -3 -27 -3 -30 -5 -31 -7 -31 -9 -29 -10 -26 -11 -22 -12 -17 -12 -11 -10 -5 -8 2 -5 8 -2 13 2 18 7 21 12 24 16 ]
2025-05-20 15:40:21,CSI_DATA,STA,D8:B1:90:DB:E8:90,-42,11,1,7,0,0,1,0,0,0,1,-94,0,2,0,1553092291,0,110,0,0,1553.45,256,[110 96 6 0 29 8 27 8 24 7 21 4 18 1 16 -3 13 -8 11 -13 10 -18 9 -22 8 -26 8 -30 9 -32 10 -33 10 -33 11 -33 11 -31 11 -28 9 -26 8 -23 6 -20 4 -17 2 -15 0 -12 -2 -10 0 0 0 0 0 0 0 0 0 0 0 0 0 0 0 0 0 0 0 0 0 0 -20 -11 -17 -11 -14 -10 -12 -7 -11 -3 -10 1 -11 6 -13 9 -16 13 -19 15 -22 17 -25 17 -27 15 -28 13 -27 11 -25 7 -22 4 -17 2 -12 -1 -6 -2 1 -3 7 -3 14 -3 19 -1 24 1 27 4 ]
2025-05-20 15:40:27,CSI_DATA,STA,D8:B1:90:DB:E8:90,-42,11,1,7,0,0,1,0,0,0,1,-94,0,2,0,1558605287,0,110,0,0,1558.96,256,[110 96 6 0 -7 -34 -6 -33 -5 -28 -6 -25 -8 -20 -11 -16 -14 -11 -18 -8 -22 -5 -26 -3 -30 -1 -33 -1 -35 -1 -35 -2 -36 -4 -34 -4 -33 -5 -30 -5 -27 -4 -24 -3 -20 -2 -17 0 -15 2 -13 4 -12 6 0 0 0 0 0 0 0 0 0 0 0 0 0 0 0 0 0 0 0 0 0 0 12 18 9 17 7 14 7 11 8 7 11 4 14 1 18 0 22 0 26 0 28 2 30 4 30 6 28 9 25 10 20 11 16 10 10 8 5 5 0 1 -5 -4 -8 -10 -12 -15 -13 -21 -13 -26 -12 -31 ]
2025-05-20 15:40:32,CSI_DATA,STA,D8:B1:90:DB:E8:90,-43,11,1,5,0,0,1,0,0,0,1,-94,0,2,0,1563632523,0,110,0,0,1563.99,256,[110 96 6 0 -19 30 -19 29 -16 25 -13 23 -8 20 -4 18 2 16 7 15 13 14 18 14 23 15 26 16 29 17 29 18 30 19 29 19 28 18 25 17 22 15 19 14 16 11 14 7 11 4 10 1 8 -2 0 0 0 0 0 0 0 0 0 0 0 0 0 0 0 0 0 0 0 0 0 0 17 -17 16 -15 14 -12 11 -11 7 -11 3 -12 -1 -14 -5 -17 -7 -21 -8 -24 -8 -27 -7 -30 -6 -31 -3 -31 -1 -29 1 -25 3 -21 4 -15 5 -9 5 -3 4 4 1 12 -1 18 -4 23 -8 27 -12 31 ]
2025-05-20 15:40:33,CSI_DATA,STA,D8:B1:90:DB:E8:90,-42,11,1,7,0,0,1,0,0,0,0,-94,0,2,0,1564634963,0,110,0,0,1564.99,256,[110 96 6 0 33 -8 31 -7 28 -6 24 -7 19 -8 15 -10 9 -13 5 -16 1 -20 -2 -23 -5 -27 -7 -29 -8 -32 -8 -33 -7 -34 -7 -33 -6 -32 -5 -30 -4 -27 -4 -24 -4 -20 -5 -16 -6 -12 -7 -9 -8 -7 0 0 0 0 0 0 0 0 0 0 0 0 0 0 0 0 0 0 0 0 0 0 -24 1 -21 -1 -18 -2 -15 0 -12 2 -9 6 -8 10 -7 15 -8 19 -9 22 -11 24 -14 26 -16 25 -17 23 -18 21 -17 16 -16 12 -13 7 -9 2 -4 -1 1 -6 8 -9 13 -12 19 -13 25 -13 30 -12 ]
2025-05-20 15:40:36,CSI_DATA,STA,D8:B1:90:DB:E8:90,-42,11,1,7,0,0,1,0,0,0,0,-94,0,2,0,1568145153,0,110,0,0,1568.5,256,[110 96 6 0 -24 -29 -22 -27 -19 -24 -18 -20 -16 -15 -17 -9 -16 -3 -18 2 -19 8 -21 13 -23 17 -25 20 -27 22 -28 22 -29 22 -29 21 -28 20 -26 18 -23 16 -20 14 -16 12 -12 11 -9 10 -5 10 -2 10 0 0 0 0 0 0 0 0 0 0 0 0 0 0 0 0 0 0 0 0 0 0 10 21 8 19 6 16 6 12 7 8 9 4 12 1 16 -2 21 -3 24 -3 28 -2 30 0 31 1 29 4 27 5 23 7 18 7 12 7 6 5 0 3 -7 0 -12 -5 -18 -9 -21 -14 -24 -18 -25 -24 ]
2025-05-20 15:40:38,CSI_DATA,STA,D8:B1:90:DB:E8:90,-42,11,1,7,0,0,1,0,0,0,0,-94,0,2,0,1570153200,0,110,0,0,1570.51,256,[110 96 6 0 35 5 32 5 29 5 25 3 21 0 17 -4 13 -9 10 -13 7 -19 5 -23 3 -28 3 -31 3 -34 4 -36 5 -36 6 -35 6 -33 6 -31 5 -27 4 -24 2 -20 0 -17 -2 -14 -4 -11 -7 -9 0 0 0 0 0 0 0 0 0 0 0 0 0 0 0 0 0 0 0 0 0 0 -24 -8 -20 -9 -17 -9 -14 -6 -13 -3 -11 1 -11 6 -12 10 -14 15 -17 17 -20 19 -23 19 -25 19 -25 17 -25 14 -23 10 -20 6 -16 3 -11 -1 -4 -3 2 -5 10 -6 17 -7 23 -5 29 -4 33 -1 ]
2025-05-20 15:40:40,CSI_DATA,STA,D8:B1:90:DB:E8:90,-43,11,1,6,0,0,1,0,0,0,1,-94,0,2,0,1572161055,0,110,0,0,1572.52,256,[110 96 6 0 1 -34 2 -32 2 -28 0 -25 -3 -20 -6 -16 -9 -12 -13 -8 -17 -4 -21 -1 -25 2 -28 3 -31 5 -31 4 -33 4 -31 4 -30 4 -28 3 -24 3 -21 3 -17 3 -12 4 -9 5 -5 6 -2 7 0 0 0 0 0 0 0 0 0 0 0 0 0 0 0 0 0 0 0 0 0 0 -17 15 -17 12 -14 10 -12 9 -7 8 -3 9 1 11 5 13 7 16 10 19 10 22 10 24 9 26 7 25 5 25 2 22 -1 19 -2 13 -5 8 -6 2 -8 -4 -8 -11 -8 -17 -7 -23 -5 -28 -3 -32 ]
2025-05-20 15:40:41,CSI_DATA,STA,D8:B1:90:DB:E8:90,-42,11,1,7,0,0,1,0,0,0,1,-94,0,2,0,1573161185,0,110,0,0,1573.52,256,[110 96 6 0 23 10 23 9 23 8 23 7 22 7 23 6 22 6 21 6 21 5 22 4 21 4 23 3 23 3 23 3 23 3 23 4 22 4 22 4 22 5 22 4 21 4 21 5 21 5 20 7 19 9 0 0 0 0 0 0 0 0 0 0 0 0 0 0 0 0 0 0 0 0 0 0 18 5 17 7 18 8 18 9 18 10 19 11 19 11 19 12 19 13 19 13 20 13 20 14 20 14 20 14 20 14 20 14 20 14 20 14 21 13 21 12 22 12 23 13 22 11 22 11 23 11 24 10 ]
2025-05-20 15:40:42,CSI_DATA,STA,D8:B1:90:DB:E8:90,-41,11,1,7,0,0,1,0,0,0,0,-94,0,2,0,1574162052,0,110,0,0,1574.52,256,[110 96 6 0 20 -17 20 -17 20 -17 18 -16 17 -17 17 -17 17 -17 15 -18 15 -18 14 -18 14 -19 14 -18 14 -19 14 -19 14 -19 14 -19 14 -19 14 -19 14 -19 15 -18 15 -18 16 -17 16 -16 16 -15 17 -14 0 0 0 0 0 0 0 0 0 0 0 0 0 0 0 0 0 0 0 0 0 0 14 -15 15 -14 16 -14 17 -13 18 -13 19 -13 19 -13 20 -13 21 -13 22 -13 23 -13 23 -12 23 -12 23 -12 22 -12 22 -12 21 -12 22 -13 22 -14 22 -15 22 -15 22 -16 21 -15 21
2025-05-20 15:40:43,CSI_DATA,STA,D8:B1:90:DB:E8:90,-42,11,1,7,0,0,1,0,0,0,1,-94,0,2,0,1574664123,0,110,0,0,1575.02,256,[110 96 6 0 -35 -7 -33 -7 -30 -6 -26 -4 -22 -1 -19 3 -14 7 -12 12 -8 16 -7 21 -5 26 -5 30 -5 32 -5 34 -5 35 -6 35 -7 33 -7 30 -6 27 -5 23 -4 19 -2 15 0 12 2 9 5 7 0 0 0 0 0 0 0 0 0 0 0 0 0 0 0 0 0 0 0 0 0 0 21 12 17 12 14 11 12 8 11 4 11 0 12 -5 13 -10 16 -13 19 -16 22 -17 25 -18 27 -17 27 -14 27 -12 24 -9 21 -6 17 -3 11 0 5 2 -2 4 -9 4 -16 5 -22 3 -27 1 -31 -1 ]
2025-05-20 15:40:45,CSI_DATA,STA,D8:B1:90:DB:E8:90,-43,11,1,7,0,0,1,0,0,0,1,-94,0,2,0,1576672753,0,110,0,0,1577.03,256,[110 96 6 0 30 -21 29 -19 26 -17 21 -16 15 -15 10 -15 3 -16 -3 -18 -8 -20 -13 -22 -17 -25 -19 -28 -21 -30 -21 -31 -22 -32 -20 -31 -19 -30 -17 -28 -15 -25 -13 -21 -12 -17 -12 -13 -12 -9 -11 -6 -12 -3 0 0 0 0 0 0 0 0 0 0 0 0 0 0 0 0 0 0 0 0 0 0 -23 9 -21 7 -18 5 -14 5 -10 7 -6 9 -3 13 -1 17 0 22 0 25 -1 29 -4 31 -6 31 -8 30 -9 28 -10 23 -11 18 -9 12 -7 6 -4 0 -1 -7 4 -12 9 -17 15 -21 20 -23 26
2025-05-20 15:40:45,CSI_DATA,STA,D8:B1:90:DB:E8:90,-42,11,1,7,0,0,1,0,0,0,1,-94,0,2,0,1577172149,0,110,0,0,1577.53,256,[110 96 6 0 -33 -17 -30 -16 -27 -15 -23 -11 -20 -7 -18 -2 -16 3 -15 9 -14 14 -14 19 -15 24 -16 28 -17 30 -18 31 -19 31 -19 30 -19 28 -17 25 -15 22 -13 20 -10 17 -7 15 -3 13 0 12 2 12 0 0 0 0 0 0 0 0 0 0 0 0 0 0 0 0 0 0 0 0 0 0 21 10 17 10 14 9 12 6 11 3 10 -2 11 -6 13 -10 16 -14 19 -16 22 -17 25 -16 27 -15 27 -13 26 -10 23 -7 19 -4 14 -2 8 0 2 1 -6 2 -13 0 -19 -1 -24 -4 -29 -7 -32 -11 ]
2025-05-20 15:40:47,CSI_DATA,STA,D8:B1:90:DB:E8:90,-42,11,1,7,0,0,1,0,0,0,1,-94,0,2,0,1579181722,0,110,0,0,1579.54,256,[110 96 6 0 -34 -14 -31 -13 -28 -12 -24 -9 -21 -5 -18 -1 -15 5 -13 10 -11 15 -10 20 -9 25 -10 29 -10 31 -11 32 -11 32 -12 32 -12 30 -11 27 -9 24 -7 20 -5 17 -2 14 1 11 3 9 6 8 0 0 0 0 0 0 0 0 0 0 0 0 0 0 0 0 0 0 0 0 0 0 17 15 14 15 11 13 10 9 9 5 10 1 11 -3 14 -7 17 -10 20 -12 24 -12 26 -12 28 -10 28 -8 26 -5 23 -2 18 0 13 2 7 3 1 4 -7 4 -14 3 -21 2 -26 -1 -30 -4 -33 -8 ]
2025-05-20 15:40:48,CSI_DATA,STA,D8:B1:90:DB:E8:90,-42,11,1,7,0,0,1,0,0,0,1,-94,0,2,0,1579681244,0,110,0,0,1580.04,256,[110 96 6 0 -19 -14 -18 -14 -19 -14 -19 -13 -19 -12 -19 -12 -19 -12 -18 -12 -18 -11 -18 -11 -19 -11 -19 -9 -19 -9 -20 -9 -19 -9 -20 -9 -19 -8 -19 -9 -18 -9 -18 -9 -18 -10 -18 -10 -17 -11 -17 -11 -16 -13 0 0 0 0 0 0 0 0 0 0 0 0 0 0 0 0 0 0 0 0 0 0 -16 -11 -15 -12 -16 -13 -15 -13 -15 -14 -15 -15 -15 -15 -15 -16 -15 -17 -15 -18 -15 -18 -15 -18 -15 -19 -15 -19 -14 -18 -15 -18 -15 -17 -15 -18 -16
2025-05-20 15:40:54,CSI_DATA,STA,D8:B1:90:DB:E8:90,-42,11,1,7,0,0,1,0,0,0,1,-94,0,2,0,1586188584,0,110,0,0,1586.55,256,[110 96 6 0 21 -12 21 -13 20 -12 20 -14 19 -14 19 -14 18 -14 18 -14 17 -15 17 -15 17 -15 17 -15 17 -16 17 -16 17 -15 17 -16 18 -16 18 -15 18 -15 18 -13 17 -13 17 -12 18 -12 19 -11 20 -10 0 0 0 0 0 0 0 0 0 0 0 0 0 0 0 0 0 0 0 0 0 0 17 -10 19 -8 18 -8 19 -7 19 -7 20 -6 21 -6 22 -6 23 -5 23 -5 23 -6 23 -5 24 -5 23 -5 23 -6 23 -7 23 -7 23 -7 23 -8 23 -8 23 -9 24 -9 23 -9 23 -10 24 -10 23 -11 ]
2025-05-20 15:40:55,CSI_DATA,STA,D8:B1:90:DB:E8:90,-43,11,1,7,0,0,1,1,1,0,1,-94,0,2,0,1586688780,0,110,0,0,1587.05,384,[110 96 6 0 -34 -17 -31 -16 -28 -15 -24 -11 -21 -7 -18 -2 -15 4 -13 10 -11 16 -11 21 -10 26 -11 30 -11 32 -12 34 -12 34 -12 33 -12 30 -11 28 -10 24 -8 21 -6 17 -2 14 1 11 3 8 7 6 0 0 0 0 0 0 0 0 0 0 0 0 0 0 0 0 0 0 0 0 0 0 13 20 10 18 8 16 7 11 8 7 9 3 12 -1 15 -4 19 -7 24 -8 27 -8 29 -6 30 -5 30 -2 27 -1 24 1 19 3 14 4 7 5 0 5 -7 4 -14 2 -21 0 -26 -4 -31 -8 -34 -11 ]
2025-05-20 15:40:57,CSI_DATA,STA,D8:B1:90:DB:E8:90,-41,11,1,7,0,0,1,0,0,0,1,-94,0,2,0,1589197624,0,110,0,0,1589.56,256,[110 96 6 0 15 21 16 21 16 20 16 19 16 18 17 18 17 17 17 15 17 15 18 15 18 15 18 14 19 14 19 14 19 14 18 15 18 15 18 14 18 15 17 15 17 15 16 16 15 17 14 17 13 18 0 0 0 0 0 0 0 0 0 0 0 0 0 0 0 0 0 0 0 0 0 0 13 16 12 17 11 17 10 18 10 19 10 20 10 20 9 21 10 22 9 22 9 23 9 24 9 24 9 24 9 23 9 22 9 23 9 23 11 23 11 23 12 23 12 23 13 22 14 23 14 22 14 22 ]
2025-05-20 15:40:58,CSI_DATA,STA,D8:B1:90:DB:E8:90,-42,11,1,7,0,0,1,1,1,0,1,-94,0,2,0,1590203760,0,110,0,0,1590.56,384,[110 96 6 0 13 -34 12 -32 12 -28 8 -25 4 -21 0 -18 -5 -15 -11 -14 -16 -12 -22 -10 -26 -10 -31 -10 -33 -11 -34 -12 -35 -13 -33 -13 -32 -13 -29 -12 -25 -11 -22 -9 -19 -7 -16 -3 -13 0 -11 3 -10 5 0 0 0 0 0 0 0 0 0 0 0 0 0 0 0 0 0 0 0 0 0 0 -16 18 -15 15 -13 12 -10 10 -6 9 -1 10 3 11 7 14 11 17 13 20 14 24 13 27 12 28 9 29 7 27 3 24 1 21 -2 15 -3 9 -4 2 -4 -5 -3 -13 -2 -19 0 -25 3 -30 7 -33 ]
2025-05-20 15:40:59,CSI_DATA,STA,D8:B1:90:DB:E8:90,-41,11,1,7,0,0,1,0,0,0,1,-94,0,2,0,1591203554,0,110,0,0,1591.56,256,[110 96 6 0 20 -18 20 -18 19 -18 18 -18 18 -18 17 -18 16 -18 14 -19 14 -19 13 -20 13 -20 12 -20 12 -20 12 -20 12 -20 13 -20 13 -21 13 -20 13 -20 13 -19 13 -19 14 -18 14 -18 16 -17 17 -16 0 0 0 0 0 0 0 0 0 0 0 0 0 0 0 0 0 0 0 0 0 0 13 -16 15 -15 15 -14 17 -14 17 -14 19 -14 18 -15 19 -15 20 -15 20 -14 22 -14 22 -14 22 -14 22 -14 22 -14 21 -14 21 -15 21 -15 21 -15 20 -15 21 -16 21 -16 21 -17 21
2025-05-20 15:41:00,CSI_DATA,STA,D8:B1:90:DB:E8:90,-43,11,1,7,0,0,1,1,1,0,1,-94,0,2,0,1591705877,0,110,0,0,1592.07,384,[110 96 6 0 -34 0 -32 -1 -29 -1 -25 0 -21 2 -17 4 -13 8 -9 13 -6 16 -4 21 -2 25 -1 28 -2 31 -2 33 -3 34 -4 33 -5 32 -5 29 -5 26 -5 23 -4 20 -2 17 0 14 2 11 3 9 0 0 0 0 0 0 0 0 0 0 0 0 0 0 0 0 0 0 0 0 0 0 22 -3 20 0 17 0 14 -1 11 -3 9 -6 7 -9 7 -14 8 -18 9 -21 10 -24 13 -25 15 -25 16 -23 17 -21 17 -17 15 -13 12 -9 8 -5 4 -1 -2 3 -8 5 -14 7 -20 7 -26 7 -30 5 ]
2025-05-20 15:41:10,CSI_DATA,STA,D8:B1:90:DB:E8:90,-41,11,1,7,0,0,1,0,0,0,1,-94,0,2,0,1602245498,0,110,0,0,1602.6,256,[110 96 6 0 -25 3 -24 3 -24 4 -23 5 -23 6 -22 6 -22 6 -20 8 -20 8 -20 8 -20 8 -19 9 -19 10 -19 10 -19 10 -19 9 -19 9 -19 9 -18 8 -19 8 -19 8 -19 7 -19 6 -20 6 -20 5 0 0 0 0 0 0 0 0 0 0 0 0 0 0 0 0 0 0 0 0 0 0 -19 5 -19 4 -20 3 -20 2 -21 2 -21 1 -22 1 -22 0 -23 0 -23 -1 -24 -2 -24 -2 -24 -3 -24 -3 -24 -2 -24 -2 -24 -1 -25 -1 -24 0 -24 0 -25 0 -25 1 -25 2 -25 2 -25 2 -25 2 ]
2025-05-20 15:41:18,CSI_DATA,STA,D8:B1:90:DB:E8:90,-41,11,1,7,0,0,1,0,0,0,1,-95,0,2,0,1610285878,0,110,0,0,1610.65,256,[110 96 6 0 24 -4 23 -5 23 -5 22 -5 21 -5 21 -6 21 -6 20 -7 20 -8 19 -8 19 -8 19 -8 19 -8 19 -8 19 -8 19 -8 19 -8 19 -7 19 -7 19 -7 19 -7 18 -6 19 -5 19 -5 19 -3 0 0 0 0 0 0 0 0 0 0 0 0 0 0 0 0 0 0 0 0 0 0 19 -7 19 -5 19 -4 19 -3 20 -3 21 -2 21 -3 21 -2 22 -2 22 -1 23 -1 23 -1 24 -1 24 -1 24 0 24 0 24 -1 24 -1 24 -2 24 -2 24 -2 24 -3 24 -3 24 -3 25 -4 24 -4 ]
2025-05-20 15:41:24,CSI_DATA,STA,D8:B1:90:DB:E8:90,-41,11,1,7,0,0,1,0,0,0,1,-95,0,2,0,1615304191,0,110,0,0,1615.66,256,[110 96 6 0 -24 9 -24 9 -23 9 -22 10 -21 10 -21 11 -20 11 -19 12 -18 12 -18 12 -18 12 -18 13 -18 13 -17 14 -18 14 -18 13 -18 13 -18 13 -18 12 -18 12 -18 12 -18 11 -19 10 -20 9 -21 8 0 0 0 0 0 0 0 0 0 0 0 0 0 0 0 0 0 0 0 0 0 0 -18 10 -19 9 -19 8 -20 7 -20 7 -21 6 -23 6 -23 6 -24 6 -24 5 -25 4 -25 4 -25 3 -25 3 -25 3 -25 4 -25 4 -25 4 -25 5 -25 5 -24 6 -25 6 -25 7 -25 7 -25 8 -24 8 ]
2025-05-20 15:41:24,CSI_DATA,STA,D8:B1:90:DB:E8:90,-42,11,1,7,0,0,1,1,1,0,1,-95,0,2,0,1615805678,0,110,0,0,1616.17,384,[110 96 6 0 -34 17 -32 15 -29 13 -25 13 -19 13 -15 13 -8 15 -3 17 3 19 7 22 11 25 14 28 16 30 17 32 17 32 16 33 15 31 13 29 12 26 10 22 9 19 9 14 8 10 8 6 8 3 0 0 0 0 0 0 0 0 0 0 0 0 0 0 0 0 0 0 0 0 0 0 25 -5 23 -2 20 -1 16 -2 14 -4 10 -7 8 -11 7 -16 7 -21 7 -25 8 -28 11 -30 13 -31 15 -30 16 -28 17 -24 16 -19 14 -14 12 -8 8 -2 3 3 -3 8 -8 13 -14 16 -20 18 -26 19 ]
2025-05-20 15:41:28,CSI_DATA,STA,D8:B1:90:DB:E8:90,-48,11,1,7,0,0,1,0,0,0,1,-95,0,2,0,1620311703,0,110,0,0,1620.67,256,[110 96 6 0 0 25 0 25 0 24 1 24 1 23 2 23 2 22 2 22 3 21 2 20 3 20 3 20 3 20 3 19 3 19 3 18 3 18 3 17 3 16 2 16 2 15 2 15 1 14 1 14 0 14 0 0 0 0 0 0 0 0 0 0 0 0 0 0 0 0 0 0 0 0 0 0 4 16 3 17 2 17 2 18 1 18 1 19 1 20 0 21 0 21 -1 22 -2 22 -2 23 -2 23 -2 23 -2 23 -2 23 -2 23 -1 24 0 24 0 24 0 25 1 25 0 26 0 25 0 25 0 26 ]
2025-05-20 15:41:29,CSI_DATA,STA,D8:B1:90:DB:E8:90,-42,11,1,7,0,0,1,1,1,0,1,-95,0,2,0,1620818040,0,110,0,0,1621.18,384,[110 96 6 0 -24 -28 -21 -26 -18 -24 -17 -20 -16 -14 -16 -9 -16 -3 -18 2 -20 6 -22 10 -25 14 -27 16 -29 17 -30 17 -31 16 -30 15 -29 14 -27 12 -23 12 -20 11 -17 11 -14 10 -11 11 -9 12 -6 12 0 0 0 0 0 0 0 0 0 0 0 0 0 0 0 0 0 0 0 0 0 0 20 12 16 12 14 11 12 8 11 4 11 0 13 -4 15 -8 19 -10 22 -11 25 -11 28 -10 29 -8 29 -6 28 -3 23 -1 19 1 14 2 7 2 1 1 -6 -1 -12 -4 -18 -8 -22 -13 -24 -17 -26 -22 ]
