2025-05-20 15:41:43,CSI_DATA,STA,D8:B1:90:DB:E8:90,-54,11,1,7,0,0,1,1,0,0,1,-94,0,2,0,1647467320,0,110,0,0,1647.82,256,[110 96 6 0 -28 -4 -28 -3 -27 -4 -28 -3 -28 -2 -28 -2 -27 -2 -28 -1 -27 -1 -27 0 -27 0 -26 0 -25 0 -26 1 -25 1 -26 0 -25 0 -25 -1 -24 -1 -23 -1 -22 -2 -22 -2 -22 -3 -22 -4 -21 -5 0 0 0 0 0 0 0 0 0 0 0 0 0 0 0 0 0 0 0 0 0 0 -14 1 -15 0 -16 -1 -16 -1 -17 -2 -18 -2 -18 -3 -19 -3 -19 -3 -19 -4 -21 -5 -21 -5 -21 -5 -21 -6 -22 -5 -23 -5 -23 -4 -24 -4 -24 -5 -24 -5 -24 -5 -25 -4 -26 -4 -27 -4 -27 -
2025-05-20 15:41:44,CSI_DATA,STA,D8:B1:90:DB:E8:90,-54,11,1,7,0,0,1,1,0,0,1,-94,0,2,0,1647967442,0,110,0,0,1648.32,256,[110 96 6 0 24 13 24 13 24 12 23 12 23 12 23 12 23 11 24 10 23 9 23 9 23 8 24 8 24 9 23 8 23 8 22 8 22 8 21 9 21 9 20 9 20 8 19 9 19 9 17 10 17 11 0 0 0 0 0 0 0 0 0 0 0 0 0 0 0 0 0 0 0 0 0 0 13 4 14 5 13 5 14 6 14 7 15 8 15 9 16 9 17 10 17 10 16 12 17 12 17 13 17 13 18 14 18 13 19 13 19 13 19 13 20 13 21 13 21 13 22 12 23 12 23 13 23 13 ]
2025-05-20 15:41:56,CSI_DATA,STA,D8:B1:90:DB:E8:90,-61,11,1,7,0,0,1,1,0,0,1,-94,0,2,0,1660515469,0,110,0,0,1660.87,256,[110 96 6 0 -6 -19 -5 -19 -4 -19 -20 4 -20 4 -20 3 -19 3 -25 9 -25 9 -25 8 -25 8 11 6 11 6 11 7 11 8 9 9 8 9 8 10 7 10 21 21 20 21 18 21 17 21 6 9 5 10 0 0 0 0 0 0 0 0 0 0 0 0 0 0 0 0 0 0 0 0 0 0 0 0 0 0 8 8 8 10 8 10 7 12 -20 -6 -21 -7 -21 -9 -21 -10 -26 -7 -27 -8 -27 -9 -27 -10 -15 -18 -14 -19 -15 -20 -14 -21 -14 2 -14 2 -15 2 -16 1 0 -9 0 -10 1 -9 -4 16 ]
2025-05-20 15:42:05,CSI_DATA,STA,D8:B1:90:DB:E8:90,-53,11,1,6,0,0,1,0,0,0,1,-94,0,2,0,1669543738,0,110,0,0,1669.9,256,[110 96 6 0 10 0 9 -2 8 -5 6 -7 4 -10 1 -13 -2 -16 -5 -19 -7 -22 -10 -25 -12 -28 -13 -31 -14 -33 -14 -35 -13 -36 -11 -36 -9 -35 -7 -33 -5 -30 -3 -26 -2 -22 -2 -16 -2 -12 -3 -7 -4 -3 0 0 0 0 0 0 0 0 0 0 0 0 0 0 0 0 0 0 0 0 0 0 2 1 2 3 2 6 2 8 2 11 2 14 2 18 1 21 -1 24 -3 27 -4 29 -6 30 -8 31 -9 31 -9 30 -9 28 -9 27 -7 24 -6 22 -4 20 -1 17 2 15 4 12 6 10 8 8 9 6 ]
2025-05-20 15:42:06,CSI_DATA,STA,D8:B1:90:DB:E8:90,-54,11,1,6,0,0,1,0,0,0,1,-94,0,2,0,1670044003,0,110,0,0,1670.4,256,[110 96 6 0 2 -32 1 -31 2 -31 0 -31 0 -30 0 -30 -1 -30 -2 -30 -2 -30 -3 -30 -3 -30 -3 -28 -3 -29 -4 -29 -1 -25 -4 -25 -3 -27 -3 -27 -2 -26 -2 -25 -2 -25 -2 -25 -1 -24 0 -24 1 -24 0 0 0 0 0 0 0 0 0 0 0 0 0 0 0 0 0 0 0 0 0 0 -2 -16 -2 -16 0 -17 0 -18 1 -18 2 -19 2 -20 2 -21 3 -21 4 -22 4 -22 4 -23 5 -23 5 -24 5 -24 5 -24 5 -25 4 -25 3 -26 4 -27 3 -27 3 -28 2 -29 2 -29 2 -30 3 -31 ]
2025-05-20 15:42:08,CSI_DATA,STA,D8:B1:90:DB:E8:90,-54,11,1,7,0,0,1,0,0,0,0,-94,0,2,0,1672563045,0,110,0,0,1672.92,256,[110 96 6 0 -15 23 -14 23 -14 23 -14 23 -13 22 -12 24 -12 23 -10 23 -10 23 -10 23 -10 23 -9 23 -9 24 -9 23 -8 23 -9 22 -9 21 -8 21 -8 21 -9 20 -8 20 -9 19 -9 19 -9 19 -10 18 0 0 0 0 0 0 0 0 0 0 0 0 0 0 0 0 0 0 0 0 0 0 -6 13 -7 12 -8 12 -9 12 -9 13 -10 12 -11 14 -11 14 -12 15 -13 15 -14 15 -14 15 -14 15 -14 16 -15 16 -16 16 -15 16 -15 17 -14 18 -14 18 -14 19 -14 20 -15 20 -15 21 -15 21 -15 21
2025-05-20 15:42:12,CSI_DATA,STA,D8:B1:90:DB:E8:90,-54,11,1,5,0,0,1,0,0,0,1,-94,0,2,0,1676569225,0,110,0,0,1676.93,256,[110 96 6 0 -21 17 -21 18 -20 17 -21 16 -20 16 -20 17 -19 17 -20 18 -18 18 -19 18 -18 18 -18 18 -18 18 -17 19 -17 18 -17 18 -17 18 -17 17 -17 16 -16 15 -16 15 -16 14 -16 14 -16 13 -17 12 0 0 0 0 0 0 0 0 0 0 0 0 0 0 0 0 0 0 0 0 0 0 -9 10 -10 10 -11 9 -11 9 -13 9 -14 9 -15 10 -16 10 -16 11 -17 10 -17 10 -17 11 -18 11 -18 11 -18 12 -18 12 -18 13 -18 13 -17 12 -17 12 -18 13 -18 13 -20 16 -21 16
2025-05-20 15:42:16,CSI_DATA,STA,D8:B1:90:DB:E8:90,-53,11,1,6,0,0,1,0,0,0,1,-94,0,2,0,1680590679,0,110,0,0,1680.95,256,[110 96 6 0 8 -11 5 -11 2 -11 -1 -11 -5 -11 -9 -11 -13 -12 -17 -13 -21 -13 -25 -14 -28 -15 -31 -17 -32 -18 -33 -20 -33 -22 -31 -23 -29 -23 -26 -23 -22 -21 -18 -19 -14 -16 -11 -13 -9 -8 -7 -4 -7 0 0 0 0 0 0 0 0 0 0 0 0 0 0 0 0 0 0 0 0 0 0 0 2 -2 4 -1 6 -1 9 0 12 1 15 3 18 5 21 7 23 10 25 12 25 15 26 17 25 19 24 20 23 20 21 20 20 19 19 16 18 13 16 10 16 7 15 4 14 1 14 -2 13 -4 13 -6 ]
2025-05-20 15:42:18,CSI_DATA,STA,D8:B1:90:DB:E8:90,-53,11,1,6,0,0,1,0,0,0,1,-94,0,2,0,1682095733,0,110,0,0,1682.45,256,[110 96 6 0 5 -14 2 -13 0 -12 -4 -11 -8 -9 -11 -8 -16 -6 -20 -6 -24 -5 -28 -4 -32 -4 -35 -4 -38 -5 -39 -6 -39 -8 -38 -9 -36 -10 -33 -11 -29 -11 -25 -11 -20 -10 -16 -7 -12 -4 -8 -1 -6 3 0 0 0 0 0 0 0 0 0 0 0 0 0 0 0 0 0 0 0 0 0 0 1 -2 3 -2 5 -2 8 -3 11 -3 15 -2 18 -1 22 0 25 2 27 4 29 7 30 9 30 10 30 12 28 13 27 13 25 12 23 9 21 7 19 4 17 1 16 -2 14 -5 12 -8 12 -10 11 -11 ]
2025-05-20 15:42:18,CSI_DATA,STA,D8:B1:90:DB:E8:90,-53,11,1,6,0,0,1,0,0,0,1,-94,0,2,0,1682596014,0,110,0,0,1682.95,256,[110 96 6 0 3 11 5 9 6 6 8 3 9 -1 11 -5 13 -9 15 -12 16 -16 18 -20 21 -23 24 -25 25 -27 27 -26 28 -27 28 -24 28 -23 27 -20 25 -16 22 -13 18 -11 14 -8 9 -7 5 -5 0 -5 0 0 0 0 0 0 0 0 0 0 0 0 0 0 0 0 0 0 0 0 0 0 0 2 -2 4 -5 5 -7 6 -10 7 -13 8 -16 9 -20 10 -24 10 -27 9 -30 8 -31 7 -33 6 -33 5 -32 3 -30 3 -29 3 -25 4 -23 5 -19 5 -16 7 -13 9 -10 10 -7 12 -5 13 -2 13 ]
2025-05-20 15:42:20,CSI_DATA,STA,D8:B1:90:DB:E8:90,-54,11,1,4,0,0,1,0,0,0,1,-93,0,2,0,1684104885,0,110,0,0,1684.46,256,[110 96 6 0 -1 -13 -4 -11 -6 -9 -8 -6 -12 -3 -15 -1 -18 3 -21 6 -24 8 -28 10 -31 12 -33 14 -35 14 -37 14 -37 13 -38 12 -37 9 -34 7 -31 5 -27 3 -23 2 -18 2 -13 2 -8 3 -4 5 0 0 0 0 0 0 0 0 0 0 0 0 0 0 0 0 0 0 0 0 0 0 0 -4 2 -5 4 -6 7 -6 10 -7 13 -8 17 -9 21 -9 25 -8 28 -7 30 -5 32 -3 34 -2 33 -1 33 0 31 0 28 0 27 -1 24 -2 21 -3 18 -5 15 -7 13 -9 10 -11 7 -12 6 -13 ]
2025-05-20 15:42:22,CSI_DATA,STA,D8:B1:90:DB:E8:90,-52,11,1,5,0,0,1,0,0,0,0,-94,0,2,0,1686110020,0,110,0,0,1686.47,256,[110 96 6 0 -13 2 -10 4 -8 6 -5 9 -1 11 2 13 6 16 10 18 13 21 16 23 19 26 21 28 21 30 22 32 21 33 19 34 18 34 15 31 12 29 9 26 7 21 5 16 5 11 5 6 5 2 0 0 0 0 0 0 0 0 0 0 0 0 0 0 0 0 0 0 0 0 0 0 -3 0 -5 -2 -6 -5 -7 -7 -8 -10 -10 -13 -11 -17 -12 -20 -12 -24 -11 -28 -11 -31 -9 -33 -8 -34 -7 -34 -6 -34 -5 -32 -5 -30 -5 -27 -6 -25 -7 -21 -8 -18 -9 -15 -11 -11 -12 -8 -14 -6 -14 -4 ]
2025-05-20 15:42:25,CSI_DATA,STA,D8:B1:90:DB:E8:90,-52,11,1,6,0,0,1,0,0,0,1,-95,0,2,0,1689141223,0,110,0,0,1689.5,256,[110 96 6 0 10 6 9 3 8 1 7 -4 6 -7 5 -11 4 -15 4 -19 4 -22 4 -27 4 -30 5 -32 6 -34 8 -34 9 -35 11 -33 12 -31 12 -28 12 -24 10 -21 8 -17 5 -13 3 -11 -1 -8 -4 -7 0 0 0 0 0 0 0 0 0 0 0 0 0 0 0 0 0 0 0 0 0 0 2 1 2 4 2 6 1 9 1 12 1 15 0 18 -1 20 -3 22 -5 25 -7 26 -8 26 -10 26 -11 26 -11 25 -10 24 -9 22 -7 21 -5 19 -3 18 -1 16 2 15 5 14 7 13 8 12 9 11 ]
2025-05-20 15:42:27,CSI_DATA,STA,D8:B1:90:DB:E8:90,-54,11,1,6,0,0,1,0,0,0,1,-94,0,2,0,1691142381,0,110,0,0,1691.5,256,[110 96 6 0 23 -22 23 -22 23 -21 22 -21 21 -21 21 -21 20 -21 20 -22 19 -22 19 -22 18 -23 20 -21 20 -22 19 -21 19 -21 20 -21 20 -21 19 -20 20 -20 18 -19 19 -18 18 -18 18 -17 18 -16 19 -15 0 0 0 0 0 0 0 0 0 0 0 0 0 0 0 0 0 0 0 0 0 0 9 -13 9 -13 10 -12 12 -13 13 -12 14 -13 14 -13 15 -14 16 -13 17 -13 18 -14 19 -14 19 -14 20 -14 20 -14 20 -14 20 -15 20 -16 20 -17 21 -17 20 -18 22 -20 22 -19 23 -1
2025-05-20 15:42:28,CSI_DATA,STA,D8:B1:90:DB:E8:90,-54,11,1,6,0,0,1,0,0,0,1,-94,0,2,0,1692647475,0,110,0,0,1693,256,[110 96 6 0 -5 30 -5 30 -5 29 -5 29 -4 29 -4 28 -4 28 -3 29 -2 28 -1 28 0 28 0 28 0 28 0 28 0 27 0 28 0 27 -1 27 -1 26 -2 25 -2 24 -2 24 -3 24 -3 23 -4 23 0 0 0 0 0 0 0 0 0 0 0 0 0 0 0 0 0 0 0 0 0 0 1 15 0 15 -1 15 -2 16 -2 17 -3 17 -4 18 -5 19 -5 19 -5 20 -5 21 -6 21 -6 21 -6 22 -6 23 -7 23 -6 23 -6 24 -5 25 -5 25 -5 26 -4 27 -5 27 -4 28 -5 29 -5 28 ]
2025-05-20 15:42:30,CSI_DATA,STA,D8:B1:90:DB:E8:90,-54,11,1,6,0,0,1,0,0,0,1,-94,0,2,0,1694156292,0,110,0,0,1694.51,256,[110 96 6 0 -13 -27 -13 -26 -13 -26 -13 -27 -14 -26 -14 -25 -14 -25 -14 -24 -14 -24 -15 -24 -15 -23 -14 -24 -14 -23 -14 -23 -14 -23 -14 -24 -13 -23 -14 -23 -12 -23 -12 -23 -12 -23 -11 -22 -10 -22 -9 -21 -8 -22 0 0 0 0 0 0 0 0 0 0 0 0 0 0 0 0 0 0 0 0 0 0 -9 -13 -9 -13 -8 -15 -7 -16 -8 -17 -7 -17 -7 -18 -6 -19 -6 -20 -6 -21 -5 -22 -5 -23 -5 -23 -6 -24 -6 -22 -6 -24 -8 -23 -7 -24 -7 -23 -8 -25
2025-05-20 15:42:36,CSI_DATA,STA,D8:B1:90:DB:E8:90,-52,11,1,6,0,0,1,0,0,0,0,-94,0,2,0,1700673788,0,110,0,0,1701.03,256,[110 96 6 0 -5 -11 -7 -8 -8 -5 -9 -2 -11 2 -13 6 -15 10 -17 14 -18 17 -21 20 -23 24 -25 26 -27 27 -28 27 -29 26 -30 25 -29 23 -28 20 -26 17 -23 14 -20 12 -16 9 -11 8 -7 7 -3 7 0 0 0 0 0 0 0 0 0 0 0 0 0 0 0 0 0 0 0 0 0 0 -1 -4 0 -6 2 -8 4 -10 7 -12 9 -14 13 -16 16 -17 20 -18 23 -18 26 -17 28 -17 29 -15 29 -15 29 -14 26 -13 25 -12 22 -12 20 -13 17 -13 13 -14 11 -14 8 -14 5 -15 3 -15 0 -15 ]
2025-05-20 15:42:37,CSI_DATA,STA,D8:B1:90:DB:E8:90,-52,11,1,5,0,0,1,0,0,0,1,-94,0,2,0,1701173734,0,110,0,0,1701.53,256,[110 96 6 0 0 -15 -3 -13 -5 -11 -8 -8 -11 -6 -15 -3 -18 0 -22 2 -26 3 -29 5 -33 6 -36 7 -38 7 -40 6 -40 5 -40 3 -38 0 -35 -1 -32 -3 -27 -3 -23 -3 -18 -2 -14 0 -10 2 -7 5 0 0 0 0 0 0 0 0 0 0 0 0 0 0 0 0 0 0 0 0 0 0 0 -3 2 -5 4 -7 6 -8 10 -10 13 -11 16 -12 20 -13 24 -13 27 -11 30 -10 32 -8 32 -7 32 -5 31 -5 29 -5 27 -4 25 -5 22 -6 20 -8 17 -10 15 -11 12 -13 10 -14 8 -15 7 -16 ]
2025-05-20 15:42:37,CSI_DATA,STA,D8:B1:90:DB:E8:90,-54,11,1,7,0,0,1,0,0,0,1,-94,0,2,0,1701673552,0,110,0,0,1702.03,256,[110 96 6 0 22 -21 21 -21 20 -20 21 -21 20 -22 20 -22 19 -22 19 -23 18 -22 18 -22 17 -23 18 -22 17 -22 17 -22 18 -21 17 -21 18 -20 17 -20 17 -19 17 -19 16 -18 17 -17 17 -17 17 -15 18 -14 0 0 0 0 0 0 0 0 0 0 0 0 0 0 0 0 0 0 0 0 0 0 8 -12 10 -12 11 -12 12 -12 12 -12 14 -13 14 -13 16 -13 16 -13 17 -13 18 -13 18 -14 18 -14 19 -14 19 -14 19 -14 19 -14 19 -15 19 -17 19 -17 19 -18 20 -18 21 -19 21
2025-05-20 15:42:42,CSI_DATA,STA,D8:B1:90:DB:E8:90,-65,11,1,7,0,0,1,0,0,0,1,-94,0,2,0,1706690543,0,110,0,0,1707.05,256,[110 96 6 0 -17 18 -17 16 -18 16 -16 16 -16 16 -16 15 -14 15 -14 15 -14 14 -13 14 -12 14 -12 15 -11 14 -11 14 -10 14 -10 15 -9 15 -8 14 -9 15 -8 15 -8 15 -9 15 -9 16 -10 16 -12 16 0 0 0 0 0 0 0 0 0 0 0 0 0 0 0 0 0 0 0 0 0 0 -8 14 -8 13 -9 14 -10 13 -10 13 -11 13 -12 14 -12 13 -12 14 -14 14 -14 14 -14 15 -15 14 -15 15 -14 14 -15 15 -15 16 -16 16 -16 16 -15 17 -15 17 -16 17 -16 18 -16 18 -17 1
2025-05-20 15:42:43,CSI_DATA,STA,D8:B1:90:DB:E8:90,-54,11,1,7,0,0,1,0,0,0,1,-94,0,2,0,1707194127,0,110,0,0,1707.55,256,[110 96 6 0 29 2 30 1 29 1 29 1 29 0 29 1 28 0 28 0 28 0 27 -1 28 -1 27 -1 27 -1 27 -1 27 -1 26 -1 26 -1 25 0 25 0 25 1 24 1 23 1 23 2 22 3 22 4 0 0 0 0 0 0 0 0 0 0 0 0 0 0 0 0 0 0 0 0 0 0 15 -1 15 0 14 0 14 0 15 1 16 1 18 -1 18 0 19 0 20 0 22 0 22 1 23 2 23 1 24 2 24 1 25 1 25 1 25 0 25 1 26 0 27 0 26 -1 27 0 28 -1 29 0 ]
2025-05-20 15:42:46,CSI_DATA,STA,D8:B1:90:DB:E8:90,-54,11,1,7,0,0,1,0,0,0,1,-94,0,2,0,1710706560,0,110,0,0,1711.06,256,[110 96 6 0 20 -19 20 -19 20 -19 19 -19 18 -20 17 -20 17 -20 17 -20 17 -20 17 -20 16 -20 16 -20 15 -20 16 -20 16 -20 15 -20 16 -20 15 -19 15 -19 14 -19 14 -18 14 -17 15 -16 15 -15 16 -14 0 0 0 0 0 0 0 0 0 0 0 0 0 0 0 0 0 0 0 0 0 0 8 -12 9 -11 9 -11 10 -11 11 -11 12 -11 12 -12 13 -13 14 -12 14 -12 16 -12 16 -13 17 -12 17 -12 18 -13 18 -13 18 -14 18 -14 18 -15 18 -15 18 -16 18 -17 19 -18 19 -1
2025-05-20 15:42:47,CSI_DATA,STA,D8:B1:90:DB:E8:90,-53,11,1,5,0,0,1,0,0,0,1,-94,0,2,0,1711206666,0,110,0,0,1711.56,256,[110 96 6 0 2 -8 -1 -8 -4 -7 -8 -5 -12 -5 -16 -3 -20 -2 -24 -1 -27 0 -30 1 -34 1 -37 1 -38 1 -39 0 -39 -1 -39 -2 -37 -3 -34 -4 -30 -4 -27 -4 -23 -4 -19 -2 -15 -1 -12 1 -9 3 0 0 0 0 0 0 0 0 0 0 0 0 0 0 0 0 0 0 0 0 0 0 1 -4 4 -4 6 -5 9 -4 12 -4 15 -3 18 -2 21 -1 24 1 27 2 29 5 30 7 30 8 30 9 29 10 27 10 26 9 24 7 22 6 20 4 18 1 16 -1 14 -3 12 -5 11 -7 9 -8 ]
2025-05-20 15:42:50,CSI_DATA,STA,D8:B1:90:DB:E8:90,-54,11,1,6,0,0,1,0,0,0,0,-94,0,2,0,1714715220,0,110,0,0,1715.07,256,[110 96 6 0 -29 0 -29 0 -28 1 -28 1 -27 3 -27 3 -26 3 -26 2 -26 2 -26 3 -26 3 -26 3 -25 4 -25 5 -25 4 -25 3 -25 3 -24 3 -23 3 -22 3 -22 2 -22 2 -21 2 -21 0 -20 -1 0 0 0 0 0 0 0 0 0 0 0 0 0 0 0 0 0 0 0 0 0 0 -17 2 -16 0 -15 2 -16 -1 -16 -1 -16 -1 -18 -1 -19 -1 -19 -3 -20 -3 -21 -3 -21 -4 -22 -5 -22 -4 -22 -3 -23 -2 -23 -2 -23 -1 -24 -2 -25 -1 -25 0 -27 -1 -26 0 -27 -1 -27 0 -27 0 ]
2025-05-20 15:42:57,CSI_DATA,STA,D8:B1:90:DB:E8:90,-52,11,1,6,0,0,1,0,0,0,1,-94,0,2,0,1721731515,0,110,0,0,1722.09,256,[110 96 6 0 6 9 7 7 9 5 10 1 11 -2 12 -6 13 -10 14 -15 15 -19 17 -23 18 -26 20 -29 22 -30 23 -32 25 -32 26 -30 26 -28 26 -26 25 -22 22 -18 19 -15 15 -12 11 -9 7 -7 2 -6 0 0 0 0 0 0 0 0 0 0 0 0 0 0 0 0 0 0 0 0 0 0 -1 2 -3 3 -5 4 -7 6 -9 8 -11 10 -14 12 -18 13 -21 14 -25 15 -27 15 -30 14 -32 13 -33 12 -33 11 -32 10 -30 9 -27 8 -25 9 -22 9 -18 9 -14 9 -10 10 -6 11 -3 11 0 11 ]
2025-05-20 15:43:11,CSI_DATA,STA,D8:B1:90:DB:E8:90,-68,11,1,7,0,0,1,1,0,0,1,-94,0,2,0,1735774178,0,110,0,0,1736.13,256,[110 96 6 0 -2 22 -3 21 -4 21 -3 19 -2 19 -3 18 -2 18 -2 18 -2 17 0 17 1 16 1 16 1 16 2 16 2 16 3 16 3 16 4 16 4 17 4 17 4 18 4 18 4 19 2 20 1 21 0 0 0 0 0 0 0 0 0 0 0 0 0 0 0 0 0 0 0 0 0 0 2 15 0 16 0 15 -1 15 -1 15 -1 15 -1 16 -3 16 -2 16 -2 17 -2 17 -2 17 -2 18 -2 18 -2 17 -2 18 -2 18 -2 19 -1 20 -1 21 -1 20 -2 20 -1 22 -1 20 -1 22 -2 21 ]
2025-05-20 15:43:14,CSI_DATA,STA,D8:B1:90:DB:E8:90,-54,11,1,7,0,0,1,1,0,0,1,-94,0,2,0,1738280377,0,110,0,0,1738.64,256,[110 96 6 0 20 -18 20 -18 20 -18 20 -17 19 -17 19 -18 19 -18 18 -18 17 -18 17 -19 16 -19 16 -19 16 -18 16 -19 16 -19 17 -18 16 -18 16 -18 16 -17 16 -16 15 -16 15 -16 15 -15 15 -14 15 -13 0 0 0 0 0 0 0 0 0 0 0 0 0 0 0 0 0 0 0 0 0 0 9 -11 10 -11 11 -11 11 -10 12 -10 13 -11 14 -11 14 -11 15 -11 16 -12 17 -12 17 -12 17 -12 17 -12 18 -12 18 -13 18 -13 19 -14 18 -14 19 -14 18 -15 19 -16 19 -16 19
2025-05-20 15:43:14,CSI_DATA,STA,D8:B1:90:DB:E8:90,-53,11,1,7,0,0,1,1,0,0,1,-94,0,2,0,1738780462,0,110,0,0,1739.14,256,[110 96 6 0 -15 24 -15 25 -14 24 -14 25 -13 25 -13 25 -12 25 -11 25 -10 24 -10 25 -9 25 -9 25 -9 24 -8 24 -8 24 -9 24 -8 23 -8 23 -8 22 -9 22 -9 21 -9 21 -9 20 -10 20 -11 19 0 0 0 0 0 0 0 0 0 0 0 0 0 0 0 0 0 0 0 0 0 0 -4 14 -5 14 -7 14 -8 15 -8 15 -8 16 -10 15 -10 15 -12 15 -12 16 -14 17 -14 18 -14 18 -14 17 -14 18 -14 18 -14 19 -14 19 -13 21 -13 21 -13 22 -13 23 -15 23 -14 24 -14 24 -15 24
2025-05-20 15:43:18,CSI_DATA,STA,D8:B1:90:DB:E8:90,-53,11,1,7,0,0,1,1,0,0,1,-94,0,2,0,1742297881,0,110,0,0,1742.66,256,[110 96 6 0 -18 23 -17 23 -17 23 -16 23 -15 23 -15 24 -14 23 -13 23 -13 23 -13 23 -13 23 -12 23 -11 23 -12 24 -11 23 -12 23 -12 22 -12 22 -12 21 -12 21 -12 20 -12 19 -12 18 -12 18 -13 17 0 0 0 0 0 0 0 0 0 0 0 0 0 0 0 0 0 0 0 0 0 0 -7 15 -8 14 -10 14 -11 14 -11 15 -12 15 -13 16 -14 15 -15 16 -15 16 -17 15 -17 15 -17 15 -17 16 -17 16 -18 17 -17 17 -17 18 -17 18 -17 19 -17 20 -17 21 -17 21 -17
2025-05-20 15:43:20,CSI_DATA,STA,D8:B1:90:DB:E8:90,-54,11,1,7,0,0,1,1,0,0,1,-94,0,2,0,1744811385,0,110,0,0,1745.17,256,[110 96 6 0 24 -12 24 -12 24 -13 24 -13 23 -13 22 -13 22 -14 22 -14 22 -14 22 -14 21 -15 20 -14 20 -15 20 -16 20 -15 20 -15 19 -14 19 -14 19 -13 19 -13 18 -13 19 -12 19 -11 19 -10 19 -9 0 0 0 0 0 0 0 0 0 0 0 0 0 0 0 0 0 0 0 0 0 0 10 -9 11 -9 11 -9 12 -8 13 -8 13 -8 15 -8 15 -8 17 -9 17 -8 18 -7 19 -6 19 -6 19 -6 20 -7 21 -7 20 -7 22 -8 21 -8 22 -9 22 -9 22 -10 23 -10 23 -10 24 -11 24 -11 ]
2025-05-20 15:43:22,CSI_DATA,STA,D8:B1:90:DB:E8:90,-54,11,1,7,0,0,1,1,0,0,1,-94,0,2,0,1746314431,0,110,0,0,1746.67,256,[110 96 6 0 24 -12 25 -13 24 -12 25 -13 24 -13 23 -13 23 -14 22 -15 21 -15 21 -15 21 -15 20 -15 21 -16 20 -15 21 -16 19 -15 20 -15 19 -14 19 -13 19 -14 19 -13 18 -12 18 -12 18 -11 18 -10 0 0 0 0 0 0 0 0 0 0 0 0 0 0 0 0 0 0 0 0 0 0 10 -9 12 -9 12 -9 13 -9 14 -8 15 -8 16 -8 16 -8 17 -8 17 -8 19 -8 19 -8 20 -8 20 -8 21 -8 21 -8 21 -8 21 -9 22 -9 22 -9 22 -10 23 -10 24 -10 24 -11 24 -11 25 -11 ]
2025-05-20 15:43:22,CSI_DATA,STA,D8:B1:90:DB:E8:90,-53,11,1,5,0,0,1,1,1,0,0,-94,0,2,0,1746817137,0,110,0,0,1747.17,384,[110 96 6 0 -1 -11 -4 -10 -6 -9 -8 -7 -11 -5 -14 -3 -17 0 -20 3 -22 5 -25 8 -28 11 -31 13 -33 14 -34 14 -35 14 -36 13 -34 11 -33 10 -30 8 -27 5 -23 4 -19 3 -14 1 -10 1 -6 1 0 0 0 0 0 0 0 0 0 0 0 0 0 0 0 0 0 0 0 0 0 0 4 -2 6 -1 8 -1 9 1 12 2 15 3 17 5 20 7 23 10 25 12 26 15 27 17 27 19 26 20 25 20 23 20 22 18 19 17 17 14 15 11 13 8 11 4 9 1 7 -2 5 -5 4 -7 ]
2025-05-20 15:43:23,CSI_DATA,STA,D8:B1:90:DB:E8:90,-52,11,1,6,0,0,1,0,0,0,1,-94,0,2,0,1747313578,0,110,0,0,1747.67,256,[110 96 6 0 -11 -3 -11 0 -11 2 -11 5 -11 8 -10 11 -7 15 -7 19 -5 23 -4 26 -3 30 -2 33 -2 35 -1 38 -1 38 -3 39 -3 37 -5 36 -5 33 -6 29 -6 25 -6 20 -5 15 -4 10 -2 6 0 0 0 0 0 0 0 0 0 0 0 0 0 0 0 0 0 0 0 0 0 0 0 -5 1 -6 3 -7 4 -9 6 -11 8 -13 10 -15 13 -17 17 -19 20 -20 23 -21 25 -21 28 -20 29 -20 29 -19 28 -17 26 -16 25 -15 22 -14 19 -12 14 -12 11 -10 7 -9 4 -8 0 -7 -4 -7 ]
2025-05-20 15:43:27,CSI_DATA,STA,D8:B1:90:DB:E8:90,-54,11,1,7,0,0,1,0,0,0,0,-94,0,2,0,1751821565,0,110,0,0,1752.18,256,[110 96 6 0 23 -15 23 -16 22 -16 22 -16 22 -16 21 -16 20 -16 20 -17 19 -17 19 -17 19 -17 19 -18 19 -18 18 -18 18 -18 18 -17 18 -16 18 -16 18 -15 17 -15 17 -15 17 -14 17 -13 17 -12 17 -11 0 0 0 0 0 0 0 0 0 0 0 0 0 0 0 0 0 0 0 0 0 0 9 -11 10 -11 12 -10 12 -9 14 -9 15 -9 15 -9 16 -10 17 -9 17 -9 18 -9 19 -9 19 -9 19 -9 20 -9 21 -9 20 -10 21 -10 21 -11 21 -12 20 -12 21 -13 22 -13 22 -14 22 -14 2
2025-05-20 15:43:31,CSI_DATA,STA,D8:B1:90:DB:E8:90,-54,11,1,6,0,0,1,0,0,0,1,-94,0,2,0,1755352389,0,110,0,0,1755.71,256,[110 96 6 0 21 -18 21 -18 20 -18 20 -18 19 -18 19 -19 19 -19 18 -19 18 -20 17 -20 16 -21 17 -20 16 -20 17 -21 17 -20 17 -20 16 -19 16 -19 16 -18 16 -17 15 -16 15 -15 15 -15 16 -15 16 -14 0 0 0 0 0 0 0 0 0 0 0 0 0 0 0 0 0 0 0 0 0 0 9 -11 10 -10 10 -11 11 -11 12 -10 13 -11 15 -10 15 -11 16 -11 17 -11 18 -11 18 -11 18 -12 18 -12 19 -12 19 -12 19 -13 19 -13 20 -14 20 -14 20 -15 21 -16 20 -16 21
2025-05-20 15:43:36,CSI_DATA,STA,D8:B1:90:DB:E8:90,-54,11,1,5,0,0,1,0,0,0,1,-94,0,2,0,1760876953,0,110,0,0,1761.23,256,[110 96 6 0 29 10 29 9 29 10 28 10 28 9 28 8 28 8 28 7 28 6 28 5 27 5 28 4 28 4 28 4 28 4 28 5 27 4 26 5 26 4 24 6 24 5 23 6 23 6 23 7 22 9 0 0 0 0 0 0 0 0 0 0 0 0 0 0 0 0 0 0 0 0 0 0 15 1 15 2 16 3 16 4 17 5 17 5 18 6 18 6 19 7 20 7 20 9 21 10 21 9 21 10 21 10 21 10 22 9 23 9 24 10 25 10 25 9 26 10 26 11 26 10 27 11 27 10 ]
2025-05-20 15:43:38,CSI_DATA,STA,D8:B1:90:DB:E8:90,-53,11,1,6,0,0,1,0,0,0,1,-94,0,2,0,1762879034,0,110,0,0,1763.24,256,[110 96 6 0 -1 8 2 7 4 5 7 3 10 0 12 -3 15 -6 18 -9 20 -11 23 -15 25 -17 27 -19 29 -19 30 -20 31 -19 31 -18 31 -16 29 -14 26 -12 24 -9 19 -8 15 -6 10 -5 6 -5 2 -5 0 0 0 0 0 0 0 0 0 0 0 0 0 0 0 0 0 0 0 0 0 0 -1 4 -4 4 -7 4 -10 4 -12 4 -16 4 -19 2 -22 0 -26 -1 -28 -3 -29 -5 -31 -7 -31 -8 -30 -9 -29 -10 -27 -9 -26 -8 -24 -7 -21 -5 -19 -3 -16 0 -15 2 -12 5 -10 6 -8 8 -6 9 ]
2025-05-20 15:43:41,CSI_DATA,STA,D8:B1:90:DB:E8:90,-52,11,1,6,0,0,1,0,0,0,1,-94,0,2,0,1765891769,0,110,0,0,1766.25,256,[110 96 6 0 -3 7 0 8 2 8 5 8 9 7 12 6 15 5 20 3 23 1 26 0 29 -2 33 -3 35 -4 37 -4 39 -4 38 -3 38 -2 36 -1 34 0 30 2 26 2 21 3 17 3 12 3 7 1 0 0 0 0 0 0 0 0 0 0 0 0 0 0 0 0 0 0 0 0 0 0 -4 0 -5 -2 -7 -3 -9 -5 -11 -7 -13 -9 -15 -11 -17 -14 -19 -18 -20 -21 -21 -24 -22 -27 -21 -29 -21 -30 -20 -30 -18 -29 -17 -29 -16 -26 -15 -23 -14 -20 -13 -17 -12 -13 -11 -9 -10 -5 -9 -2 -8 0 ]
2025-05-20 15:43:44,CSI_DATA,STA,D8:B1:90:DB:E8:90,-52,11,1,6,0,0,1,0,0,0,1,-94,0,2,0,1768396516,0,110,0,0,1768.75,256,[110 96 6 0 -5 6 -2 7 1 7 4 7 8 7 10 7 14 6 18 6 21 5 25 5 28 4 31 5 33 5 35 6 36 7 35 7 34 8 32 9 29 9 26 9 23 8 19 7 15 5 12 4 9 2 0 0 0 0 0 0 0 0 0 0 0 0 0 0 0 0 0 0 0 0 0 0 -3 2 -5 1 -7 0 -9 -1 -11 -2 -13 -4 -16 -6 -19 -7 -21 -10 -23 -12 -25 -15 -25 -17 -26 -19 -26 -20 -25 -21 -24 -21 -23 -20 -22 -19 -21 -17 -19 -15 -18 -12 -17 -10 -15 -7 -14 -4 -12 -2 -10 0 ]
2025-05-20 15:43:48,CSI_DATA,STA,D8:B1:90:DB:E8:90,-53,11,1,5,0,0,1,0,0,0,0,-94,0,2,0,1772905825,0,110,0,0,1773.26,256,[110 96 6 0 10 -4 10 -6 8 -8 7 -10 4 -12 1 -14 -2 -17 -5 -19 -8 -21 -12 -23 -14 -26 -17 -27 -19 -29 -20 -31 -20 -32 -19 -32 -17 -32 -15 -30 -13 -28 -11 -26 -8 -22 -5 -18 -4 -14 -1 -9 0 -5 0 0 0 0 0 0 0 0 0 0 0 0 0 0 0 0 0 0 0 0 0 0 0 3 -1 5 -1 7 -2 9 -3 12 -4 14 -6 17 -9 20 -11 22 -13 24 -16 25 -18 25 -20 25 -20 25 -20 24 -19 22 -18 21 -16 18 -14 16 -11 14 -7 12 -4 9 -1 7 2 5 4 4 6 1 ]
2025-05-20 15:43:49,CSI_DATA,STA,D8:B1:90:DB:E8:90,-53,11,1,6,0,0,1,0,0,0,1,-94,0,2,0,1773402518,0,110,0,0,1773.76,256,[110 96 6 0 9 0 9 -3 9 -5 8 -8 7 -10 6 -13 4 -16 2 -20 -1 -23 -2 -26 -5 -29 -6 -32 -7 -34 -7 -36 -7 -37 -6 -37 -6 -36 -5 -35 -3 -32 -2 -29 0 -25 0 -20 1 -16 1 -11 1 -7 0 0 0 0 0 0 0 0 0 0 0 0 0 0 0 0 0 0 0 0 0 0 -1 4 -2 5 -4 6 -5 7 -7 9 -9 11 -11 14 -13 16 -17 17 -20 19 -22 20 -25 19 -27 19 -28 18 -28 17 -27 16 -26 14 -23 14 -21 12 -17 11 -14 9 -10 8 -6 7 -3 6 1 5 3 4 ]
2025-05-20 15:43:50,CSI_DATA,STA,D8:B1:90:DB:E8:90,-54,11,1,6,0,0,1,0,0,0,1,-94,0,2,0,1774905685,0,110,0,0,1775.26,256,[110 96 6 0 9 25 9 25 9 24 10 24 10 24 11 23 11 23 11 23 12 22 12 22 12 22 12 21 13 21 13 21 13 21 12 21 12 20 11 20 11 20 10 19 10 19 9 19 9 18 8 19 7 19 0 0 0 0 0 0 0 0 0 0 0 0 0 0 0 0 0 0 0 0 0 0 8 9 8 10 7 12 7 12 7 13 7 14 7 15 6 16 7 17 7 17 5 19 5 19 5 20 6 20 4 21 4 21 4 22 4 22 6 22 6 22 7 22 8 23 8 22 8 23 8 24 10 25 ]
2025-05-20 15:43:51,CSI_DATA,STA,D8:B1:90:DB:E8:90,-54,11,1,6,0,0,1,0,0,0,1,-94,0,2,0,1775914796,0,110,0,0,1776.27,256,[110 96 6 0 29 -2 30 -2 28 -2 29 -2 28 -3 28 -3 28 -3 28 -4 26 -4 27 -4 26 -5 27 -5 27 -6 27 -6 26 -4 26 -5 25 -5 25 -4 25 -4 24 -5 24 -4 23 -4 23 -3 22 -2 22 -1 0 0 0 0 0 0 0 0 0 0 0 0 0 0 0 0 0 0 0 0 0 0 13 -5 15 -4 15 -2 16 -1 17 0 18 0 17 1 19 1 19 3 20 2 21 3 21 3 22 4 22 3 23 3 23 3 23 3 24 2 23 1 24 2 24 1 25 0 27 0 28 -1 29 -1 28 -1 ]
2025-05-20 15:43:52,CSI_DATA,STA,D8:B1:90:DB:E8:90,-54,11,1,6,0,0,1,0,0,0,1,-94,0,2,0,1776408018,0,110,0,0,1776.76,256,[110 96 6 0 -8 26 -7 26 -6 25 -7 25 -5 25 -5 25 -4 24 -4 25 -4 25 -3 25 -2 25 -3 24 -2 25 -2 24 -2 24 -2 25 -3 24 -3 23 -3 22 -3 22 -3 21 -4 20 -4 20 -5 20 -6 20 0 0 0 0 0 0 0 0 0 0 0 0 0 0 0 0 0 0 0 0 0 0 -1 14 -2 14 -3 15 -4 16 -4 16 -5 17 -5 17 -6 18 -6 19 -7 19 -8 19 -8 19 -8 20 -8 20 -7 20 -8 21 -8 21 -7 22 -8 22 -7 22 -8 23 -7 24 -8 24 -8 25 -8 26 -8 25 ]
2025-05-20 15:43:56,CSI_DATA,STA,D8:B1:90:DB:E8:90,-53,11,1,6,0,0,1,0,0,0,0,-94,0,2,0,1780914840,0,110,0,0,1781.27,256,[110 96 6 0 -4 -12 -5 -9 -5 -5 -6 -1 -8 4 -10 7 -11 12 -13 16 -14 19 -16 23 -18 26 -20 28 -22 29 -22 29 -24 28 -25 26 -24 24 -23 20 -21 16 -18 13 -14 10 -10 7 -5 5 -1 4 4 4 0 0 0 0 0 0 0 0 0 0 0 0 0 0 0 0 0 0 0 0 0 0 -2 -3 -1 -5 1 -7 4 -9 7 -11 10 -12 13 -13 17 -15 21 -14 23 -14 25 -13 27 -12 27 -11 26 -10 25 -9 22 -9 19 -9 16 -9 13 -11 10 -12 7 -14 5 -16 2 -17 1 -17 0 -18 -1 -18 ]
2025-05-20 15:43:59,CSI_DATA,STA,D8:B1:90:DB:E8:90,-53,11,1,5,0,0,1,0,0,0,1,-94,0,2,0,1782918807,0,110,0,0,1783.28,256,[110 96 6 0 4 -14 2 -14 -1 -12 -4 -10 -8 -9 -12 -7 -16 -5 -20 -4 -24 -3 -28 -2 -31 -1 -34 -2 -37 -2 -37 -3 -38 -5 -36 -6 -34 -7 -31 -8 -27 -8 -23 -8 -17 -7 -13 -4 -8 -2 -4 1 -2 5 0 0 0 0 0 0 0 0 0 0 0 0 0 0 0 0 0 0 0 0 0 0 1 -2 3 -1 5 -1 8 0 11 0 14 2 17 3 20 5 23 8 25 10 26 13 26 15 25 17 24 18 23 18 20 17 18 15 16 13 15 10 14 6 12 3 11 -1 10 -4 9 -7 8 -10 8 -12 ]
2025-05-20 15:43:59,CSI_DATA,STA,D8:B1:90:DB:E8:90,-55,11,1,7,0,0,1,0,0,0,1,-94,0,2,0,1783920586,0,110,0,0,1784.28,256,[110 96 6 0 -13 24 -13 25 -12 24 -12 24 -10 24 -10 25 -10 24 -9 25 -8 25 -8 25 -8 25 -8 26 -8 26 -8 26 -8 25 -8 25 -8 25 -8 24 -8 23 -8 22 -8 22 -8 21 -9 20 -9 20 -10 19 0 0 0 0 0 0 0 0 0 0 0 0 0 0 0 0 0 0 0 0 0 0 -4 13 -5 14 -6 13 -7 14 -8 14 -8 15 -9 15 -10 16 -10 16 -11 16 -13 15 -14 16 -14 16 -14 16 -13 18 -14 18 -14 18 -14 19 -13 20 -13 20 -12 21 -12 22 -13 22 -12 22 -12 24 -12 24 ]
2025-05-20 15:44:00,CSI_DATA,STA,D8:B1:90:DB:E8:90,-55,11,1,7,0,0,1,0,0,0,1,-94,0,2,0,1784422860,0,110,0,0,1784.78,256,[110 96 6 0 0 -29 0 -29 0 -28 0 -29 -1 -29 -1 -28 -2 -28 -3 -27 -3 -27 -4 -27 -4 -27 -5 -27 -5 -27 -4 -26 -4 -27 -5 -27 -4 -27 -4 -26 -4 -26 -3 -25 -2 -25 -2 -24 -2 -24 -1 -24 0 -24 0 0 0 0 0 0 0 0 0 0 0 0 0 0 0 0 0 0 0 0 0 0 -4 -15 -4 -15 -3 -16 -3 -17 -3 -17 -2 -18 -1 -19 -1 -20 0 -21 0 -21 1 -22 1 -22 1 -23 1 -23 2 -20 2 -20 2 -20 2 -21 3 -25 3 -25 1 -26 2 -27 1 -26 1 -28 1 -28 0 -28 ]
2025-05-20 15:44:00,CSI_DATA,STA,D8:B1:90:DB:E8:90,-55,11,1,7,0,0,1,0,0,0,1,-94,0,2,0,1784925845,0,110,0,0,1785.28,256,[110 96 6 0 15 23 16 23 16 22 16 21 16 21 17 20 17 19 18 19 18 18 18 18 18 18 19 18 19 18 19 18 19 17 20 18 19 18 18 18 18 18 17 17 17 17 16 17 16 18 14 17 13 18 0 0 0 0 0 0 0 0 0 0 0 0 0 0 0 0 0 0 0 0 0 0 12 7 12 8 12 10 12 10 12 11 12 12 12 13 12 14 13 14 13 16 12 16 12 17 12 17 13 17 11 18 12 18 12 18 13 18 12 20 13 19 14 20 14 20 12 21 13 22 14 22 15 22 ]
2025-05-20 15:44:01,CSI_DATA,STA,D8:B1:90:DB:E8:90,-54,11,1,7,0,0,1,0,0,0,1,-94,0,2,0,1785437378,0,110,0,0,1785.79,256,[110 96 6 0 12 -24 13 -25 12 -24 11 -24 11 -23 11 -24 10 -24 10 -24 9 -24 9 -24 8 -24 8 -24 7 -24 7 -23 8 -24 8 -23 8 -23 9 -23 8 -22 9 -21 9 -21 9 -20 10 -19 10 -20 11 -19 0 0 0 0 0 0 0 0 0 0 0 0 0 0 0 0 0 0 0 0 0 0 2 -14 4 -14 5 -15 6 -15 6 -15 7 -15 7 -16 8 -16 9 -16 10 -17 11 -17 11 -17 11 -17 11 -17 12 -17 12 -18 12 -18 12 -18 13 -20 12 -20 12 -21 12 -22 12 -22 12 -22 12 -22 12 -23 ]
2025-05-20 15:44:03,CSI_DATA,STA,D8:B1:90:DB:E8:90,-53,11,1,6,0,0,1,0,0,0,1,-94,0,2,0,1787438518,0,110,0,0,1787.8,256,[110 96 6 0 -1 -15 -3 -13 -4 -10 -7 -8 -10 -5 -13 -2 -16 1 -19 4 -23 6 -26 8 -29 10 -32 11 -34 11 -35 11 -36 9 -37 8 -35 6 -33 3 -29 2 -25 0 -20 -1 -16 0 -10 1 -6 2 -2 5 0 0 0 0 0 0 0 0 0 0 0 0 0 0 0 0 0 0 0 0 0 0 0 -1 3 -4 5 -4 6 -5 10 -7 13 -8 16 -7 21 -7 23 -6 28 -3 29 -2 30 0 31 0 30 2 29 3 27 3 25 2 22 1 19 -1 17 -3 14 -5 12 -8 9 -10 7 -12 6 -14 5 -15 ]
2025-05-20 15:44:08,CSI_DATA,STA,D8:B1:90:DB:E8:90,-66,11,1,7,0,0,1,1,0,0,1,-94,0,2,0,1792969290,0,110,0,0,1793.33,256,[110 96 6 0 -23 -2 -21 -2 -22 -3 -21 -3 -21 -3 -21 -2 -21 -2 -20 -1 -20 -1 -21 -1 -20 0 -19 1 -19 1 -20 3 -20 3 -20 3 -21 3 -21 2 -21 3 -22 3 -22 3 -22 2 -23 1 -24 0 -24 -2 0 0 0 0 0 0 0 0 0 0 0 0 0 0 0 0 0 0 0 0 0 0 -14 -2 -14 -3 -13 -4 -14 -4 -14 -4 -14 -4 -14 -4 -14 -4 -15 -4 -16 -4 -15 -4 -16 -4 -16 -4 -16 -4 -17 -4 -17 -4 -18 -3 -18 -2 -19 -3 -19 -3 -20 -4 -20 -3 -21 -2 -21 -2 -21 -2 -2
2025-05-20 15:44:09,CSI_DATA,STA,D8:B1:90:DB:E8:90,-65,11,1,7,0,0,1,1,0,0,1,-94,0,2,0,1793466305,0,110,0,0,1793.82,256,[110 96 6 0 10 -20 11 -20 11 -20 11 -19 10 -19 10 -18 9 -18 9 -19 9 -19 8 -19 7 -19 7 -19 6 -19 6 -19 6 -20 6 -20 6 -20 5 -20 6 -21 6 -20 7 -21 7 -21 9 -21 10 -22 12 -21 0 0 0 0 0 0 0 0 0 0 0 0 0 0 0 0 0 0 0 0 0 0 6 -14 6 -13 7 -13 7 -13 7 -13 7 -13 8 -14 8 -14 9 -14 9 -14 10 -15 9 -15 10 -15 9 -16 10 -15 10 -16 9 -16 10 -17 10 -17 10 -17 10 -18 10 -19 10 -18 10 -20 10 -20 11 -19 ]
2025-05-20 15:44:10,CSI_DATA,STA,D8:B1:90:DB:E8:90,-54,11,1,7,0,0,1,1,0,0,1,-94,0,2,0,1793965770,0,110,0,0,1794.32,256,[110 96 6 0 -17 21 -17 21 -17 22 -16 21 -15 21 -15 21 -14 21 -13 21 -13 21 -13 22 -13 21 -12 21 -12 21 -12 22 -12 21 -13 22 -12 21 -13 21 -13 20 -13 19 -13 18 -13 18 -13 17 -14 17 -15 16 0 0 0 0 0 0 0 0 0 0 0 0 0 0 0 0 0 0 0 0 0 0 -6 12 -6 12 -8 13 -9 13 -9 14 -10 14 -11 13 -12 13 -12 14 -13 14 -15 14 -15 14 -15 14 -15 14 -13 14 -14 15 -14 15 -14 16 -16 17 -16 18 -16 18 -16 19 -16 18 -16 18
2025-05-20 15:44:14,CSI_DATA,STA,D8:B1:90:DB:E8:90,-52,11,1,7,0,0,1,1,0,0,1,-96,0,2,0,1797986411,0,110,0,0,1798.34,256,[110 96 6 0 6 -27 6 -27 6 -27 5 -27 4 -27 4 -27 3 -27 3 -27 3 -26 2 -27 2 -27 2 -27 2 -27 2 -26 2 -26 3 -26 3 -26 3 -25 4 -24 4 -24 4 -23 5 -23 5 -22 6 -23 7 -22 0 0 0 0 0 0 0 0 0 0 0 0 0 0 0 0 0 0 0 0 0 0 1 -14 2 -15 3 -15 4 -16 4 -16 5 -17 5 -17 6 -18 7 -18 7 -19 8 -19 9 -19 9 -19 8 -20 9 -21 8 -21 8 -22 8 -23 8 -23 7 -23 7 -24 7 -24 7 -25 7 -26 7 -26 7 -26 ]
2025-05-20 15:44:17,CSI_DATA,STA,D8:B1:90:DB:E8:90,-54,11,1,7,0,0,1,1,0,0,1,-94,0,2,0,1800995248,0,110,0,0,1801.35,256,[110 96 6 0 -26 -13 -26 -13 -26 -12 -26 -12 -27 -11 -26 -11 -26 -10 -26 -9 -26 -9 -26 -8 -26 -8 -26 -8 -25 -8 -26 -8 -25 -8 -25 -9 -24 -8 -23 -9 -22 -9 -23 -9 -22 -9 -22 -10 -21 -10 -20 -10 -20 -11 0 0 0 0 0 0 0 0 0 0 0 0 0 0 0 0 0 0 0 0 0 0 -16 -4 -16 -6 -16 -7 -16 -8 -17 -9 -17 -9 -17 -10 -18 -10 -18 -10 -19 -11 -18 -13 -18 -13 -18 -13 -19 -13 -17 -13 -19 -13 -19 -13 -19 -13 -21 -14 -22 -1
2025-05-20 15:44:19,CSI_DATA,STA,D8:B1:90:DB:E8:90,-54,11,1,7,0,0,1,1,0,0,1,-94,0,2,0,1804007017,0,110,0,0,1804.36,256,[110 96 6 0 25 -12 25 -12 25 -13 25 -13 25 -14 24 -14 24 -14 23 -13 24 -14 23 -14 22 -15 22 -15 22 -15 22 -15 22 -15 22 -14 22 -14 21 -14 21 -14 21 -13 21 -13 21 -12 20 -11 21 -10 21 -9 0 0 0 0 0 0 0 0 0 0 0 0 0 0 0 0 0 0 0 0 0 0 11 -8 12 -7 13 -7 14 -7 14 -6 15 -6 16 -6 17 -6 17 -6 19 -6 20 -5 20 -5 20 -5 21 -5 21 -6 22 -6 22 -7 23 -7 22 -8 23 -8 23 -8 24 -10 24 -10 25 -10 25 -10 25 -11 ]
2025-05-20 15:44:21,CSI_DATA,STA,D8:B1:90:DB:E8:90,-56,11,1,7,0,0,1,1,0,0,1,-93,0,2,0,1805004345,0,110,0,0,1805.36,256,[110 96 6 0 -25 9 -25 10 -24 10 -24 9 -23 9 -23 9 -23 9 -22 11 -23 11 -22 11 -22 12 -22 12 -22 12 -22 12 -21 12 -21 12 -21 11 -21 10 -20 10 -21 9 -20 9 -20 8 -20 8 -21 7 -20 7 0 0 0 0 0 0 0 0 0 0 0 0 0 0 0 0 0 0 0 0 0 0 -12 6 -12 5 -14 5 -14 5 -14 5 -15 5 -15 4 -16 4 -16 4 -17 4 -19 3 -20 3 -20 3 -20 3 -19 3 -20 3 -20 4 -20 3 -21 6 -21 6 -21 7 -22 8 -23 8 -23 7 -24 8 -23 9 ]
2025-05-20 15:44:22,CSI_DATA,STA,D8:B1:90:DB:E8:90,-54,11,1,7,0,0,1,1,0,0,1,-95,0,2,0,1806008357,0,110,0,0,1806.37,256,[110 96 6 0 -4 30 -4 30 -4 29 -3 29 -3 28 -3 28 -2 28 -2 27 -2 27 -1 27 -1 27 0 27 0 27 0 27 0 27 -1 26 -2 25 -2 25 -2 24 -4 24 -4 23 -4 22 -4 22 -6 22 -7 21 0 0 0 0 0 0 0 0 0 0 0 0 0 0 0 0 0 0 0 0 0 0 0 14 -1 15 -2 16 -3 16 -3 16 -4 17 -4 18 -5 18 -5 19 -5 21 -6 21 -7 21 -6 22 -6 22 -6 20 -6 20 -6 21 -5 21 -7 23 -7 24 -7 25 -6 25 -5 27 -5 27 -5 28 -4 27 ]
2025-05-20 15:44:23,CSI_DATA,STA,D8:B1:90:DB:E8:90,-54,11,1,7,0,0,1,1,0,0,1,-95,0,2,0,1807014347,0,110,0,0,1807.37,256,[110 96 6 0 11 25 12 26 12 24 11 25 12 24 12 23 12 23 13 23 13 22 13 22 14 22 13 23 14 23 13 22 13 22 13 22 13 22 12 21 12 21 11 21 11 21 10 20 10 21 9 20 8 21 0 0 0 0 0 0 0 0 0 0 0 0 0 0 0 0 0 0 0 0 0 0 8 12 7 13 6 14 6 15 6 15 6 16 6 17 6 17 5 19 5 19 5 20 5 20 5 21 5 21 5 22 5 21 6 22 6 22 7 23 8 23 9 23 10 24 9 24 10 25 10 25 11 25 ]
2025-05-20 15:44:23,CSI_DATA,STA,D8:B1:90:DB:E8:90,-54,11,1,7,0,0,1,1,0,0,1,-95,0,2,0,1807515384,0,110,0,0,1807.87,256,[110 96 6 0 15 -24 14 -26 14 -25 14 -24 13 -24 13 -25 13 -24 12 -25 11 -25 11 -26 10 -25 10 -25 10 -25 10 -25 10 -25 10 -24 10 -23 10 -24 11 -23 10 -21 11 -21 11 -20 11 -20 12 -20 13 -19 0 0 0 0 0 0 0 0 0 0 0 0 0 0 0 0 0 0 0 0 0 0 5 -14 6 -15 7 -15 7 -15 8 -15 9 -15 11 -16 11 -17 12 -16 13 -17 13 -17 13 -18 14 -18 14 -18 15 -17 14 -18 14 -19 15 -19 15 -19 15 -19 14 -21 15 -21 15 -22 15 -23 1
2025-05-20 15:44:23,CSI_DATA,STA,D8:B1:90:DB:E8:90,-65,11,1,7,0,0,1,1,0,0,1,-95,0,2,0,1808014545,0,110,0,0,1808.37,256,[110 96 6 0 -25 -2 -25 -3 -24 -3 -24 -3 -23 -2 -22 -2 -21 -1 -22 -1 -21 -1 -21 -1 -21 -1 -21 0 -21 1 -19 1 -20 1 -19 2 -19 2 -19 2 -20 2 -20 2 -19 2 -19 2 -20 2 -21 1 -22 0 0 0 0 0 0 0 0 0 0 0 0 0 0 0 0 0 0 0 0 0 0 0 -18 -1 -18 -1 -18 -3 -18 -3 -17 -4 -18 -3 -17 -4 -18 -4 -18 -4 -19 -4 -19 -4 -19 -4 -19 -5 -19 -3 -20 -4 -19 -4 -21 -4 -21 -2 -21 -3 -21 -3 -22 -2 -22 -2 -23 -1 -24 -2 -24 -2 -2
2025-05-20 15:44:24,CSI_DATA,STA,D8:B1:90:DB:E8:90,-54,11,1,7,0,0,1,1,0,0,1,-95,0,2,0,1808516872,0,110,0,0,1808.87,256,[110 96 6 0 28 -4 29 -6 28 -6 29 -6 28 -6 28 -7 27 -7 27 -7 26 -8 26 -8 27 -8 27 -7 27 -7 27 -7 27 -8 26 -6 26 -6 25 -6 25 -6 24 -6 24 -5 23 -5 23 -4 23 -3 23 -2 0 0 0 0 0 0 0 0 0 0 0 0 0 0 0 0 0 0 0 0 0 0 15 -4 15 -4 16 -2 17 -2 17 -2 19 -1 18 0 20 0 20 1 20 1 21 1 22 1 22 1 22 1 23 1 22 0 23 0 23 -1 25 -1 25 -1 25 -2 27 -2 26 -4 27 -3 27 -4 28 -4 ]
2025-05-20 15:44:26,CSI_DATA,STA,D8:B1:90:DB:E8:90,-55,11,1,7,0,0,1,1,0,0,1,-93,0,2,0,1810024322,0,110,0,0,1810.38,256,[110 96 6 0 -3 26 -2 27 -2 26 -1 25 -1 25 -1 25 0 24 0 24 0 24 1 23 1 24 1 24 1 24 1 23 1 24 0 24 0 24 0 23 0 22 0 22 -1 22 0 21 -1 21 -2 20 -3 20 0 0 0 0 0 0 0 0 0 0 0 0 0 0 0 0 0 0 0 0 0 0 0 14 -1 14 -2 14 -2 15 -3 15 -3 16 -4 16 -4 17 -4 18 -5 18 -5 19 -5 19 -6 19 -5 20 -6 20 -6 20 -6 21 -5 21 -3 22 -3 22 -3 23 -2 23 -3 24 -2 25 -2 26 -3 25 ]
2025-05-20 15:44:27,CSI_DATA,STA,D8:B1:90:DB:E8:90,-53,11,1,7,0,0,1,1,0,0,1,-95,0,2,0,1811533599,0,110,0,0,1811.89,256,[110 96 6 0 27 -1 27 -1 27 -1 27 -2 27 -2 26 -2 26 -3 26 -2 26 -3 25 -3 25 -4 24 -3 24 -3 24 -4 24 -4 24 -2 24 -2 23 -2 23 -2 23 -1 23 -1 22 -1 22 0 22 0 22 1 0 0 0 0 0 0 0 0 0 0 0 0 0 0 0 0 0 0 0 0 0 0 14 -4 15 -3 15 -1 16 -2 16 -1 17 -1 18 1 19 1 19 2 20 2 20 2 20 2 20 3 21 3 21 3 21 3 22 2 22 2 23 1 23 2 24 1 25 1 25 1 25 0 26 0 28 0 ]
2025-05-20 15:44:28,CSI_DATA,STA,D8:B1:90:DB:E8:90,-54,11,1,7,0,0,1,1,0,0,1,-95,0,2,0,1812534071,0,110,0,0,1812.89,256,[110 96 6 0 -17 24 -17 24 -16 24 -16 24 -16 24 -16 24 -15 24 -15 25 -14 25 -13 24 -13 25 -13 24 -13 24 -13 24 -12 24 -14 23 -13 23 -13 22 -14 21 -14 20 -14 19 -14 19 -15 18 -15 18 -16 17 0 0 0 0 0 0 0 0 0 0 0 0 0 0 0 0 0 0 0 0 0 0 -7 14 -7 14 -9 14 -9 14 -10 14 -11 14 -12 15 -13 16 -14 16 -14 16 -15 16 -15 16 -16 17 -16 17 -16 17 -16 18 -16 18 -16 19 -16 19 -16 20 -16 21 -16 22 -16 22 -16 22
2025-05-20 15:44:30,CSI_DATA,STA,D8:B1:90:DB:E8:90,-63,11,1,7,0,0,1,1,0,0,1,-95,0,2,0,1814538125,0,110,0,0,1814.9,256,[110 96 6 0 -23 9 -21 9 -22 9 -21 8 -21 8 -20 8 -20 8 -19 8 -19 8 -18 8 -18 7 -17 7 -16 8 -16 8 -15 8 -15 8 -14 8 -14 8 -13 8 -13 8 -13 8 -13 8 -13 8 -13 8 -14 8 0 0 0 0 0 0 0 0 0 0 0 0 0 0 0 0 0 0 0 0 0 0 -13 9 -14 8 -15 7 -15 7 -15 7 -15 7 -16 7 -17 7 -17 7 -18 6 -19 7 -18 6 -19 7 -19 6 -19 6 -19 7 -19 7 -20 8 -20 8 -20 9 -20 9 -20 9 -22 10 -21 10 -22 9 -22 9 ]
2025-05-20 15:44:35,CSI_DATA,STA,D8:B1:90:DB:E8:90,-54,11,1,7,0,0,1,1,0,0,1,-95,0,2,0,1819046896,0,110,0,0,1819.4,256,[110 96 6 0 17 -25 17 -25 17 -24 16 -24 15 -23 15 -24 14 -24 14 -24 13 -24 13 -25 12 -25 12 -25 11 -25 12 -25 12 -25 12 -24 12 -24 12 -23 12 -22 12 -22 12 -22 12 -21 12 -21 12 -20 14 -19 0 0 0 0 0 0 0 0 0 0 0 0 0 0 0 0 0 0 0 0 0 0 6 -14 7 -14 8 -14 9 -14 10 -14 10 -14 11 -14 11 -15 12 -15 13 -16 13 -16 14 -16 14 -16 14 -17 16 -16 16 -17 16 -17 16 -19 16 -19 16 -19 16 -20 16 -21 16 -21 16 -22
2025-05-20 15:44:39,CSI_DATA,STA,D8:B1:90:DB:E8:90,-54,11,1,7,0,0,1,1,0,0,1,-95,0,2,0,1823064427,0,110,0,0,1823.42,256,[110 96 6 0 -24 -17 -26 -17 -24 -16 -24 -16 -24 -14 -24 -14 -24 -13 -25 -13 -25 -12 -24 -12 -25 -12 -25 -11 -26 -11 -25 -10 -25 -10 -24 -11 -25 -10 -24 -11 -23 -10 -22 -11 -22 -12 -21 -11 -20 -12 -20 -12 -19 -13 0 0 0 0 0 0 0 0 0 0 0 0 0 0 0 0 0 0 0 0 0 0 -15 -7 -15 -9 -14 -10 -14 -11 -14 -11 -15 -12 -15 -13 -16 -13 -16 -15 -16 -15 -16 -15 -16 -16 -17 -17 -16 -17 -17 -17 -16 -16 -18 -16 -18
2025-05-20 15:44:43,CSI_DATA,STA,D8:B1:90:DB:E8:90,-54,11,1,7,0,0,1,1,0,0,1,-94,0,2,0,1827605978,0,110,0,0,1827.96,256,[110 96 6 0 23 17 22 16 23 16 22 16 22 15 22 14 22 14 22 14 22 13 22 13 22 12 21 13 21 13 22 12 21 12 22 13 21 13 20 12 20 13 20 13 18 13 19 13 17 13 17 13 16 14 0 0 0 0 0 0 0 0 0 0 0 0 0 0 0 0 0 0 0 0 0 0 13 7 12 8 12 9 12 10 12 10 13 11 13 12 13 13 14 13 14 14 14 15 14 15 15 16 15 16 14 15 16 15 15 14 16 15 17 15 18 16 19 15 19 15 20 16 20 15 21 16 21 16 ]
2025-05-20 15:44:45,CSI_DATA,STA,D8:B1:90:DB:E8:90,-54,11,1,7,0,0,1,1,0,0,1,-94,0,2,0,1829088164,0,110,0,0,1829.45,256,[110 96 6 0 -27 9 -27 10 -27 10 -26 10 -25 11 -25 11 -24 11 -24 12 -24 12 -24 12 -23 12 -24 12 -24 13 -23 12 -23 13 -22 12 -22 12 -21 12 -21 11 -21 11 -21 11 -21 10 -20 9 -21 8 -21 7 0 0 0 0 0 0 0 0 0 0 0 0 0 0 0 0 0 0 0 0 0 0 -13 7 -13 6 -15 6 -15 6 -16 6 -17 6 -18 6 -19 6 -19 6 -20 6 -20 4 -21 4 -21 4 -21 4 -21 5 -22 5 -22 5 -23 6 -24 6 -24 7 -25 8 -25 9 -26 8 -26 8 -26 8 -26 8 ]
2025-05-20 15:44:45,CSI_DATA,STA,D8:B1:90:DB:E8:90,-54,11,1,7,0,0,1,1,0,0,1,-94,0,2,0,1829588356,0,110,0,0,1829.95,256,[110 96 6 0 13 23 13 24 14 23 13 23 13 23 14 22 14 22 14 21 14 21 14 21 14 20 15 20 15 20 15 20 15 19 14 20 13 20 13 19 12 19 12 20 12 19 11 19 10 19 10 19 8 19 0 0 0 0 0 0 0 0 0 0 0 0 0 0 0 0 0 0 0 0 0 0 8 11 7 12 6 13 6 13 6 14 6 15 6 16 6 16 6 17 6 18 6 18 6 19 5 19 6 19 6 19 7 20 7 20 8 20 8 20 9 21 10 21 11 21 11 22 11 22 11 22 12 23 ]
2025-05-20 15:44:51,CSI_DATA,STA,D8:B1:90:DB:E8:90,-54,11,1,7,0,0,1,1,0,0,1,-94,0,2,0,1835603009,0,110,0,0,1835.96,256,[110 96 6 0 23 -12 25 -12 25 -13 24 -12 23 -12 22 -13 23 -13 22 -14 22 -14 22 -16 21 -15 20 -15 20 -15 21 -15 21 -15 21 -14 20 -14 20 -13 19 -13 19 -13 19 -12 19 -11 19 -11 19 -10 19 -8 0 0 0 0 0 0 0 0 0 0 0 0 0 0 0 0 0 0 0 0 0 0 11 -9 12 -8 13 -8 13 -8 14 -8 15 -7 16 -7 16 -7 17 -7 18 -7 19 -6 19 -6 19 -5 19 -7 20 -7 21 -7 21 -8 21 -8 22 -8 22 -8 22 -9 21 -10 23 -10 24 -10 26 -11 23 -11 ]
2025-05-20 15:44:52,CSI_DATA,STA,D8:B1:90:DB:E8:90,-54,11,1,7,0,0,1,1,0,0,1,-94,0,2,0,1836101597,0,110,0,0,1836.46,256,[110 96 6 0 16 22 16 23 16 22 16 21 16 21 16 20 17 20 17 20 17 19 17 19 18 19 17 18 17 18 17 18 17 18 16 19 15 18 15 18 14 18 13 18 13 18 12 17 11 17 11 18 10 18 0 0 0 0 0 0 0 0 0 0 0 0 0 0 0 0 0 0 0 0 0 0 10 9 10 10 10 11 10 12 10 13 10 13 10 14 10 15 10 16 9 16 9 17 9 18 9 18 9 18 10 20 10 20 10 20 11 20 11 20 11 21 12 20 13 21 14 21 15 21 16 21 15 21 ]
2025-05-20 15:44:53,CSI_DATA,STA,D8:B1:90:DB:E8:90,-54,11,1,7,0,0,1,1,0,0,1,-94,0,2,0,1837610730,0,110,0,0,1837.97,256,[110 96 6 0 2 27 3 28 3 26 3 26 3 26 3 25 4 25 4 26 5 25 6 25 6 25 6 25 6 25 5 23 6 24 6 23 5 24 5 23 4 22 3 22 2 22 2 21 2 21 1 21 0 21 0 0 0 0 0 0 0 0 0 0 0 0 0 0 0 0 0 0 0 0 0 0 4 13 3 13 2 14 2 15 2 15 2 16 1 17 1 18 0 19 1 19 0 20 -1 20 0 21 0 21 0 21 -1 21 0 22 0 22 1 24 1 23 2 24 2 25 3 24 4 25 4 26 4 26 ]
2025-05-20 15:44:54,CSI_DATA,STA,D8:B1:90:DB:E8:90,-54,11,1,7,0,0,1,1,0,0,1,-94,0,2,0,1838110520,0,110,0,0,1838.47,256,[110 96 6 0 -21 -22 -21 -21 -21 -22 -21 -21 -22 -20 -22 -19 -21 -19 -22 -18 -22 -18 -22 -17 -22 -17 -23 -17 -22 -17 -23 -16 -22 -16 -22 -16 -21 -16 -21 -16 -20 -16 -19 -15 -19 -15 -18 -15 -18 -15 -17 -17 -16 -17 0 0 0 0 0 0 0 0 0 0 0 0 0 0 0 0 0 0 0 0 0 0 -13 -9 -13 -10 -12 -11 -12 -12 -13 -13 -13 -13 -13 -14 -13 -15 -13 -16 -12 -17 -12 -19 -12 -19 -12 -20 -13 -20 -13 -20 -14 -20 -14 -20 -15
2025-05-20 15:44:55,CSI_DATA,STA,D8:B1:90:DB:E8:90,-55,11,1,7,0,0,1,1,0,0,1,-94,0,2,0,1839618394,0,110,0,0,1839.98,256,[110 96 6 0 -28 -10 -28 -10 -27 -9 -28 -9 -27 -8 -27 -8 -27 -7 -27 -8 -27 -6 -27 -6 -27 -7 -27 -5 -27 -6 -26 -6 -26 -6 -26 -5 -26 -5 -25 -5 -25 -6 -24 -6 -24 -6 -23 -6 -23 -6 -22 -8 -21 -8 0 0 0 0 0 0 0 0 0 0 0 0 0 0 0 0 0 0 0 0 0 0 -15 -2 -15 -3 -15 -4 -16 -5 -16 -6 -18 -6 -17 -6 -18 -7 -18 -8 -18 -9 -19 -9 -20 -9 -20 -10 -20 -10 -21 -10 -21 -10 -22 -10 -22 -10 -23 -9 -23 -9 -24 -9 -24 -9 -
2025-05-20 15:44:57,CSI_DATA,STA,D8:B1:90:DB:E8:90,-66,11,1,7,0,0,1,1,0,0,1,-93,0,2,0,1841619939,0,110,0,0,1841.98,256,[110 96 6 0 -13 -25 -13 -25 -11 -24 -12 -24 -11 -24 -11 -23 -11 -23 -10 -22 -10 -21 -10 -20 -11 -20 -11 -19 -10 -19 -11 -18 -10 -17 -10 -17 -10 -16 -10 -16 -11 -16 -11 -15 -10 -15 -11 -15 -11 -15 -10 -15 -10 -16 0 0 0 0 0 0 0 0 0 0 0 0 0 0 0 0 0 0 0 0 0 0 -13 -14 -12 -14 -11 -16 -12 -18 -10 -16 -11 -16 -10 -18 -10 -18 -10 -19 -11 -20 -10 -20 -10 -21 -11 -20 -10 -21 -10 -23 -10 -21 -10 -20 -1
2025-05-20 15:44:58,CSI_DATA,STA,D8:B1:90:DB:E8:90,-65,11,1,7,0,0,1,1,0,0,1,-93,0,2,0,1842130433,0,110,0,0,1842.49,256,[110 96 6 0 -25 13 -25 13 -24 15 -8 10 -9 10 -8 11 -8 11 0 -14 -1 -14 -2 -13 -3 -13 -7 -6 -7 -5 -7 -5 -8 -6 -10 18 -9 17 -10 17 -9 16 6 -13 6 -13 5 -14 5 -14 4 -15 4 -15 0 0 0 0 0 0 0 0 0 0 0 0 0 0 0 0 0 0 0 0 0 0 -12 -21 -12 -21 -11 -6 -11 -7 -12 -8 -11 -8 0 8 0 7 0 7 0 7 0 25 -1 25 0 24 0 25 -17 29 -17 31 -15 30 -14 32 -12 17 -12 17 -12 18 -12 19 -16 3 -17 4 -17 5 -27 6 ]
2025-05-20 15:44:59,CSI_DATA,STA,D8:B1:90:DB:E8:90,-54,11,1,7,0,0,1,1,0,0,1,-95,0,2,0,1843127450,0,110,0,0,1843.48,256,[110 96 6 0 -19 -24 -19 -24 -19 -22 -19 -23 -19 -22 -20 -22 -20 -21 -20 -21 -20 -20 -20 -20 -21 -19 -21 -19 -21 -19 -20 -19 -20 -19 -20 -19 -19 -19 -18 -19 -18 -19 -18 -18 -17 -18 -17 -18 -16 -18 -14 -19 -13 -19 0 0 0 0 0 0 0 0 0 0 0 0 0 0 0 0 0 0 0 0 0 0 -12 -10 -11 -11 -11 -12 -11 -13 -11 -14 -11 -15 -12 -16 -12 -17 -12 -17 -12 -19 -12 -19 -12 -20 -12 -20 -13 -21 -12 -20 -13 -21 -13 -21 -1
2025-05-20 15:44:59,CSI_DATA,STA,D8:B1:90:DB:E8:90,-54,11,1,7,0,0,1,1,0,0,1,-95,0,2,0,1843628007,0,110,0,0,1843.99,256,[110 96 6 0 -7 -30 -8 -30 -8 -29 -8 -29 -8 -28 -9 -28 -9 -28 -9 -28 -10 -27 -10 -27 -10 -27 -11 -26 -11 -26 -10 -26 -10 -26 -10 -26 -9 -25 -9 -25 -8 -24 -8 -24 -8 -24 -7 -23 -7 -23 -6 -23 -5 -23 0 0 0 0 0 0 0 0 0 0 0 0 0 0 0 0 0 0 0 0 0 0 -7 -14 -6 -16 -6 -16 -6 -17 -5 -18 -5 -19 -5 -19 -5 -20 -4 -21 -4 -22 -4 -22 -3 -23 -4 -23 -3 -24 -4 -24 -4 -24 -4 -24 -5 -25 -4 -26 -4 -26 -6 -26 -5 -27 -
2025-05-20 15:45:00,CSI_DATA,STA,D8:B1:90:DB:E8:90,-54,11,1,7,0,0,1,1,0,0,1,-95,0,2,0,1844630694,0,110,0,0,1844.99,256,[110 96 6 0 15 21 15 21 15 21 16 21 17 20 17 20 17 19 17 19 17 18 17 18 17 18 18 18 18 17 18 17 17 17 18 18 17 17 16 17 16 17 15 17 15 17 14 17 14 17 13 18 12 18 0 0 0 0 0 0 0 0 0 0 0 0 0 0 0 0 0 0 0 0 0 0 9 9 8 10 8 11 8 12 8 12 8 13 8 14 8 14 8 15 8 16 8 16 8 17 8 18 8 18 9 18 9 19 9 18 10 19 10 18 11 19 12 19 12 19 13 20 14 20 14 21 15 20 ]
2025-05-20 15:45:03,CSI_DATA,STA,D8:B1:90:DB:E8:90,-54,11,1,7,0,0,1,1,0,0,1,-95,0,2,0,1847146093,0,110,0,0,1847.5,256,[110 96 6 0 -5 28 -4 28 -3 28 -4 26 -3 26 -2 27 -2 26 -2 27 -1 27 -1 27 -1 27 -1 26 0 26 0 26 0 25 0 25 -1 25 -1 24 -1 24 -1 23 -1 22 -2 23 -2 22 -3 21 -4 21 0 0 0 0 0 0 0 0 0 0 0 0 0 0 0 0 0 0 0 0 0 0 0 15 -1 15 -3 16 -3 16 -3 17 -3 17 -4 17 -5 18 -5 19 -6 19 -7 19 -7 19 -7 20 -7 21 -7 21 -7 21 -6 21 -6 22 -6 23 -5 23 -5 24 -5 25 -4 26 -4 26 -4 27 -4 27 ]
2025-05-20 15:45:04,CSI_DATA,STA,D8:B1:90:DB:E8:90,-54,11,1,7,0,0,1,1,0,0,1,-95,0,2,0,1848642840,0,110,0,0,1849,256,[110 96 6 0 29 1 28 1 28 1 28 1 27 0 27 0 27 -1 27 -1 27 -2 27 -2 26 -2 27 -2 27 -2 27 -3 26 -3 26 -2 25 -3 25 -2 24 -2 23 -1 23 -1 22 0 21 1 22 1 21 2 0 0 0 0 0 0 0 0 0 0 0 0 0 0 0 0 0 0 0 0 0 0 15 -1 15 0 16 2 16 2 17 3 18 3 18 4 19 5 20 5 21 5 21 5 21 6 22 6 22 6 21 6 22 6 22 4 23 5 24 4 24 3 25 3 26 2 27 3 27 3 28 3 28 1 ]
2025-05-20 15:45:05,CSI_DATA,STA,D8:B1:90:DB:E8:90,-52,11,1,6,0,0,1,0,0,0,1,-95,0,2,0,1849648707,0,110,0,0,1850.01,256,[110 96 6 0 5 -7 1 -6 -2 -7 -7 -7 -10 -7 -15 -7 -19 -7 -23 -7 -27 -7 -31 -7 -34 -7 -36 -8 -38 -8 -39 -9 -39 -10 -39 -11 -37 -11 -34 -12 -31 -12 -28 -12 -24 -11 -20 -9 -17 -7 -13 -4 -10 -2 0 0 0 0 0 0 0 0 0 0 0 0 0 0 0 0 0 0 0 0 0 0 1 -5 4 -4 7 -4 10 -3 13 -2 16 0 19 2 22 4 25 6 27 8 28 11 29 13 29 14 29 14 28 15 27 14 26 13 25 11 24 9 23 7 22 5 21 3 19 0 18 -2 16 -3 14 -4 ]
2025-05-20 15:45:11,CSI_DATA,STA,D8:B1:90:DB:E8:90,-55,11,1,7,0,0,1,0,0,0,0,-93,0,2,0,1855665850,0,110,0,0,1856.02,256,[110 96 6 0 -19 -21 -19 -21 -18 -21 -20 -21 -20 -20 -20 -19 -20 -19 -19 -19 -19 -18 -20 -18 -20 -18 -21 -19 -21 -18 -21 -18 -21 -18 -20 -18 -19 -18 -19 -17 -18 -17 -19 -17 -18 -17 -17 -16 -16 -17 -15 -17 -14 -18 0 0 0 0 0 0 0 0 0 0 0 0 0 0 0 0 0 0 0 0 0 0 -12 -10 -11 -12 -11 -12 -11 -13 -11 -14 -11 -14 -12 -15 -12 -16 -12 -17 -12 -17 -11 -18 -11 -18 -11 -19 -11 -19 -12 -19 -13 -19 -13 -20 -1
2025-05-20 15:45:15,CSI_DATA,STA,D8:B1:90:DB:E8:90,-58,11,1,6,0,0,1,0,0,0,1,-95,0,2,0,1859173654,0,110,0,0,1859.53,256,[110 96 6 0 -11 21 -10 21 -9 21 -2 -27 -3 -26 -5 -26 -6 -26 -2 -26 -4 -26 -4 -25 -6 -25 -8 -26 -8 -26 -9 -25 -9 -24 -7 -16 -7 -15 -7 -14 -7 -13 5 -12 5 -12 5 -11 5 -10 16 10 16 11 0 0 0 0 0 0 0 0 0 0 0 0 0 0 0 0 0 0 0 0 0 0 5 -2 5 -2 0 5 0 6 0 7 -1 6 9 -11 10 -11 10 -12 10 -13 -14 -7 -14 -6 -15 -6 -16 -6 -24 -5 -24 -5 -24 -3 -25 -3 -5 1 -4 1 -4 1 -4 0 -30 6 -30 7 -30 8 -15 -2 ]
2025-05-20 15:45:15,CSI_DATA,STA,D8:B1:90:DB:E8:90,-53,11,1,7,0,0,1,1,0,0,1,-95,0,2,0,1859674670,0,110,0,0,1860.03,256,[110 96 6 0 1 -26 1 -26 1 -26 1 -26 0 -25 0 -26 0 -25 -1 -25 -1 -25 -1 -25 -2 -25 -2 -25 -2 -25 -2 -25 -2 -24 -2 -24 -1 -23 -1 -23 -1 -23 -1 -22 -1 -22 0 -21 0 -21 1 -20 2 -20 0 0 0 0 0 0 0 0 0 0 0 0 0 0 0 0 0 0 0 0 0 0 -2 -14 -1 -14 0 -15 1 -16 1 -16 2 -16 2 -17 2 -17 3 -18 3 -18 4 -19 4 -19 4 -19 4 -20 3 -19 3 -20 3 -20 3 -21 1 -22 2 -22 1 -23 1 -24 1 -23 1 -24 1 -25 2 -26 ]
2025-05-20 15:45:16,CSI_DATA,STA,D8:B1:90:DB:E8:90,-54,11,1,5,0,0,1,0,0,0,1,-95,0,2,0,1860173804,0,110,0,0,1860.53,256,[110 96 6 0 25 6 25 6 25 6 26 5 26 4 26 4 26 3 25 4 25 3 25 3 25 3 24 3 24 3 24 2 24 2 24 3 24 3 23 3 22 3 22 4 21 4 21 4 20 4 20 5 20 6 0 0 0 0 0 0 0 0 0 0 0 0 0 0 0 0 0 0 0 0 0 0 13 1 14 2 15 3 15 3 16 4 16 4 16 4 17 5 17 6 18 6 18 7 19 7 19 7 19 8 19 7 20 7 21 7 21 7 21 7 21 7 22 6 24 7 24 6 24 6 25 6 25 6 ]
2025-05-20 15:45:16,CSI_DATA,STA,D8:B1:90:DB:E8:90,-52,11,1,6,0,0,1,0,0,0,1,-95,0,2,0,1860673824,0,110,0,0,1861.03,256,[110 96 6 0 -12 -4 -11 -1 -9 1 -9 5 -7 9 -6 12 -4 16 -2 20 -1 23 0 27 2 30 2 34 2 36 1 38 0 39 -1 39 -3 38 -4 35 -5 32 -6 29 -5 24 -4 20 -3 15 -1 11 2 8 0 0 0 0 0 0 0 0 0 0 0 0 0 0 0 0 0 0 0 0 0 0 -3 1 -4 -1 -5 -4 -5 -6 -5 -10 -6 -13 -5 -17 -5 -20 -4 -24 -2 -27 -1 -29 1 -31 3 -32 4 -33 5 -32 5 -31 5 -30 4 -28 2 -26 1 -24 -2 -22 -3 -20 -5 -18 -7 -16 -9 -14 -10 -12 ]
2025-05-20 15:45:18,CSI_DATA,STA,D8:B1:90:DB:E8:90,-52,11,1,6,0,0,1,0,0,0,1,-95,0,2,0,1862693502,0,110,0,0,1863.05,256,[110 96 6 0 -4 -8 -7 -7 -8 -5 -9 -2 -11 1 -12 5 -14 9 -16 12 -16 16 -18 20 -19 24 -20 27 -21 28 -22 30 -24 30 -25 30 -25 28 -25 26 -24 23 -22 19 -19 16 -16 12 -12 8 -9 5 -4 3 0 0 0 0 0 0 0 0 0 0 0 0 0 0 0 0 0 0 0 0 0 0 -1 -3 1 -4 3 -5 6 -5 9 -5 12 -6 16 -5 19 -6 23 -5 26 -4 29 -2 31 -1 32 0 32 2 32 2 31 2 29 2 27 2 25 0 21 0 18 -2 15 -4 11 -6 8 -7 6 -8 3 -9 ]
2025-05-20 15:45:20,CSI_DATA,STA,D8:B1:90:DB:E8:90,-52,11,1,6,0,0,1,0,0,0,1,-95,0,2,0,1864688025,0,110,0,0,1865.04,256,[110 96 6 0 -13 -2 -13 1 -10 3 -9 7 -6 11 -4 14 -2 19 1 23 3 26 5 30 7 34 8 37 8 40 8 41 8 43 6 42 4 40 2 38 1 34 0 29 -1 24 -1 18 0 13 1 8 3 3 0 0 0 0 0 0 0 0 0 0 0 0 0 0 0 0 0 0 0 0 0 0 -4 -3 -3 -5 -2 -7 -1 -10 0 -13 1 -17 4 -20 6 -23 10 -26 12 -28 15 -30 18 -30 20 -29 21 -29 22 -28 21 -25 19 -24 17 -21 14 -20 11 -18 8 -16 3 -14 0 -12 -4 -11 -7 -9 -9 -8 ]
2025-05-20 15:45:23,CSI_DATA,STA,D8:B1:90:DB:E8:90,-54,11,1,7,0,0,1,0,0,0,0,-95,0,2,0,1867693544,0,110,0,0,1868.05,256,[110 96 6 0 14 22 14 22 14 21 14 20 14 20 15 20 15 19 15 19 15 18 15 18 15 18 16 17 16 17 16 17 16 17 16 18 15 17 15 17 15 17 14 17 13 17 13 17 13 17 11 16 10 17 0 0 0 0 0 0 0 0 0 0 0 0 0 0 0 0 0 0 0 0 0 0 10 7 9 8 9 10 9 10 9 11 9 11 9 13 9 14 9 15 9 16 8 16 8 17 8 17 8 17 8 18 9 18 9 18 9 18 10 19 10 19 11 19 12 20 12 20 13 20 13 21 14 21 ]
2025-05-20 15:45:24,CSI_DATA,STA,D8:B1:90:DB:E8:90,-53,11,1,7,0,0,1,0,0,0,0,-95,0,2,0,1868193709,0,110,0,0,1868.55,256,[110 96 6 0 0 27 0 27 1 27 0 26 1 26 1 26 2 25 2 26 3 26 3 26 4 25 3 25 3 25 4 25 3 25 2 25 2 24 1 24 1 23 1 23 1 23 0 23 -1 22 -1 22 -2 22 0 0 0 0 0 0 0 0 0 0 0 0 0 0 0 0 0 0 0 0 0 0 2 12 1 13 0 14 0 14 0 15 -1 15 -2 17 -2 17 -2 18 -3 18 -3 20 -4 20 -3 20 -3 20 -3 21 -3 21 -3 21 -3 22 -2 23 -2 24 -2 24 -1 25 -1 25 0 26 -1 26 0 26 ]
2025-05-20 15:45:29,CSI_DATA,STA,D8:B1:90:DB:E8:90,-55,11,1,7,0,0,1,0,0,0,0,-93,0,2,0,1873222916,0,110,0,0,1873.58,256,[110 96 6 0 26 4 26 4 25 3 25 3 25 3 25 2 25 2 26 2 25 0 25 0 25 0 25 -1 26 0 25 0 25 0 25 0 25 0 25 0 24 1 23 1 23 1 22 1 21 2 21 2 21 4 0 0 0 0 0 0 0 0 0 0 0 0 0 0 0 0 0 0 0 0 0 0 13 -1 14 0 14 2 15 2 15 3 17 3 16 4 17 4 17 5 18 5 18 5 18 5 19 5 20 6 20 6 20 6 20 6 20 6 22 6 22 6 23 4 24 5 24 4 25 4 25 4 26 3 ]
2025-05-20 15:45:34,CSI_DATA,STA,D8:B1:90:DB:E8:90,-55,11,1,6,0,0,1,0,0,0,1,-94,0,2,0,1878740629,0,110,0,0,1879.1,256,[110 96 6 0 -27 14 -27 14 -26 14 -26 14 -25 15 -25 15 -24 15 -24 16 -23 16 -23 16 -22 17 -24 17 -24 17 -23 16 -23 17 -22 16 -22 16 -22 16 -21 15 -22 14 -21 14 -21 14 -21 13 -22 12 -23 11 0 0 0 0 0 0 0 0 0 0 0 0 0 0 0 0 0 0 0 0 0 0 -12 9 -14 8 -14 8 -16 8 -16 7 -17 7 -17 7 -19 7 -19 7 -20 7 -21 7 -22 7 -22 7 -22 7 -23 7 -23 7 -24 8 -23 9 -23 10 -23 10 -24 11 -24 12 -25 12 -25 13 -25 13 -27 12
2025-05-20 15:45:38,CSI_DATA,STA,D8:B1:90:DB:E8:90,-55,11,1,7,0,0,1,0,0,0,1,-94,0,2,0,1882244621,0,110,0,0,1882.6,256,[110 96 6 0 -16 25 -16 25 -16 25 -14 25 -13 25 -13 25 -12 25 -12 25 -12 26 -11 25 -10 26 -10 27 -10 26 -10 26 -10 26 -10 26 -10 25 -11 25 -11 24 -11 23 -11 23 -12 22 -12 22 -14 21 -15 20 0 0 0 0 0 0 0 0 0 0 0 0 0 0 0 0 0 0 0 0 0 0 -5 14 -7 13 -8 14 -9 15 -9 15 -10 15 -11 15 -12 16 -13 16 -13 16 -14 17 -15 17 -15 17 -16 18 -16 18 -16 18 -16 18 -16 20 -15 20 -15 20 -15 22 -15 22 -15 23 -15 23 -
2025-05-20 15:45:40,CSI_DATA,STA,D8:B1:90:DB:E8:90,-55,11,1,7,0,0,1,0,0,0,1,-94,0,2,0,1884247185,0,110,0,0,1884.6,256,[110 96 6 0 -15 25 -15 25 -14 24 -14 24 -13 25 -13 25 -12 24 -12 25 -11 25 -11 25 -10 25 -10 25 -10 25 -10 25 -10 25 -10 25 -11 25 -10 23 -10 23 -10 23 -11 22 -11 21 -11 20 -12 20 -13 19 0 0 0 0 0 0 0 0 0 0 0 0 0 0 0 0 0 0 0 0 0 0 -3 13 -4 13 -6 14 -6 14 -7 15 -8 15 -10 15 -10 15 -11 15 -12 16 -14 16 -13 17 -13 17 -14 17 -13 18 -14 18 -14 18 -13 19 -14 20 -14 20 -14 21 -14 22 -13 22 -14 23 -1
2025-05-20 15:45:43,CSI_DATA,STA,D8:B1:90:DB:E8:90,-55,11,1,7,0,0,1,0,0,0,1,-93,0,2,0,1887251061,0,110,0,0,1887.61,256,[110 96 6 0 6 29 7 29 7 29 6 29 7 29 7 28 8 28 8 28 9 27 9 27 10 27 9 26 10 26 10 25 9 25 9 26 9 25 8 25 8 24 7 25 6 24 6 24 5 24 4 23 3 23 0 0 0 0 0 0 0 0 0 0 0 0 0 0 0 0 0 0 0 0 0 0 6 13 5 14 5 15 5 16 5 17 4 17 4 19 3 20 3 20 3 21 2 22 2 23 2 23 2 24 2 23 2 24 3 24 3 24 3 25 3 25 4 26 5 27 5 27 5 27 6 28 6 28 ]
2025-05-20 15:45:44,CSI_DATA,STA,D8:B1:90:DB:E8:90,-55,11,1,7,0,0,1,0,0,0,1,-93,0,2,0,1888252964,0,110,0,0,1888.61,256,[110 96 6 0 -30 -13 -30 -13 -30 -13 -29 -13 -28 -12 -29 -11 -29 -11 -29 -10 -29 -10 -29 -9 -29 -9 -29 -8 -28 -8 -28 -8 -28 -8 -28 -8 -27 -8 -26 -8 -26 -8 -25 -8 -25 -9 -24 -9 -24 -9 -23 -9 -22 -11 0 0 0 0 0 0 0 0 0 0 0 0 0 0 0 0 0 0 0 0 0 0 -17 -4 -17 -5 -17 -7 -17 -8 -18 -8 -18 -9 -19 -10 -20 -11 -20 -12 -20 -13 -20 -12 -20 -13 -21 -14 -20 -14 -22 -14 -22 -14 -23 -14 -24 -14 -23 -14 -24 -15
2025-05-20 15:45:44,CSI_DATA,STA,D8:B1:90:DB:E8:90,-55,11,1,7,0,0,1,1,0,0,0,-93,0,2,0,1888753429,0,110,0,0,1889.11,256,[110 96 6 0 -5 -28 -6 -27 -5 -27 -5 -27 -6 -27 -7 -27 -7 -26 -7 -26 -7 -25 -7 -25 -8 -25 -8 -25 -8 -25 -8 -25 -8 -25 -7 -24 -7 -24 -7 -23 -6 -23 -5 -22 -6 -22 -5 -21 -4 -21 -3 -21 -2 -21 0 0 0 0 0 0 0 0 0 0 0 0 0 0 0 0 0 0 0 0 0 0 -5 -14 -5 -15 -3 -16 -3 -17 -3 -17 -2 -18 -2 -18 -2 -19 -1 -20 -2 -20 -1 -21 -1 -22 -1 -22 -1 -22 0 -22 -1 -23 -1 -23 -1 -23 -2 -24 -3 -24 -3 -25 -3 -25 -3 -25 -4
2025-05-20 15:45:45,CSI_DATA,STA,D8:B1:90:DB:E8:90,-55,11,1,7,0,0,1,1,0,0,1,-93,0,2,0,1889254406,0,110,0,0,1889.61,256,[110 96 6 0 -16 24 -15 24 -16 24 -14 23 -14 23 -14 23 -13 23 -13 24 -12 23 -12 23 -11 24 -11 24 -10 24 -11 24 -10 23 -11 23 -11 22 -11 21 -11 21 -11 21 -11 20 -11 20 -11 19 -12 18 -13 17 0 0 0 0 0 0 0 0 0 0 0 0 0 0 0 0 0 0 0 0 0 0 -5 14 -6 13 -7 14 -8 14 -8 15 -9 15 -11 15 -11 15 -12 15 -13 16 -14 16 -14 16 -14 16 -15 17 -14 16 -14 17 -14 17 -14 18 -14 19 -14 19 -14 20 -14 21 -14 22 -14 22 -
2025-05-20 15:45:46,CSI_DATA,STA,D8:B1:90:DB:E8:90,-52,11,1,6,0,0,1,0,0,0,1,-95,0,2,0,1890265868,0,110,0,0,1890.62,256,[110 96 6 0 -9 -4 -8 -1 -7 2 -6 5 -6 8 -4 12 -3 15 -1 19 0 22 1 25 2 28 2 31 2 33 2 35 1 35 0 35 -1 34 -3 32 -3 29 -4 25 -3 21 -3 17 -2 13 0 10 2 6 0 0 0 0 0 0 0 0 0 0 0 0 0 0 0 0 0 0 0 0 0 0 -4 -1 -4 -3 -4 -6 -3 -8 -2 -12 -2 -15 -1 -18 1 -21 3 -24 5 -26 7 -28 9 -28 11 -29 12 -29 12 -28 12 -27 11 -25 10 -24 8 -23 5 -21 3 -19 1 -18 -1 -16 -3 -15 -5 -13 -6 -11 ]
2025-05-20 15:45:46,CSI_DATA,STA,D8:B1:90:DB:E8:90,-53,11,1,6,0,0,1,0,0,0,1,-95,0,2,0,1890755915,0,110,0,0,1891.11,256,[110 96 6 0 21 19 21 18 21 17 20 17 21 16 21 16 21 15 20 15 20 15 20 14 20 14 20 16 20 15 20 15 20 14 19 14 18 14 18 14 17 14 17 14 17 14 16 14 15 14 15 15 14 15 0 0 0 0 0 0 0 0 0 0 0 0 0 0 0 0 0 0 0 0 0 0 12 7 12 7 12 9 12 9 12 10 12 10 13 12 13 13 13 14 14 15 14 15 14 15 14 16 14 16 15 16 15 16 15 15 16 16 16 16 17 16 18 16 18 16 19 16 19 17 20 17 20 17 ]
2025-05-20 15:45:48,CSI_DATA,STA,D8:B1:90:DB:E8:90,-53,11,1,6,0,0,1,0,0,0,1,-95,0,2,0,1892273244,0,110,0,0,1892.63,256,[110 96 6 0 -6 -25 -6 -25 -5 -24 -6 -25 -7 -24 -7 -24 -7 -24 -8 -24 -8 -23 -8 -23 -9 -23 -9 -23 -9 -23 -9 -22 -9 -22 -9 -22 -8 -22 -8 -21 -7 -21 -7 -21 -6 -21 -6 -20 -5 -20 -5 -20 -4 -20 0 0 0 0 0 0 0 0 0 0 0 0 0 0 0 0 0 0 0 0 0 0 -8 -12 -7 -13 -7 -14 -7 -14 -6 -15 -6 -16 -4 -16 -5 -17 -4 -18 -4 -18 -2 -19 -2 -19 -2 -20 -2 -20 -2 -21 -2 -21 -3 -21 -3 -21 -3 -22 -4 -22 -4 -22 -5 -24 -5 -24 -6
