2025-04-02 16:58:15,CSI_DATA,STA,D8:B1:90:DB:E8:90,-46,11,1,7,0,0,1,0,0,0,1,-94,0,3,0,2504716875,0,110,0,0,96994.3,256,[110 96 6 0 -5 24 -4 24 -4 23 -2 23 -2 23 -2 22 -1 22 -1 21 -1 20 0 20 1 20 1 20 1 20 0 19 0 19 1 19 0 19 -1 18 -1 18 -1 17 -1 17 -1 16 -1 16 -2 15 -3 15 0 0 0 0 0 0 0 0 0 0 0 0 0 0 0 0 0 0 0 0 0 0 0 22 -1 22 -2 22 -3 23 -3 22 -4 24 -5 23 -6 24 -7 24 -7 24 -8 24 -8 24 -8 24 -8 24 -8 24 -8 23 -8 24 -8 23 -7 24 -7 24 -6 24 -6 24 -5 24 -4 24 -4 25 -4 25 ]
2025-04-02 16:58:18,CSI_DATA,STA,D8:B1:90:DB:E8:90,-45,11,1,7,0,0,1,0,0,0,1,-94,0,3,0,2507226575,0,110,0,0,96996.9,256,[110 96 6 0 -22 13 -22 13 -21 13 -20 13 -19 13 -19 13 -18 13 -18 13 -17 14 -17 14 -15 14 -15 14 -15 14 -15 14 -15 13 -14 13 -14 13 -14 12 -14 12 -14 12 -13 11 -13 11 -13 11 -14 10 -14 9 0 0 0 0 0 0 0 0 0 0 0 0 0 0 0 0 0 0 0 0 0 0 -17 13 -19 12 -20 12 -21 11 -21 11 -22 11 -23 11 -23 11 -24 11 -24 11 -25 10 -25 10 -25 9 -24 10 -23 10 -24 10 -23 10 -23 10 -24 11 -23 11 -23 12 -23 12 -23 13 -23
2025-04-02 16:58:21,CSI_DATA,STA,D8:B1:90:DB:E8:90,-45,11,1,7,0,0,1,0,0,0,1,-94,0,3,0,2510234255,0,110,0,0,96999.9,256,[110 96 6 0 -23 -16 -23 -16 -22 -14 -23 -15 -22 -13 -22 -13 -22 -12 -22 -11 -21 -10 -21 -10 -21 -10 -21 -9 -21 -9 -20 -8 -21 -8 -20 -9 -19 -8 -19 -8 -18 -8 -18 -8 -18 -9 -17 -9 -16 -9 -16 -8 -16 -9 0 0 0 0 0 0 0 0 0 0 0 0 0 0 0 0 0 0 0 0 0 0 -21 -11 -21 -13 -21 -13 -21 -15 -20 -15 -21 -16 -21 -16 -21 -17 -21 -18 -21 -18 -21 -19 -21 -19 -21 -20 -21 -20 -21 -19 -21 -18 -21 -18 -21 -18 -21 -18
2025-04-02 16:58:21,CSI_DATA,STA,D8:B1:90:DB:E8:90,-45,11,1,7,0,0,1,1,0,0,1,-94,0,3,0,2510734307,0,110,0,0,97000.4,256,[110 96 6 0 -26 4 -26 5 -25 5 -24 6 -23 6 -23 6 -22 6 -23 7 -22 8 -21 8 -21 8 -21 8 -20 8 -20 8 -20 8 -19 8 -19 8 -19 7 -18 6 -18 6 -18 5 -16 5 -16 4 -17 5 -17 4 0 0 0 0 0 0 0 0 0 0 0 0 0 0 0 0 0 0 0 0 0 0 -23 7 -23 6 -23 5 -24 4 -24 3 -25 3 -25 3 -26 2 -26 2 -26 1 -27 2 -27 1 -27 1 -27 1 -27 1 -27 2 -27 2 -27 2 -27 2 -27 2 -27 3 -27 3 -27 4 -27 4 -27 5 -27 5 ]
2025-04-02 16:58:22,CSI_DATA,STA,D8:B1:90:DB:E8:90,-45,11,1,7,0,0,1,1,0,0,1,-94,0,3,0,2511236288,0,110,0,0,97000.9,256,[110 96 6 0 -23 14 -22 14 -21 14 -21 14 -20 15 -19 14 -18 15 -18 15 -18 15 -17 14 -16 14 -16 15 -15 15 -15 15 -15 15 -14 14 -15 14 -15 14 -14 13 -14 13 -14 12 -13 11 -14 10 -14 10 -14 9 0 0 0 0 0 0 0 0 0 0 0 0 0 0 0 0 0 0 0 0 0 0 -19 15 -20 14 -20 13 -21 13 -21 12 -22 12 -23 12 -24 12 -24 12 -25 11 -25 10 -25 10 -25 10 -25 10 -25 11 -25 11 -25 12 -25 12 -24 12 -23 12 -23 13 -23 14 -23 13 -23
2025-04-02 16:58:22,CSI_DATA,STA,D8:B1:90:DB:E8:90,-45,11,1,7,0,0,1,1,0,0,1,-94,0,3,0,2511737196,0,110,0,0,97001.4,256,[110 96 6 0 23 -11 23 -11 23 -11 22 -11 21 -11 21 -12 20 -12 19 -13 19 -13 18 -13 18 -12 17 -12 16 -12 17 -13 17 -13 16 -13 16 -13 16 -13 15 -12 15 -11 14 -11 14 -9 14 -9 14 -9 14 -8 0 0 0 0 0 0 0 0 0 0 0 0 0 0 0 0 0 0 0 0 0 0 19 -12 20 -11 21 -10 21 -9 22 -9 23 -9 24 -8 24 -8 25 -8 25 -7 26 -7 26 -7 26 -6 26 -7 25 -7 26 -8 25 -8 25 -8 24 -8 24 -9 24 -9 24 -10 25 -10 25 -9 25 -10 25 -11 ]
2025-04-02 16:58:24,CSI_DATA,STA,D8:B1:90:DB:E8:90,-45,11,1,7,0,0,1,1,0,0,1,-94,0,3,0,2513247071,0,110,0,0,97002.9,256,[110 96 6 0 -19 -21 -19 -20 -19 -19 -19 -19 -19 -18 -20 -18 -19 -17 -19 -16 -19 -15 -18 -14 -20 -14 -20 -14 -19 -14 -19 -13 -19 -13 -18 -13 -18 -12 -17 -12 -17 -12 -16 -12 -16 -12 -15 -13 -15 -12 -14 -12 -13 -13 0 0 0 0 0 0 0 0 0 0 0 0 0 0 0 0 0 0 0 0 0 0 -18 -16 -18 -17 -18 -18 -17 -18 -17 -19 -17 -20 -17 -20 -17 -21 -16 -22 -17 -23 -16 -23 -16 -24 -16 -24 -16 -24 -16 -23 -16 -23 -17 -22 -1
2025-04-02 16:58:24,CSI_DATA,STA,D8:B1:90:DB:E8:90,-45,11,1,7,0,0,1,1,0,0,1,-94,0,3,0,2513744338,0,110,0,0,97003.4,256,[110 96 6 0 25 -5 25 -5 24 -5 24 -5 23 -6 22 -6 22 -6 21 -8 21 -8 20 -8 19 -8 20 -8 19 -8 19 -9 19 -9 18 -8 19 -8 18 -8 18 -7 18 -7 17 -6 16 -5 16 -5 16 -5 16 -4 0 0 0 0 0 0 0 0 0 0 0 0 0 0 0 0 0 0 0 0 0 0 21 -6 22 -5 22 -5 23 -4 23 -3 24 -3 24 -2 25 -2 25 -1 25 -1 26 -1 26 -1 26 -1 26 -1 26 -1 26 -1 26 -2 26 -2 26 -2 26 -2 26 -3 26 -3 26 -4 26 -4 26 -4 26 -5 ]
2025-04-02 16:58:25,CSI_DATA,STA,D8:B1:90:DB:E8:90,-45,11,1,7,0,0,1,1,0,0,1,-94,0,3,0,2514244375,0,110,0,0,97003.9,256,[110 96 6 0 -12 20 -12 20 -11 19 -10 19 -9 19 -9 19 -8 18 -8 19 -8 19 -8 19 -6 18 -6 18 -6 18 -6 18 -6 18 -6 18 -7 18 -7 17 -6 16 -7 15 -6 15 -6 14 -7 14 -7 13 -7 13 0 0 0 0 0 0 0 0 0 0 0 0 0 0 0 0 0 0 0 0 0 0 -8 18 -9 19 -10 18 -11 17 -12 18 -12 20 -14 18 -13 19 -14 20 -16 18 -15 19 -16 18 -16 18 -15 18 -15 18 -15 18 -15 18 -15 19 -14 19 -14 19 -13 20 -13 20 -13 20 -13 20 -12 20 -13 20 ]
2025-04-02 16:58:25,CSI_DATA,STA,D8:B1:90:DB:E8:90,-45,11,1,7,0,0,1,1,0,0,1,-94,0,3,0,2514745106,0,110,0,0,97004.4,256,[110 96 6 0 -14 -23 -14 -22 -13 -21 -14 -21 -14 -20 -14 -20 -14 -19 -14 -18 -14 -17 -14 -17 -15 -17 -14 -17 -15 -16 -14 -15 -14 -15 -14 -16 -13 -15 -13 -14 -12 -14 -12 -14 -12 -15 -11 -15 -11 -14 -9 -13 -9 -14 0 0 0 0 0 0 0 0 0 0 0 0 0 0 0 0 0 0 0 0 0 0 -14 -18 -13 -19 -13 -20 -12 -21 -12 -21 -12 -22 -12 -22 -11 -23 -11 -24 -11 -24 -10 -24 -10 -24 -11 -25 -10 -25 -10 -24 -11 -24 -11 -23 -11
2025-04-02 16:58:34,CSI_DATA,STA,D8:B1:90:DB:E8:90,-45,11,1,7,0,0,1,1,0,0,1,-94,0,3,0,2523761403,0,110,0,0,97013.4,256,[110 96 6 0 4 -25 4 -25 4 -24 3 -24 2 -24 2 -24 1 -23 1 -23 1 -22 0 -22 -1 -22 -1 -22 -1 -21 0 -21 0 -20 -1 -20 0 -19 0 -19 0 -19 0 -18 0 -18 0 -18 1 -17 1 -16 1 -16 0 0 0 0 0 0 0 0 0 0 0 0 0 0 0 0 0 0 0 0 0 0 1 -21 2 -21 4 -22 3 -22 3 -23 5 -25 5 -23 6 -24 7 -24 6 -25 7 -24 7 -24 7 -24 7 -24 7 -24 7 -24 7 -24 7 -24 6 -26 6 -25 5 -26 5 -26 5 -26 4 -26 4 -26 5 -26 ]
2025-04-02 16:58:37,CSI_DATA,STA,D8:B1:90:DB:E8:90,-45,11,1,7,0,0,1,1,0,0,1,-94,0,3,0,2526770815,0,110,0,0,97016.4,256,[110 96 6 0 -26 5 -25 6 -25 6 -25 5 -24 6 -23 6 -22 6 -22 8 -22 8 -21 8 -20 7 -20 8 -20 8 -20 8 -20 8 -19 8 -19 8 -19 7 -18 7 -19 7 -18 6 -17 5 -17 5 -18 5 -17 3 0 0 0 0 0 0 0 0 0 0 0 0 0 0 0 0 0 0 0 0 0 0 -21 8 -21 7 -22 6 -23 5 -24 5 -24 4 -24 4 -25 4 -25 4 -26 3 -26 2 -26 2 -26 2 -26 2 -25 2 -26 2 -25 2 -26 3 -25 3 -25 4 -25 4 -25 4 -26 5 -26 5 -26 5 -26 6 ]
2025-04-02 16:58:40,CSI_DATA,STA,D8:B1:90:DB:E8:90,-45,11,1,7,0,0,1,1,0,0,1,-94,0,3,0,2529780876,0,110,0,0,97019.4,256,[110 96 6 0 25 1 25 1 24 0 24 1 22 0 22 -1 22 -1 21 -1 21 -2 20 -2 20 -2 20 -3 20 -3 20 -4 20 -4 19 -3 19 -3 19 -3 18 -3 18 -3 17 -2 16 -1 16 -1 16 -1 16 0 0 0 0 0 0 0 0 0 0 0 0 0 0 0 0 0 0 0 0 0 0 0 21 -2 22 -1 22 0 23 1 23 2 24 3 23 3 24 3 24 4 24 5 24 5 25 5 24 6 24 6 25 5 24 5 25 5 24 4 25 3 25 3 25 3 26 2 26 2 26 2 26 2 26 1 ]
2025-04-02 16:58:42,CSI_DATA,STA,00:00:00:00:00:00,-46,11,0,0,0,0,0,0,0,0,0,-94,0,3,0,2531544776,0,14,0,0,97021.2,128,[14 -32 0 0 -31 -21 -32 -21 -31 -22 -31 -23 -29 -22 -28 -22 -26 -21 -24 -20 -21 -19 -19 -18 -16 -16 -14 -14 -11 -11 -7 -9 -5 -7 -3 -5 -1 -3 0 -1 1 1 2 2 3 3 3 4 5 4 5 4 7 4 0 0 0 0 0 0 0 0 0 0 0 0 0 0 0 0 0 0 0 0 0 0 28 16 24 16 22 18 18 16 17 15 16 11 14 9 13 8 12 5 12 3 12 1 11 -1 10 -2 9 -4 7 -5 4 -5 2 -6 -1 -7 -4 -8 -7 -9 -11 -10 -15 -11 -18 -12 -21 -14 -24 -16 -26 -16 ]
2025-04-02 16:58:47,CSI_DATA,STA,D8:B1:90:DB:E8:90,-45,11,1,7,0,0,1,1,0,0,1,-94,0,3,0,2536288118,0,110,0,0,97025.9,256,[110 96 6 0 -21 -14 -21 -13 -19 -12 -20 -13 -19 -12 -20 -11 -19 -10 -19 -10 -18 -9 -18 -9 -19 -9 -19 -9 -19 -8 -17 -7 -18 -8 -17 -8 -17 -8 -17 -7 -16 -7 -15 -7 -15 -8 -14 -8 -14 -9 -13 -8 -13 -8 0 0 0 0 0 0 0 0 0 0 0 0 0 0 0 0 0 0 0 0 0 0 -19 -9 -19 -10 -19 -11 -19 -12 -19 -13 -19 -14 -19 -14 -19 -15 -19 -15 -19 -16 -19 -17 -19 -17 -19 -17 -19 -17 -19 -17 -18 -16 -19 -16 -18 -15 -20 -16 -20
2025-04-02 16:58:52,CSI_DATA,STA,D8:B1:90:DB:E8:90,-45,11,1,7,0,0,1,1,0,0,1,-94,0,3,0,2541297861,0,110,0,0,97030.9,256,[110 96 6 0 -17 19 -16 18 -16 18 -15 17 -14 18 -14 18 -13 17 -13 17 -13 17 -12 17 -11 17 -11 17 -10 17 -10 18 -10 17 -10 17 -10 17 -10 16 -10 16 -10 15 -9 14 -10 14 -10 13 -11 13 -11 12 0 0 0 0 0 0 0 0 0 0 0 0 0 0 0 0 0 0 0 0 0 0 -13 17 -14 16 -15 17 -15 16 -16 17 -17 16 -18 17 -19 16 -19 17 -20 16 -20 16 -20 15 -20 15 -20 15 -20 15 -21 17 -20 16 -20 17 -18 17 -19 17 -18 18 -18 18 -19 19 -18
2025-04-02 16:58:52,CSI_DATA,STA,D8:B1:90:DB:E8:90,-46,11,1,7,0,0,1,1,0,0,1,-94,0,3,0,2541799342,0,110,0,0,97031.4,256,[110 96 6 0 -17 18 -17 18 -16 18 -14 17 -14 17 -13 17 -12 17 -13 17 -12 17 -12 17 -10 17 -11 16 -10 16 -10 16 -10 16 -10 16 -10 16 -10 15 -10 15 -10 14 -10 14 -9 13 -9 13 -11 13 -11 12 0 0 0 0 0 0 0 0 0 0 0 0 0 0 0 0 0 0 0 0 0 0 -14 17 -15 17 -15 16 -16 17 -16 16 -17 16 -18 16 -19 17 -20 17 -20 16 -20 16 -21 16 -20 15 -20 15 -20 16 -20 16 -19 16 -19 17 -19 17 -18 17 -18 18 -18 18 -18 18 -17
2025-04-02 16:58:54,CSI_DATA,STA,D8:B1:90:DB:E8:90,-46,11,1,5,0,0,1,1,1,0,0,-94,0,3,0,2543308027,0,110,0,0,97032.9,384,[110 96 6 0 -28 -30 -29 -31 -27 -31 -26 -33 -24 -32 -23 -31 -20 -29 -18 -27 -16 -25 -14 -22 -13 -19 -11 -16 -9 -13 -6 -10 -5 -7 -4 -4 -3 -2 -2 0 -1 1 -1 3 0 5 0 6 1 7 3 6 4 7 0 0 0 0 0 0 0 0 0 0 0 0 0 0 0 0 0 0 0 0 0 0 30 16 27 18 23 19 20 19 17 17 15 14 13 11 11 7 12 5 11 2 13 0 11 -3 11 -5 11 -7 9 -8 7 -8 5 -9 3 -10 -1 -11 -3 -12 -8 -13 -11 -15 -15 -16 -19 -19 -22 -21 -24 -23 ]
2025-04-02 16:58:54,CSI_DATA,STA,D8:B1:90:DB:E8:90,-46,11,1,6,0,0,1,0,0,0,1,-94,0,3,0,2543803216,0,110,0,0,97033.4,256,[110 96 6 0 -9 43 -9 44 -11 43 -11 43 -11 41 -12 39 -11 36 -12 33 -11 30 -10 26 -10 23 -8 19 -7 16 -5 13 -4 9 -3 6 -1 3 0 1 1 -1 2 -3 2 -5 2 -6 3 -8 4 -9 4 -10 0 0 0 0 0 0 0 0 0 0 0 0 0 0 0 0 0 0 0 0 0 0 -2 -39 1 -37 4 -34 4 -31 4 -28 3 -25 2 -21 0 -19 -2 -16 -4 -14 -7 -12 -8 -11 -9 -9 -10 -7 -11 -5 -11 -3 -11 0 -10 3 -9 7 -7 10 -6 14 -5 19 -5 23 -4 27 -5 32 -7 36 ]
2025-04-02 16:58:59,CSI_DATA,STA,D8:B1:90:DB:E8:90,-46,11,1,7,0,0,1,0,0,0,0,-94,0,3,0,2548318403,0,110,0,0,97038,256,[110 96 6 0 -8 -25 -9 -25 -8 -23 -9 -23 -9 -22 -9 -22 -9 -21 -9 -20 -8 -19 -9 -19 -10 -19 -10 -20 -11 -20 -10 -18 -10 -18 -10 -18 -9 -18 -9 -17 -8 -17 -8 -16 -8 -16 -7 -16 -7 -15 -7 -15 -7 -15 0 0 0 0 0 0 0 0 0 0 0 0 0 0 0 0 0 0 0 0 0 0 -8 -20 -7 -22 -8 -22 -8 -24 -6 -23 -7 -23 -7 -24 -6 -25 -6 -26 -5 -25 -4 -26 -4 -26 -4 -26 -4 -26 -5 -25 -4 -24 -5 -24 -5 -24 -7 -25 -7 -24 -7 -24 -7 -25 -7 -2
2025-04-02 16:58:59,CSI_DATA,STA,D8:B1:90:DB:E8:90,-45,11,1,6,0,0,1,0,0,0,1,-94,0,3,0,2548819092,0,110,0,0,97038.5,256,[110 96 6 0 -26 -5 -26 -4 -25 -4 -24 -3 -24 -2 -23 -2 -23 -2 -23 0 -22 0 -22 0 -22 0 -22 1 -22 1 -22 2 -21 2 -20 1 -20 1 -20 1 -19 1 -19 1 -18 0 -18 0 -17 0 -18 -1 -17 -1 0 0 0 0 0 0 0 0 0 0 0 0 0 0 0 0 0 0 0 0 0 0 -23 -1 -23 -3 -24 -3 -24 -4 -24 -4 -25 -5 -25 -6 -26 -6 -26 -7 -26 -8 -25 -8 -25 -8 -25 -9 -25 -9 -25 -8 -25 -8 -26 -7 -26 -7 -26 -7 -26 -7 -26 -6 -26 -6 -26 -5 -27 -6 -26 -6 -27
2025-04-02 16:59:01,CSI_DATA,STA,D8:B1:90:DB:E8:90,-46,11,1,5,0,0,1,0,0,0,1,-94,0,3,0,2550830153,0,110,0,0,97040.5,256,[110 96 6 0 23 -3 24 -3 23 -4 22 -4 21 -4 21 -5 20 -5 20 -7 20 -7 19 -8 18 -7 18 -7 18 -7 18 -7 18 -7 17 -7 17 -7 17 -7 16 -7 16 -6 15 -5 15 -5 15 -5 15 -5 14 -4 0 0 0 0 0 0 0 0 0 0 0 0 0 0 0 0 0 0 0 0 0 0 20 -7 21 -6 21 -5 22 -4 23 -4 24 -3 24 -2 25 -2 25 -1 25 -1 25 -1 25 -1 25 0 25 0 24 0 24 0 24 -1 24 -1 25 -2 24 -1 25 -2 25 -2 25 -3 25 -2 25 -3 24 -4 ]
2025-04-02 16:59:04,CSI_DATA,STA,D8:B1:90:DB:E8:90,-46,11,1,6,0,0,1,0,0,0,1,-94,0,3,0,2553337499,0,110,0,0,97043,256,[110 96 6 0 11 37 10 38 9 38 9 38 8 37 7 35 6 33 4 31 3 28 3 25 2 21 2 18 1 14 0 11 0 8 0 5 0 2 0 -1 0 -3 0 -4 0 -6 0 -7 -1 -8 -1 -8 -2 -9 0 0 0 0 0 0 0 0 0 0 0 0 0 0 0 0 0 0 0 0 0 0 -16 -31 -12 -30 -7 -29 -7 -27 -7 -24 -6 -22 -6 -17 -7 -15 -8 -13 -9 -11 -10 -8 -10 -6 -11 -4 -11 -2 -10 0 -9 2 -8 4 -6 7 -4 9 -2 12 1 15 3 18 5 20 7 24 9 27 9 30 ]
2025-04-02 16:59:04,CSI_DATA,STA,D8:B1:90:DB:E8:90,-46,11,1,6,0,0,1,0,0,0,1,-94,0,3,0,2553837201,0,110,0,0,97043.5,256,[110 96 6 0 10 -41 12 -42 13 -41 13 -42 14 -40 14 -38 14 -35 14 -32 14 -29 13 -25 11 -22 10 -18 8 -14 6 -11 4 -8 2 -5 0 -3 -2 -1 -4 0 -5 1 -6 3 -6 4 -6 5 -7 5 -7 6 0 0 0 0 0 0 0 0 0 0 0 0 0 0 0 0 0 0 0 0 0 0 6 36 3 35 0 32 -2 29 -2 26 -1 23 0 20 2 17 4 15 6 13 7 11 9 9 10 7 10 5 11 3 11 1 10 -1 10 -4 9 -8 8 -11 7 -15 6 -19 6 -23 5 -28 5 -31 7 -35 ]
2025-04-02 16:59:05,CSI_DATA,STA,D8:B1:90:DB:E8:90,-46,11,1,6,0,0,1,0,0,0,1,-94,0,3,0,2554337514,0,110,0,0,97044,256,[110 96 6 0 -19 -40 -19 -41 -17 -40 -17 -41 -16 -40 -14 -39 -12 -36 -11 -34 -9 -32 -7 -28 -7 -25 -5 -21 -4 -17 -3 -14 -2 -10 -2 -6 -2 -3 -2 0 -2 2 -2 4 -2 5 -1 7 -1 8 -1 8 0 9 0 0 0 0 0 0 0 0 0 0 0 0 0 0 0 0 0 0 0 0 0 0 27 25 22 26 19 25 17 23 15 22 13 18 12 15 12 12 13 9 13 6 13 4 13 2 13 0 12 -2 11 -4 9 -6 7 -8 5 -10 2 -12 -1 -14 -5 -17 -7 -20 -10 -22 -13 -26 -15 -28 -15 -32 ]
2025-04-02 16:59:16,CSI_DATA,STA,D8:B1:90:DB:E8:90,-46,11,1,5,0,0,1,0,0,0,0,-94,0,3,0,2565870945,0,110,0,0,97055.5,256,[110 96 6 0 -35 -25 -35 -26 -34 -26 -34 -28 -32 -27 -30 -27 -27 -25 -25 -24 -22 -22 -19 -20 -17 -17 -14 -14 -12 -12 -8 -10 -6 -7 -4 -4 -2 -2 -1 0 1 2 1 3 3 5 4 6 5 6 6 5 7 6 0 0 0 0 0 0 0 0 0 0 0 0 0 0 0 0 0 0 0 0 0 0 31 18 27 19 23 20 20 19 18 17 16 14 14 12 13 9 12 5 12 2 11 0 11 -2 10 -5 9 -6 8 -7 5 -7 3 -8 0 -9 -4 -11 -7 -11 -11 -12 -15 -13 -19 -14 -23 -16 -26 -17 -28 -19 ]
2025-04-02 16:59:17,CSI_DATA,STA,D8:B1:90:DB:E8:90,-47,11,1,6,0,0,1,0,0,0,1,-94,0,3,0,2566374517,0,110,0,0,97056,256,[110 96 6 0 15 38 15 39 13 39 13 38 12 38 10 36 9 34 7 32 6 28 4 25 4 22 3 19 2 14 1 11 1 8 1 4 1 1 1 -1 1 -3 1 -5 1 -7 0 -8 0 -9 0 -9 -1 -10 0 0 0 0 0 0 0 0 0 0 0 0 0 0 0 0 0 0 0 0 0 0 -21 -29 -17 -29 -14 -28 -12 -26 -10 -23 -9 -20 -9 -17 -10 -13 -10 -11 -11 -8 -12 -6 -12 -4 -12 -2 -12 0 -11 1 -11 3 -9 5 -7 7 -3 9 -1 12 2 14 5 18 7 20 10 23 12 27 13 30 ]
2025-04-02 16:59:19,CSI_DATA,STA,D8:B1:90:DB:E8:90,-45,11,1,6,0,0,1,0,0,0,1,-94,0,3,0,2568382344,0,110,0,0,97058,256,[110 96 6 0 10 -20 10 -20 10 -19 9 -19 9 -19 8 -19 8 -19 7 -19 7 -19 7 -19 5 -18 5 -18 4 -18 5 -18 5 -17 4 -18 5 -17 5 -17 5 -17 5 -16 4 -15 5 -15 5 -14 5 -14 6 -14 0 0 0 0 0 0 0 0 0 0 0 0 0 0 0 0 0 0 0 0 0 0 9 -19 10 -18 10 -17 11 -17 13 -19 13 -18 13 -17 13 -17 14 -18 14 -18 15 -18 15 -17 15 -17 15 -17 14 -18 14 -18 13 -18 14 -19 13 -19 13 -19 12 -20 12 -20 12 -20 12 -20 11 -20 12 -20 ]
2025-04-02 16:59:20,CSI_DATA,STA,D8:B1:90:DB:E8:90,-45,11,1,6,0,0,1,0,0,0,1,-94,0,3,0,2569893538,0,110,0,0,97059.5,256,[110 96 6 0 15 20 15 20 15 18 16 18 16 18 16 17 16 16 15 15 15 14 15 14 15 14 16 14 15 14 15 13 15 12 15 13 14 12 14 11 14 11 13 11 12 11 12 11 11 12 11 11 10 12 0 0 0 0 0 0 0 0 0 0 0 0 0 0 0 0 0 0 0 0 0 0 15 15 15 16 13 18 14 17 14 18 13 19 14 20 14 20 13 21 13 22 12 22 12 22 13 22 12 23 11 22 12 21 12 21 13 21 13 21 14 21 15 20 15 21 15 20 16 21 16 20 16 20 ]
2025-04-02 16:59:23,CSI_DATA,STA,D8:B1:90:DB:E8:90,-53,11,1,6,0,0,1,0,0,0,1,-94,0,3,0,2572402036,0,110,0,0,97062,256,[110 96 6 0 -1 0 -1 0 -2 1 13 -21 11 -21 9 -21 7 -21 -11 1 -11 1 -10 3 -10 3 -20 13 -19 13 -18 13 -17 14 -2 2 -2 1 -2 0 -1 0 12 15 12 13 12 12 12 11 8 20 8 19 0 0 0 0 0 0 0 0 0 0 0 0 0 0 0 0 0 0 0 0 0 0 -17 14 -18 14 -4 -25 -5 -24 -6 -25 -7 -25 7 1 7 1 8 1 8 1 -5 35 -3 35 -1 35 1 34 -4 -26 -6 -26 -8 -24 -9 -24 12 -16 11 -17 10 -17 9 -18 -32 -21 -33 -18 -34 -16 12 -7 ]
2025-04-02 16:59:26,CSI_DATA,STA,D8:B1:90:DB:E8:90,-46,11,1,6,0,0,1,0,0,0,0,-94,0,3,0,2575407446,0,110,0,0,97065,256,[110 96 6 0 41 12 42 13 41 14 42 14 39 15 38 15 35 15 32 15 28 14 25 13 22 11 18 10 14 8 10 7 7 4 5 2 2 1 0 -1 -1 -2 -2 -3 -4 -4 -5 -4 -6 -4 -8 -3 -9 -3 0 0 0 0 0 0 0 0 0 0 0 0 0 0 0 0 0 0 0 0 0 0 -39 -5 -37 -8 -33 -10 -30 -10 -27 -9 -24 -8 -21 -6 -19 -4 -17 -2 -14 0 -13 3 -11 5 -9 7 -7 8 -5 9 -3 9 -1 9 2 9 6 9 10 9 14 8 18 9 21 7 26 7 30 8 33 9 ]
2025-04-02 16:59:26,CSI_DATA,STA,D8:B1:90:DB:E8:90,-46,11,1,5,0,0,1,0,0,0,1,-94,0,3,0,2575907434,0,110,0,0,97065.5,256,[110 96 6 0 -41 15 -42 15 -42 15 -42 14 -41 13 -40 11 -37 10 -35 8 -31 7 -28 5 -25 4 -21 3 -18 2 -13 2 -9 1 -6 1 -3 1 -1 0 2 0 3 0 4 0 5 0 6 -2 7 -3 8 -4 0 0 0 0 0 0 0 0 0 0 0 0 0 0 0 0 0 0 0 0 0 0 33 -20 33 -16 31 -12 29 -10 26 -9 23 -8 20 -8 16 -8 13 -9 10 -9 7 -10 5 -11 2 -12 0 -12 -2 -11 -5 -10 -7 -8 -9 -6 -11 -4 -14 -2 -17 1 -20 3 -22 8 -25 9 -29 12 -32 13 ]
2025-04-02 16:59:27,CSI_DATA,STA,D8:B1:90:DB:E8:90,-45,11,1,7,0,0,1,0,0,0,1,-94,0,3,0,2576409245,0,110,0,0,97066,256,[110 96 6 0 -24 -13 -25 -12 -23 -11 -23 -11 -22 -10 -22 -9 -22 -9 -22 -7 -21 -7 -21 -6 -21 -7 -22 -6 -22 -6 -21 -5 -21 -5 -20 -5 -20 -4 -20 -4 -19 -5 -19 -4 -18 -5 -17 -6 -17 -6 -17 -5 -17 -6 0 0 0 0 0 0 0 0 0 0 0 0 0 0 0 0 0 0 0 0 0 0 -22 -8 -22 -9 -21 -11 -21 -11 -22 -12 -22 -13 -21 -13 -22 -15 -22 -15 -22 -16 -21 -16 -21 -16 -22 -16 -22 -16 -23 -17 -22 -16 -23 -15 -23 -15 -24 -15 -24 -14 -2
2025-04-02 16:59:30,CSI_DATA,STA,D8:B1:90:DB:E8:90,-45,11,1,7,0,0,1,0,0,0,1,-94,0,3,0,2579914324,0,110,0,0,97069.5,256,[110 96 6 0 18 18 18 18 17 16 18 16 17 15 17 15 17 14 18 13 17 11 17 12 17 12 17 12 17 12 17 11 17 11 16 11 16 10 15 10 15 10 15 10 14 10 13 10 13 10 12 10 12 10 0 0 0 0 0 0 0 0 0 0 0 0 0 0 0 0 0 0 0 0 0 0 19 12 18 13 18 14 17 15 17 15 18 17 17 18 17 18 16 19 17 19 16 19 16 20 16 20 16 20 16 19 16 19 17 19 17 18 17 19 17 19 18 18 18 19 17 18 18 19 19 18 19 17 ]
2025-04-02 16:59:31,CSI_DATA,STA,D8:B1:90:DB:E8:90,-45,11,1,7,0,0,1,0,0,0,1,-94,0,3,0,2580414417,0,110,0,0,97070,256,[110 96 6 0 20 15 20 14 19 13 20 13 19 12 19 12 19 11 19 10 18 9 19 8 19 9 19 8 18 8 18 7 18 7 18 7 17 7 17 7 16 7 16 6 15 7 15 7 14 7 14 7 14 8 0 0 0 0 0 0 0 0 0 0 0 0 0 0 0 0 0 0 0 0 0 0 18 7 19 10 19 11 18 11 18 13 18 12 19 14 19 15 19 15 19 17 19 16 19 16 19 16 19 17 18 16 18 16 18 16 18 15 19 16 19 16 20 15 20 15 21 15 21 15 21 15 21 14 ]
2025-04-02 16:59:31,CSI_DATA,STA,D8:B1:90:DB:E8:90,-45,11,1,7,0,0,1,0,0,0,1,-94,0,3,0,2580917292,0,110,0,0,97070.5,256,[110 96 6 0 21 4 21 3 21 3 20 3 20 2 19 2 19 2 19 0 18 -1 18 -1 17 -1 18 -1 18 -1 18 -2 18 -2 17 -1 16 -1 16 -1 16 -1 16 -1 15 0 14 0 14 0 14 0 14 1 0 0 0 0 0 0 0 0 0 0 0 0 0 0 0 0 0 0 0 0 0 0 19 0 19 1 20 1 20 2 20 3 21 3 20 4 21 4 21 5 21 6 21 5 21 5 21 6 21 6 21 6 21 5 21 5 21 5 21 5 21 5 22 4 22 4 21 4 22 4 22 4 22 3 ]
2025-04-02 16:59:37,CSI_DATA,STA,D8:B1:90:DB:E8:90,-46,11,1,6,0,0,1,0,0,0,1,-94,0,3,0,2586432219,0,110,0,0,97076.1,256,[110 96 6 0 -43 -10 -44 -11 -43 -11 -43 -12 -41 -12 -40 -12 -37 -12 -34 -12 -30 -12 -27 -11 -23 -10 -20 -8 -16 -7 -12 -6 -8 -5 -5 -3 -2 -2 -1 0 2 1 3 2 5 2 6 3 7 3 8 2 10 2 0 0 0 0 0 0 0 0 0 0 0 0 0 0 0 0 0 0 0 0 0 0 38 4 35 7 32 9 29 9 26 8 23 7 20 6 17 3 15 1 13 -2 11 -4 10 -7 8 -8 6 -10 4 -11 2 -10 -1 -10 -4 -10 -8 -10 -11 -9 -15 -8 -19 -8 -23 -6 -27 -7 -32 -6 -35 -6 ]
2025-04-02 16:59:38,CSI_DATA,STA,D8:B1:90:DB:E8:90,-45,11,1,7,0,0,1,0,0,0,1,-94,0,3,0,2587945743,0,110,0,0,97077.6,256,[110 96 6 0 -27 -4 -27 -3 -26 -2 -26 -3 -25 -2 -25 -2 -24 -1 -24 0 -23 1 -23 1 -23 0 -22 1 -22 2 -22 2 -22 2 -21 2 -20 2 -20 2 -20 1 -19 1 -19 0 -18 0 -18 0 -18 0 -17 -1 0 0 0 0 0 0 0 0 0 0 0 0 0 0 0 0 0 0 0 0 0 0 -23 1 -23 0 -24 -1 -25 -2 -25 -2 -26 -3 -26 -3 -26 -4 -27 -5 -27 -6 -26 -6 -26 -6 -26 -7 -26 -7 -26 -6 -26 -6 -26 -5 -26 -5 -27 -6 -27 -5 -27 -4 -28 -5 -27 -3 -27 -4 -27 -4 -27 -3
2025-04-02 16:59:42,CSI_DATA,STA,00:00:00:00:00:00,-47,11,0,0,0,0,0,0,0,0,0,-94,0,3,0,2591547205,0,14,0,0,97081.2,128,[14 -32 0 0 40 2 42 3 41 3 41 4 39 5 38 6 35 5 32 6 29 6 25 5 22 5 18 4 14 3 10 3 7 2 4 0 1 0 -1 -2 -3 -2 -4 -3 -5 -4 -6 -3 -7 -3 -8 -2 -10 -1 0 0 0 0 0 0 0 0 0 0 0 0 0 0 0 0 0 0 0 0 0 0 -36 -1 -34 -4 -31 -6 -28 -7 -24 -7 -22 -6 -19 -4 -16 -2 -14 1 -12 3 -10 5 -8 7 -7 9 -6 9 -4 10 -2 9 0 9 3 8 7 7 10 6 14 4 17 4 21 1 25 1 29 0 33 0 ]
2025-04-02 16:59:44,CSI_DATA,STA,D8:B1:90:DB:E8:90,-46,11,1,6,0,0,1,0,0,0,1,-94,0,3,0,2593464308,0,110,0,0,97083.1,256,[110 96 6 0 -3 41 -3 43 -4 42 -5 42 -5 41 -6 39 -6 36 -7 33 -6 30 -6 27 -6 23 -5 19 -5 15 -4 11 -3 8 -2 5 -1 1 0 -1 1 -3 1 -4 1 -6 0 -6 0 -8 0 -9 -1 -10 0 0 0 0 0 0 0 0 0 0 0 0 0 0 0 0 0 0 0 0 0 0 8 -36 11 -34 12 -30 12 -28 11 -24 9 -22 7 -19 5 -16 2 -14 0 -12 -3 -11 -5 -9 -7 -8 -8 -7 -9 -4 -9 -2 -9 1 -9 4 -8 7 -7 10 -5 14 -5 18 -4 22 -2 25 -2 30 -3 34 ]
2025-04-02 16:59:46,CSI_DATA,STA,D8:B1:90:DB:E8:90,-45,11,1,7,0,0,1,0,0,0,1,-94,0,3,0,2595969322,0,110,0,0,97085.6,256,[110 96 6 0 -16 20 -16 20 -15 20 -15 19 -14 19 -13 19 -13 19 -12 19 -11 19 -11 19 -10 18 -10 19 -10 19 -10 19 -10 19 -9 18 -9 18 -10 17 -10 16 -10 16 -9 15 -9 15 -9 14 -10 14 -11 13 0 0 0 0 0 0 0 0 0 0 0 0 0 0 0 0 0 0 0 0 0 0 -12 19 -13 19 -14 18 -15 18 -16 17 -17 18 -18 18 -19 18 -20 18 -19 18 -19 18 -19 17 -19 17 -19 17 -18 17 -19 18 -18 18 -18 18 -18 19 -18 19 -17 19 -18 19 -17 20 -17 20
2025-04-02 16:59:47,CSI_DATA,STA,D8:B1:90:DB:E8:90,-46,11,1,6,0,0,1,0,0,0,1,-94,0,3,0,2596469321,0,110,0,0,97086.1,256,[110 96 6 0 -45 -4 -44 -4 -45 -5 -44 -6 -43 -6 -41 -7 -38 -7 -35 -8 -32 -8 -28 -8 -24 -7 -21 -6 -16 -5 -12 -4 -8 -3 -5 -2 -2 0 0 1 2 1 3 2 5 3 6 3 7 3 8 1 10 1 0 0 0 0 0 0 0 0 0 0 0 0 0 0 0 0 0 0 0 0 0 0 38 -2 35 2 33 4 29 5 27 5 23 3 20 2 17 0 15 -2 12 -4 10 -6 8 -8 6 -10 5 -11 3 -11 0 -11 -3 -10 -5 -10 -9 -9 -12 -8 -16 -6 -20 -5 -24 -3 -27 -3 -32 -2 -35 -2 ]
2025-04-02 16:59:57,CSI_DATA,STA,D8:B1:90:DB:E8:90,-45,11,1,7,0,0,1,0,0,0,1,-94,0,3,0,2606485258,0,110,0,0,97096.1,256,[110 96 6 0 -21 -11 -21 -11 -20 -10 -21 -9 -20 -9 -20 -8 -20 -8 -20 -6 -20 -6 -20 -6 -20 -6 -19 -5 -18 -5 -18 -4 -18 -4 -18 -5 -18 -4 -17 -4 -17 -4 -16 -5 -16 -5 -15 -6 -14 -6 -14 -5 -14 -6 0 0 0 0 0 0 0 0 0 0 0 0 0 0 0 0 0 0 0 0 0 0 -20 -6 -20 -7 -21 -8 -21 -9 -21 -10 -21 -11 -21 -10 -21 -11 -21 -12 -21 -13 -20 -13 -20 -14 -20 -14 -20 -14 -21 -13 -20 -13 -21 -13 -20 -12 -21 -13 -21 -12 -22
2025-04-02 16:59:58,CSI_DATA,STA,D8:B1:90:DB:E8:90,-45,11,1,7,0,0,1,0,0,0,1,-94,0,3,0,2607485245,0,110,0,0,97097.1,256,[110 96 6 0 -13 23 -13 23 -12 22 -11 21 -11 21 -10 21 -9 20 -9 20 -9 20 -8 20 -7 20 -7 20 -7 20 -7 19 -7 19 -6 19 -7 19 -7 17 -7 17 -7 17 -7 16 -6 16 -7 15 -8 14 -7 13 0 0 0 0 0 0 0 0 0 0 0 0 0 0 0 0 0 0 0 0 0 0 -9 21 -11 21 -12 21 -13 21 -13 21 -14 21 -15 22 -16 22 -16 22 -17 21 -18 21 -18 21 -17 21 -17 21 -17 20 -17 21 -16 20 -16 21 -16 21 -15 21 -15 22 -15 22 -15 22 -14 23 -14 23 -14 23 ]
2025-04-02 16:59:58,CSI_DATA,STA,D8:B1:90:DB:E8:90,-45,11,1,7,0,0,1,1,0,0,1,-94,0,3,0,2607985331,0,110,0,0,97097.6,256,[110 96 6 0 -14 -20 -14 -19 -13 -17 -14 -18 -14 -17 -14 -17 -14 -16 -13 -15 -13 -14 -13 -14 -14 -14 -14 -13 -14 -13 -13 -12 -13 -12 -14 -12 -13 -12 -13 -12 -12 -11 -12 -11 -12 -11 -11 -11 -11 -11 -10 -10 -10 -11 0 0 0 0 0 0 0 0 0 0 0 0 0 0 0 0 0 0 0 0 0 0 -13 -15 -14 -16 -13 -17 -12 -18 -12 -19 -11 -18 -13 -19 -12 -20 -11 -21 -12 -20 -11 -21 -11 -22 -11 -22 -11 -22 -11 -21 -11 -21 -11 -21 -1
2025-04-02 17:00:02,CSI_DATA,STA,D8:B1:90:DB:E8:90,-45,11,1,7,0,0,1,1,0,0,1,-94,0,3,0,2611993449,0,110,0,0,97101.6,256,[110 96 6 0 22 -11 22 -12 22 -12 21 -12 20 -12 20 -12 18 -12 18 -13 18 -13 17 -13 16 -13 16 -13 16 -13 16 -14 16 -13 15 -12 15 -13 15 -12 15 -12 15 -12 14 -10 13 -10 13 -9 14 -9 14 -8 0 0 0 0 0 0 0 0 0 0 0 0 0 0 0 0 0 0 0 0 0 0 19 -14 20 -13 21 -12 22 -12 22 -11 23 -11 24 -11 25 -11 25 -10 26 -10 26 -10 26 -9 25 -9 25 -9 25 -9 25 -9 25 -10 25 -10 25 -10 24 -10 24 -11 25 -11 25 -12 24 -12 25
2025-04-02 17:00:03,CSI_DATA,STA,D8:B1:90:DB:E8:90,-45,11,1,7,0,0,1,1,0,0,1,-94,0,3,0,2612493241,0,110,0,0,97102.1,256,[110 96 6 0 12 -22 11 -22 12 -21 11 -21 10 -21 9 -21 9 -20 8 -21 8 -21 7 -20 6 -20 6 -19 6 -19 6 -19 6 -19 5 -19 6 -19 6 -18 6 -18 6 -17 5 -17 5 -16 6 -15 6 -15 6 -15 0 0 0 0 0 0 0 0 0 0 0 0 0 0 0 0 0 0 0 0 0 0 8 -22 9 -21 11 -22 12 -21 12 -21 14 -21 14 -20 14 -20 15 -21 16 -20 16 -21 16 -21 16 -21 16 -21 15 -20 15 -21 15 -21 15 -21 15 -21 14 -22 14 -22 14 -23 14 -22 13 -22 13 -22 14 -22 ]
2025-04-02 17:00:04,CSI_DATA,STA,D8:B1:90:DB:E8:90,-45,11,1,7,0,0,1,1,0,0,1,-94,0,3,0,2612993291,0,110,0,0,97102.6,256,[110 96 6 0 15 21 15 20 15 19 15 19 15 18 15 18 15 17 14 16 14 15 14 15 15 15 15 14 15 14 15 13 14 13 14 13 13 12 13 12 12 12 12 11 12 12 11 12 11 11 10 11 10 11 0 0 0 0 0 0 0 0 0 0 0 0 0 0 0 0 0 0 0 0 0 0 17 15 16 16 17 17 14 18 15 19 15 17 14 19 14 20 13 21 13 22 13 22 13 22 13 23 13 23 12 23 12 22 13 22 13 22 14 21 14 21 14 21 16 22 15 21 15 22 16 21 15 20 ]
2025-04-02 17:00:04,CSI_DATA,STA,D8:B1:90:DB:E8:90,-45,11,1,7,0,0,1,1,0,0,1,-94,0,3,0,2613497171,0,110,0,0,97103.1,256,[110 96 6 0 -10 24 -10 24 -10 23 -9 23 -8 23 -7 23 -6 22 -6 21 -6 21 -6 20 -4 20 -4 21 -4 21 -4 20 -4 20 -4 20 -4 19 -4 18 -4 18 -4 17 -3 16 -3 16 -4 15 -4 16 -5 16 0 0 0 0 0 0 0 0 0 0 0 0 0 0 0 0 0 0 0 0 0 0 -8 22 -9 22 -10 21 -11 21 -12 22 -12 22 -12 23 -13 23 -13 23 -14 23 -15 22 -15 22 -15 22 -15 22 -14 22 -15 22 -14 22 -14 22 -13 23 -12 23 -12 23 -11 24 -12 24 -11 24 -11 24 -11 24 ]
2025-04-02 17:00:07,CSI_DATA,STA,D8:B1:90:DB:E8:90,-45,11,1,7,0,0,1,1,0,0,1,-94,0,3,0,2616503844,0,110,0,0,97106.1,256,[110 96 6 0 7 25 8 25 7 23 8 23 8 23 8 22 9 21 9 21 8 20 9 19 10 19 10 19 10 19 10 18 10 18 10 19 9 18 9 17 9 17 8 16 8 17 8 16 7 16 7 16 6 16 0 0 0 0 0 0 0 0 0 0 0 0 0 0 0 0 0 0 0 0 0 0 9 19 8 20 7 21 6 22 6 22 5 23 5 24 5 25 4 25 4 26 3 26 3 25 3 26 3 26 4 25 4 25 4 25 4 25 5 26 6 26 6 26 6 26 7 25 7 26 7 26 7 25 ]
2025-04-02 17:00:09,CSI_DATA,STA,D8:B1:90:DB:E8:90,-45,11,1,7,0,0,1,1,0,0,1,-94,0,3,0,2619018047,0,110,0,0,97108.6,256,[110 96 6 0 -22 8 -22 9 -21 9 -21 9 -20 9 -20 9 -19 9 -18 10 -17 11 -18 10 -17 10 -16 10 -16 10 -16 10 -16 10 -15 10 -16 10 -15 10 -15 10 -15 9 -14 8 -13 8 -13 7 -14 7 -14 6 0 0 0 0 0 0 0 0 0 0 0 0 0 0 0 0 0 0 0 0 0 0 -18 10 -19 9 -18 8 -20 8 -20 7 -21 8 -22 8 -23 7 -23 7 -23 6 -24 6 -24 6 -24 5 -24 5 -23 6 -23 6 -24 6 -23 6 -24 7 -23 8 -23 9 -23 8 -23 9 -23 8 -23 9 -23 10 ]
2025-04-02 17:00:13,CSI_DATA,STA,D8:B1:90:DB:E8:90,-45,11,1,7,0,0,1,1,0,0,1,-94,0,3,0,2623046404,0,110,0,0,97112.7,256,[110 96 6 0 24 6 24 6 23 5 23 5 22 4 22 4 21 3 21 2 21 1 20 1 20 2 20 1 20 1 20 0 20 0 19 1 19 0 19 1 18 1 18 1 17 1 16 2 15 2 16 2 16 3 0 0 0 0 0 0 0 0 0 0 0 0 0 0 0 0 0 0 0 0 0 0 22 2 22 3 22 4 22 5 22 6 23 6 22 7 23 8 23 9 23 9 23 9 23 9 23 10 23 10 23 10 23 9 23 9 23 8 23 8 23 8 24 7 25 7 24 6 25 7 25 7 25 6 ]
2025-04-02 17:00:14,CSI_DATA,STA,D8:B1:90:DB:E8:90,-46,11,1,6,0,0,1,0,0,0,1,-94,0,3,0,2623544623,0,110,0,0,97113.2,256,[110 96 6 0 -31 -32 -31 -33 -30 -33 -30 -32 -29 -32 -27 -31 -25 -29 -22 -27 -20 -25 -17 -22 -15 -19 -12 -16 -9 -13 -6 -10 -4 -7 -2 -4 -1 -2 0 0 2 2 2 3 4 4 5 4 6 4 7 4 9 4 0 0 0 0 0 0 0 0 0 0 0 0 0 0 0 0 0 0 0 0 0 0 15 34 11 33 9 31 7 29 6 26 5 22 5 19 6 16 6 13 7 10 8 6 8 4 8 1 8 -1 7 -3 6 -4 4 -6 2 -8 -3 -10 -6 -12 -10 -14 -14 -16 -17 -18 -21 -20 -24 -23 -25 -25 ]
2025-04-02 17:00:15,CSI_DATA,STA,D8:B1:90:DB:E8:90,-45,11,1,7,0,0,1,0,0,0,0,-94,0,3,0,2624044509,0,110,0,0,97113.7,256,[110 96 6 0 -24 5 -23 6 -23 5 -22 5 -21 6 -21 6 -20 6 -21 7 -20 7 -20 7 -19 7 -19 7 -18 7 -19 7 -18 7 -18 7 -17 7 -18 6 -17 6 -17 6 -16 5 -16 5 -15 4 -15 4 -15 3 0 0 0 0 0 0 0 0 0 0 0 0 0 0 0 0 0 0 0 0 0 0 -21 8 -20 6 -20 8 -20 8 -23 6 -22 6 -23 6 -23 6 -23 5 -24 4 -25 4 -25 4 -24 3 -24 3 -24 3 -25 3 -24 4 -25 4 -24 3 -24 4 -24 4 -24 4 -24 5 -24 5 -24 6 -24 6 ]
2025-04-02 17:00:15,CSI_DATA,STA,D8:B1:90:DB:E8:90,-45,11,1,6,0,0,1,0,0,0,1,-94,0,3,0,2624544470,0,110,0,0,97114.2,256,[110 96 6 0 -7 26 -6 26 -7 25 -6 24 -4 24 -4 24 -4 23 -3 23 -3 22 -3 22 -2 22 -2 22 -1 22 -1 21 -1 21 -1 21 -2 21 -2 20 -2 19 -2 19 -1 18 -1 18 -2 17 -3 17 -3 16 0 0 0 0 0 0 0 0 0 0 0 0 0 0 0 0 0 0 0 0 0 0 -4 23 -5 23 -5 23 -6 24 -7 24 -8 25 -8 25 -9 25 -9 25 -10 25 -11 25 -11 25 -11 25 -10 25 -10 25 -10 25 -10 25 -10 25 -9 26 -8 26 -8 26 -7 26 -8 27 -8 27 -8 27 -8 26 ]
2025-04-02 17:00:18,CSI_DATA,STA,D8:B1:90:DB:E8:90,-45,11,1,5,0,0,1,0,0,0,1,-94,0,3,0,2628052632,0,110,0,0,97117.7,256,[110 96 6 0 -21 -16 -20 -15 -20 -14 -19 -14 -19 -13 -19 -13 -19 -12 -18 -11 -18 -11 -18 -10 -19 -10 -19 -10 -19 -9 -18 -8 -18 -8 -18 -10 -17 -9 -17 -9 -16 -9 -15 -8 -15 -9 -14 -9 -14 -9 -14 -8 -13 -8 0 0 0 0 0 0 0 0 0 0 0 0 0 0 0 0 0 0 0 0 0 0 -19 -11 -19 -12 -18 -13 -18 -14 -18 -14 -18 -15 -18 -16 -18 -16 -17 -17 -18 -18 -18 -18 -18 -18 -18 -18 -18 -18 -18 -18 -18 -17 -18 -17 -18 -17 -18 -1
2025-04-02 17:00:19,CSI_DATA,STA,D8:B1:90:DB:E8:90,-46,11,1,6,0,0,1,0,0,0,1,-94,0,3,0,2628552490,0,110,0,0,97118.2,256,[110 96 6 0 -1 -40 0 -41 1 -40 2 -40 2 -38 3 -36 3 -34 3 -31 4 -28 4 -25 3 -21 3 -17 2 -14 2 -10 1 -7 1 -4 -1 -1 -1 1 -2 2 -2 3 -1 5 -1 5 0 6 0 7 1 8 0 0 0 0 0 0 0 0 0 0 0 0 0 0 0 0 0 0 0 0 0 0 -10 33 -12 31 -12 27 -14 24 -11 21 -10 19 -9 16 -6 14 -4 13 -2 11 1 9 3 7 4 6 5 5 6 3 7 1 6 -2 6 -5 5 -7 4 -10 3 -14 2 -18 1 -21 -1 -25 0 -29 1 -32 ]
2025-04-02 17:00:25,CSI_DATA,STA,D8:B1:90:DB:E8:90,-46,11,1,6,0,0,1,0,0,0,1,-93,0,3,0,2635076015,0,110,0,0,97124.7,256,[110 96 6 0 23 38 23 39 21 38 21 39 20 38 17 36 16 34 13 32 11 28 9 25 8 22 6 17 5 14 4 10 3 6 3 2 2 0 2 -2 2 -4 2 -5 1 -7 0 -8 -1 -8 -1 -8 -3 -9 0 0 0 0 0 0 0 0 0 0 0 0 0 0 0 0 0 0 0 0 0 0 -28 -27 -24 -28 -20 -28 -18 -26 -16 -23 -14 -20 -13 -17 -13 -13 -12 -10 -13 -7 -13 -4 -13 -1 -13 1 -13 3 -12 5 -10 6 -8 7 -6 9 -1 11 1 13 6 15 9 18 12 20 16 23 18 27 19 29 ]
2025-04-02 17:00:26,CSI_DATA,STA,D8:B1:90:DB:E8:90,-46,11,1,6,0,0,1,0,0,0,1,-93,0,3,0,2636083698,0,110,0,0,97125.7,256,[110 96 6 0 39 23 39 23 38 24 38 24 36 24 34 24 31 23 28 22 25 21 21 18 18 16 15 14 11 11 8 8 5 5 2 2 1 0 -1 -2 -2 -4 -3 -5 -4 -7 -5 -7 -6 -7 -7 -6 -9 -6 0 0 0 0 0 0 0 0 0 0 0 0 0 0 0 0 0 0 0 0 0 0 -35 -19 -31 -20 -28 -21 -25 -21 -23 -19 -20 -16 -18 -14 -16 -11 -15 -7 -14 -5 -13 -2 -12 1 -11 3 -10 5 -8 7 -6 7 -3 8 0 9 4 10 8 10 12 11 17 12 21 12 25 14 29 16 32 17 ]
2025-04-02 17:00:35,CSI_DATA,STA,D8:B1:90:DB:E8:90,-46,11,1,7,0,0,1,0,0,0,1,-93,0,3,0,2645103148,0,110,0,0,97134.7,256,[110 96 6 0 -44 0 -45 -1 -45 -1 -44 -2 -42 -2 -41 -3 -38 -3 -35 -3 -32 -4 -29 -4 -26 -4 -22 -3 -18 -3 -14 -3 -11 -2 -8 -2 -4 -1 -2 -1 1 -1 2 -1 4 0 6 0 7 0 9 -1 10 -2 0 0 0 0 0 0 0 0 0 0 0 0 0 0 0 0 0 0 0 0 0 0 36 -1 34 2 31 4 28 4 25 4 22 3 20 1 17 -1 15 -3 13 -5 11 -7 9 -8 8 -9 6 -10 4 -10 1 -9 -2 -8 -5 -7 -9 -6 -12 -4 -16 -3 -21 -2 -25 1 -29 0 -33 1 -37 1 ]
2025-04-02 17:00:37,CSI_DATA,STA,D8:B1:90:DB:E8:90,-46,11,1,3,0,0,1,0,0,0,0,-93,0,3,0,2647111766,0,110,0,0,97136.7,256,[110 96 6 0 44 -1 44 -1 44 0 43 1 42 2 40 2 37 3 35 4 31 3 28 3 24 3 21 2 17 2 13 2 9 1 6 0 3 0 0 -2 -2 -2 -4 -3 -5 -4 -6 -5 -8 -4 -9 -4 -10 -4 0 0 0 0 0 0 0 0 0 0 0 0 0 0 0 0 0 0 0 0 0 0 -36 15 -35 11 -33 7 -30 6 -27 5 -24 5 -21 5 -17 6 -15 8 -12 9 -10 10 -8 11 -6 13 -4 12 -2 12 -1 10 2 9 5 7 8 6 12 4 16 2 20 0 24 -3 28 -3 32 -4 36 -4 ]
2025-04-02 17:00:41,CSI_DATA,STA,D8:B1:90:DB:E8:90,-46,11,1,6,0,0,1,0,0,0,1,-93,0,3,0,2650620399,0,110,0,0,97140.3,256,[110 96 6 0 -13 -21 -14 -20 -12 -19 -14 -19 -13 -18 -13 -18 -13 -17 -13 -16 -12 -16 -13 -15 -14 -15 -14 -15 -14 -15 -13 -14 -13 -14 -13 -14 -12 -14 -12 -13 -11 -13 -11 -13 -11 -13 -10 -13 -10 -13 -9 -13 -9 -13 0 0 0 0 0 0 0 0 0 0 0 0 0 0 0 0 0 0 0 0 0 0 -14 -15 -13 -17 -12 -18 -12 -19 -12 -19 -12 -20 -11 -20 -11 -21 -10 -22 -10 -22 -10 -22 -10 -22 -10 -22 -10 -23 -11 -22 -10 -22 -11 -22 -11
2025-04-02 17:00:41,CSI_DATA,STA,D8:B1:90:DB:E8:90,-46,11,1,7,0,0,1,0,0,0,1,-93,0,3,0,2651119883,0,110,0,0,97140.8,256,[110 96 6 0 17 15 17 15 17 14 17 14 17 13 16 13 16 12 16 11 16 10 16 10 16 9 16 10 16 9 16 8 16 8 15 9 15 8 15 8 14 8 13 8 13 8 12 9 12 8 12 8 11 8 0 0 0 0 0 0 0 0 0 0 0 0 0 0 0 0 0 0 0 0 0 0 16 12 15 13 16 14 16 14 16 15 16 16 15 16 15 17 15 17 14 18 14 18 14 19 14 19 14 19 14 18 15 17 15 17 15 16 16 18 16 17 16 17 17 17 17 16 17 16 18 16 18 15 ]
2025-04-02 17:00:42,CSI_DATA,STA,00:00:00:00:00:00,-47,11,0,0,0,0,0,0,0,0,0,-93,0,3,0,2651544038,0,14,0,0,97141.2,128,[14 -32 0 0 -38 18 -40 18 -39 17 -39 16 -37 15 -36 14 -34 12 -32 11 -29 10 -26 8 -23 7 -20 6 -17 5 -13 4 -10 2 -7 2 -4 1 -1 0 1 -1 3 -1 4 -1 5 -2 6 -3 9 -3 9 -4 0 0 0 0 0 0 0 0 0 0 0 0 0 0 0 0 0 0 0 0 0 0 30 -21 30 -17 29 -13 26 -11 23 -10 20 -9 17 -9 13 -9 10 -10 8 -11 5 -12 3 -12 2 -13 0 -13 -1 -12 -3 -10 -5 -8 -7 -5 -9 -3 -11 0 -14 4 -18 7 -21 11 -24 12 -27 15 -31 17 ]
2025-04-02 17:00:44,CSI_DATA,STA,D8:B1:90:DB:E8:90,-45,11,1,7,0,0,1,0,0,0,1,-93,0,3,0,2653128286,0,110,0,0,97142.8,256,[110 96 6 0 22 -7 22 -7 21 -8 21 -7 20 -8 20 -8 19 -8 18 -9 18 -10 18 -10 17 -9 16 -10 16 -10 16 -10 16 -10 15 -9 15 -9 15 -9 15 -9 15 -8 14 -8 14 -7 14 -7 14 -6 14 -5 0 0 0 0 0 0 0 0 0 0 0 0 0 0 0 0 0 0 0 0 0 0 18 -10 18 -9 19 -8 20 -7 20 -7 21 -6 22 -7 23 -7 23 -6 24 -6 24 -5 24 -5 23 -4 24 -4 23 -4 23 -5 23 -5 23 -5 23 -6 23 -6 23 -7 23 -6 23 -7 23 -7 23 -7 23 -8 ]
2025-04-02 17:00:44,CSI_DATA,STA,D8:B1:90:DB:E8:90,-46,11,1,7,0,0,1,0,0,0,1,-93,0,3,0,2653628303,0,110,0,0,97143.3,256,[110 96 6 0 -17 14 -17 15 -17 14 -16 14 -15 14 -15 14 -14 14 -14 15 -14 15 -13 14 -12 14 -12 14 -11 14 -12 14 -12 14 -11 14 -12 14 -12 13 -11 13 -11 13 -11 12 -10 11 -10 11 -11 10 -11 9 0 0 0 0 0 0 0 0 0 0 0 0 0 0 0 0 0 0 0 0 0 0 -14 14 -15 13 -16 15 -16 14 -18 13 -18 12 -19 12 -19 12 -19 12 -20 11 -21 12 -20 12 -20 12 -20 12 -20 12 -20 12 -20 13 -20 13 -19 13 -20 13 -19 13 -19 14 -19 14 -19
2025-04-02 17:00:44,CSI_DATA,STA,D8:B1:90:DB:E8:90,-46,11,1,7,0,0,1,0,0,0,1,-93,0,3,0,2654128327,0,110,0,0,97143.8,256,[110 96 6 0 -8 24 -8 23 -8 22 -7 22 -6 22 -6 22 -5 21 -5 21 -5 21 -5 21 -4 20 -4 20 -4 20 -4 19 -4 19 -4 20 -4 19 -4 18 -4 18 -5 17 -5 17 -5 16 -5 16 -5 15 -6 15 0 0 0 0 0 0 0 0 0 0 0 0 0 0 0 0 0 0 0 0 0 0 -6 21 -4 21 -6 22 -6 20 -9 22 -8 22 -9 23 -10 22 -11 22 -11 22 -12 23 -12 23 -12 23 -12 23 -11 22 -12 23 -11 22 -11 23 -10 24 -10 24 -9 24 -9 24 -10 24 -9 24 -9 24 -9 25 ]
2025-04-02 17:00:48,CSI_DATA,STA,D8:B1:90:DB:E8:90,-46,11,1,7,0,0,1,1,0,0,1,-93,0,3,0,2657637548,0,110,0,0,97147.3,256,[110 96 6 0 2 -27 2 -26 2 -25 2 -25 1 -24 0 -24 0 -23 -1 -23 0 -23 -1 -22 -2 -22 -2 -22 -3 -22 -3 -21 -2 -21 -3 -21 -2 -20 -2 -19 -2 -19 -1 -18 -2 -19 -2 -18 -1 -18 0 -17 1 -17 0 0 0 0 0 0 0 0 0 0 0 0 0 0 0 0 0 0 0 0 0 0 1 -22 2 -22 3 -23 4 -24 4 -24 6 -24 5 -24 6 -25 6 -25 7 -25 8 -25 8 -25 8 -25 8 -25 7 -25 7 -26 6 -25 6 -26 5 -25 5 -25 4 -26 4 -26 5 -26 4 -27 4 -26 4 -26 ]
2025-04-02 17:00:49,CSI_DATA,STA,D8:B1:90:DB:E8:90,-45,11,1,7,0,0,1,1,0,0,1,-93,0,3,0,2658137316,0,110,0,0,97147.8,256,[110 96 6 0 24 0 24 0 23 -1 22 -1 21 -1 21 -2 21 -2 21 -3 20 -4 20 -4 19 -4 19 -4 19 -4 19 -5 19 -5 18 -4 18 -4 18 -4 17 -4 17 -4 16 -3 16 -3 15 -2 15 -2 15 -2 0 0 0 0 0 0 0 0 0 0 0 0 0 0 0 0 0 0 0 0 0 0 20 -2 20 -1 20 -1 21 0 21 0 22 1 22 1 23 2 23 2 23 3 23 3 24 3 24 4 24 4 24 3 24 3 24 3 24 2 23 2 23 2 23 1 24 1 24 0 25 1 25 0 25 0 ]
2025-04-02 17:00:49,CSI_DATA,STA,D8:B1:90:DB:E8:90,-46,11,1,7,0,0,1,1,0,0,1,-93,0,3,0,2658637377,0,110,0,0,97148.3,256,[110 96 6 0 4 -23 4 -23 4 -22 3 -21 3 -21 2 -21 2 -20 2 -20 2 -20 1 -20 0 -20 0 -20 0 -20 0 -18 1 -19 0 -19 1 -18 1 -18 1 -18 1 -17 1 -17 1 -16 1 -15 2 -15 3 -15 0 0 0 0 0 0 0 0 0 0 0 0 0 0 0 0 0 0 0 0 0 0 1 -20 1 -20 2 -20 3 -21 4 -21 4 -22 4 -22 4 -24 7 -23 6 -23 6 -21 6 -23 6 -22 6 -23 7 -23 7 -22 6 -23 6 -22 5 -23 5 -22 5 -23 5 -23 5 -23 4 -23 4 -23 5 -24 ]
2025-04-02 17:00:49,CSI_DATA,STA,D8:B1:90:DB:E8:90,-47,11,1,5,0,0,1,1,1,0,0,-93,0,3,0,2659142037,0,110,0,0,97148.8,384,[110 96 6 0 27 -33 29 -33 30 -32 30 -31 29 -29 28 -27 26 -24 25 -23 23 -20 20 -17 18 -15 15 -13 12 -10 9 -8 7 -6 4 -4 1 -3 -1 -2 -2 0 -4 1 -5 2 -5 3 -6 5 -8 6 -9 7 0 0 0 0 0 0 0 0 0 0 0 0 0 0 0 0 0 0 0 0 0 0 -20 28 -21 27 -22 23 -19 19 -19 16 -16 14 -11 14 -9 13 -6 13 -4 12 -1 12 2 12 3 12 4 11 5 10 6 8 7 5 7 2 8 -1 8 -5 9 -10 11 -14 13 -19 15 -22 18 -26 22 -30 ]
2025-04-02 17:00:54,CSI_DATA,STA,D8:B1:90:DB:E8:90,-46,11,1,7,0,0,1,0,0,0,0,-93,0,3,0,2663149002,0,110,0,0,97152.8,256,[110 96 6 0 10 21 10 20 10 19 11 19 11 18 11 18 11 17 11 17 12 16 11 15 12 15 12 15 12 15 11 14 11 14 11 14 11 13 11 13 10 13 10 12 9 13 9 13 8 12 8 12 7 12 0 0 0 0 0 0 0 0 0 0 0 0 0 0 0 0 0 0 0 0 0 0 11 15 10 16 10 17 9 18 9 19 9 20 9 20 9 21 8 21 8 21 8 22 8 22 8 22 8 22 8 22 8 22 8 22 8 21 9 22 9 21 10 21 10 22 10 21 11 22 11 22 10 21 ]
2025-04-02 17:01:00,CSI_DATA,STA,D8:B1:90:DB:E8:90,-46,11,1,6,0,0,1,0,0,0,1,-93,0,3,0,2669664362,0,110,0,0,97159.3,256,[110 96 6 0 -26 2 -25 3 -25 3 -24 3 -23 3 -23 4 -22 4 -21 5 -21 5 -21 5 -20 5 -20 5 -20 5 -20 6 -20 5 -19 5 -19 5 -19 5 -18 4 -18 4 -17 3 -17 3 -17 2 -17 2 -16 1 0 0 0 0 0 0 0 0 0 0 0 0 0 0 0 0 0 0 0 0 0 0 -21 5 -22 4 -23 3 -23 3 -24 2 -25 2 -25 1 -26 1 -26 1 -27 0 -26 -1 -26 -1 -26 -1 -26 -1 -26 -1 -26 0 -26 0 -26 1 -26 0 -26 1 -26 1 -27 2 -27 2 -26 2 -27 2 -26 3 ]
2025-04-02 17:01:00,CSI_DATA,STA,D8:B1:90:DB:E8:90,-46,11,1,6,0,0,1,0,0,0,1,-93,0,3,0,2670164417,0,110,0,0,97159.8,256,[110 96 6 0 36 15 36 16 35 16 35 17 33 17 31 17 29 16 26 16 23 14 21 13 18 11 15 10 12 8 9 6 7 5 4 2 2 1 1 -1 -1 -2 -2 -4 -3 -5 -4 -6 -5 -6 -7 -6 -7 -7 0 0 0 0 0 0 0 0 0 0 0 0 0 0 0 0 0 0 0 0 0 0 -34 1 -32 -3 -29 -5 -27 -6 -23 -5 -21 -4 -18 -3 -15 -1 -14 2 -12 4 -11 6 -10 8 -8 9 -7 10 -6 10 -4 9 -2 9 1 8 5 8 8 8 12 7 16 7 20 6 24 8 28 8 30 9 ]
2025-04-02 17:01:03,CSI_DATA,STA,D8:B1:90:DB:E8:90,-44,11,1,5,0,0,1,0,0,0,1,-95,0,3,0,2672671432,0,110,0,0,97162.3,256,[110 96 6 0 -15 23 -14 23 -14 22 -13 22 -12 22 -12 22 -11 21 -10 21 -10 21 -9 21 -8 20 -8 21 -8 20 -8 20 -8 20 -7 20 -8 20 -8 19 -8 18 -8 17 -7 17 -7 16 -7 16 -8 16 -9 15 0 0 0 0 0 0 0 0 0 0 0 0 0 0 0 0 0 0 0 0 0 0 -10 20 -11 20 -13 21 -14 21 -15 21 -16 21 -16 21 -17 21 -18 21 -18 21 -18 21 -19 21 -18 21 -18 21 -18 21 -18 21 -18 21 -18 22 -16 22 -16 21 -16 22 -16 22 -16 23 -15 23 -16 23 -15
2025-04-02 17:01:04,CSI_DATA,STA,D8:B1:90:DB:E8:90,-44,11,1,6,0,0,1,0,0,0,1,-95,0,3,0,2673171459,0,110,0,0,97162.8,256,[110 96 6 0 8 -23 7 -23 7 -21 6 -21 5 -21 5 -21 4 -20 4 -21 4 -21 3 -20 2 -20 2 -20 1 -19 2 -19 2 -19 2 -19 2 -19 3 -18 3 -18 2 -17 2 -17 2 -16 2 -16 3 -15 4 -15 0 0 0 0 0 0 0 0 0 0 0 0 0 0 0 0 0 0 0 0 0 0 4 -20 7 -20 7 -20 8 -21 8 -21 10 -21 9 -20 10 -21 10 -21 11 -22 11 -21 11 -21 11 -21 11 -21 11 -21 11 -21 11 -21 10 -21 10 -22 10 -22 9 -22 9 -23 9 -23 8 -23 8 -24 8 -23 ]
2025-04-02 17:01:08,CSI_DATA,STA,D8:B1:90:DB:E8:90,-44,11,1,6,0,0,1,0,0,0,1,-95,0,3,0,2677181627,0,110,0,0,97166.8,256,[110 96 6 0 -3 26 -2 27 -2 25 -1 25 -1 25 0 24 0 23 0 23 0 22 1 22 2 22 2 22 2 22 1 20 2 20 1 20 1 20 0 19 0 19 0 18 0 18 1 17 1 17 -1 16 -1 16 0 0 0 0 0 0 0 0 0 0 0 0 0 0 0 0 0 0 0 0 0 0 1 22 0 23 -1 23 -2 24 -2 24 -3 25 -4 24 -4 25 -5 25 -5 26 -6 26 -5 26 -5 26 -6 26 -5 26 -6 25 -5 26 -5 26 -4 26 -4 26 -3 26 -3 26 -3 27 -2 27 -1 27 -2 27 ]
2025-04-02 17:01:15,CSI_DATA,STA,D8:B1:90:DB:E8:90,-44,11,1,6,0,0,1,0,0,0,1,-95,0,3,0,2684695875,0,110,0,0,97174.3,256,[110 96 6 0 -16 16 -15 16 -15 16 -14 16 -13 16 -13 15 -13 15 -12 15 -12 15 -11 15 -10 15 -10 15 -10 15 -10 15 -10 15 -10 15 -10 15 -10 14 -10 14 -10 13 -9 12 -9 12 -9 12 -9 11 -10 11 0 0 0 0 0 0 0 0 0 0 0 0 0 0 0 0 0 0 0 0 0 0 -11 15 -12 15 -13 14 -13 14 -14 14 -15 14 -16 15 -17 15 -17 15 -18 15 -18 14 -18 14 -17 14 -17 14 -17 14 -18 14 -17 14 -17 14 -17 15 -17 15 -17 15 -16 16 -17 16 -16 16
2025-04-02 17:01:21,CSI_DATA,STA,D8:B1:90:DB:E8:90,-45,11,1,5,0,0,1,0,0,0,1,-95,0,3,0,2690202659,0,110,0,0,97179.8,256,[110 96 6 0 -30 -35 -30 -36 -28 -36 -28 -37 -26 -36 -24 -35 -22 -33 -19 -31 -17 -28 -14 -25 -13 -21 -11 -17 -9 -14 -6 -10 -5 -7 -4 -3 -3 -1 -2 1 -2 3 -1 4 1 5 2 6 3 6 4 6 6 6 0 0 0 0 0 0 0 0 0 0 0 0 0 0 0 0 0 0 0 0 0 0 23 29 20 30 16 29 14 28 12 25 10 22 9 18 9 15 9 11 9 7 9 4 10 1 10 -2 10 -4 9 -6 8 -7 6 -9 4 -10 0 -12 -3 -13 -7 -15 -11 -17 -14 -18 -19 -21 -22 -24 -23 -27 ]
2025-04-02 17:01:24,CSI_DATA,STA,D8:B1:90:DB:E8:90,-45,11,1,6,0,0,1,0,0,0,0,-94,0,3,0,2694211085,0,110,0,0,97183.8,256,[110 96 6 0 13 -24 12 -24 13 -23 11 -23 10 -23 10 -23 9 -23 9 -23 8 -23 8 -22 7 -22 7 -22 7 -21 7 -21 7 -21 7 -21 7 -21 7 -20 7 -19 8 -19 7 -18 7 -17 8 -16 8 -16 9 -15 0 0 0 0 0 0 0 0 0 0 0 0 0 0 0 0 0 0 0 0 0 0 7 -22 8 -22 10 -22 11 -22 12 -22 13 -22 13 -22 14 -23 14 -22 15 -22 15 -22 16 -22 16 -22 15 -22 15 -22 16 -23 15 -22 16 -23 15 -23 14 -23 14 -24 14 -24 13 -24 13 -23 13 -24 14 -25 ]
2025-04-02 17:01:28,CSI_DATA,STA,D8:B1:90:DB:E8:90,-45,11,1,5,0,0,1,0,0,0,1,-94,0,3,0,2697719275,0,110,0,0,97187.4,256,[110 96 6 0 -21 12 -19 12 -19 12 -18 11 -17 12 -17 12 -16 12 -16 12 -16 13 -15 12 -15 12 -15 12 -14 13 -14 13 -14 12 -14 13 -14 12 -14 12 -14 12 -13 12 -13 10 -12 10 -12 10 -13 9 -13 8 0 0 0 0 0 0 0 0 0 0 0 0 0 0 0 0 0 0 0 0 0 0 -17 11 -17 9 -19 9 -21 8 -21 8 -20 8 -21 9 -21 9 -23 8 -23 8 -23 8 -23 7 -23 7 -23 7 -22 7 -23 8 -22 8 -22 9 -22 9 -22 9 -22 10 -22 10 -21 11 -21 11 -21 11 -21 12 ]
2025-04-02 17:01:29,CSI_DATA,STA,D8:B1:90:DB:E8:90,-47,11,1,5,0,0,1,0,0,0,1,-94,0,3,0,2698219313,0,110,0,0,97187.9,256,[110 96 6 0 -26 1 -25 0 -24 0 -24 -1 -23 -1 -23 -2 -22 -1 -22 -1 -21 -1 -21 -2 -20 -2 -20 -2 -20 -2 -20 -2 -19 -3 -19 -3 -18 -4 -18 -5 -17 -5 -17 -6 -16 -6 -15 -7 -15 -7 -15 -8 -14 -9 0 0 0 0 0 0 0 0 0 0 0 0 0 0 0 0 0 0 0 0 0 0 12 -15 14 -14 -19 14 -21 13 -23 12 -24 11 15 -27 17 -26 19 -25 21 -25 -16 -10 -16 -11 -15 -12 -15 -12 -28 -2 -29 -3 -29 -4 -29 -4 -26 7 -26 7 -26 6 -26 6 -26 6 -26 5
2025-04-02 17:01:29,CSI_DATA,STA,D8:B1:90:DB:E8:90,-50,11,1,5,0,0,1,0,0,0,1,-94,0,3,0,2698721212,0,110,0,0,97188.4,256,[110 96 6 0 15 18 15 17 14 16 15 16 15 15 15 14 15 13 14 12 15 11 15 10 16 10 15 10 15 9 15 8 15 8 15 8 14 7 14 6 14 6 13 5 13 6 13 6 13 6 13 5 13 5 0 0 0 0 0 0 0 0 0 0 0 0 0 0 0 0 0 0 0 0 0 0 16 3 15 4 15 20 14 21 14 22 14 23 13 23 13 24 12 24 12 24 12 24 12 24 12 24 12 24 12 24 11 22 11 23 12 22 13 22 13 22 14 22 14 21 14 20 15 21 16 20 15 19 ]
2025-04-02 17:01:31,CSI_DATA,STA,D8:B1:90:DB:E8:90,-45,11,1,7,0,0,1,0,0,0,1,-94,0,3,0,2700231421,0,110,0,0,97189.9,256,[110 96 6 0 -21 -9 -21 -8 -20 -7 -20 -7 -20 -6 -20 -6 -19 -6 -19 -5 -18 -4 -18 -4 -18 -4 -19 -4 -19 -3 -18 -3 -18 -3 -18 -3 -17 -2 -17 -3 -16 -3 -16 -2 -16 -3 -15 -3 -15 -3 -14 -3 -14 -4 0 0 0 0 0 0 0 0 0 0 0 0 0 0 0 0 0 0 0 0 0 0 -19 -5 -19 -6 -19 -7 -19 -8 -20 -8 -20 -9 -20 -9 -20 -10 -20 -11 -21 -11 -20 -11 -20 -11 -21 -12 -20 -12 -20 -12 -20 -11 -20 -11 -20 -10 -21 -10 -20 -10 -21 -10 -2
2025-04-02 17:01:37,CSI_DATA,STA,D8:B1:90:DB:E8:90,-48,11,1,6,0,0,1,0,0,0,1,-94,0,3,0,2706241388,0,110,0,0,97195.9,256,[110 96 6 0 -27 0 -27 1 -25 3 -12 -20 -12 -19 -13 -18 -13 -17 -10 -13 -9 -13 -10 -13 -11 -12 16 23 16 22 17 21 17 21 2 -15 3 -15 2 -15 2 -14 2 -14 1 -13 1 -13 1 -13 2 -13 2 -12 0 0 0 0 0 0 0 0 0 0 0 0 0 0 0 0 0 0 0 0 0 0 5 -12 5 -12 13 -23 14 -23 16 -23 16 -24 19 -23 20 -24 21 -24 21 -24 22 -20 22 -20 23 -20 22 -20 25 -20 25 -20 24 -20 25 -22 17 -15 17 -16 16 -16 16 -17 -20 -6 -20 -6 -21 -6
2025-04-02 17:01:37,CSI_DATA,STA,D8:B1:90:DB:E8:90,-45,11,1,6,0,0,1,0,0,0,1,-94,0,3,0,2706741592,0,110,0,0,97196.4,256,[110 96 6 0 25 3 25 2 24 2 23 1 23 1 23 1 22 0 22 -1 22 -2 21 -2 21 -2 20 -1 20 -1 20 -2 20 -2 19 -1 19 -2 19 -2 18 -1 17 -1 16 0 16 0 15 0 16 0 15 1 0 0 0 0 0 0 0 0 0 0 0 0 0 0 0 0 0 0 0 0 0 0 22 -2 21 -1 22 0 23 1 23 2 24 2 24 3 24 3 25 4 25 5 25 5 25 5 25 6 25 6 25 6 25 6 25 5 25 5 25 5 24 5 25 4 25 4 25 3 25 4 25 3 25 2 ]
2025-04-02 17:01:38,CSI_DATA,STA,D8:B1:90:DB:E8:90,-45,11,1,6,0,0,1,0,0,0,1,-94,0,3,0,2707243047,0,110,0,0,97196.9,256,[110 96 6 0 8 22 8 21 8 20 9 20 9 19 9 19 9 18 8 17 8 16 8 16 9 16 9 16 9 16 9 15 9 15 9 15 8 14 7 14 7 13 7 13 7 14 6 13 6 13 5 12 5 12 0 0 0 0 0 0 0 0 0 0 0 0 0 0 0 0 0 0 0 0 0 0 10 17 9 16 8 19 8 19 8 20 8 18 6 21 7 22 6 22 6 22 6 23 5 22 5 22 5 22 5 22 5 21 6 21 6 22 7 21 7 22 7 22 7 22 7 22 8 22 8 22 8 21 ]
2025-04-02 17:01:40,CSI_DATA,STA,D8:B1:90:DB:E8:90,-45,11,1,6,0,0,1,0,0,0,1,-94,0,3,0,2709753488,0,110,0,0,97199.4,256,[110 96 6 0 1 26 2 26 2 24 2 23 3 23 3 22 4 22 4 22 4 21 4 21 5 20 5 20 5 20 4 19 4 19 4 19 4 19 3 17 3 17 2 17 2 17 2 17 2 16 1 15 1 15 0 0 0 0 0 0 0 0 0 0 0 0 0 0 0 0 0 0 0 0 0 0 6 21 5 22 4 22 3 22 2 23 1 23 0 25 0 25 -1 26 -1 26 0 26 -1 26 0 26 -1 26 -1 26 -1 26 -1 26 0 26 0 26 1 25 1 25 1 26 1 26 2 27 2 27 2 25 ]
2025-04-02 17:01:42,CSI_DATA,STA,00:00:00:00:00:00,-46,11,0,0,0,0,0,0,0,0,0,-94,0,3,0,2711543917,0,14,0,0,97201.2,128,[14 -32 0 0 -17 -36 -17 -37 -15 -38 -15 -38 -13 -36 -12 -35 -11 -33 -9 -30 -7 -28 -6 -24 -5 -20 -5 -17 -4 -13 -3 -10 -3 -7 -2 -4 -2 -2 -2 0 -2 1 -1 2 0 3 1 4 3 4 3 4 5 6 0 0 0 0 0 0 0 0 0 0 0 0 0 0 0 0 0 0 0 0 0 0 9 32 6 31 2 29 0 27 1 23 1 21 2 17 3 16 4 12 5 8 6 7 7 5 8 3 8 1 8 -1 7 -3 6 -4 5 -7 2 -9 0 -11 -3 -14 -6 -17 -8 -19 -11 -23 -13 -26 -14 -29 ]
2025-04-02 17:01:42,CSI_DATA,STA,D8:B1:90:DB:E8:90,-45,11,1,7,0,0,1,0,0,0,1,-94,0,3,0,2711757561,0,110,0,0,97201.4,256,[110 96 6 0 9 21 9 21 9 20 9 20 10 19 10 18 10 18 10 17 10 17 10 16 11 16 11 16 11 16 11 15 10 15 11 15 10 14 10 14 9 14 9 13 8 13 8 13 7 13 7 12 6 12 0 0 0 0 0 0 0 0 0 0 0 0 0 0 0 0 0 0 0 0 0 0 10 18 10 18 9 19 9 19 9 20 7 22 7 20 7 21 6 23 7 22 6 22 5 22 6 23 6 23 7 23 6 23 6 22 6 22 7 22 8 22 8 22 9 22 9 22 9 23 9 23 9 22 ]
2025-04-02 17:01:44,CSI_DATA,STA,D8:B1:90:DB:E8:90,-50,11,1,7,0,0,1,0,0,0,1,-94,0,3,0,2713261165,0,110,0,0,97202.9,256,[110 96 6 0 -20 9 -19 11 -16 13 -22 21 -19 23 -16 24 -12 25 3 -12 1 -13 0 -13 -2 -13 15 20 16 18 18 15 19 13 -2 25 0 23 2 22 4 22 3 -8 3 -8 2 -8 1 -7 -13 -14 -14 -14 0 0 0 0 0 0 0 0 0 0 0 0 0 0 0 0 0 0 0 0 0 0 7 -15 6 -16 9 -3 8 -4 8 -5 9 -6 -5 35 -2 35 0 36 4 36 9 27 12 26 14 25 17 24 -1 -4 -2 -4 -2 -3 -2 -3 -8 -29 -11 -27 -15 -26 -18 -24 7 -28 4 -30 0 -30 27 9 ]
2025-04-02 17:01:44,CSI_DATA,STA,D8:B1:90:DB:E8:90,-45,11,1,7,0,0,1,0,0,0,1,-94,0,3,0,2713762369,0,110,0,0,97203.4,256,[110 96 6 0 6 -26 5 -26 5 -25 4 -25 3 -24 3 -24 3 -23 2 -23 2 -23 1 -23 0 -22 0 -22 0 -22 1 -21 1 -21 0 -21 1 -20 1 -20 1 -19 2 -19 1 -19 1 -18 2 -18 2 -16 2 -16 0 0 0 0 0 0 0 0 0 0 0 0 0 0 0 0 0 0 0 0 0 0 1 -24 2 -24 3 -24 4 -24 4 -24 5 -25 6 -25 7 -25 8 -25 8 -26 9 -26 9 -26 9 -26 9 -26 9 -26 9 -26 8 -26 8 -26 8 -26 7 -26 7 -26 7 -27 7 -26 7 -26 7 -27 7 -26 ]
2025-04-02 17:01:47,CSI_DATA,STA,D8:B1:90:DB:E8:90,-45,11,1,7,0,0,1,1,0,0,1,-94,0,3,0,2716767271,0,110,0,0,97206.4,256,[110 96 6 0 9 22 10 21 10 20 10 20 11 19 11 19 11 18 11 17 11 16 11 16 12 16 12 15 11 15 11 14 11 14 12 15 11 14 11 13 10 13 10 13 10 13 9 13 9 13 7 12 7 12 0 0 0 0 0 0 0 0 0 0 0 0 0 0 0 0 0 0 0 0 0 0 11 18 11 19 10 19 11 20 9 21 9 21 9 21 8 21 8 23 8 23 6 24 7 24 7 24 7 24 6 24 6 23 6 23 7 23 8 23 8 23 9 23 10 22 9 23 10 24 10 23 9 22 ]
2025-04-02 17:01:48,CSI_DATA,STA,D8:B1:90:DB:E8:90,-46,11,1,5,0,0,1,1,1,0,0,-94,0,3,0,2717272355,0,110,0,0,97206.9,384,[110 96 6 0 31 -30 32 -30 33 -29 34 -28 33 -26 32 -24 30 -21 28 -19 25 -17 22 -14 19 -12 15 -10 12 -8 8 -6 5 -5 2 -3 -1 -3 -3 -3 -5 -2 -6 -1 -6 -1 -6 0 -7 2 -8 3 -8 5 0 0 0 0 0 0 0 0 0 0 0 0 0 0 0 0 0 0 0 0 0 0 -24 30 -26 27 -28 23 -24 21 -21 17 -19 17 -17 15 -12 14 -9 13 -6 13 -4 13 -1 13 2 13 3 12 4 11 6 8 7 7 8 3 10 1 11 -3 12 -7 14 -11 16 -16 18 -19 21 -22 26 -25 ]
2025-04-02 17:01:48,CSI_DATA,STA,D8:B1:90:DB:E8:90,-46,11,1,6,0,0,1,0,0,0,1,-94,0,3,0,2717767449,0,110,0,0,97207.4,256,[110 96 6 0 -34 25 -35 25 -35 24 -35 22 -34 21 -33 19 -31 17 -30 16 -27 14 -24 12 -21 10 -18 8 -14 7 -11 6 -8 5 -5 4 -2 3 0 2 2 1 4 1 4 1 5 0 6 -1 8 -2 9 -2 0 0 0 0 0 0 0 0 0 0 0 0 0 0 0 0 0 0 0 0 0 0 16 -32 18 -28 19 -25 18 -22 16 -19 14 -17 11 -15 8 -14 5 -13 2 -13 -1 -13 -2 -13 -4 -13 -5 -12 -6 -11 -8 -8 -8 -5 -10 -3 -11 0 -12 3 -14 7 -16 11 -18 16 -21 18 -24 21 -27 23 ]
2025-04-02 17:01:51,CSI_DATA,STA,D8:B1:90:DB:E8:90,-45,11,1,7,0,0,1,0,0,0,0,-94,0,3,0,2720275261,0,110,0,0,97209.9,256,[110 96 6 0 23 -2 23 -3 23 -3 22 -4 22 -4 21 -4 21 -5 20 -6 20 -6 19 -6 19 -6 18 -5 18 -5 18 -6 18 -6 18 -6 18 -6 17 -5 17 -5 16 -4 15 -4 15 -3 15 -3 14 -3 14 -2 0 0 0 0 0 0 0 0 0 0 0 0 0 0 0 0 0 0 0 0 0 0 19 -7 19 -5 20 -5 20 -4 21 -4 22 -3 23 -3 23 -2 23 -2 24 -1 24 -1 24 0 24 0 24 0 23 0 23 -1 23 -1 23 -1 24 -2 24 -2 23 -2 24 -2 24 -3 24 -2 24 -3 24 -3 ]
2025-04-02 17:01:51,CSI_DATA,STA,D8:B1:90:DB:E8:90,-45,11,1,6,0,0,1,0,0,0,1,-94,0,3,0,2720776483,0,110,0,0,97210.4,256,[110 96 6 0 -24 2 -24 2 -23 3 -22 3 -22 4 -21 4 -20 4 -21 5 -20 5 -20 5 -19 5 -19 5 -18 5 -18 5 -18 6 -18 5 -17 5 -17 5 -17 4 -17 5 -16 4 -16 3 -15 3 -15 3 -15 3 0 0 0 0 0 0 0 0 0 0 0 0 0 0 0 0 0 0 0 0 0 0 -20 6 -21 5 -21 4 -22 3 -22 2 -23 2 -23 2 -23 2 -24 1 -24 0 -24 0 -24 0 -24 -1 -24 -1 -24 -1 -24 0 -24 0 -24 0 -25 1 -24 1 -25 2 -25 1 -24 2 -24 2 -25 2 -25 3 ]
2025-04-02 17:01:52,CSI_DATA,STA,00:00:00:00:00:00,-46,11,0,0,0,0,0,0,0,0,0,-94,0,3,0,2721544920,0,14,0,0,97211.2,128,[14 -32 0 0 42 9 42 10 42 11 40 12 38 13 36 13 33 12 30 12 27 10 23 9 20 7 17 6 14 4 11 3 8 1 6 0 4 -1 2 -2 0 -2 -2 -3 -3 -4 -5 -4 -7 -4 -9 -3 -11 -4 0 0 0 0 0 0 0 0 0 0 0 0 0 0 0 0 0 0 0 0 0 0 -36 0 -34 -3 -31 -5 -28 -6 -25 -5 -21 -4 -18 -2 -16 0 -14 2 -12 5 -11 7 -10 8 -9 9 -7 10 -6 10 -4 9 -1 8 2 7 6 6 10 5 14 4 19 3 23 2 28 3 32 3 35 4 ]
2025-04-02 17:01:52,CSI_DATA,STA,D8:B1:90:DB:E8:90,-46,11,1,1,0,0,1,0,0,0,0,-94,0,3,0,2721545232,0,100,0,0,97211.2,256,[100 -64 5 0 -16 39 -18 40 -19 38 -20 38 -20 36 -19 33 -18 30 -17 28 -15 24 -13 21 -12 18 -9 16 -7 13 -5 10 -3 8 -2 6 0 4 1 2 2 0 3 -1 2 -3 3 -4 3 -7 4 -8 5 -10 0 0 0 0 0 0 0 0 0 0 0 0 0 0 0 0 0 0 0 0 0 0 7 -35 10 -33 11 -29 11 -26 10 -22 8 -20 5 -17 3 -16 0 -14 -2 -13 -5 -12 -7 -11 -8 -11 -9 -9 -9 -8 -9 -5 -9 -2 -8 1 -7 4 -7 8 -7 13 -6 17 -7 22 -7 26 -9 30 -12 34 ]
2025-04-02 17:01:55,CSI_DATA,STA,D8:B1:90:DB:E8:90,-46,11,1,2,0,0,1,0,0,0,0,-94,0,3,0,2724779851,0,110,0,0,97214.4,256,[110 96 6 0 -25 -39 -25 -41 -23 -40 -23 -41 -21 -39 -19 -37 -17 -35 -15 -32 -14 -29 -12 -25 -11 -21 -9 -18 -8 -14 -6 -11 -5 -8 -4 -5 -4 -3 -3 -1 -2 1 -1 2 1 4 2 5 4 6 5 6 7 8 0 0 0 0 0 0 0 0 0 0 0 0 0 0 0 0 0 0 0 0 0 0 22 31 18 32 14 30 12 29 10 25 9 22 8 18 9 14 9 10 10 7 12 4 13 2 12 0 13 -1 12 -3 10 -4 8 -5 6 -7 1 -9 -2 -11 -7 -13 -10 -16 -14 -19 -19 -22 -21 -26 -22 -30 ]
2025-04-02 17:01:58,CSI_DATA,STA,D8:B1:90:DB:E8:90,-46,11,1,3,0,0,1,0,0,0,0,-94,0,3,0,2727286992,0,110,0,0,97216.9,256,[110 96 6 0 38 -8 38 -8 39 -7 38 -6 37 -5 36 -4 34 -3 31 -3 29 -2 25 -2 23 -1 20 0 16 0 12 0 9 0 6 0 3 -1 0 -1 -2 -2 -4 -2 -5 -3 -6 -3 -8 -3 -10 -3 -11 -3 0 0 0 0 0 0 0 0 0 0 0 0 0 0 0 0 0 0 0 0 0 0 -26 22 -26 18 -25 15 -23 13 -21 12 -18 11 -15 11 -13 11 -10 12 -8 12 -7 13 -5 13 -4 13 -2 12 -1 11 1 8 3 7 6 4 8 3 11 0 14 -2 18 -5 22 -7 25 -7 29 -9 33 -10 ]
2025-04-02 17:02:06,CSI_DATA,STA,D8:B1:90:DB:E8:90,-45,11,1,5,0,0,1,0,0,0,1,-94,0,3,0,2735295602,0,110,0,0,97224.9,256,[110 96 6 0 -20 12 -20 13 -19 13 -18 13 -17 13 -16 13 -16 13 -16 14 -15 14 -14 14 -13 14 -14 14 -14 14 -14 14 -14 13 -13 14 -13 13 -13 13 -12 12 -13 12 -12 11 -12 11 -12 10 -12 10 -12 9 0 0 0 0 0 0 0 0 0 0 0 0 0 0 0 0 0 0 0 0 0 0 -15 14 -16 14 -17 12 -18 12 -18 12 -19 12 -20 12 -21 12 -21 11 -21 10 -22 11 -22 10 -21 9 -21 10 -22 10 -22 10 -22 11 -22 11 -21 11 -21 11 -21 12 -21 12 -21 13 -21
2025-04-02 17:02:06,CSI_DATA,STA,D8:B1:90:DB:E8:90,-47,11,1,6,0,0,1,0,0,0,1,-94,0,3,0,2735795335,0,110,0,0,97225.4,256,[110 96 6 0 -28 30 -29 30 -30 30 -30 28 -30 27 -29 25 -27 23 -25 21 -23 18 -21 15 -18 13 -15 10 -12 8 -9 6 -6 4 -4 2 -1 0 1 -1 3 -2 4 -3 4 -4 4 -4 5 -6 6 -7 6 -8 0 0 0 0 0 0 0 0 0 0 0 0 0 0 0 0 0 0 0 0 0 0 27 -23 27 -20 26 -18 25 -13 22 -13 20 -10 17 -10 12 -9 10 -10 6 -9 3 -10 1 -10 -1 -11 -3 -11 -5 -10 -7 -8 -8 -5 -9 -3 -10 -1 -11 3 -12 7 -14 11 -16 15 -17 18 -20 22 -23 25 ]
2025-04-02 17:02:07,CSI_DATA,STA,D8:B1:90:DB:E8:90,-46,11,1,6,0,0,1,0,0,0,1,-94,0,3,0,2736301478,0,110,0,0,97225.9,256,[110 96 6 0 33 15 34 16 34 16 34 17 32 17 30 16 28 16 25 15 23 13 20 13 17 10 14 9 11 7 8 6 5 4 2 2 0 1 -1 0 -3 -1 -4 -2 -5 -3 -6 -3 -7 -3 -8 -2 -9 -2 0 0 0 0 0 0 0 0 0 0 0 0 0 0 0 0 0 0 0 0 0 0 -26 -20 -24 -22 -21 -22 -18 -20 -15 -19 -15 -17 -13 -13 -11 -11 -11 -7 -10 -5 -9 -2 -9 0 -8 2 -7 3 -6 5 -4 5 -2 6 0 6 4 7 7 8 10 8 14 9 17 8 22 10 25 10 28 11 ]
2025-04-02 17:02:12,CSI_DATA,STA,D8:B1:90:DB:E8:90,-46,11,1,6,0,0,1,0,0,0,1,-94,0,3,0,2741813350,0,110,0,0,97231.4,256,[110 96 6 0 -12 41 -13 41 -14 40 -14 40 -15 38 -16 36 -15 33 -15 30 -14 27 -12 23 -11 19 -9 16 -7 13 -5 9 -3 7 -1 4 1 2 2 0 3 -1 4 -2 3 -4 3 -5 3 -6 3 -7 3 -8 0 0 0 0 0 0 0 0 0 0 0 0 0 0 0 0 0 0 0 0 0 0 6 -36 9 -34 11 -30 11 -27 10 -24 8 -21 6 -19 3 -16 1 -14 -2 -13 -5 -12 -7 -11 -8 -10 -9 -8 -10 -7 -10 -5 -10 -2 -10 1 -8 4 -7 8 -7 12 -6 16 -6 21 -6 25 -7 29 -9 33 ]
2025-04-02 17:02:17,CSI_DATA,STA,D8:B1:90:DB:E8:90,-46,11,1,5,0,0,1,0,0,0,0,-94,0,3,0,2746832377,0,110,0,0,97236.5,256,[110 96 6 0 35 18 35 18 34 19 33 20 32 19 30 19 27 18 24 17 22 16 19 14 16 12 13 10 11 8 8 6 5 4 3 2 2 0 0 -2 -1 -3 -2 -4 -3 -5 -4 -6 -6 -6 -7 -5 -8 -6 0 0 0 0 0 0 0 0 0 0 0 0 0 0 0 0 0 0 0 0 0 0 -34 -8 -31 -11 -28 -13 -25 -13 -22 -11 -19 -10 -17 -7 -15 -5 -13 -2 -12 0 -11 2 -11 4 -9 6 -8 7 -7 8 -5 8 -3 8 0 8 4 9 7 8 11 8 15 8 19 8 23 10 26 11 29 13 ]
2025-04-02 17:02:19,CSI_DATA,STA,D8:B1:90:DB:E8:90,-46,11,1,6,0,0,1,0,0,0,1,-94,0,3,0,2748846189,0,110,0,0,97238.5,256,[110 96 6 0 40 -11 40 -11 41 -9 40 -8 38 -7 37 -5 34 -4 31 -4 28 -3 24 -2 20 -2 17 -2 13 -2 9 -2 6 -3 3 -3 1 -4 -1 -4 -2 -4 -3 -4 -4 -4 -4 -3 -6 -1 -7 1 -8 2 0 0 0 0 0 0 0 0 0 0 0 0 0 0 0 0 0 0 0 0 0 0 -34 12 -32 8 -31 5 -28 3 -25 2 -22 2 -18 2 -15 3 -12 5 -9 6 -7 8 -5 9 -3 10 -1 11 1 11 2 10 4 9 6 7 8 5 11 3 13 0 17 -2 20 -6 24 -7 27 -9 31 -10 ]
2025-04-02 17:02:21,CSI_DATA,STA,D8:B1:90:DB:E8:90,-45,11,1,6,0,0,1,0,0,0,1,-94,0,3,0,2750849354,0,110,0,0,97240.5,256,[110 96 6 0 1 -28 0 -27 1 -27 0 -26 -1 -25 -1 -25 -1 -25 -2 -24 -2 -24 -3 -23 -4 -23 -4 -23 -4 -23 -4 -22 -3 -21 -4 -22 -3 -21 -3 -20 -3 -19 -2 -19 -3 -19 -2 -19 -2 -18 -1 -17 0 -17 0 0 0 0 0 0 0 0 0 0 0 0 0 0 0 0 0 0 0 0 0 0 -2 -24 0 -24 0 -25 1 -25 2 -25 3 -25 3 -26 4 -26 5 -27 5 -27 6 -27 6 -27 6 -27 6 -27 6 -27 6 -28 5 -27 5 -28 3 -26 3 -26 2 -27 2 -28 2 -28 2 -28 2 -28 2 -27 ]
2025-04-02 17:02:22,CSI_DATA,STA,D8:B1:90:DB:E8:90,-45,11,1,7,0,0,1,0,0,0,1,-94,0,3,0,2751351721,0,110,0,0,97241,256,[110 96 6 0 21 8 20 7 20 7 20 6 20 6 20 5 19 5 18 4 18 3 18 2 18 3 18 3 18 3 18 2 17 2 17 3 17 2 16 1 16 2 16 2 15 2 15 3 15 3 14 3 13 3 0 0 0 0 0 0 0 0 0 0 0 0 0 0 0 0 0 0 0 0 0 0 19 4 18 6 19 7 20 6 20 7 20 8 20 9 21 9 20 11 21 11 20 11 20 11 20 12 19 12 20 12 20 11 20 10 20 10 20 10 21 10 21 9 21 9 22 9 22 10 22 9 20 8 ]
2025-04-02 17:02:25,CSI_DATA,STA,D8:B1:90:DB:E8:90,-45,11,1,7,0,0,1,0,0,0,1,-94,0,3,0,2754855303,0,110,0,0,97244.5,256,[110 96 6 0 24 13 24 12 23 11 23 11 23 10 22 10 22 9 22 8 21 6 21 6 21 7 21 6 21 5 21 5 21 4 20 5 19 5 19 5 18 5 18 4 17 5 16 5 16 5 16 5 16 6 0 0 0 0 0 0 0 0 0 0 0 0 0 0 0 0 0 0 0 0 0 0 22 6 22 8 21 9 22 10 22 11 22 12 22 11 23 12 23 14 23 14 22 14 22 15 22 15 22 15 23 15 23 15 23 14 23 14 23 14 23 14 23 14 24 14 24 12 25 13 25 13 25 11 ]
2025-04-02 17:02:28,CSI_DATA,STA,D8:B1:90:DB:E8:90,-46,11,1,7,0,0,1,0,0,0,1,-94,0,3,0,2757864811,0,110,0,0,97247.5,256,[110 96 6 0 11 25 12 25 11 23 12 23 12 23 13 22 13 21 12 20 12 19 13 19 13 18 13 18 13 18 13 17 13 17 13 17 13 16 12 16 11 16 10 15 10 15 10 15 9 14 9 14 8 14 0 0 0 0 0 0 0 0 0 0 0 0 0 0 0 0 0 0 0 0 0 0 14 19 13 20 12 21 12 22 12 22 11 23 10 23 10 24 10 25 10 25 10 26 9 26 9 27 9 27 9 26 9 25 9 26 8 25 10 26 10 26 11 26 11 26 11 25 12 25 12 26 12 25 ]
2025-04-02 17:02:30,CSI_DATA,STA,D8:B1:90:DB:E8:90,-45,11,1,7,0,0,1,0,0,0,1,-94,0,3,0,2759872232,0,110,0,0,97249.5,256,[110 96 6 0 21 -14 20 -14 20 -14 19 -14 18 -14 17 -14 16 -14 16 -15 16 -15 16 -15 14 -15 14 -15 14 -15 14 -15 14 -15 13 -14 14 -14 14 -13 13 -13 13 -12 12 -12 12 -11 12 -11 12 -11 13 -10 0 0 0 0 0 0 0 0 0 0 0 0 0 0 0 0 0 0 0 0 0 0 16 -16 17 -15 18 -14 18 -14 19 -13 20 -13 21 -13 22 -13 23 -13 23 -12 23 -11 23 -11 23 -11 23 -11 22 -11 23 -11 22 -11 22 -12 22 -12 22 -12 22 -13 22 -13 22 -14 22
2025-04-02 17:02:30,CSI_DATA,STA,00:00:00:00:00:00,-46,11,0,0,0,0,0,0,0,0,0,-94,0,3,0,2759937641,0,14,0,0,97249.6,128,[14 -32 0 0 31 -30 33 -30 33 -29 33 -28 32 -27 31 -25 29 -23 27 -21 24 -19 21 -16 19 -15 16 -12 13 -10 10 -8 7 -6 5 -4 2 -3 0 -2 -1 -1 -3 1 -3 2 -3 3 -4 5 -6 7 -6 8 0 0 0 0 0 0 0 0 0 0 0 0 0 0 0 0 0 0 0 0 0 0 -30 24 -30 20 -29 16 -27 13 -24 12 -21 11 -18 10 -14 10 -11 10 -8 10 -5 11 -2 11 -1 11 1 11 3 10 4 8 5 5 7 2 8 0 9 -4 11 -8 13 -12 16 -17 18 -20 21 -23 25 -27 ]
2025-04-02 17:02:30,CSI_DATA,STA,D8:B1:90:DB:E8:90,-46,11,1,3,0,0,1,1,1,0,0,-94,0,3,0,2759995678,0,100,0,0,97249.6,384,[100 -64 5 0 -37 19 -38 19 -39 18 -38 16 -37 15 -36 13 -33 12 -31 10 -28 9 -25 8 -21 6 -18 5 -15 5 -11 4 -8 3 -5 3 -3 2 -1 2 1 1 3 1 3 0 4 0 5 -2 7 -3 8 -4 0 0 0 0 0 0 0 0 0 0 0 0 0 0 0 0 0 0 0 0 0 0 26 -25 27 -20 26 -18 24 -15 22 -13 18 -12 15 -11 12 -11 8 -11 6 -12 3 -13 1 -13 -1 -14 -2 -14 -3 -13 -5 -11 -6 -9 -8 -6 -9 -4 -11 -1 -13 3 -16 6 -19 11 -22 13 -25 16 -29 18 ]
2025-04-02 17:02:31,CSI_DATA,STA,D8:B1:90:DB:E8:90,-46,11,1,6,0,0,1,1,0,0,1,-94,0,3,0,2760372347,0,110,0,0,97250,256,[110 96 6 0 -1 -43 0 -44 2 -43 3 -43 4 -41 4 -39 5 -36 4 -33 4 -30 3 -27 3 -23 2 -19 1 -16 1 -12 0 -10 -1 -6 -1 -4 -2 -2 -2 0 -3 1 -2 3 -1 4 0 6 0 6 0 8 0 0 0 0 0 0 0 0 0 0 0 0 0 0 0 0 0 0 0 0 0 0 1 36 -2 33 -4 31 -5 28 -3 23 -3 21 -2 18 0 15 2 13 5 12 6 9 8 8 9 6 10 5 10 3 10 2 9 -1 8 -4 6 -7 4 -10 2 -14 0 -18 0 -22 -2 -27 -3 -31 -1 -35 ]
2025-04-02 17:02:31,CSI_DATA,STA,D8:B1:90:DB:E8:90,-45,11,1,7,0,0,1,1,0,0,1,-94,0,3,0,2760872215,0,110,0,0,97250.5,256,[110 96 6 0 -24 -3 -23 -2 -23 -2 -22 -2 -22 -2 -22 -1 -21 -1 -21 0 -21 1 -20 1 -20 1 -20 1 -19 1 -20 2 -19 2 -19 1 -18 1 -18 1 -18 1 -17 0 -17 0 -16 -1 -16 -1 -16 0 -15 -1 0 0 0 0 0 0 0 0 0 0 0 0 0 0 0 0 0 0 0 0 0 0 -20 0 -20 0 -22 -2 -22 -2 -23 -3 -23 -4 -23 -4 -23 -5 -23 -5 -24 -5 -24 -6 -24 -6 -24 -6 -25 -6 -23 -6 -24 -5 -24 -5 -24 -5 -24 -5 -24 -5 -24 -5 -25 -4 -24 -3 -24 -4 -24 -3 -24 -
2025-04-02 17:02:32,CSI_DATA,STA,D8:B1:90:DB:E8:90,-45,11,1,7,0,0,1,1,0,0,1,-94,0,3,0,2761372426,0,110,0,0,97251,256,[110 96 6 0 6 -23 6 -23 6 -22 5 -22 5 -21 4 -21 4 -21 4 -21 3 -20 2 -21 1 -20 1 -20 1 -20 1 -19 2 -19 1 -19 2 -18 2 -18 2 -17 2 -17 2 -17 2 -16 2 -15 2 -15 3 -15 0 0 0 0 0 0 0 0 0 0 0 0 0 0 0 0 0 0 0 0 0 0 3 -21 5 -21 5 -21 6 -21 6 -21 9 -21 7 -22 8 -22 10 -22 9 -23 10 -22 10 -22 9 -22 9 -22 10 -22 10 -22 9 -22 9 -22 8 -23 8 -23 8 -23 8 -23 7 -23 6 -23 7 -24 7 -24 ]
2025-04-02 17:02:32,CSI_DATA,STA,D8:B1:90:DB:E8:90,-48,11,1,7,0,0,1,1,0,0,1,-94,0,3,0,2761874943,0,110,0,0,97251.5,256,[110 96 6 0 -6 26 -4 27 -2 26 3 -14 2 -15 0 -15 -1 -14 -7 2 -6 2 -7 2 -7 2 -9 -15 -10 -15 -10 -13 -10 -12 18 -2 18 -2 17 -2 16 -3 3 10 3 9 3 8 3 8 -1 10 -1 10 0 0 0 0 0 0 0 0 0 0 0 0 0 0 0 0 0 0 0 0 0 0 -8 -15 -8 -16 -11 -24 -11 -25 -12 -25 -13 -26 -11 -28 -12 -27 -13 -28 -14 -27 -15 -30 -16 -29 -17 -29 -19 -28 -17 -24 -18 -23 -20 -23 -21 -21 -27 -24 -28 -22 -29 -20 -30 -18 -8 -17 -9 -17 -10
2025-04-02 17:02:37,CSI_DATA,STA,D8:B1:90:DB:E8:90,-45,11,1,7,0,0,1,1,0,0,1,-94,0,3,0,2766382727,0,110,0,0,97256,256,[110 96 6 0 3 -22 3 -22 3 -21 2 -22 2 -22 1 -21 1 -21 0 -20 0 -20 0 -20 -2 -19 -1 -18 -1 -18 -1 -17 0 -17 -1 -18 0 -18 0 -17 0 -17 0 -16 -1 -16 0 -16 0 -15 1 -14 2 -14 0 0 0 0 0 0 0 0 0 0 0 0 0 0 0 0 0 0 0 0 0 0 2 -20 2 -20 3 -21 3 -21 4 -21 5 -21 5 -22 6 -22 6 -22 7 -22 8 -22 8 -22 8 -22 7 -22 8 -22 8 -22 7 -22 7 -22 6 -23 6 -23 5 -23 5 -23 5 -23 5 -23 5 -23 5 -23 ]
2025-04-02 17:02:40,CSI_DATA,STA,D8:B1:90:DB:E8:90,-45,11,1,7,0,0,1,0,0,0,0,-94,0,3,0,2769890584,0,110,0,0,97259.5,256,[110 96 6 0 -19 18 -18 18 -18 17 -17 17 -16 17 -16 17 -15 17 -15 17 -14 17 -13 17 -12 17 -12 17 -12 17 -12 17 -12 16 -11 17 -12 16 -12 16 -11 15 -12 15 -11 14 -11 14 -11 13 -11 14 -11 13 0 0 0 0 0 0 0 0 0 0 0 0 0 0 0 0 0 0 0 0 0 0 -13 18 -14 17 -15 17 -16 17 -16 17 -17 17 -18 17 -19 17 -20 17 -20 17 -20 17 -20 16 -20 16 -20 16 -20 16 -20 16 -20 16 -20 17 -20 17 -20 17 -20 18 -19 18 -20 18 -1
2025-04-02 17:02:42,CSI_DATA,STA,00:00:00:00:00:00,-46,11,0,0,0,0,0,0,0,0,0,-94,0,3,0,2771546297,0,14,0,0,97261.2,128,[14 -32 0 0 22 37 21 38 20 39 19 38 18 37 16 36 14 33 12 31 10 28 8 24 7 20 6 17 5 13 4 10 3 6 3 3 3 1 2 -1 2 -3 1 -4 0 -6 -1 -7 -2 -8 -3 -8 -5 -9 0 0 0 0 0 0 0 0 0 0 0 0 0 0 0 0 0 0 0 0 0 0 -23 -30 -19 -30 -15 -30 -13 -27 -11 -25 -10 -21 -9 -17 -9 -14 -11 -10 -11 -7 -12 -4 -13 -2 -13 0 -13 1 -13 3 -12 4 -10 5 -8 7 -4 9 0 11 3 13 7 16 10 18 14 21 16 25 18 28 ]
2025-04-02 17:02:43,CSI_DATA,STA,D8:B1:90:DB:E8:90,-45,11,1,6,0,0,1,0,0,0,1,-94,0,3,0,2772397110,0,110,0,0,97262,256,[110 96 6 0 3 26 4 26 3 24 5 24 5 23 5 23 5 22 5 21 6 21 6 20 7 20 7 20 7 20 7 19 7 19 7 19 6 19 6 18 5 17 5 18 5 18 5 17 5 17 4 16 3 16 0 0 0 0 0 0 0 0 0 0 0 0 0 0 0 0 0 0 0 0 0 0 6 21 4 22 3 22 3 23 3 23 2 24 1 25 1 26 0 26 0 26 0 27 -1 27 0 27 0 27 0 26 0 25 0 26 0 25 1 27 1 26 2 27 2 27 2 26 3 27 3 27 3 26 ]
2025-04-02 17:02:48,CSI_DATA,STA,D8:B1:90:DB:E8:90,-46,11,1,6,0,0,1,0,0,0,1,-94,0,3,0,2777910587,0,110,0,0,97267.5,256,[110 96 6 0 33 33 33 35 32 34 32 35 29 34 27 33 25 30 23 29 20 25 18 22 15 19 13 16 10 13 8 10 6 6 4 3 3 1 1 -1 0 -3 -1 -4 -3 -6 -4 -6 -6 -6 -7 -6 -9 -7 0 0 0 0 0 0 0 0 0 0 0 0 0 0 0 0 0 0 0 0 0 0 -27 -31 -22 -31 -18 -30 -16 -28 -13 -24 -12 -20 -11 -16 -11 -12 -12 -9 -12 -5 -13 -2 -14 0 -14 2 -13 4 -12 5 -10 5 -8 6 -4 8 0 9 4 11 9 12 14 15 17 16 23 20 26 22 28 25 ]
2025-04-02 17:02:53,CSI_DATA,STA,D8:B1:90:DB:E8:90,-45,11,1,5,0,0,1,0,0,0,1,-94,0,3,0,2782416109,0,110,0,0,97272,256,[110 96 6 0 1 -26 1 -25 2 -25 1 -24 0 -23 0 -23 -1 -23 -1 -22 -1 -22 -1 -21 -3 -21 -3 -22 -3 -21 -3 -21 -3 -21 -3 -21 -3 -20 -2 -19 -2 -19 -2 -19 -2 -19 -2 -18 -2 -18 -1 -17 0 -17 0 0 0 0 0 0 0 0 0 0 0 0 0 0 0 0 0 0 0 0 0 0 -2 -23 -1 -23 0 -23 1 -23 2 -24 2 -24 3 -25 4 -25 5 -26 5 -26 5 -26 6 -26 5 -26 5 -26 5 -26 5 -26 4 -25 5 -26 4 -26 3 -26 3 -26 3 -27 3 -26 2 -26 2 -26 3 -26 ]
2025-04-02 17:02:57,CSI_DATA,STA,D8:B1:90:DB:E8:90,-49,11,1,7,0,0,1,0,0,0,0,-94,0,3,0,2786430738,0,110,0,0,97276.1,256,[110 96 6 0 21 -16 20 -17 19 -17 -5 12 -4 12 -3 11 -3 11 10 -18 9 -18 8 -19 8 -18 9 -2 8 -3 8 -4 7 -4 -22 4 -22 3 -21 4 -20 4 -5 -2 -5 -2 -5 -1 -5 -1 12 -6 12 -5 0 0 0 0 0 0 0 0 0 0 0 0 0 0 0 0 0 0 0 0 0 0 5 13 4 13 -2 25 -2 26 -1 27 -1 28 -4 29 -4 30 -3 31 -3 31 -4 31 -3 31 -2 31 -1 31 2 26 3 26 4 26 6 25 6 33 8 33 10 32 12 32 14 13 14 13 16 12 -23 14 ]
2025-04-02 17:02:58,CSI_DATA,STA,D8:B1:90:DB:E8:90,-45,11,1,7,0,0,1,0,0,0,0,-94,0,3,0,2787439470,0,110,0,0,97277.1,256,[110 96 6 0 1 26 2 26 2 24 3 25 3 24 4 23 5 23 4 22 5 22 5 21 6 21 6 20 6 20 5 19 5 19 5 19 5 19 4 18 4 18 3 18 4 17 3 17 3 17 2 16 2 16 0 0 0 0 0 0 0 0 0 0 0 0 0 0 0 0 0 0 0 0 0 0 5 21 4 22 2 23 2 24 1 24 0 25 0 24 0 25 -1 25 -1 25 -2 27 -2 27 -1 27 -2 27 -1 26 -2 26 -1 26 -1 26 0 27 0 27 1 27 1 27 1 26 2 27 2 26 2 26 ]
2025-04-02 17:02:59,CSI_DATA,STA,D8:B1:90:DB:E8:90,-49,11,1,7,0,0,1,0,0,0,0,-94,0,3,0,2788442111,0,110,0,0,97278.1,256,[110 96 6 0 -11 -24 -13 -24 -13 -22 21 28 21 28 22 25 23 23 19 16 19 13 20 13 21 11 14 12 14 12 14 11 15 11 18 14 18 14 18 13 18 12 14 8 14 7 14 7 14 7 14 9 14 9 0 0 0 0 0 0 0 0 0 0 0 0 0 0 0 0 0 0 0 0 0 0 15 -21 16 -21 21 5 22 6 22 5 24 6 -16 6 -15 6 -16 6 -15 6 -5 35 -4 35 -3 35 -1 35 10 5 9 4 10 4 11 3 -3 22 -2 22 -1 22 1 22 -8 8 -9 8 -8 7 -7 -20 ]
2025-04-02 17:02:59,CSI_DATA,STA,D8:B1:90:DB:E8:90,-46,11,1,6,0,0,1,0,0,0,0,-94,0,3,0,2788942441,0,110,0,0,97278.6,256,[110 96 6 0 10 -39 10 -40 12 -38 12 -38 12 -37 12 -35 12 -32 12 -30 11 -27 10 -25 9 -21 8 -18 7 -15 5 -12 4 -9 2 -5 0 -3 -1 -2 -3 1 -4 2 -4 3 -5 5 -5 6 -6 6 -6 7 0 0 0 0 0 0 0 0 0 0 0 0 0 0 0 0 0 0 0 0 0 0 0 33 -3 31 -5 28 -5 25 -5 22 -4 20 -2 17 0 15 2 14 4 12 5 11 7 10 8 8 8 7 8 5 8 2 8 -1 8 -4 6 -7 6 -10 5 -15 5 -19 5 -22 5 -26 6 -30 8 -33 ]
2025-04-02 17:03:00,CSI_DATA,STA,D8:B1:90:DB:E8:90,-45,11,1,6,0,0,1,0,0,0,0,-94,0,3,0,2789447498,0,110,0,0,97279.1,256,[110 96 6 0 24 8 24 8 23 6 23 7 22 6 22 6 22 6 22 4 21 3 21 3 21 3 20 3 20 3 20 2 20 2 19 3 19 2 19 3 18 3 18 3 17 4 16 4 16 5 16 4 16 5 0 0 0 0 0 0 0 0 0 0 0 0 0 0 0 0 0 0 0 0 0 0 21 3 21 5 22 5 23 6 23 7 23 8 23 9 23 9 23 10 24 11 22 10 23 11 23 11 22 11 22 11 23 10 23 10 23 10 23 10 23 10 23 9 24 9 24 8 24 9 24 8 25 7 ]
2025-04-02 17:03:00,CSI_DATA,STA,D8:B1:90:DB:E8:90,-45,11,1,7,0,0,1,0,0,0,1,-94,0,3,0,2789948450,0,110,0,0,97279.6,256,[110 96 6 0 -25 -12 -24 -11 -24 -10 -23 -10 -23 -9 -23 -9 -23 -8 -23 -7 -23 -6 -22 -6 -22 -6 -22 -5 -21 -5 -22 -4 -21 -4 -21 -5 -20 -4 -20 -4 -19 -5 -19 -5 -19 -6 -18 -6 -18 -6 -17 -6 -17 -7 0 0 0 0 0 0 0 0 0 0 0 0 0 0 0 0 0 0 0 0 0 0 -23 -8 -22 -9 -22 -10 -22 -10 -23 -11 -22 -12 -22 -12 -22 -13 -23 -14 -23 -15 -22 -15 -22 -15 -22 -16 -22 -15 -22 -15 -23 -14 -23 -14 -23 -14 -23 -14 -23 -14 -
2025-04-02 17:03:04,CSI_DATA,STA,D8:B1:90:DB:E8:90,-46,11,1,5,0,0,1,0,0,0,0,-92,0,3,0,2793954264,0,110,0,0,97283.6,256,[110 96 6 0 -6 -27 -6 -27 -5 -25 -7 -25 -7 -24 -7 -23 -7 -22 -8 -22 -8 -22 -8 -21 -9 -21 -9 -21 -9 -21 -9 -20 -9 -19 -9 -19 -8 -18 -8 -18 -8 -17 -7 -17 -7 -17 -7 -17 -6 -17 -5 -16 -5 -16 0 0 0 0 0 0 0 0 0 0 0 0 0 0 0 0 0 0 0 0 0 0 -7 -23 -6 -23 -5 -25 -4 -25 -4 -26 -3 -26 -3 -27 -2 -27 -1 -27 -1 -27 0 -28 0 -28 -1 -28 0 -28 -1 -27 -1 -27 -2 -26 -1 -27 -2 -28 -3 -28 -4 -28 -4 -28 -3 -27 -4 -2
2025-04-02 17:03:06,CSI_DATA,STA,D8:B1:90:DB:E8:90,-45,11,1,5,0,0,1,0,0,0,1,-94,0,3,0,2795463439,0,110,0,0,97285.1,256,[110 96 6 0 -25 7 -24 7 -24 8 -23 8 -22 8 -22 8 -21 9 -21 9 -20 10 -19 10 -18 10 -18 10 -18 10 -18 10 -17 10 -17 10 -17 10 -17 10 -16 9 -16 9 -16 8 -15 7 -14 7 -15 7 -15 6 0 0 0 0 0 0 0 0 0 0 0 0 0 0 0 0 0 0 0 0 0 0 -21 9 -22 8 -23 7 -23 7 -24 6 -25 6 -26 6 -27 6 -27 5 -27 5 -28 5 -28 4 -28 4 -27 4 -26 4 -27 4 -26 4 -26 5 -27 5 -26 5 -27 6 -27 6 -26 7 -25 7 -26 8 -26 8 ]
2025-04-02 17:03:09,CSI_DATA,STA,D8:B1:90:DB:E8:90,-45,11,1,7,0,0,1,0,0,0,1,-94,0,3,0,2798470455,0,110,0,0,97288.1,256,[110 96 6 0 -23 -8 -23 -8 -23 -7 -22 -8 -21 -7 -22 -6 -21 -6 -20 -4 -20 -4 -20 -4 -20 -4 -20 -3 -19 -3 -19 -2 -19 -2 -19 -3 -18 -3 -18 -3 -17 -3 -18 -3 -17 -3 -16 -4 -16 -3 -16 -3 -15 -4 0 0 0 0 0 0 0 0 0 0 0 0 0 0 0 0 0 0 0 0 0 0 -20 -4 -20 -5 -21 -7 -21 -7 -21 -8 -21 -9 -22 -9 -22 -10 -22 -10 -22 -11 -21 -11 -21 -11 -21 -12 -21 -11 -21 -11 -22 -11 -21 -10 -22 -10 -22 -10 -22 -10 -23 -9 -22
2025-04-02 17:03:09,CSI_DATA,STA,D8:B1:90:DB:E8:90,-45,11,1,7,0,0,1,0,0,0,1,-94,0,3,0,2798972530,0,110,0,0,97288.6,256,[110 96 6 0 24 -10 23 -10 23 -11 22 -11 21 -10 21 -10 20 -11 20 -11 20 -12 19 -12 18 -11 17 -12 17 -12 17 -13 16 -12 16 -12 16 -12 16 -12 16 -11 15 -11 14 -10 14 -9 14 -9 15 -9 15 -8 0 0 0 0 0 0 0 0 0 0 0 0 0 0 0 0 0 0 0 0 0 0 19 -13 20 -12 20 -12 21 -11 22 -10 23 -10 23 -9 24 -9 25 -9 25 -8 25 -8 25 -8 25 -7 25 -7 25 -7 25 -8 25 -8 25 -8 25 -8 24 -8 24 -9 25 -9 24 -10 24 -10 24 -10 24 -11 ]
2025-04-02 17:03:11,CSI_DATA,STA,D8:B1:90:DB:E8:90,-45,11,1,7,0,0,1,0,0,0,1,-94,0,3,0,2800479647,0,110,0,0,97290.1,256,[110 96 6 0 23 -13 23 -13 22 -13 21 -13 20 -14 19 -13 19 -14 18 -15 18 -15 17 -15 16 -14 16 -14 16 -14 16 -15 16 -14 15 -14 15 -14 15 -13 15 -13 15 -12 14 -11 13 -10 13 -10 13 -10 13 -9 0 0 0 0 0 0 0 0 0 0 0 0 0 0 0 0 0 0 0 0 0 0 18 -15 19 -14 20 -14 21 -13 22 -13 23 -13 22 -12 23 -12 24 -12 25 -11 25 -12 25 -11 25 -11 25 -10 25 -10 25 -11 25 -11 25 -12 24 -12 24 -12 24 -12 24 -12 24 -13 24
2025-04-02 17:03:12,CSI_DATA,STA,D8:B1:90:DB:E8:90,-45,11,1,7,0,0,1,1,0,0,1,-94,0,3,0,2801480942,0,110,0,0,97291.1,256,[110 96 6 0 -15 19 -15 19 -14 19 -13 18 -12 18 -12 18 -11 17 -12 18 -11 18 -11 18 -10 17 -10 17 -10 17 -10 17 -10 17 -9 17 -10 16 -10 16 -10 15 -10 15 -10 14 -9 13 -9 13 -10 12 -10 11 0 0 0 0 0 0 0 0 0 0 0 0 0 0 0 0 0 0 0 0 0 0 -11 18 -12 18 -13 17 -14 17 -15 17 -16 17 -15 17 -16 17 -17 17 -17 17 -18 17 -18 17 -18 17 -18 17 -18 17 -18 17 -18 18 -18 18 -16 18 -16 18 -16 19 -16 19 -16 19 -15 1
2025-04-02 17:03:14,CSI_DATA,STA,D8:B1:90:DB:E8:90,-45,11,1,7,0,0,1,1,0,0,1,-94,0,3,0,2803485539,0,110,0,0,97293.1,256,[110 96 6 0 20 -9 20 -10 20 -10 19 -9 19 -10 18 -10 18 -9 17 -10 17 -11 16 -11 15 -11 15 -11 15 -11 15 -11 15 -11 14 -11 15 -11 15 -10 14 -10 14 -9 14 -9 13 -8 13 -8 14 -7 14 -7 0 0 0 0 0 0 0 0 0 0 0 0 0 0 0 0 0 0 0 0 0 0 17 -11 18 -10 18 -10 19 -9 19 -9 21 -8 21 -8 21 -8 22 -7 22 -7 22 -7 22 -7 21 -7 21 -7 22 -7 22 -7 22 -7 22 -8 22 -8 22 -8 22 -8 22 -9 21 -9 21 -9 21 -9 22 -10 ]
2025-04-02 17:03:17,CSI_DATA,STA,D8:B1:90:DB:E8:90,-45,11,1,7,0,0,1,1,0,0,1,-94,0,3,0,2806494985,0,110,0,0,97296.1,256,[110 96 6 0 5 -26 4 -26 5 -25 4 -24 3 -24 3 -24 2 -23 2 -23 2 -22 1 -22 0 -21 0 -22 -1 -22 0 -21 0 -21 -1 -21 0 -20 0 -20 1 -19 0 -18 0 -18 0 -17 1 -17 2 -17 2 -16 0 0 0 0 0 0 0 0 0 0 0 0 0 0 0 0 0 0 0 0 0 0 2 -23 3 -23 4 -24 5 -23 6 -24 7 -24 7 -25 8 -25 8 -26 9 -25 9 -25 10 -25 9 -25 10 -25 9 -25 9 -25 8 -25 8 -25 7 -26 6 -25 6 -26 6 -27 6 -27 6 -27 6 -26 6 -26 ]
2025-04-02 17:03:17,CSI_DATA,STA,D8:B1:90:DB:E8:90,-45,11,1,7,0,0,1,1,0,0,1,-94,0,3,0,2806994870,0,110,0,0,97296.6,256,[110 96 6 0 9 24 9 23 9 22 10 22 10 21 10 21 10 20 9 19 10 19 10 18 10 18 11 18 10 17 10 16 10 16 10 17 9 16 9 16 8 15 8 15 7 15 7 15 6 15 5 14 5 14 0 0 0 0 0 0 0 0 0 0 0 0 0 0 0 0 0 0 0 0 0 0 11 18 10 18 10 19 10 20 10 21 9 21 9 21 9 22 8 23 8 23 7 24 7 25 7 25 7 25 7 24 7 24 7 24 7 24 8 24 9 24 9 24 9 24 9 24 10 24 10 24 10 24 ]
2025-04-02 17:03:18,CSI_DATA,STA,D8:B1:90:DB:E8:90,-45,11,1,7,0,0,1,1,0,0,1,-94,0,3,0,2808003227,0,110,0,0,97297.6,256,[110 96 6 0 -24 9 -24 9 -24 9 -23 9 -22 9 -21 9 -21 9 -21 10 -21 11 -20 11 -19 10 -19 11 -18 10 -19 11 -18 11 -18 10 -18 10 -18 9 -18 9 -17 9 -15 8 -15 8 -15 7 -16 7 -16 6 0 0 0 0 0 0 0 0 0 0 0 0 0 0 0 0 0 0 0 0 0 0 -19 11 -20 10 -21 9 -22 9 -23 8 -23 8 -23 8 -24 8 -24 8 -25 7 -26 6 -26 5 -26 5 -25 5 -25 5 -26 6 -25 6 -26 6 -25 6 -25 7 -25 7 -25 8 -26 9 -26 9 -26 9 -25 9 ]
2025-04-02 17:03:19,CSI_DATA,STA,D8:B1:90:DB:E8:90,-46,11,1,7,0,0,1,1,0,0,1,-94,0,3,0,2808502459,0,110,0,0,97298.1,256,[110 96 6 0 -19 16 -19 17 -18 17 -17 16 -17 16 -16 16 -15 16 -15 16 -15 16 -14 16 -13 16 -12 16 -12 16 -12 15 -12 15 -11 16 -12 15 -12 15 -12 14 -12 13 -11 12 -11 12 -11 12 -11 12 -11 11 0 0 0 0 0 0 0 0 0 0 0 0 0 0 0 0 0 0 0 0 0 0 -13 17 -14 17 -15 16 -16 16 -16 16 -17 16 -18 16 -19 16 -20 16 -20 15 -20 15 -20 15 -20 15 -20 14 -20 14 -21 14 -20 15 -20 15 -20 15 -20 15 -20 16 -20 16 -19 17 -1
2025-04-02 17:03:22,CSI_DATA,STA,D8:B1:90:DB:E8:90,-45,11,1,7,0,0,1,1,0,0,1,-94,0,3,0,2811011294,0,110,0,0,97300.6,256,[110 96 6 0 -14 -21 -13 -20 -13 -18 -13 -18 -14 -17 -14 -17 -14 -16 -14 -15 -14 -15 -14 -14 -14 -14 -14 -14 -15 -13 -14 -13 -14 -13 -13 -13 -13 -12 -12 -12 -12 -12 -12 -11 -12 -12 -12 -12 -11 -12 -10 -12 -9 -12 0 0 0 0 0 0 0 0 0 0 0 0 0 0 0 0 0 0 0 0 0 0 -13 -17 -12 -17 -12 -17 -12 -18 -12 -19 -11 -19 -11 -20 -9 -21 -10 -20 -10 -21 -11 -21 -10 -22 -11 -22 -10 -22 -10 -21 -10 -21 -11 -21 -11
2025-04-02 17:03:22,CSI_DATA,STA,D8:B1:90:DB:E8:90,-45,11,1,7,0,0,1,1,0,0,1,-94,0,3,0,2811513581,0,110,0,0,97301.1,256,[110 96 6 0 -24 -14 -24 -13 -24 -12 -23 -12 -23 -11 -22 -10 -22 -10 -22 -8 -21 -8 -21 -8 -21 -7 -22 -7 -22 -7 -21 -6 -21 -6 -20 -7 -20 -6 -20 -6 -19 -6 -18 -6 -18 -7 -17 -7 -16 -7 -16 -7 -16 -7 0 0 0 0 0 0 0 0 0 0 0 0 0 0 0 0 0 0 0 0 0 0 -22 -9 -22 -11 -22 -12 -22 -13 -22 -14 -23 -14 -22 -15 -23 -15 -22 -16 -23 -17 -22 -17 -22 -17 -22 -18 -22 -18 -21 -17 -21 -16 -22 -16 -22 -16 -23 -16 -23 -
2025-04-02 17:03:23,CSI_DATA,STA,D8:B1:90:DB:E8:90,-45,11,1,7,0,0,1,1,0,0,1,-94,0,3,0,2813020230,0,110,0,0,97302.7,256,[110 96 6 0 22 5 22 5 22 4 21 4 21 3 20 3 20 3 20 1 20 1 19 0 20 1 19 1 18 0 19 -1 18 -1 18 0 18 0 17 -1 17 0 16 0 16 1 15 1 15 1 15 1 14 2 0 0 0 0 0 0 0 0 0 0 0 0 0 0 0 0 0 0 0 0 0 0 20 2 20 3 20 4 20 5 20 6 21 6 21 6 21 6 21 8 21 8 21 9 21 9 21 9 21 9 21 8 21 8 21 8 21 7 22 8 22 7 22 7 22 7 22 6 22 6 22 6 23 5 ]
2025-04-02 17:03:24,CSI_DATA,STA,D8:B1:90:DB:E8:90,-48,11,1,7,0,0,1,1,0,0,1,-94,0,3,0,2813519891,0,110,0,0,97303.2,256,[110 96 6 0 -21 14 -21 15 -19 16 -21 4 -20 5 -20 5 -19 6 1 -1 1 -1 1 -1 0 -2 -4 6 -4 6 -4 7 -4 7 10 -7 10 -7 9 -6 8 -6 0 -12 0 -12 1 -12 1 -12 8 13 8 13 0 0 0 0 0 0 0 0 0 0 0 0 0 0 0 0 0 0 0 0 0 0 -16 5 -16 4 -22 -1 -24 -1 -23 -1 -24 -1 -27 -4 -28 -4 -28 -4 -28 -4 -28 -5 -28 -5 -29 -5 -28 -4 -27 -3 -27 -3 -27 -2 -27 -1 -30 -2 -29 -1 -30 0 -30 1 -28 4 -27 5 -28 5 -2 0 ]
2025-04-02 17:03:24,CSI_DATA,STA,D8:B1:90:DB:E8:90,-45,11,1,7,0,0,1,1,0,0,1,-94,0,3,0,2814020765,0,110,0,0,97303.7,256,[110 96 6 0 2 -27 2 -28 2 -25 1 -26 0 -25 0 -25 0 -24 0 -24 -1 -22 -2 -23 -3 -23 -3 -22 -3 -22 -2 -21 -2 -21 -3 -21 -2 -21 -2 -20 -2 -20 -2 -19 -2 -19 -2 -18 -2 -18 -1 -17 0 -18 0 0 0 0 0 0 0 0 0 0 0 0 0 0 0 0 0 0 0 0 0 0 0 -23 1 -25 1 -24 2 -26 3 -25 3 -27 4 -26 5 -27 6 -27 5 -27 6 -27 7 -27 6 -27 6 -27 6 -27 6 -26 6 -27 6 -27 5 -28 5 -27 4 -28 4 -28 3 -28 2 -28 2 -28 3 -28 ]
2025-04-02 17:03:28,CSI_DATA,STA,D8:B1:90:DB:E8:90,-45,11,1,7,0,0,1,1,0,0,1,-94,0,3,0,2818027352,0,110,0,0,97307.7,256,[110 96 6 0 22 15 23 15 22 13 22 13 21 12 21 12 21 11 21 10 20 8 20 8 20 8 20 8 20 8 19 7 19 7 19 7 18 7 18 6 17 6 17 7 17 8 16 7 15 7 15 7 14 8 0 0 0 0 0 0 0 0 0 0 0 0 0 0 0 0 0 0 0 0 0 0 20 9 19 11 20 12 20 13 20 14 20 14 20 16 20 16 20 17 20 17 20 16 20 17 20 17 20 17 20 17 20 17 20 17 20 16 21 17 21 17 22 16 23 16 22 15 23 15 23 15 23 14 ]
2025-04-02 17:03:29,CSI_DATA,STA,D8:B1:90:DB:E8:90,-45,11,1,7,0,0,1,1,0,0,1,-94,0,3,0,2818531981,0,110,0,0,97308.2,256,[110 96 6 0 -22 -18 -22 -17 -21 -16 -21 -16 -21 -15 -21 -15 -21 -14 -19 -12 -19 -12 -19 -11 -19 -12 -20 -12 -19 -11 -19 -10 -18 -10 -19 -11 -17 -10 -17 -10 -17 -10 -17 -9 -17 -10 -16 -10 -15 -10 -14 -10 -14 -11 0 0 0 0 0 0 0 0 0 0 0 0 0 0 0 0 0 0 0 0 0 0 -21 -11 -21 -12 -20 -13 -19 -14 -20 -15 -19 -15 -20 -16 -20 -17 -20 -18 -20 -19 -19 -19 -20 -20 -20 -20 -20 -20 -19 -20 -20 -20 -20 -18 -20
2025-04-02 17:03:33,CSI_DATA,STA,D8:B1:90:DB:E8:90,-45,11,1,7,0,0,1,1,0,0,1,-94,0,3,0,2822546662,0,110,0,0,97312.2,256,[110 96 6 0 19 12 19 11 19 10 19 10 19 9 19 8 18 8 18 7 18 6 17 6 18 6 17 6 17 6 17 5 17 5 17 6 16 5 16 5 16 5 15 5 15 5 14 6 13 6 13 6 12 6 0 0 0 0 0 0 0 0 0 0 0 0 0 0 0 0 0 0 0 0 0 0 17 8 17 8 17 9 17 10 18 11 18 11 18 11 18 12 18 13 17 13 17 14 17 14 17 15 17 15 18 14 18 13 18 13 18 13 18 12 19 12 19 12 20 12 19 12 20 13 20 12 20 11 ]
2025-04-02 17:03:34,CSI_DATA,STA,D8:B1:90:DB:E8:90,-46,11,1,7,0,0,1,1,0,0,1,-94,0,3,0,2823546485,0,110,0,0,97313.2,256,[110 96 6 0 16 -19 16 -19 16 -19 15 -19 14 -19 13 -19 13 -19 12 -19 12 -19 12 -19 11 -18 10 -18 10 -18 10 -18 10 -17 10 -17 10 -17 10 -16 9 -16 10 -16 9 -15 9 -14 9 -13 10 -13 10 -12 0 0 0 0 0 0 0 0 0 0 0 0 0 0 0 0 0 0 0 0 0 0 12 -17 13 -17 14 -17 14 -16 15 -16 16 -16 17 -17 18 -17 18 -17 19 -17 19 -16 20 -16 19 -16 19 -16 19 -16 19 -16 19 -16 19 -17 19 -18 18 -17 18 -18 18 -19 18 -18 17 -18
2025-04-02 17:03:34,CSI_DATA,STA,D8:B1:90:DB:E8:90,-45,11,1,7,0,0,1,1,0,0,1,-94,0,3,0,2824048024,0,110,0,0,97313.7,256,[110 96 6 0 22 13 21 13 21 12 21 11 20 10 20 10 20 9 20 8 20 8 19 8 19 8 19 7 19 7 19 5 19 6 18 7 18 6 18 5 17 6 17 6 16 6 16 6 15 6 15 6 14 7 0 0 0 0 0 0 0 0 0 0 0 0 0 0 0 0 0 0 0 0 0 0 19 9 19 10 19 11 19 11 20 12 20 12 20 13 20 14 20 15 20 16 19 15 20 16 20 16 19 16 19 16 19 15 19 14 20 15 21 14 21 14 21 13 22 14 21 14 22 14 22 14 22 13 ]
2025-04-02 17:03:41,CSI_DATA,STA,D8:B1:90:DB:E8:90,-46,11,1,7,0,0,1,1,0,0,1,-94,0,3,0,2830564519,0,110,0,0,97320.2,256,[110 96 6 0 -24 4 -25 4 -23 5 -23 4 -23 5 -22 5 -22 5 -22 6 -21 7 -21 7 -20 7 -19 7 -19 7 -19 7 -19 7 -18 7 -18 7 -18 6 -18 6 -18 6 -17 5 -16 4 -16 4 -16 4 -16 3 0 0 0 0 0 0 0 0 0 0 0 0 0 0 0 0 0 0 0 0 0 0 -21 6 -22 5 -22 5 -23 4 -23 4 -24 3 -24 2 -25 2 -25 2 -25 1 -25 1 -26 1 -26 0 -25 0 -26 0 -25 1 -26 1 -26 1 -26 1 -26 2 -26 2 -26 2 -26 3 -25 3 -26 3 -26 4 ]
2025-04-02 17:03:42,CSI_DATA,STA,D8:B1:90:DB:E8:90,-45,11,1,7,0,0,1,1,0,0,1,-94,0,3,0,2831064637,0,110,0,0,97320.7,256,[110 96 6 0 -2 24 -1 24 -1 22 -1 23 0 22 0 22 1 22 1 21 1 20 2 20 3 20 3 20 3 20 2 19 2 19 2 19 1 19 1 18 1 18 0 17 1 17 1 17 0 16 -1 15 -1 14 0 0 0 0 0 0 0 0 0 0 0 0 0 0 0 0 0 0 0 0 0 0 2 20 1 21 0 21 0 21 -2 22 -2 21 -3 24 -4 23 -4 24 -3 24 -5 24 -5 24 -4 24 -4 24 -4 23 -5 23 -4 22 -4 22 -3 24 -3 24 -2 24 -2 24 -2 24 -1 24 -2 24 -1 24 ]
2025-04-02 17:03:42,CSI_DATA,STA,00:00:00:00:00:00,-46,11,0,0,0,0,0,0,0,0,0,-94,0,3,0,2831545053,0,14,0,0,97321.2,128,[14 -32 0 0 -34 27 -34 28 -35 26 -35 25 -33 24 -33 22 -31 20 -30 19 -27 17 -24 14 -22 12 -19 10 -16 8 -12 6 -9 5 -6 3 -3 2 -1 1 2 0 3 0 4 -1 5 -2 7 -3 8 -4 9 -5 0 0 0 0 0 0 0 0 0 0 0 0 0 0 0 0 0 0 0 0 0 0 18 -34 19 -30 19 -26 19 -23 16 -21 14 -19 11 -17 8 -17 5 -16 2 -16 0 -16 -2 -16 -3 -15 -4 -14 -5 -12 -6 -9 -7 -7 -9 -3 -10 0 -11 4 -13 8 -15 12 -18 17 -20 19 -23 22 -27 24 ]
2025-04-02 17:03:42,CSI_DATA,STA,D8:B1:90:DB:E8:90,-45,11,1,7,0,0,1,1,0,0,1,-94,0,3,0,2832064551,0,110,0,0,97321.7,256,[110 96 6 0 -11 -25 -11 -24 -10 -23 -11 -23 -12 -22 -12 -22 -12 -21 -12 -19 -12 -19 -12 -18 -13 -18 -13 -18 -13 -18 -12 -16 -12 -17 -12 -16 -11 -16 -11 -16 -10 -16 -10 -15 -10 -15 -9 -15 -9 -15 -9 -14 -8 -14 0 0 0 0 0 0 0 0 0 0 0 0 0 0 0 0 0 0 0 0 0 0 -12 -19 -11 -21 -11 -21 -11 -22 -10 -22 -10 -23 -9 -23 -9 -24 -9 -25 -9 -25 -8 -25 -8 -26 -8 -26 -8 -26 -8 -25 -8 -25 -8 -25 -8 -24 -9 -26 -9
2025-04-02 17:03:45,CSI_DATA,STA,D8:B1:90:DB:E8:90,-46,11,1,7,0,0,1,1,0,0,1,-94,0,3,0,2835069326,0,110,0,0,97324.7,256,[110 96 6 0 -19 15 -19 16 -18 15 -17 15 -16 15 -16 15 -15 15 -15 16 -14 16 -14 17 -12 15 -13 12 -13 14 -13 16 -12 15 -11 16 -12 16 -11 15 -12 14 -11 13 -10 12 -10 12 -10 12 -11 12 -11 11 0 0 0 0 0 0 0 0 0 0 0 0 0 0 0 0 0 0 0 0 0 0 -16 17 -16 16 -17 15 -18 15 -19 14 -20 14 -21 14 -21 14 -22 14 -22 13 -23 14 -23 13 -22 13 -22 13 -22 13 -22 13 -22 13 -22 14 -21 13 -21 14 -20 14 -21 14 -20 15 -2
2025-04-02 17:03:46,CSI_DATA,STA,D8:B1:90:DB:E8:90,-45,11,1,7,0,0,1,1,0,0,1,-94,0,3,0,2835569364,0,110,0,0,97325.2,256,[110 96 6 0 -13 -22 -13 -20 -12 -19 -13 -19 -13 -18 -13 -18 -13 -17 -13 -16 -13 -16 -13 -15 -14 -15 -13 -15 -14 -15 -13 -14 -13 -13 -13 -14 -12 -13 -12 -13 -12 -13 -11 -13 -11 -13 -10 -13 -10 -13 -10 -12 -9 -13 0 0 0 0 0 0 0 0 0 0 0 0 0 0 0 0 0 0 0 0 0 0 -16 -17 -13 -17 -13 -17 -14 -19 -14 -19 -12 -20 -12 -21 -13 -21 -12 -22 -11 -23 -11 -23 -10 -23 -10 -23 -9 -23 -10 -23 -10 -23 -11 -22 -11
2025-04-02 17:03:49,CSI_DATA,STA,D8:B1:90:DB:E8:90,-45,11,1,7,0,0,1,1,0,0,1,-94,0,3,0,2838574220,0,110,0,0,97328.2,256,[110 96 6 0 10 -25 9 -25 9 -23 8 -23 6 -23 6 -23 6 -22 5 -22 5 -22 4 -21 3 -21 3 -22 3 -22 3 -21 4 -21 3 -20 4 -20 4 -19 4 -19 4 -19 3 -19 3 -18 4 -18 4 -17 5 -16 0 0 0 0 0 0 0 0 0 0 0 0 0 0 0 0 0 0 0 0 0 0 6 -23 8 -23 8 -22 9 -22 9 -22 11 -22 12 -23 12 -24 13 -24 13 -24 14 -23 14 -23 14 -23 14 -23 13 -23 13 -23 13 -23 13 -23 13 -24 12 -23 11 -24 11 -25 11 -25 11 -25 11 -25 11 -25 ]
2025-04-02 17:03:50,CSI_DATA,STA,D8:B1:90:DB:E8:90,-45,11,1,7,0,0,1,1,0,0,1,-94,0,3,0,2839574346,0,110,0,0,97329.2,256,[110 96 6 0 -19 -18 -20 -17 -19 -16 -20 -16 -20 -14 -20 -14 -19 -13 -20 -12 -19 -11 -19 -11 -20 -11 -19 -11 -19 -11 -18 -9 -18 -9 -18 -10 -17 -9 -17 -9 -16 -9 -16 -9 -16 -10 -14 -10 -14 -10 -14 -9 -13 -10 0 0 0 0 0 0 0 0 0 0 0 0 0 0 0 0 0 0 0 0 0 0 -18 -14 -18 -15 -18 -16 -18 -17 -18 -18 -17 -19 -17 -19 -16 -20 -16 -21 -16 -21 -16 -21 -16 -22 -16 -22 -16 -22 -17 -21 -17 -20 -18 -20 -17 -19 -
2025-04-02 17:03:50,CSI_DATA,STA,D8:B1:90:DB:E8:90,-46,11,1,7,0,0,1,1,0,0,1,-94,0,3,0,2840074463,0,110,0,0,97329.7,256,[110 96 6 0 20 6 21 5 19 4 20 5 19 4 19 3 19 3 18 1 17 1 17 1 18 1 18 1 18 0 17 0 17 0 16 1 16 0 16 0 15 0 16 0 15 1 14 1 14 1 14 1 13 2 0 0 0 0 0 0 0 0 0 0 0 0 0 0 0 0 0 0 0 0 0 0 18 3 19 5 19 5 19 6 20 5 20 7 19 8 21 8 20 8 20 9 20 9 20 10 20 10 20 9 20 9 20 9 20 9 20 8 21 8 21 8 21 7 21 7 20 6 21 7 21 7 21 6 ]
2025-04-02 17:03:53,CSI_DATA,STA,D8:B1:90:DB:E8:90,-45,11,1,7,0,0,1,1,0,0,1,-94,0,3,0,2843082859,0,110,0,0,97332.7,256,[110 96 6 0 -10 19 -10 20 -9 19 -8 19 -8 19 -7 19 -7 19 -7 19 -7 18 -6 18 -6 18 -5 18 -5 18 -5 18 -5 18 -4 17 -5 17 -5 16 -5 16 -6 15 -5 14 -5 14 -5 13 -6 14 -6 13 0 0 0 0 0 0 0 0 0 0 0 0 0 0 0 0 0 0 0 0 0 0 -6 18 -7 18 -8 18 -9 18 -9 18 -10 19 -11 19 -12 19 -12 19 -13 19 -13 19 -14 19 -13 19 -13 19 -13 19 -13 18 -13 19 -13 19 -12 20 -11 20 -11 20 -11 20 -11 20 -10 20 -10 20 -11 21 ]
2025-04-02 17:04:01,CSI_DATA,STA,D8:B1:90:DB:E8:90,-45,11,1,7,0,0,1,1,0,0,1,-94,0,3,0,2850097237,0,110,0,0,97339.7,256,[110 96 6 0 -18 15 -17 15 -17 15 -16 14 -15 14 -14 14 -14 14 -13 14 -13 14 -12 14 -12 14 -12 14 -11 14 -11 14 -11 14 -11 14 -11 14 -11 13 -11 13 -11 12 -10 11 -10 11 -10 10 -11 10 -11 9 0 0 0 0 0 0 0 0 0 0 0 0 0 0 0 0 0 0 0 0 0 0 -14 15 -15 13 -15 14 -16 12 -17 13 -18 12 -20 13 -19 13 -20 14 -20 11 -20 12 -21 12 -20 12 -20 12 -19 11 -20 12 -19 12 -20 13 -19 13 -19 14 -19 14 -19 14 -19 14 -18
2025-04-02 17:04:02,CSI_DATA,STA,D8:B1:90:DB:E8:90,-45,11,1,7,0,0,1,1,0,0,1,-94,0,3,0,2851601120,0,110,0,0,97341.2,256,[110 96 6 0 25 -8 24 -8 24 -8 23 -8 22 -8 21 -9 21 -9 21 -10 20 -11 19 -11 19 -10 18 -10 18 -10 19 -11 18 -11 18 -10 18 -10 18 -10 17 -9 17 -8 16 -8 16 -7 16 -6 16 -7 16 -6 0 0 0 0 0 0 0 0 0 0 0 0 0 0 0 0 0 0 0 0 0 0 21 -10 21 -9 23 -9 23 -8 24 -7 25 -7 25 -6 26 -6 26 -5 27 -4 27 -4 27 -4 27 -3 27 -3 26 -4 27 -5 26 -5 26 -6 27 -6 26 -6 26 -7 27 -7 26 -7 26 -7 26 -7 26 -8 ]
2025-04-02 17:04:05,CSI_DATA,STA,D8:B1:90:DB:E8:90,-45,11,1,7,0,0,1,1,0,0,1,-94,0,3,0,2854608257,0,110,0,0,97344.2,256,[110 96 6 0 -21 -15 -20 -15 -20 -13 -20 -14 -19 -13 -20 -13 -19 -12 -19 -11 -18 -10 -18 -10 -19 -10 -19 -10 -19 -9 -19 -8 -18 -8 -18 -9 -17 -9 -17 -8 -17 -9 -16 -8 -16 -9 -15 -9 -14 -10 -14 -9 -13 -10 0 0 0 0 0 0 0 0 0 0 0 0 0 0 0 0 0 0 0 0 0 0 -19 -10 -19 -12 -19 -10 -19 -14 -18 -14 -18 -16 -19 -15 -18 -16 -18 -16 -18 -17 -18 -18 -17 -18 -18 -19 -18 -19 -18 -18 -18 -17 -18 -17 -18 -17 -18 -
