2025-05-20 15:41:44,CSI_DATA,STA,D8:B1:90:DB:E8:90,-50,11,1,7,0,0,1,1,0,0,1,-94,0,2,0,1725295128,0,110,0,0,1725.66,256,[110 96 6 0 17 14 17 14 17 13 17 14 17 13 17 12 17 12 17 12 17 12 17 11 17 12 17 11 17 11 16 10 16 11 16 11 16 11 15 11 15 11 15 11 15 12 14 12 13 12 12 13 11 13 0 0 0 0 0 0 0 0 0 0 0 0 0 0 0 0 0 0 0 0 0 0 14 12 14 13 13 13 13 14 13 15 13 15 13 15 13 16 13 16 13 16 13 17 12 17 12 17 13 17 13 17 12 16 13 16 13 16 15 16 15 15 15 15 16 15 15 14 16 14 17 14 17 14 ]
2025-05-20 15:41:48,CSI_DATA,STA,D8:B1:90:DB:E8:90,-50,11,1,7,0,0,1,1,0,0,1,-94,0,2,0,1728819986,0,110,0,0,1729.18,256,[110 96 6 0 16 -13 17 -13 16 -13 16 -13 15 -13 15 -13 15 -13 15 -14 14 -14 14 -14 13 -14 14 -14 14 -14 14 -14 14 -14 13 -13 14 -13 14 -13 14 -12 14 -12 13 -11 13 -10 13 -9 15 -9 15 -8 0 0 0 0 0 0 0 0 0 0 0 0 0 0 0 0 0 0 0 0 0 0 14 -10 14 -9 14 -10 15 -10 15 -10 16 -10 16 -10 17 -10 17 -9 17 -9 17 -9 17 -9 17 -9 17 -9 17 -10 17 -10 17 -10 17 -11 16 -11 16 -11 16 -11 16 -12 17 -13 17 -13 17 -1
2025-05-20 15:41:50,CSI_DATA,STA,D8:B1:90:DB:E8:90,-51,11,1,6,0,0,1,0,0,0,1,-94,0,2,0,1730812350,0,110,0,0,1731.17,256,[110 96 6 0 42 22 43 21 42 20 41 18 39 17 36 15 32 12 28 10 23 8 18 7 13 4 7 2 2 0 -3 -1 -7 -3 -11 -5 -13 -7 -14 -8 -14 -10 -14 -11 -12 -11 -10 -11 -6 -10 -2 -10 3 -8 0 0 0 0 0 0 0 0 0 0 0 0 0 0 0 0 0 0 0 0 0 0 25 10 20 12 16 12 11 11 7 10 3 8 -2 6 -5 5 -9 3 -12 1 -14 0 -15 -1 -16 -2 -15 -2 -14 -1 -13 -1 -10 1 -6 3 -2 6 3 8 8 10 13 13 18 14 24 16 29 19 33 19 ]
2025-05-20 15:41:50,CSI_DATA,STA,D8:B1:90:DB:E8:90,-50,11,1,7,0,0,1,0,0,0,0,-94,0,2,0,1731312143,0,110,0,0,1731.67,256,[110 96 6 0 1 -25 1 -25 1 -24 1 -24 1 -24 0 -24 0 -24 0 -23 0 -23 -1 -23 -1 -23 -1 -23 -1 -23 0 -23 0 -23 0 -23 1 -23 1 -23 1 -23 2 -23 3 -23 3 -22 3 -21 5 -20 6 -20 0 0 0 0 0 0 0 0 0 0 0 0 0 0 0 0 0 0 0 0 0 0 5 -18 6 -17 5 -18 6 -18 6 -18 7 -18 7 -19 8 -20 8 -19 8 -20 8 -20 8 -20 8 -20 8 -20 6 -20 6 -20 6 -20 5 -21 4 -22 4 -22 3 -22 3 -23 3 -23 2 -23 2 -23 2 -24 ]
2025-05-20 15:41:53,CSI_DATA,STA,D8:B1:90:DB:E8:90,-49,11,1,6,0,0,1,0,0,0,1,-94,0,2,0,1734321447,0,110,0,0,1734.68,256,[110 96 6 0 18 13 18 12 18 12 18 12 18 11 18 11 18 11 18 10 18 10 18 9 18 10 18 10 18 10 18 10 18 10 18 11 17 10 17 10 17 10 16 11 15 11 15 12 14 12 13 13 12 13 0 0 0 0 0 0 0 0 0 0 0 0 0 0 0 0 0 0 0 0 0 0 14 11 13 12 13 12 13 13 13 13 13 14 13 13 13 13 14 14 14 14 13 14 13 15 13 15 13 15 13 15 14 14 14 14 14 14 15 14 16 13 16 13 17 14 17 13 17 13 18 13 18 12 ]
2025-05-20 15:41:54,CSI_DATA,STA,D8:B1:90:DB:E8:90,-50,11,1,7,0,0,1,1,0,0,1,-94,0,2,0,1734823883,0,110,0,0,1735.19,256,[110 96 6 0 -19 -18 -19 -17 -18 -16 -18 -17 -18 -16 -18 -15 -18 -15 -19 -15 -19 -14 -19 -14 -20 -14 -21 -15 -21 -14 -18 -12 -15 -11 -16 -15 -18 -15 -18 -13 -17 -14 -16 -14 -16 -15 -15 -15 -15 -15 -14 -16 -13 -17 0 0 0 0 0 0 0 0 0 0 0 0 0 0 0 0 0 0 0 0 0 0 -13 -14 -13 -15 -13 -15 -13 -16 -13 -16 -12 -17 -12 -17 -12 -17 -12 -18 -13 -18 -13 -18 -13 -18 -13 -18 -14 -18 -13 -18 -13 -17 -14 -17 -1
2025-05-20 15:41:57,CSI_DATA,STA,D8:B1:90:DB:E8:90,-50,11,1,5,0,0,1,0,0,0,1,-94,0,2,0,1737845719,0,110,0,0,1738.21,256,[110 96 6 0 -9 23 -9 23 -9 22 -8 22 -7 22 -7 22 -6 22 -7 22 -7 22 -7 22 -6 22 -6 22 -6 22 -6 22 -6 22 -6 22 -7 21 -7 21 -8 20 -8 20 -8 19 -8 19 -9 18 -10 18 -11 17 0 0 0 0 0 0 0 0 0 0 0 0 0 0 0 0 0 0 0 0 0 0 -9 17 -10 17 -11 17 -12 17 -12 16 -12 17 -13 16 -13 17 -14 17 -14 17 -13 17 -13 17 -13 17 -13 17 -12 18 -13 19 -12 19 -12 19 -11 20 -10 20 -10 21 -9 21 -10 22 -8 21 -9 22 -9 22 ]
2025-05-20 15:41:57,CSI_DATA,STA,D8:B1:90:DB:E8:90,-51,11,1,3,0,0,1,0,0,0,0,-94,0,2,0,1738342361,0,110,0,0,1738.7,256,[110 96 6 0 -44 0 -45 1 -44 2 -43 2 -40 3 -38 2 -34 2 -30 2 -26 1 -22 0 -13 2 -12 0 -2 1 2 0 7 0 10 2 14 3 15 4 16 6 16 8 15 8 12 9 9 9 5 10 1 8 0 0 0 0 0 0 0 0 0 0 0 0 0 0 0 0 0 0 0 0 0 0 -19 18 -19 14 -17 9 -15 6 -12 2 -9 -1 -5 -3 -2 -6 1 -8 4 -10 6 -11 8 -12 9 -12 9 -12 8 -13 6 -12 4 -11 1 -11 -3 -10 -7 -9 -12 -8 -17 -7 -22 -4 -27 -4 -31 -3 -35 -1 ]
2025-05-20 15:41:58,CSI_DATA,STA,D8:B1:90:DB:E8:90,-51,11,1,6,0,0,1,0,0,0,1,-94,0,2,0,1739347154,0,110,0,0,1739.71,256,[110 96 6 0 -33 29 -32 30 -33 30 -31 30 -29 29 -27 27 -24 24 -21 22 -18 18 -14 14 -11 10 -7 6 -3 1 1 -3 4 -6 8 -9 11 -10 14 -10 16 -10 17 -9 17 -7 16 -4 14 -2 11 1 8 4 0 0 0 0 0 0 0 0 0 0 0 0 0 0 0 0 0 0 0 0 0 0 -12 24 -13 20 -13 15 -12 11 -11 7 -9 2 -7 -2 -5 -5 -2 -9 -1 -12 1 -14 2 -15 3 -16 3 -16 2 -16 0 -14 -2 -12 -5 -10 -7 -7 -10 -4 -13 0 -16 4 -19 9 -22 12 -26 17 -29 21 ]
2025-05-20 15:41:58,CSI_DATA,STA,D8:B1:90:DB:E8:90,-51,11,1,6,0,0,1,0,0,0,1,-94,0,2,0,1739849251,0,110,0,0,1740.21,256,[110 96 6 0 40 8 41 6 41 5 41 4 39 3 37 2 33 2 29 1 24 1 19 1 14 0 8 1 2 1 -3 1 -8 1 -12 0 -15 -1 -17 -3 -19 -4 -19 -6 -17 -7 -15 -9 -12 -10 -8 -11 -4 -11 0 0 0 0 0 0 0 0 0 0 0 0 0 0 0 0 0 0 0 0 0 0 25 2 21 4 18 5 13 6 9 6 5 6 0 6 -4 5 -8 5 -10 4 -13 3 -15 4 -16 3 -15 4 -15 4 -13 4 -11 5 -7 6 -3 7 1 8 6 8 11 9 16 8 22 9 27 9 31 8 ]
2025-05-20 15:41:59,CSI_DATA,STA,D8:B1:90:DB:E8:90,-51,11,1,4,0,0,1,0,0,0,1,-94,0,2,0,1740350027,0,110,0,0,1740.71,256,[110 96 6 0 -44 7 -44 8 -44 9 -43 9 -40 10 -38 10 -34 9 -30 8 -25 6 -20 5 -15 3 -10 2 -4 0 2 -1 6 -2 11 -2 14 -2 17 -2 18 0 19 1 18 3 16 5 13 6 9 8 4 8 0 0 0 0 0 0 0 0 0 0 0 0 0 0 0 0 0 0 0 0 0 0 -24 12 -22 9 -20 5 -16 3 -12 0 -9 -3 -5 -5 -1 -7 3 -8 7 -10 9 -10 11 -11 12 -11 12 -12 11 -12 9 -11 6 -11 3 -10 -1 -10 -6 -9 -11 -7 -16 -6 -21 -2 -26 -2 -31 0 -35 2 ]
2025-05-20 15:42:00,CSI_DATA,STA,D8:B1:90:DB:E8:90,-51,11,1,5,0,0,1,0,0,0,0,-94,0,2,0,1741360902,0,110,0,0,1741.72,256,[110 96 6 0 -10 41 -8 42 -8 42 -7 41 -6 39 -6 37 -5 33 -4 29 -3 25 -3 19 -3 14 -2 8 -1 3 0 -2 2 -7 3 -11 5 -14 7 -15 8 -16 10 -15 11 -14 12 -11 11 -8 10 -4 9 0 0 0 0 0 0 0 0 0 0 0 0 0 0 0 0 0 0 0 0 0 0 0 9 23 5 22 2 19 0 15 -2 11 -4 7 -5 3 -6 -1 -7 -5 -7 -9 -7 -11 -8 -13 -8 -14 -8 -14 -9 -13 -9 -11 -10 -9 -10 -6 -10 -2 -10 3 -10 7 -10 13 -11 18 -10 23 -10 28 -11 32 ]
2025-05-20 15:42:01,CSI_DATA,STA,D8:B1:90:DB:E8:90,-51,11,1,6,0,0,1,0,0,0,1,-94,0,2,0,1741861187,0,110,0,0,1742.22,256,[110 96 6 0 -40 -27 -41 -27 -41 -26 -41 -25 -39 -23 -36 -21 -33 -19 -29 -17 -24 -15 -19 -12 -14 -8 -9 -5 -4 -2 1 1 6 5 9 9 11 12 12 14 12 16 11 17 9 18 5 17 2 15 -1 13 -5 9 0 0 0 0 0 0 0 0 0 0 0 0 0 0 0 0 0 0 0 0 0 0 -29 0 -25 -3 -21 -5 -17 -6 -11 -7 -7 -7 -1 -6 3 -6 8 -5 11 -4 14 -3 16 -2 17 -2 17 -3 16 -3 15 -5 12 -6 9 -8 5 -10 0 -12 -5 -14 -10 -16 -14 -18 -20 -20 -25 -22 -29 -24 ]
2025-05-20 15:42:01,CSI_DATA,STA,D8:B1:90:DB:E8:90,-50,11,1,6,0,0,1,0,0,0,1,-94,0,2,0,1742360880,0,110,0,0,1742.72,256,[110 96 6 0 -7 21 -7 21 -6 20 -6 20 -5 20 -5 20 -4 20 -5 20 -5 20 -4 20 -3 20 -3 20 -3 20 -4 20 -4 20 -3 20 -4 20 -4 19 -4 19 -5 19 -5 18 -5 18 -5 18 -6 17 -7 17 0 0 0 0 0 0 0 0 0 0 0 0 0 0 0 0 0 0 0 0 0 0 -7 15 -8 15 -7 15 -8 16 -9 16 -9 16 -10 16 -10 16 -10 17 -10 17 -10 17 -10 17 -10 17 -10 17 -9 17 -9 17 -9 17 -8 17 -8 18 -8 18 -8 19 -7 19 -7 19 -7 20 -6 20 -7 20 ]
2025-05-20 15:42:03,CSI_DATA,STA,D8:B1:90:DB:E8:90,-50,11,1,6,0,0,1,0,0,0,1,-94,0,2,0,1743861711,0,110,0,0,1744.22,256,[110 96 6 0 -22 -13 -22 -12 -21 -12 -22 -11 -22 -11 -22 -10 -22 -10 -22 -10 -21 -9 -22 -9 -22 -9 -22 -9 -22 -9 -22 -8 -22 -9 -23 -10 -22 -8 -17 -10 -18 -14 -19 -10 -20 -12 -18 -12 -18 -12 -17 -12 -17 -13 0 0 0 0 0 0 0 0 0 0 0 0 0 0 0 0 0 0 0 0 0 0 -17 -9 -17 -10 -16 -11 -17 -12 -17 -12 -17 -13 -17 -12 -17 -12 -17 -13 -18 -13 -17 -13 -17 -13 -18 -14 -18 -13 -18 -13 -18 -13 -18 -13 -18 -12 -20
2025-05-20 15:42:06,CSI_DATA,STA,D8:B1:90:DB:E8:90,-51,11,1,6,0,0,1,0,0,0,1,-94,0,2,0,1747368047,0,110,0,0,1747.73,256,[110 96 6 0 -4 24 -3 24 -4 23 -3 24 -2 23 -2 23 -2 23 -2 23 -2 23 -1 23 0 23 -1 23 0 23 -1 23 -1 22 0 23 -1 23 -2 22 -2 22 -3 21 -3 21 -3 21 -3 20 -5 20 -6 19 0 0 0 0 0 0 0 0 0 0 0 0 0 0 0 0 0 0 0 0 0 0 -4 19 -5 18 -6 19 -6 19 -7 20 -7 20 -7 19 -8 19 -9 20 -8 20 -9 20 -10 20 -9 20 -9 20 -8 20 -8 20 -7 20 -7 20 -6 21 -6 21 -5 21 -5 22 -4 23 -3 23 -3 23 -4 24 ]
2025-05-20 15:42:07,CSI_DATA,STA,D8:B1:90:DB:E8:90,-51,11,1,6,0,0,1,0,0,0,0,-94,0,2,0,1747868093,0,110,0,0,1748.23,256,[110 96 6 0 -44 -17 -45 -15 -44 -15 -44 -13 -41 -11 -39 -9 -35 -8 -31 -6 -26 -5 -20 -5 -15 -3 -9 -2 -3 -1 2 -1 7 0 11 2 15 2 17 4 18 5 18 7 17 8 14 8 11 9 7 9 2 8 0 0 0 0 0 0 0 0 0 0 0 0 0 0 0 0 0 0 0 0 0 0 -27 -11 -23 -13 -19 -13 -15 -13 -10 -12 -5 -11 -1 -9 4 -7 7 -5 10 -4 13 -2 14 -1 15 0 15 0 14 -1 12 -2 10 -3 6 -5 2 -7 -2 -9 -8 -11 -13 -12 -18 -13 -24 -15 -29 -16 -33 -17 ]
2025-05-20 15:42:07,CSI_DATA,STA,D8:B1:90:DB:E8:90,-51,11,1,5,0,0,1,0,0,0,1,-94,0,2,0,1748370333,0,110,0,0,1748.73,256,[110 96 6 0 15 45 16 45 16 44 18 43 18 40 17 36 16 32 14 28 12 23 9 18 7 13 4 7 1 2 -2 -2 -4 -7 -6 -11 -7 -14 -7 -17 -6 -18 -6 -19 -4 -19 -2 -17 1 -15 3 -11 5 -7 0 0 0 0 0 0 0 0 0 0 0 0 0 0 0 0 0 0 0 0 0 0 9 28 5 26 2 23 -1 19 -3 15 -6 10 -7 6 -8 1 -9 -2 -11 -6 -11 -10 -11 -11 -11 -12 -10 -12 -10 -11 -10 -9 -9 -6 -9 -2 -7 3 -5 8 -3 13 -1 18 1 23 4 29 7 34 7 38 ]
2025-05-20 15:42:09,CSI_DATA,STA,D8:B1:90:DB:E8:90,-51,11,1,7,0,0,1,0,0,0,1,-94,0,2,0,1749881830,0,110,0,0,1750.24,256,[110 96 6 0 10 22 10 21 10 21 10 21 10 21 11 20 11 20 11 19 11 19 11 19 12 19 12 19 12 19 12 19 12 19 11 20 10 19 10 19 10 19 8 19 8 19 8 20 7 19 6 20 5 19 0 0 0 0 0 0 0 0 0 0 0 0 0 0 0 0 0 0 0 0 0 0 4 18 3 18 3 19 3 19 2 20 2 20 2 20 2 20 2 21 2 21 2 22 2 22 2 22 2 22 4 20 5 20 5 20 6 21 7 20 8 21 8 21 9 22 8 21 9 22 9 22 9 21 ]
2025-05-20 15:42:10,CSI_DATA,STA,D8:B1:90:DB:E8:90,-50,11,1,7,0,0,1,0,0,0,1,-94,0,2,0,1751386172,0,110,0,0,1751.75,256,[110 96 6 0 -5 23 -4 23 -4 22 -3 22 -3 22 -3 22 -3 21 -3 21 -2 21 -2 21 -2 21 -2 22 -2 22 -2 22 -3 22 -3 22 -3 22 -4 21 -5 20 -5 21 -5 21 -5 20 -6 20 -7 19 -9 18 0 0 0 0 0 0 0 0 0 0 0 0 0 0 0 0 0 0 0 0 0 0 -5 18 -7 18 -7 17 -8 17 -8 17 -9 18 -8 18 -8 18 -9 18 -9 18 -9 19 -9 19 -9 19 -9 19 -8 19 -8 19 -8 20 -7 20 -7 20 -6 20 -6 21 -6 21 -6 21 -5 22 -5 22 -5 23 ]
2025-05-20 15:42:15,CSI_DATA,STA,D8:B1:90:DB:E8:90,-50,11,1,7,0,0,1,0,0,0,1,-94,0,2,0,1756403053,0,110,0,0,1756.77,256,[110 96 6 0 23 0 23 -1 23 -1 23 -1 22 -1 22 -1 22 -1 22 -3 22 -4 21 -4 21 -3 22 -4 22 -4 22 -4 22 -4 22 -3 21 -3 21 -2 21 -2 20 -2 20 -1 19 0 19 0 19 1 19 2 0 0 0 0 0 0 0 0 0 0 0 0 0 0 0 0 0 0 0 0 0 0 18 1 19 2 18 2 19 2 19 3 19 4 19 4 20 4 20 4 20 4 20 4 21 5 21 5 21 4 21 4 21 4 21 3 21 3 22 2 22 2 22 1 22 1 22 1 23 1 23 1 23 0 ]
2025-05-20 15:42:16,CSI_DATA,STA,D8:B1:90:DB:E8:90,-50,11,1,7,0,0,1,0,0,0,1,-94,0,2,0,1756904738,0,110,0,0,1757.27,256,[110 96 6 0 17 -15 17 -15 17 -15 17 -16 16 -16 15 -16 15 -16 15 -16 15 -17 15 -17 14 -17 14 -17 14 -17 15 -17 15 -17 15 -16 15 -16 15 -15 15 -14 16 -14 16 -13 15 -12 16 -12 16 -12 17 -10 0 0 0 0 0 0 0 0 0 0 0 0 0 0 0 0 0 0 0 0 0 0 15 -11 16 -11 15 -10 16 -10 16 -9 17 -10 17 -9 18 -9 18 -9 18 -9 18 -9 19 -9 19 -9 19 -9 18 -10 18 -10 18 -11 18 -11 17 -12 17 -12 17 -13 18 -13 17 -14 17 -15 17 -
2025-05-20 15:42:20,CSI_DATA,STA,D8:B1:90:DB:E8:90,-52,11,1,5,0,0,1,0,0,0,1,-94,0,2,0,1761429216,0,110,0,0,1761.79,256,[110 96 6 0 36 -27 35 -29 34 -29 33 -29 29 -28 27 -27 23 -25 20 -22 16 -19 13 -15 9 -11 6 -6 3 -2 -1 2 -4 6 -6 9 -9 11 -11 12 -12 13 -13 12 -14 11 -14 8 -13 5 -11 2 -9 -2 0 0 0 0 0 0 0 0 0 0 0 0 0 0 0 0 0 0 0 0 0 0 26 -11 24 -7 21 -4 18 -1 14 2 10 4 6 6 2 8 -2 9 -5 10 -7 11 -9 11 -9 11 -9 11 -8 11 -6 10 -3 8 0 6 4 4 8 2 12 -1 16 -5 20 -9 24 -11 28 -15 32 -19 ]
2025-05-20 15:42:23,CSI_DATA,STA,D8:B1:90:DB:E8:90,-50,11,1,6,0,0,1,0,0,0,0,-94,0,2,0,1763938106,0,110,0,0,1764.3,256,[110 96 6 0 5 -23 5 -24 5 -23 5 -23 4 -23 4 -22 3 -22 3 -23 3 -23 2 -23 1 -23 1 -23 1 -23 2 -22 2 -22 2 -22 3 -22 3 -21 3 -21 4 -21 4 -21 4 -20 5 -20 6 -19 6 -19 0 0 0 0 0 0 0 0 0 0 0 0 0 0 0 0 0 0 0 0 0 0 5 -18 7 -18 7 -19 8 -19 8 -19 9 -19 9 -19 10 -19 10 -20 10 -19 11 -19 10 -19 10 -19 10 -20 9 -19 9 -20 8 -20 8 -20 8 -21 8 -21 7 -22 7 -22 7 -22 6 -22 6 -23 7 -24 ]
2025-05-20 15:42:25,CSI_DATA,STA,D8:B1:90:DB:E8:90,-50,11,1,5,0,0,1,0,0,0,1,-94,0,2,0,1766453949,0,110,0,0,1766.82,256,[110 96 6 0 10 21 11 21 10 20 11 20 11 20 11 20 11 19 12 19 12 18 12 18 12 18 13 18 12 18 12 17 12 17 11 19 10 19 10 18 9 18 8 17 8 18 8 18 7 18 6 18 5 18 0 0 0 0 0 0 0 0 0 0 0 0 0 0 0 0 0 0 0 0 0 0 7 16 7 17 7 17 6 17 6 17 6 18 6 18 6 19 6 19 6 19 6 20 6 20 6 20 6 20 7 19 7 19 7 19 7 19 8 20 8 20 9 20 10 20 9 20 10 21 10 21 11 21 ]
2025-05-20 15:42:26,CSI_DATA,STA,D8:B1:90:DB:E8:90,-51,11,1,6,0,0,1,0,0,0,1,-94,0,2,0,1766954174,0,110,0,0,1767.32,256,[110 96 6 0 -35 34 -34 35 -34 35 -31 35 -28 33 -26 31 -23 27 -20 24 -16 20 -12 15 -9 10 -5 5 -2 0 2 -4 5 -8 8 -12 10 -13 13 -14 14 -14 15 -13 15 -11 14 -9 13 -6 10 -2 7 2 0 0 0 0 0 0 0 0 0 0 0 0 0 0 0 0 0 0 0 0 0 0 -18 21 -18 17 -17 12 -16 7 -13 3 -10 -2 -7 -6 -5 -9 -1 -12 1 -14 2 -16 4 -17 5 -17 4 -17 3 -16 1 -14 -1 -12 -4 -9 -7 -6 -10 -2 -14 3 -18 8 -22 13 -24 17 -28 22 -32 26 ]
2025-05-20 15:42:26,CSI_DATA,STA,D8:B1:90:DB:E8:90,-50,11,1,6,0,0,1,1,0,0,1,-94,0,2,0,1767457459,0,110,0,0,1767.82,256,[110 96 6 0 14 -19 14 -20 14 -19 15 -19 14 -19 14 -19 13 -19 13 -20 12 -20 12 -20 11 -19 12 -20 11 -20 12 -20 12 -19 13 -20 13 -19 13 -19 13 -18 14 -17 14 -17 13 -16 14 -15 14 -14 15 -13 0 0 0 0 0 0 0 0 0 0 0 0 0 0 0 0 0 0 0 0 0 0 13 -12 14 -12 14 -12 14 -12 15 -12 16 -12 16 -11 16 -11 17 -11 17 -11 17 -12 17 -12 17 -12 17 -12 16 -14 16 -14 16 -14 16 -15 14 -15 15 -15 14 -16 15 -17 15 -18 15
2025-05-20 15:42:32,CSI_DATA,STA,D8:B1:90:DB:E8:90,-50,11,1,7,0,0,1,1,0,0,1,-94,0,2,0,1773486807,0,110,0,0,1773.85,256,[110 96 6 0 -7 -23 -8 -23 -7 -22 -7 -22 -8 -22 -8 -22 -8 -21 -8 -21 -8 -20 -9 -20 -10 -20 -9 -21 -9 -21 -8 -20 -8 -21 -9 -21 -8 -21 -7 -20 -6 -20 -6 -20 -6 -20 -5 -20 -5 -19 -4 -20 -3 -20 0 0 0 0 0 0 0 0 0 0 0 0 0 0 0 0 0 0 0 0 0 0 -4 -19 -3 -19 -3 -19 -2 -20 -2 -20 -1 -20 -1 -20 -1 -21 -1 -21 -1 -21 -2 -21 -2 -20 -3 -21 -3 -21 -3 -22 -3 -21 -3 -21 -3 -21 -5 -22 -4 -22 -5 -22 -5 -22 -5 -22 -
2025-05-20 15:42:34,CSI_DATA,STA,D8:B1:90:DB:E8:90,-51,11,1,7,0,0,1,1,0,0,1,-94,0,2,0,1775496497,0,110,0,0,1775.86,256,[110 96 6 0 -20 8 -21 9 -20 10 -22 10 -21 11 -21 11 -20 11 -22 11 -21 12 -21 12 -21 11 -22 12 -22 12 -21 12 -21 12 -22 12 -22 12 -22 11 -21 10 -21 9 -21 8 -21 7 -21 6 -21 5 -22 4 0 0 0 0 0 0 0 0 0 0 0 0 0 0 0 0 0 0 0 0 0 0 -18 -9 -18 -10 -17 -9 -17 -10 -17 -11 -17 -11 -19 -12 -19 -13 -19 -13 -19 -14 -18 -14 -18 -14 -18 -14 -18 -14 -19 -13 -20 -13 -20 -12 -20 -12 -21 -12 -21 -11 -22 -11 -22 -
2025-05-20 15:42:35,CSI_DATA,STA,D8:B1:90:DB:E8:90,-51,11,1,7,0,0,1,1,0,0,1,-94,0,2,0,1775994879,0,110,0,0,1776.36,256,[110 96 6 0 -1 22 -1 22 0 21 1 20 2 20 2 19 3 18 3 18 4 17 5 17 6 16 6 16 6 16 7 15 7 15 7 14 7 14 7 13 7 13 8 12 7 12 7 11 7 11 7 11 7 11 0 0 0 0 0 0 0 0 0 0 0 0 0 0 0 0 0 0 0 0 0 0 20 8 20 9 22 0 22 1 22 1 22 1 -14 14 -14 14 -14 15 -14 14 18 -16 18 -16 18 -17 18 -17 -9 22 -9 22 -8 22 -7 22 -6 23 -6 22 -5 23 -5 23 -4 23 -3 23 -3 23 -3 23 ]
2025-05-20 15:42:38,CSI_DATA,STA,D8:B1:90:DB:E8:90,-51,11,1,7,0,0,1,1,0,0,1,-94,0,2,0,1779504031,0,110,0,0,1779.87,256,[110 96 6 0 -21 13 -21 13 -20 13 -20 13 -19 13 -20 13 -19 13 -20 14 -19 15 -19 15 -18 15 -18 15 -18 15 -19 15 -19 14 -18 14 -19 14 -19 13 -19 12 -20 12 -19 11 -19 10 -19 10 -19 8 -20 7 0 0 0 0 0 0 0 0 0 0 0 0 0 0 0 0 0 0 0 0 0 0 -17 9 -18 8 -17 8 -18 8 -18 8 -19 7 -18 7 -19 7 -19 7 -19 7 -20 8 -20 8 -20 8 -20 8 -19 8 -20 9 -20 9 -20 9 -20 10 -20 10 -20 11 -20 12 -20 12 -20 12 -20 13 -20 13 ]
2025-05-20 15:42:39,CSI_DATA,STA,D8:B1:90:DB:E8:90,-51,11,1,7,0,0,1,1,0,0,1,-94,0,2,0,1780001677,0,110,0,0,1780.36,256,[110 96 6 0 2 24 3 24 3 24 3 23 4 24 4 23 5 23 4 22 4 22 5 22 5 22 5 22 5 22 5 22 5 22 4 22 3 22 3 21 2 21 2 22 2 21 1 21 0 20 -1 20 -2 20 0 0 0 0 0 0 0 0 0 0 0 0 0 0 0 0 0 0 0 0 0 0 -1 19 -2 19 -2 20 -3 20 -3 20 -4 20 -4 21 -5 21 -5 21 -5 21 -6 22 -6 22 -5 22 -5 22 -4 21 -5 22 -4 22 -4 22 -2 22 -2 22 -1 23 -1 23 0 23 1 24 1 24 1 24 ]
2025-05-20 15:42:39,CSI_DATA,STA,D8:B1:90:DB:E8:90,-51,11,1,7,0,0,1,1,0,0,1,-94,0,2,0,1780511818,0,110,0,0,1780.87,256,[110 96 6 0 -25 -2 -25 -1 -24 -1 -24 -1 -23 0 -24 0 -23 0 -24 1 -24 1 -24 1 -24 1 -25 1 -24 1 -24 1 -24 1 -24 0 -24 0 -24 0 -23 -1 -22 -1 -22 -3 -21 -3 -21 -4 -22 -4 -21 -6 0 0 0 0 0 0 0 0 0 0 0 0 0 0 0 0 0 0 0 0 0 0 -20 -5 -20 -5 -20 -6 -20 -6 -20 -7 -20 -7 -20 -8 -21 -8 -20 -9 -21 -9 -21 -8 -21 -8 -21 -8 -22 -8 -21 -7 -22 -6 -22 -5 -22 -5 -22 -5 -22 -5 -23 -4 -23 -4 -23 -2 -24 -2 -24 -1 -2
2025-05-20 15:42:40,CSI_DATA,STA,D8:B1:90:DB:E8:90,-50,11,1,7,0,0,1,1,0,0,1,-94,0,2,0,1781011266,0,110,0,0,1781.37,256,[110 96 6 0 -4 25 -4 25 -4 24 -3 24 -3 24 -2 24 -2 24 -2 24 -2 24 -2 24 -2 24 -1 24 -1 25 -2 24 -2 24 -2 23 -3 22 -3 22 -4 21 -4 21 -5 21 -5 20 -6 20 -7 19 -8 19 0 0 0 0 0 0 0 0 0 0 0 0 0 0 0 0 0 0 0 0 0 0 -6 18 -7 18 -7 18 -7 18 -8 18 -8 19 -7 19 -8 19 -8 19 -8 20 -8 20 -8 20 -8 20 -8 20 -8 20 -8 20 -7 21 -7 21 -6 22 -6 23 -5 23 -5 23 -4 23 -4 23 -4 24 -4 24 ]
2025-05-20 15:42:43,CSI_DATA,STA,D8:B1:90:DB:E8:90,-50,11,1,7,0,0,1,1,0,0,1,-94,0,2,0,1784518649,0,110,0,0,1784.88,256,[110 96 6 0 21 10 20 10 20 9 20 10 20 10 20 9 20 9 20 9 20 8 20 8 20 8 20 8 20 9 20 9 20 9 19 9 18 9 18 9 18 10 17 10 17 11 16 11 15 12 14 12 13 13 0 0 0 0 0 0 0 0 0 0 0 0 0 0 0 0 0 0 0 0 0 0 15 9 14 9 14 9 14 9 14 10 14 10 15 10 15 11 15 12 16 12 15 12 15 12 15 12 15 12 16 11 16 11 16 11 16 11 18 10 18 10 19 10 19 10 19 9 20 10 20 10 20 9 ]
2025-05-20 15:42:44,CSI_DATA,STA,D8:B1:90:DB:E8:90,-50,11,1,7,0,0,1,1,0,0,1,-94,0,2,0,1785523949,0,110,0,0,1785.89,256,[110 96 6 0 20 -12 20 -12 19 -12 19 -12 18 -12 18 -12 18 -12 18 -13 17 -13 17 -13 17 -13 17 -13 17 -13 17 -13 18 -13 17 -12 18 -12 18 -12 18 -11 18 -11 18 -10 17 -9 18 -8 19 -7 19 -6 0 0 0 0 0 0 0 0 0 0 0 0 0 0 0 0 0 0 0 0 0 0 17 -7 18 -7 17 -7 18 -6 18 -5 19 -6 19 -6 20 -5 20 -5 20 -5 20 -5 20 -5 20 -5 20 -5 20 -7 20 -7 20 -7 20 -8 20 -9 19 -9 19 -10 20 -10 19 -11 20 -11 20 -11 20 -12 ]
2025-05-20 15:42:45,CSI_DATA,STA,D8:B1:90:DB:E8:90,-50,11,1,7,0,0,1,1,0,0,1,-94,0,2,0,1786524731,0,110,0,0,1786.89,256,[110 96 6 0 -16 17 -16 18 -15 17 -15 17 -14 17 -14 17 -13 17 -13 17 -13 17 -12 17 -12 17 -12 17 -11 17 -12 17 -12 17 -12 17 -13 17 -13 16 -13 15 -13 15 -13 14 -12 13 -13 13 -14 12 -14 11 0 0 0 0 0 0 0 0 0 0 0 0 0 0 0 0 0 0 0 0 0 0 -14 11 -15 11 -15 11 -16 11 -16 10 -17 10 -16 11 -17 11 -18 11 -17 11 -18 12 -18 12 -17 12 -17 12 -17 12 -17 12 -17 13 -17 13 -17 13 -16 13 -16 14 -16 14 -16 15 -1
2025-05-20 15:42:46,CSI_DATA,STA,D8:B1:90:DB:E8:90,-50,11,1,7,0,0,1,1,0,0,1,-94,0,2,0,1787046627,0,110,0,0,1787.41,256,[110 96 6 0 19 16 19 15 19 15 19 14 19 14 19 13 19 13 18 12 18 12 18 11 18 12 18 12 18 12 18 12 18 11 18 13 18 12 17 12 17 12 16 11 16 12 14 12 14 12 14 13 13 14 0 0 0 0 0 0 0 0 0 0 0 0 0 0 0 0 0 0 0 0 0 0 16 14 15 15 15 15 14 16 14 17 14 17 14 17 14 18 14 18 14 19 14 19 14 19 15 19 14 19 14 18 14 18 14 18 15 18 16 17 16 17 17 17 17 17 18 17 19 17 19 17 19 15 ]
2025-05-20 15:42:47,CSI_DATA,STA,D8:B1:90:DB:E8:90,-50,11,1,7,0,0,1,1,0,0,1,-94,0,2,0,1788530915,0,110,0,0,1788.89,256,[110 96 6 0 -7 21 -6 22 -6 21 -6 21 -5 21 -5 20 -5 20 -5 21 -5 20 -5 20 -4 20 -4 21 -4 21 -4 20 -5 21 -4 21 -5 21 -6 20 -6 20 -6 19 -6 19 -6 18 -7 18 -8 17 -9 17 0 0 0 0 0 0 0 0 0 0 0 0 0 0 0 0 0 0 0 0 0 0 -7 17 -8 17 -8 16 -9 16 -9 16 -10 17 -10 17 -11 17 -11 18 -11 17 -12 17 -12 17 -11 17 -12 18 -10 18 -10 18 -10 18 -9 18 -9 19 -9 19 -8 20 -8 20 -8 20 -7 21 -7 21 -7 21 ]
2025-05-20 15:42:55,CSI_DATA,STA,D8:B1:90:DB:E8:90,-51,11,1,7,0,0,1,1,0,0,1,-94,0,2,0,1796056876,0,110,0,0,1796.42,256,[110 96 6 0 11 -22 11 -23 11 -22 10 -23 10 -22 9 -23 9 -22 8 -23 8 -23 7 -23 7 -23 6 -23 7 -24 7 -23 8 -23 7 -22 9 -22 9 -21 9 -21 10 -20 9 -20 9 -18 10 -18 11 -18 12 -17 0 0 0 0 0 0 0 0 0 0 0 0 0 0 0 0 0 0 0 0 0 0 8 -18 10 -17 10 -17 11 -17 11 -17 12 -17 12 -17 12 -17 13 -17 13 -17 13 -18 13 -18 13 -18 13 -18 13 -19 13 -19 12 -20 12 -20 12 -21 12 -21 11 -22 11 -22 11 -22 11 -22 11 -22 11 -2
2025-05-20 15:42:56,CSI_DATA,STA,D8:B1:90:DB:E8:90,-50,11,1,7,0,0,1,1,0,0,1,-94,0,2,0,1797555742,0,110,0,0,1797.92,256,[110 96 6 0 -18 16 -17 16 -17 16 -17 17 -15 16 -15 16 -15 16 -15 16 -15 16 -15 16 -14 15 -14 16 -14 16 -14 16 -14 16 -13 16 -14 15 -14 15 -13 13 -13 13 -13 13 -13 12 -13 11 -16 11 -16 10 0 0 0 0 0 0 0 0 0 0 0 0 0 0 0 0 0 0 0 0 0 0 -17 13 -17 13 -17 13 -18 13 -19 12 -19 12 -19 13 -19 13 -19 13 -20 12 -20 14 -20 13 -20 13 -20 13 -19 13 -19 13 -19 14 -19 14 -18 14 -18 15 -17 15 -18 16 -18 16 -1
2025-05-20 15:42:58,CSI_DATA,STA,D8:B1:90:DB:E8:90,-52,11,1,7,0,0,1,1,0,0,1,-94,0,2,0,1799559088,0,110,0,0,1799.92,256,[110 96 6 0 21 18 21 18 20 17 21 16 20 16 20 15 20 14 20 13 19 12 19 11 19 11 19 10 19 10 18 8 18 8 18 8 17 7 16 7 16 6 16 6 15 6 14 6 14 5 15 5 14 5 0 0 0 0 0 0 0 0 0 0 0 0 0 0 0 0 0 0 0 0 0 0 10 -18 12 -16 12 -16 13 -16 14 -16 14 -16 9 25 9 26 9 27 9 28 17 23 18 23 18 23 18 23 18 23 18 22 18 22 19 21 20 22 19 21 20 21 21 21 21 20 22 20 22 20 21 19 ]
2025-05-20 15:42:59,CSI_DATA,STA,D8:B1:90:DB:E8:90,-50,11,1,7,0,0,1,1,0,0,1,-94,0,2,0,1800065720,0,110,0,0,1800.43,256,[110 96 6 0 9 -23 9 -23 9 -23 9 -22 8 -22 8 -22 8 -22 8 -23 8 -23 7 -23 6 -23 6 -24 6 -23 7 -23 7 -23 7 -23 8 -22 8 -22 9 -21 9 -21 9 -20 9 -19 10 -19 12 -19 13 -18 0 0 0 0 0 0 0 0 0 0 0 0 0 0 0 0 0 0 0 0 0 0 11 -15 11 -15 11 -15 12 -15 12 -15 12 -15 13 -15 13 -15 14 -15 13 -15 13 -16 13 -16 13 -16 13 -17 13 -17 12 -17 12 -18 12 -18 11 -19 11 -19 11 -19 11 -21 10 -20 10 -21 10 -21 10 -22 ]
2025-05-20 15:43:00,CSI_DATA,STA,D8:B1:90:DB:E8:90,-51,11,1,5,0,0,1,1,1,0,0,-94,0,2,0,1801582252,0,110,0,0,1801.95,384,[110 96 6 0 22 -38 22 -39 23 -39 22 -39 21 -38 20 -36 18 -32 16 -29 13 -25 11 -20 8 -15 4 -10 1 -4 -4 0 -7 4 -11 7 -16 9 -18 9 -21 9 -22 8 -23 5 -22 2 -20 -1 -17 -3 -13 -6 0 0 0 0 0 0 0 0 0 0 0 0 0 0 0 0 0 0 0 0 0 0 -10 -24 -7 -22 -4 -19 -2 -15 0 -10 2 -5 2 -1 3 4 3 8 3 11 3 15 4 17 4 18 4 18 5 18 6 16 7 14 8 11 9 8 10 4 12 -1 13 -6 14 -12 16 -17 17 -22 20 -27 ]
2025-05-20 15:43:01,CSI_DATA,STA,D8:B1:90:DB:E8:90,-51,11,1,6,0,0,1,0,0,0,1,-94,0,2,0,1802089367,0,110,0,0,1802.45,256,[110 96 6 0 39 -8 40 -9 41 -10 42 -10 40 -11 38 -11 35 -11 31 -10 26 -8 22 -6 17 -6 11 -4 6 -2 0 -1 -5 -1 -10 -1 -15 -1 -18 -1 -20 -3 -21 -5 -21 -7 -19 -9 -17 -11 -12 -13 -8 -14 0 0 0 0 0 0 0 0 0 0 0 0 0 0 0 0 0 0 0 0 0 0 22 -11 20 -8 18 -6 14 -4 11 -2 7 -1 3 1 0 2 -4 4 -8 5 -10 5 -13 6 -14 7 -15 8 -14 9 -13 9 -12 9 -9 9 -6 9 -2 8 2 7 7 5 12 3 17 2 22 0 27 -2 ]
2025-05-20 15:43:01,CSI_DATA,STA,D8:B1:90:DB:E8:90,-50,11,1,7,0,0,1,0,0,0,0,-94,0,2,0,1802572935,0,110,0,0,1802.94,256,[110 96 6 0 23 -11 23 -11 23 -11 23 -10 22 -11 22 -11 22 -11 22 -12 22 -13 21 -13 21 -13 21 -13 21 -13 22 -13 22 -13 22 -11 22 -12 22 -11 22 -10 23 -9 23 -8 22 -7 22 -6 23 -6 23 -4 0 0 0 0 0 0 0 0 0 0 0 0 0 0 0 0 0 0 0 0 0 0 17 -4 17 -3 17 -4 18 -4 18 -3 18 -4 19 -3 19 -3 20 -3 20 -3 20 -3 20 -3 20 -3 20 -3 20 -4 20 -4 21 -5 21 -5 22 -7 22 -7 22 -8 23 -9 22 -9 22 -9 23 -9 23 -10 ]
2025-05-20 15:43:02,CSI_DATA,STA,D8:B1:90:DB:E8:90,-50,11,1,6,0,0,1,0,0,0,1,-94,0,2,0,1803073480,0,110,0,0,1803.44,256,[110 96 6 0 -9 -25 -9 -25 -9 -24 -10 -24 -10 -24 -11 -24 -11 -23 -10 -23 -10 -23 -10 -22 -11 -23 -11 -23 -11 -23 -11 -22 -10 -23 -11 -23 -10 -23 -9 -23 -9 -22 -8 -23 -7 -24 -7 -23 -5 -23 -4 -23 -3 -23 0 0 0 0 0 0 0 0 0 0 0 0 0 0 0 0 0 0 0 0 0 0 -4 -18 -4 -18 -4 -19 -4 -19 -3 -19 -3 -20 -3 -20 -3 -21 -3 -21 -3 -21 -2 -21 -3 -21 -3 -21 -3 -22 -4 -22 -4 -22 -5 -22 -5 -23 -6 -22 -7 -22 -8 -23 -8
2025-05-20 15:43:03,CSI_DATA,STA,D8:B1:90:DB:E8:90,-53,11,1,5,0,0,1,0,0,0,1,-94,0,2,0,1804076448,0,110,0,0,1804.44,256,[110 96 6 0 11 -29 11 -30 9 -30 6 -27 5 -28 4 -28 3 -28 4 -31 3 -31 2 -30 2 -31 -4 29 -3 29 -4 29 -4 28 -1 -8 0 -8 0 -7 1 -7 -2 24 -2 24 -2 23 -2 23 -3 23 -4 23 0 0 0 0 0 0 0 0 0 0 0 0 0 0 0 0 0 0 0 0 0 0 -7 11 -8 11 3 15 3 15 3 15 3 16 -9 3 -9 3 -9 3 -9 3 -18 3 -18 3 -17 4 -17 4 -21 13 -21 15 -21 15 -20 16 -12 20 -12 21 -11 22 -10 23 -19 12 -19 13 -19 14 -8 -16 ]
2025-05-20 15:43:03,CSI_DATA,STA,D8:B1:90:DB:E8:90,-50,11,1,7,0,0,1,0,0,0,0,-94,0,2,0,1804574764,0,110,0,0,1804.94,256,[110 96 6 0 22 -8 22 -8 21 -8 22 -8 21 -8 21 -9 21 -8 21 -9 20 -10 20 -10 20 -10 20 -10 20 -10 20 -10 20 -10 20 -9 20 -9 20 -9 20 -8 19 -7 19 -7 18 -6 18 -6 19 -5 19 -4 0 0 0 0 0 0 0 0 0 0 0 0 0 0 0 0 0 0 0 0 0 0 16 -4 17 -3 17 -4 17 -3 18 -2 18 -3 18 -3 18 -2 19 -2 19 -3 19 -3 19 -3 19 -3 19 -3 20 -3 19 -4 20 -4 20 -4 20 -5 20 -5 20 -6 21 -6 21 -7 22 -7 22 -8 22 -8 ]
2025-05-20 15:43:04,CSI_DATA,STA,D8:B1:90:DB:E8:90,-50,11,1,7,0,0,1,0,0,0,0,-94,0,2,0,1805074040,0,110,0,0,1805.44,256,[110 96 6 0 -19 9 -18 10 -18 10 -17 9 -17 10 -17 10 -16 10 -17 10 -17 11 -17 11 -17 10 -17 11 -17 11 -17 11 -17 11 -17 10 -18 10 -18 9 -17 9 -17 8 -17 7 -17 7 -16 6 -18 5 -18 4 0 0 0 0 0 0 0 0 0 0 0 0 0 0 0 0 0 0 0 0 0 0 -15 6 -16 5 -15 4 -16 4 -16 4 -17 4 -17 4 -17 4 -17 3 -18 3 -18 5 -18 4 -18 4 -18 4 -18 5 -18 5 -18 6 -17 6 -18 6 -18 7 -18 8 -19 8 -18 9 -18 9 -18 9 -19 10 ]
2025-05-20 15:43:08,CSI_DATA,STA,D8:B1:90:DB:E8:90,-51,11,1,7,0,0,1,0,0,0,0,-94,0,2,0,1809084170,0,110,0,0,1809.45,256,[110 96 6 0 17 -16 17 -17 16 -17 17 -17 16 -17 16 -17 16 -18 15 -18 15 -17 15 -18 15 -18 15 -18 15 -19 15 -18 16 -18 16 -18 17 -18 17 -17 17 -16 17 -16 17 -15 16 -14 17 -14 19 -13 19 -12 0 0 0 0 0 0 0 0 0 0 0 0 0 0 0 0 0 0 0 0 0 0 15 -11 16 -11 15 -10 15 -10 16 -10 17 -10 16 -10 17 -10 17 -10 17 -10 18 -10 18 -10 18 -10 18 -10 17 -11 16 -12 17 -12 17 -13 17 -13 16 -14 16 -14 17 -15 17 -16 17
2025-05-20 15:43:09,CSI_DATA,STA,D8:B1:90:DB:E8:90,-52,11,1,6,0,0,1,0,0,0,0,-94,0,2,0,1810592243,0,110,0,0,1810.95,256,[110 96 6 0 -14 41 -13 42 -12 42 -11 42 -10 40 -9 38 -7 35 -6 32 -5 27 -5 21 -4 16 -3 11 -2 5 -1 0 0 -5 2 -9 4 -13 5 -15 7 -16 8 -16 10 -15 11 -13 11 -10 11 -6 11 -3 0 0 0 0 0 0 0 0 0 0 0 0 0 0 0 0 0 0 0 0 0 0 -5 28 -7 24 -8 20 -9 15 -8 11 -7 6 -6 1 -5 -3 -3 -7 -2 -10 -1 -13 0 -15 0 -16 0 -16 -1 -16 -2 -15 -3 -12 -5 -9 -5 -6 -7 -2 -8 3 -10 9 -11 14 -12 19 -13 25 -15 29 ]
2025-05-20 15:43:10,CSI_DATA,STA,D8:B1:90:DB:E8:90,-50,11,1,6,0,0,1,0,0,0,0,-94,0,2,0,1811606797,0,110,0,0,1811.97,256,[110 96 6 0 0 -24 0 -24 0 -23 -1 -23 -1 -23 -1 -23 -2 -23 -2 -23 -2 -23 -2 -23 -3 -23 -3 -23 -3 -23 -3 -23 -3 -23 -2 -22 -1 -22 -1 -22 -1 -22 1 -22 1 -22 1 -21 2 -21 3 -21 4 -20 0 0 0 0 0 0 0 0 0 0 0 0 0 0 0 0 0 0 0 0 0 0 3 -18 4 -18 4 -19 4 -19 4 -20 5 -20 5 -19 5 -19 6 -20 6 -20 6 -20 7 -20 6 -20 6 -20 4 -20 4 -21 3 -21 3 -21 3 -21 2 -21 2 -21 2 -22 2 -22 1 -23 0 -23 2 -23 ]
2025-05-20 15:43:12,CSI_DATA,STA,D8:B1:90:DB:E8:90,-50,11,1,7,0,0,1,0,0,0,1,-94,0,2,0,1813100281,0,110,0,0,1813.46,256,[110 96 6 0 14 14 15 14 14 13 15 14 15 13 15 13 15 13 15 13 15 12 15 11 15 12 16 12 15 12 15 12 15 12 15 13 14 12 14 12 13 12 13 12 13 13 12 13 11 13 10 14 9 14 0 0 0 0 0 0 0 0 0 0 0 0 0 0 0 0 0 0 0 0 0 0 10 13 9 13 10 13 10 14 9 15 9 15 9 15 9 16 8 16 9 16 9 15 9 15 9 15 10 15 10 15 10 15 10 15 11 15 13 14 13 14 14 14 14 14 14 14 15 14 15 14 15 14 ]
2025-05-20 15:43:12,CSI_DATA,STA,D8:B1:90:DB:E8:90,-50,11,1,7,0,0,1,1,0,0,0,-94,0,2,0,1813602144,0,110,0,0,1813.96,256,[110 96 6 0 -17 15 -17 15 -17 15 -16 15 -16 15 -16 16 -15 16 -15 17 -14 17 -14 17 -14 16 -15 17 -14 17 -14 17 -14 17 -14 16 -15 16 -15 16 -14 15 -16 14 -16 14 -16 13 -16 12 -16 11 -17 10 0 0 0 0 0 0 0 0 0 0 0 0 0 0 0 0 0 0 0 0 0 0 -15 11 -16 10 -16 10 -17 10 -17 9 -18 10 -18 10 -18 10 -19 10 -19 9 -20 9 -20 9 -19 9 -19 9 -18 10 -19 10 -18 11 -18 11 -18 11 -18 12 -18 12 -18 13 -18 13 -17 13 -
2025-05-20 15:43:20,CSI_DATA,STA,D8:B1:90:DB:E8:90,-50,11,1,5,0,0,1,0,0,0,1,-94,0,2,0,1821125811,0,110,0,0,1821.49,256,[110 96 6 0 14 -20 14 -20 14 -19 12 -19 12 -19 11 -19 11 -19 12 -20 11 -20 11 -20 10 -20 10 -20 10 -20 10 -19 10 -19 11 -19 11 -18 12 -18 12 -17 12 -17 12 -16 12 -15 12 -14 13 -14 14 -13 0 0 0 0 0 0 0 0 0 0 0 0 0 0 0 0 0 0 0 0 0 0 13 -15 14 -14 14 -15 15 -15 15 -15 16 -14 15 -14 15 -14 16 -14 16 -14 18 -14 17 -14 17 -14 18 -14 15 -14 16 -15 15 -15 15 -15 15 -17 14 -17 14 -18 15 -18 14 -18 14
2025-05-20 15:43:23,CSI_DATA,STA,D8:B1:90:DB:E8:90,-50,11,1,7,0,0,1,0,0,0,1,-94,0,2,0,1824637964,0,110,0,0,1825,256,[110 96 6 0 -7 20 -7 21 -6 20 -6 19 -5 19 -5 19 -4 19 -5 19 -4 19 -4 19 -4 19 -3 19 -4 19 -4 19 -5 19 -4 18 -5 19 -5 18 -5 17 -6 17 -6 16 -6 15 -6 15 -8 15 -8 14 0 0 0 0 0 0 0 0 0 0 0 0 0 0 0 0 0 0 0 0 0 0 -7 16 -9 16 -9 16 -10 16 -10 16 -11 17 -10 17 -10 17 -11 17 -11 17 -10 18 -10 18 -10 17 -10 17 -9 18 -9 18 -9 19 -8 19 -8 19 -8 19 -8 19 -8 20 -7 20 -7 20 -6 20 -7 21 ]
2025-05-20 15:43:24,CSI_DATA,STA,D8:B1:90:DB:E8:90,-51,11,1,7,0,0,1,0,0,0,1,-94,0,2,0,1825138222,0,110,0,0,1825.5,256,[110 96 6 0 12 18 12 18 12 17 13 17 13 17 13 17 13 17 13 16 13 16 13 16 13 16 13 16 13 16 14 15 13 16 13 16 12 16 12 15 11 16 11 16 11 16 10 16 8 17 8 17 7 17 0 0 0 0 0 0 0 0 0 0 0 0 0 0 0 0 0 0 0 0 0 0 7 15 6 15 7 14 6 15 6 15 6 16 7 16 6 16 6 17 6 17 6 18 7 18 7 18 7 18 8 17 8 17 8 17 9 17 10 18 10 18 11 18 11 18 11 18 12 18 12 18 12 18 ]
2025-05-20 15:43:24,CSI_DATA,STA,D8:B1:90:DB:E8:90,-50,11,1,7,0,0,1,0,0,0,1,-94,0,2,0,1825639490,0,110,0,0,1826,256,[110 96 6 0 -9 24 -9 24 -9 23 -8 23 -7 23 -7 23 -6 23 -6 23 -6 23 -6 22 -5 22 -5 23 -5 23 -5 24 -6 23 -5 24 -6 23 -6 22 -6 22 -7 21 -7 21 -8 20 -8 19 -10 19 -10 18 0 0 0 0 0 0 0 0 0 0 0 0 0 0 0 0 0 0 0 0 0 0 -8 18 -9 17 -9 17 -10 17 -10 17 -10 17 -10 17 -11 17 -11 18 -12 18 -13 18 -13 18 -12 18 -12 18 -12 18 -12 19 -11 19 -12 20 -10 20 -10 20 -9 21 -9 22 -10 23 -10 23 -10 24 -10 23 ]
2025-05-20 15:43:25,CSI_DATA,STA,D8:B1:90:DB:E8:90,-51,11,1,7,0,0,1,1,0,0,1,-94,0,2,0,1826138778,0,110,0,0,1826.5,256,[110 96 6 0 -18 -19 -18 -19 -17 -17 -18 -18 -18 -17 -18 -17 -18 -16 -18 -16 -17 -15 -18 -15 -19 -15 -19 -15 -19 -16 -18 -14 -19 -15 -18 -15 -17 -16 -17 -16 -16 -16 -16 -15 -15 -16 -14 -15 -14 -16 -13 -15 -12 -16 0 0 0 0 0 0 0 0 0 0 0 0 0 0 0 0 0 0 0 0 0 0 -12 -15 -11 -16 -12 -15 -12 -17 -11 -16 -11 -18 -12 -17 -11 -18 -11 -18 -12 -18 -12 -19 -12 -19 -12 -19 -12 -19 -13 -19 -13 -18 -14 -19 -14
2025-05-20 15:43:26,CSI_DATA,STA,D8:B1:90:DB:E8:90,-50,11,1,7,0,0,1,1,0,0,1,-94,0,2,0,1827646008,0,110,0,0,1828.01,256,[110 96 6 0 -24 -6 -24 -5 -23 -4 -23 -6 -23 -5 -23 -5 -22 -4 -23 -3 -22 -3 -22 -2 -22 -3 -23 -2 -23 -2 -22 -1 -23 -2 -23 -2 -23 -3 -23 -3 -22 -3 -22 -4 -21 -5 -20 -6 -20 -6 -20 -6 -19 -8 0 0 0 0 0 0 0 0 0 0 0 0 0 0 0 0 0 0 0 0 0 0 -18 -7 -18 -8 -17 -8 -18 -9 -18 -9 -18 -10 -19 -10 -19 -10 -19 -11 -19 -11 -19 -11 -19 -11 -19 -11 -19 -11 -20 -10 -20 -10 -20 -9 -20 -9 -21 -8 -21 -7 -22 -7 -22 -
2025-05-20 15:43:28,CSI_DATA,STA,D8:B1:90:DB:E8:90,-50,11,1,7,0,0,1,1,0,0,1,-94,0,2,0,1829656469,0,110,0,0,1830.02,256,[110 96 6 0 22 6 22 6 22 5 21 6 21 5 21 5 21 5 22 3 21 3 21 2 21 3 21 3 21 3 21 2 21 3 22 4 21 4 21 4 20 4 19 5 19 6 18 6 18 7 18 7 17 8 0 0 0 0 0 0 0 0 0 0 0 0 0 0 0 0 0 0 0 0 0 0 18 7 17 8 18 7 17 8 18 8 18 9 19 9 19 9 18 9 19 9 18 9 18 9 19 10 19 9 19 9 19 8 19 8 20 8 20 8 21 8 21 7 21 7 21 7 21 7 22 6 22 6 ]
2025-05-20 15:43:32,CSI_DATA,STA,D8:B1:90:DB:E8:90,-51,11,1,7,0,0,1,1,0,0,1,-94,0,2,0,1833674669,0,110,0,0,1834.04,256,[110 96 6 0 23 7 23 7 23 6 23 6 22 6 22 5 22 5 23 4 23 4 23 3 22 3 23 4 22 4 23 4 23 3 23 5 22 4 22 5 21 5 20 6 20 7 19 7 19 8 18 8 17 9 0 0 0 0 0 0 0 0 0 0 0 0 0 0 0 0 0 0 0 0 0 0 18 5 18 6 18 7 18 7 18 8 18 8 18 8 18 9 18 10 18 10 19 10 19 10 20 10 20 10 19 9 19 8 19 8 20 8 21 8 21 8 21 8 22 8 22 7 23 7 23 7 23 6 ]
2025-05-20 15:43:33,CSI_DATA,STA,D8:B1:90:DB:E8:90,-50,11,1,7,0,0,1,1,0,0,1,-94,0,2,0,1834185237,0,110,0,0,1834.55,256,[110 96 6 0 -22 9 -21 9 -21 9 -20 9 -19 9 -19 9 -19 9 -20 11 -19 11 -19 10 -19 10 -18 10 -18 10 -19 10 -18 10 -18 9 -19 9 -19 8 -19 7 -19 7 -19 6 -18 5 -18 4 -19 4 -19 3 0 0 0 0 0 0 0 0 0 0 0 0 0 0 0 0 0 0 0 0 0 0 -18 6 -18 4 -19 5 -20 5 -20 4 -20 4 -20 5 -20 4 -20 5 -21 4 -21 5 -21 5 -21 5 -21 5 -20 5 -20 5 -20 6 -20 6 -21 6 -21 6 -21 7 -21 7 -21 8 -21 7 -22 8 -20 9 ]
2025-05-20 15:43:33,CSI_DATA,STA,D8:B1:90:DB:E8:90,-51,11,1,5,0,0,1,1,1,0,0,-94,0,2,0,1834686476,0,110,0,0,1835.05,384,[110 96 6 0 35 26 36 26 35 27 35 26 33 24 31 23 28 21 25 19 21 16 17 12 13 8 9 5 5 1 2 -3 0 -7 -2 -11 -3 -14 -3 -17 -2 -19 -1 -20 0 -20 2 -18 4 -16 6 -12 7 -8 0 0 0 0 0 0 0 0 0 0 0 0 0 0 0 0 0 0 0 0 0 0 21 -19 20 -14 18 -10 14 -7 10 -3 6 -1 1 1 -4 3 -8 3 -12 4 -14 4 -17 4 -17 4 -18 4 -17 4 -16 5 -13 5 -10 6 -6 8 -2 9 3 10 9 13 13 14 18 17 23 19 26 20 ]
2025-05-20 15:43:35,CSI_DATA,STA,D8:B1:90:DB:E8:90,-52,11,1,6,0,0,1,0,0,0,1,-94,0,2,0,1836192437,0,110,0,0,1836.55,256,[110 96 6 0 -30 -29 -32 -30 -31 -30 -31 -30 -31 -29 -30 -27 -27 -25 -24 -23 -21 -21 -17 -17 -14 -13 -10 -10 -6 -5 -2 -1 1 4 3 8 4 12 4 15 3 18 1 19 -1 20 -3 19 -6 17 -9 14 -11 9 0 0 0 0 0 0 0 0 0 0 0 0 0 0 0 0 0 0 0 0 0 0 -27 7 -24 4 -21 1 -16 -1 -11 -2 -6 -2 -2 -2 2 -2 7 -2 10 -1 13 -1 15 -1 16 -1 17 -2 16 -3 16 -3 14 -5 12 -7 9 -9 5 -10 1 -13 -3 -15 -7 -16 -12 -19 -16 -21 -19 -23 ]
2025-05-20 15:43:36,CSI_DATA,STA,D8:B1:90:DB:E8:90,-52,11,1,6,0,0,1,0,0,0,1,-94,0,2,0,1837192385,0,110,0,0,1837.55,256,[110 96 6 0 -9 22 -9 21 -9 21 -8 20 -8 20 -8 19 -7 19 -7 19 -8 18 -7 18 -6 17 -7 18 -7 17 -7 17 -7 16 -7 16 -7 15 -7 15 -7 14 -7 14 -7 14 -7 14 -8 13 -8 13 -9 12 0 0 0 0 0 0 0 0 0 0 0 0 0 0 0 0 0 0 0 0 0 0 -21 -13 -20 -15 3 20 2 20 1 21 1 21 0 21 -1 22 -2 23 -2 23 -4 23 -4 23 -4 23 -4 23 -5 23 -6 23 -6 23 -6 22 -5 23 -5 23 -5 23 -6 23 -7 23 -6 23 -7 23 -8 23 ]
2025-05-20 15:43:37,CSI_DATA,STA,D8:B1:90:DB:E8:90,-51,11,1,7,0,0,1,0,0,0,0,-94,0,2,0,1838212627,0,110,0,0,1838.58,256,[110 96 6 0 -25 4 -25 5 -25 5 -24 5 -24 5 -24 5 -23 5 -24 6 -24 7 -23 7 -23 7 -24 6 -24 6 -24 7 -24 6 -23 5 -23 5 -23 5 -23 4 -23 3 -23 2 -22 1 -22 1 -23 0 -23 -2 0 0 0 0 0 0 0 0 0 0 0 0 0 0 0 0 0 0 0 0 0 0 -19 2 -19 0 -19 0 -19 -1 -20 -1 -20 -1 -20 0 -21 -1 -21 -1 -21 -1 -21 -1 -22 -1 -22 -2 -22 -1 -21 0 -22 0 -22 1 -22 1 -23 3 -23 3 -23 3 -23 3 -24 5 -24 5 -25 5 -24 6 ]
2025-05-20 15:43:37,CSI_DATA,STA,D8:B1:90:DB:E8:90,-51,11,1,7,0,0,1,1,0,0,1,-94,0,2,0,1838700913,0,110,0,0,1839.06,256,[110 96 6 0 17 -17 17 -17 17 -17 16 -17 16 -17 16 -18 15 -18 15 -19 15 -19 14 -19 14 -18 14 -18 14 -18 14 -18 15 -18 14 -17 15 -17 15 -17 15 -16 15 -15 15 -15 15 -14 15 -13 16 -13 17 -12 0 0 0 0 0 0 0 0 0 0 0 0 0 0 0 0 0 0 0 0 0 0 14 -11 15 -10 15 -10 16 -9 16 -9 17 -10 17 -10 18 -10 18 -9 18 -9 18 -9 18 -9 18 -9 18 -9 17 -11 17 -11 17 -12 17 -12 16 -14 16 -14 16 -15 17 -15 17 -16 17 -16 17
2025-05-20 15:43:39,CSI_DATA,STA,D8:B1:90:DB:E8:90,-56,11,1,5,0,0,1,0,0,0,1,-94,0,2,0,1840709948,0,110,0,0,1841.07,256,[110 96 6 0 -41 -10 -42 -8 -39 -6 -43 -8 -42 -6 -42 -5 -41 -4 -22 2 -21 3 -21 3 -21 3 -11 -21 -12 -21 -11 -20 -11 -19 21 19 21 18 19 18 19 17 -4 13 -4 13 -4 13 -5 12 6 -17 7 -16 0 0 0 0 0 0 0 0 0 0 0 0 0 0 0 0 0 0 0 0 0 0 31 -3 32 -2 10 -5 10 -5 10 -5 10 -5 0 -8 0 -8 0 -8 0 -8 -7 -15 -7 -16 -9 -16 -8 -16 -12 -19 -13 -18 -14 -18 -14 -18 -5 -34 -5 -34 -6 -34 -6 -36 -15 -7 -14 -7 -15 -7 -29 -12
2025-05-20 15:43:40,CSI_DATA,STA,D8:B1:90:DB:E8:90,-51,11,1,6,0,0,1,0,0,0,1,-94,0,2,0,1841208042,0,110,0,0,1841.57,256,[110 96 6 0 -14 -23 -14 -22 -14 -21 -14 -21 -15 -20 -15 -20 -15 -20 -16 -19 -15 -19 -16 -18 -16 -19 -16 -18 -16 -18 -16 -17 -15 -17 -15 -19 -14 -18 -14 -18 -13 -18 -12 -19 -12 -19 -11 -19 -10 -19 -9 -19 -8 -20 0 0 0 0 0 0 0 0 0 0 0 0 0 0 0 0 0 0 0 0 0 0 -9 -18 -8 -19 -7 -19 -7 -19 -7 -20 -7 -20 -6 -20 -6 -20 -6 -21 -6 -21 -7 -21 -7 -21 -7 -21 -7 -21 -8 -20 -8 -21 -8 -21 -9 -21 -10 -22 -10 -2
2025-05-20 15:43:40,CSI_DATA,STA,D8:B1:90:DB:E8:90,-50,11,1,6,0,0,1,0,0,0,1,-94,0,2,0,1841708133,0,110,0,0,1842.07,256,[110 96 6 0 9 -24 9 -24 9 -23 8 -24 8 -24 7 -24 7 -23 6 -24 6 -24 6 -24 5 -24 5 -24 4 -24 5 -24 5 -24 5 -24 6 -24 7 -23 7 -23 7 -22 7 -22 8 -21 8 -20 10 -21 11 -20 0 0 0 0 0 0 0 0 0 0 0 0 0 0 0 0 0 0 0 0 0 0 9 -17 10 -17 11 -17 12 -17 12 -17 13 -17 12 -18 12 -18 13 -18 13 -18 13 -18 13 -18 13 -18 13 -18 13 -19 12 -19 12 -20 12 -21 11 -20 10 -20 10 -21 10 -22 11 -22 10 -23 10 -23 11 -24 ]
2025-05-20 15:43:41,CSI_DATA,STA,D8:B1:90:DB:E8:90,-51,11,1,6,0,0,1,0,0,0,1,-94,0,2,0,1842209448,0,110,0,0,1842.57,256,[110 96 6 0 -5 21 -5 21 -5 21 -4 20 -4 20 -3 20 -3 20 -3 20 -3 20 -2 20 -2 20 -2 20 -2 21 -2 21 -2 20 -3 21 -4 21 -4 21 -4 20 -6 20 -6 19 -6 18 -6 18 -8 18 -8 17 0 0 0 0 0 0 0 0 0 0 0 0 0 0 0 0 0 0 0 0 0 0 -7 15 -8 15 -8 15 -8 15 -9 15 -9 15 -9 15 -10 15 -10 16 -10 16 -10 16 -10 16 -10 16 -10 17 -9 16 -9 17 -9 17 -8 17 -8 18 -7 18 -7 19 -6 19 -6 20 -5 20 -5 20 -5 20 ]
2025-05-20 15:43:43,CSI_DATA,STA,D8:B1:90:DB:E8:90,-50,11,1,7,0,0,1,0,0,0,1,-94,0,2,0,1844713831,0,110,0,0,1845.08,256,[110 96 6 0 -22 -8 -22 -8 -21 -8 -22 -8 -22 -8 -22 -7 -22 -7 -22 -7 -21 -6 -22 -6 -22 -6 -22 -6 -22 -6 -22 -6 -22 -6 -21 -7 -21 -7 -21 -7 -21 -7 -20 -8 -20 -9 -19 -9 -18 -10 -18 -10 -17 -11 0 0 0 0 0 0 0 0 0 0 0 0 0 0 0 0 0 0 0 0 0 0 -17 -7 -17 -8 -16 -9 -16 -9 -16 -10 -17 -10 -16 -10 -17 -11 -17 -11 -17 -11 -17 -12 -17 -12 -18 -12 -18 -12 -18 -11 -18 -11 -18 -10 -19 -10 -19 -10 -19 -10 -20
2025-05-20 15:43:45,CSI_DATA,STA,D8:B1:90:DB:E8:90,-50,11,1,7,0,0,1,0,0,0,1,-94,0,2,0,1846222141,0,110,0,0,1846.58,256,[110 96 6 0 -17 -22 -17 -21 -16 -20 -16 -20 -17 -19 -17 -19 -16 -19 -18 -19 -17 -18 -18 -18 -18 -18 -17 -18 -17 -18 -17 -17 -17 -17 -18 -19 -17 -18 -16 -18 -15 -18 -15 -18 -15 -18 -14 -19 -13 -19 -12 -19 -11 -19 0 0 0 0 0 0 0 0 0 0 0 0 0 0 0 0 0 0 0 0 0 0 -11 -16 -11 -16 -11 -18 -10 -18 -10 -18 -10 -19 -10 -19 -9 -19 -9 -20 -9 -21 -10 -20 -10 -20 -11 -20 -11 -20 -11 -20 -11 -19 -12 -19 -12 -
2025-05-20 15:43:46,CSI_DATA,STA,D8:B1:90:DB:E8:90,-52,11,1,3,0,0,1,0,0,0,0,-94,0,2,0,1847225797,0,110,0,0,1847.59,256,[110 96 6 0 16 38 17 39 18 38 18 38 18 36 17 34 16 31 14 28 13 24 10 19 8 15 5 10 3 5 0 1 -2 -4 -3 -8 -4 -11 -4 -15 -3 -17 -2 -17 0 -18 1 -16 4 -15 5 -12 7 -8 0 0 0 0 0 0 0 0 0 0 0 0 0 0 0 0 0 0 0 0 0 0 18 20 14 19 11 18 7 15 4 12 1 8 -1 5 -4 1 -6 -2 -8 -6 -9 -8 -10 -10 -11 -11 -11 -11 -11 -11 -11 -10 -10 -8 -9 -5 -7 -1 -6 4 -3 6 -1 11 2 16 6 21 8 25 9 29 ]
2025-05-20 15:43:50,CSI_DATA,STA,D8:B1:90:DB:E8:90,-50,11,1,7,0,0,1,0,0,0,1,-94,0,2,0,1850727154,0,110,0,0,1851.09,256,[110 96 6 0 2 22 3 23 3 21 3 22 3 22 3 22 4 21 4 21 4 21 5 21 5 21 5 21 5 21 5 20 4 21 4 21 3 21 3 20 2 20 1 19 1 19 0 18 -1 18 -1 18 -3 18 0 0 0 0 0 0 0 0 0 0 0 0 0 0 0 0 0 0 0 0 0 0 1 19 0 19 1 18 0 19 0 18 -1 19 0 20 -1 20 -2 20 -1 20 -2 20 -2 21 -2 20 -2 20 -1 20 -1 19 -1 20 0 20 1 21 2 22 2 22 2 22 2 21 2 22 3 22 3 22 ]
2025-05-20 15:43:50,CSI_DATA,STA,D8:B1:90:DB:E8:90,-50,11,1,6,0,0,1,1,0,0,1,-94,0,2,0,1851228835,0,110,0,0,1851.59,256,[110 96 6 0 -2 -26 -3 -25 -2 -25 -2 -25 -2 -25 -3 -24 -3 -24 -3 -24 -4 -24 -4 -24 -4 -24 -5 -24 -5 -23 -5 -23 -5 -23 -4 -24 -3 -23 -3 -23 -3 -23 -2 -22 -2 -22 -1 -22 0 -21 0 -21 1 -21 0 0 0 0 0 0 0 0 0 0 0 0 0 0 0 0 0 0 0 0 0 0 2 -21 3 -21 3 -21 4 -21 4 -21 5 -21 4 -22 4 -23 4 -23 5 -23 5 -22 5 -23 5 -23 5 -23 3 -22 3 -23 2 -23 2 -23 1 -24 1 -25 0 -25 -1 -25 0 -25 0 -25 0 -26 0 -25 ]
2025-05-20 15:43:51,CSI_DATA,STA,D8:B1:90:DB:E8:90,-50,11,1,7,0,0,1,0,0,0,1,-94,0,2,0,1852232012,0,110,0,0,1852.59,256,[110 96 6 0 -24 3 -24 4 -23 4 -24 4 -23 4 -23 5 -22 5 -23 5 -23 5 -23 5 -23 5 -23 5 -23 5 -22 5 -23 5 -22 4 -22 4 -22 3 -21 2 -21 2 -21 1 -20 0 -20 -1 -21 -2 -20 -3 0 0 0 0 0 0 0 0 0 0 0 0 0 0 0 0 0 0 0 0 0 0 -20 1 -20 -1 -20 0 -21 -1 -21 -1 -21 -2 -21 -1 -21 -1 -21 -1 -22 -2 -22 -1 -22 -1 -22 -1 -22 -1 -23 -1 -23 -1 -23 0 -23 0 -23 1 -23 2 -24 3 -24 3 -24 4 -24 3 -25 4 -24 4 ]
2025-05-20 15:43:58,CSI_DATA,STA,D8:B1:90:DB:E8:90,-50,11,1,7,0,0,1,0,0,0,1,-94,0,2,0,1859240990,0,110,0,0,1859.6,256,[110 96 6 0 20 -13 19 -13 19 -13 19 -13 18 -13 18 -13 17 -13 18 -14 18 -14 17 -14 17 -14 17 -13 17 -13 17 -13 17 -13 17 -13 17 -13 17 -12 17 -11 17 -11 17 -10 16 -9 16 -9 17 -8 18 -6 0 0 0 0 0 0 0 0 0 0 0 0 0 0 0 0 0 0 0 0 0 0 16 -8 17 -7 17 -8 17 -8 18 -7 18 -7 18 -8 19 -8 20 -8 20 -7 19 -8 19 -8 20 -8 20 -8 20 -9 20 -9 20 -9 20 -10 19 -11 19 -11 19 -11 19 -13 20 -12 20 -12 20 -13 20 -13 ]
2025-05-20 15:44:02,CSI_DATA,STA,D8:B1:90:DB:E8:90,-50,11,1,7,0,0,1,0,0,0,1,-94,0,2,0,1863258761,0,110,0,0,1863.62,256,[110 96 6 0 -21 12 -21 12 -20 12 -20 11 -19 12 -19 12 -19 12 -19 13 -19 13 -19 13 -18 12 -18 13 -18 13 -18 13 -18 13 -19 12 -18 12 -19 11 -19 10 -18 10 -18 9 -18 8 -18 7 -19 6 -18 5 0 0 0 0 0 0 0 0 0 0 0 0 0 0 0 0 0 0 0 0 0 0 -18 7 -18 6 -19 5 -19 5 -19 4 -20 4 -19 6 -20 5 -20 5 -21 5 -21 6 -21 6 -21 6 -21 6 -20 8 -20 9 -20 9 -20 9 -21 9 -21 10 -20 11 -21 11 -21 11 -21 11 -20 12 -20 12 ]
2025-05-20 15:44:03,CSI_DATA,STA,D8:B1:90:DB:E8:90,-50,11,1,7,0,0,1,0,0,0,1,-94,0,2,0,1863758339,0,110,0,0,1864.12,256,[110 96 6 0 -18 -17 -19 -16 -18 -15 -18 -16 -18 -15 -18 -15 -18 -15 -18 -15 -19 -14 -19 -14 -19 -14 -20 -14 -19 -14 -19 -13 -19 -13 -18 -14 -17 -14 -17 -14 -16 -14 -15 -15 -15 -15 -14 -15 -14 -15 -13 -15 -12 -15 0 0 0 0 0 0 0 0 0 0 0 0 0 0 0 0 0 0 0 0 0 0 -13 -14 -13 -15 -13 -16 -13 -16 -13 -17 -13 -17 -11 -17 -12 -17 -11 -17 -12 -18 -12 -19 -12 -19 -12 -19 -13 -19 -13 -19 -13 -18 -14 -18 -1
2025-05-20 15:44:03,CSI_DATA,STA,D8:B1:90:DB:E8:90,-50,11,1,7,0,0,1,1,0,0,1,-94,0,2,0,1864766113,0,110,0,0,1865.13,256,[110 96 6 0 18 -16 18 -16 18 -16 17 -16 17 -16 16 -17 16 -16 15 -16 15 -17 15 -17 14 -16 15 -17 15 -17 15 -17 16 -17 15 -17 15 -17 15 -16 15 -15 15 -14 15 -13 15 -13 15 -12 16 -11 17 -10 0 0 0 0 0 0 0 0 0 0 0 0 0 0 0 0 0 0 0 0 0 0 15 -13 16 -12 16 -11 16 -11 17 -11 18 -11 17 -11 17 -11 18 -11 18 -11 19 -11 19 -11 19 -11 19 -11 18 -11 18 -12 18 -12 18 -13 18 -13 17 -14 17 -14 18 -15 18 -16 18
2025-05-20 15:44:04,CSI_DATA,STA,D8:B1:90:DB:E8:90,-50,11,1,7,0,0,1,1,0,0,1,-94,0,2,0,1865265672,0,110,0,0,1865.63,256,[110 96 6 0 -7 -23 -7 -23 -6 -22 -7 -23 -7 -22 -8 -22 -8 -22 -7 -22 -7 -21 -8 -21 -8 -22 -8 -22 -9 -21 -8 -21 -8 -21 -7 -20 -6 -21 -6 -20 -5 -20 -5 -20 -5 -20 -4 -20 -3 -20 -2 -20 -1 -20 0 0 0 0 0 0 0 0 0 0 0 0 0 0 0 0 0 0 0 0 0 0 0 -19 1 -19 -1 -19 0 -20 0 -20 1 -20 0 -20 0 -20 0 -20 0 -20 1 -22 1 -22 0 -22 0 -23 -1 -22 -1 -22 -1 -22 -2 -22 -3 -22 -4 -22 -5 -22 -5 -23 -5 -22 -5 -23 -5 -23 -
2025-05-20 15:44:05,CSI_DATA,STA,D8:B1:90:DB:E8:90,-50,11,1,7,0,0,1,1,0,0,1,-94,0,2,0,1865765759,0,110,0,0,1866.13,256,[110 96 6 0 22 -10 21 -10 22 -10 22 -11 21 -11 21 -11 20 -11 20 -12 20 -13 20 -12 19 -12 19 -12 19 -11 19 -11 20 -12 20 -10 20 -10 20 -9 20 -9 20 -9 20 -7 19 -6 19 -5 19 -5 19 -3 0 0 0 0 0 0 0 0 0 0 0 0 0 0 0 0 0 0 0 0 0 0 18 -5 18 -4 19 -4 19 -3 20 -3 20 -3 20 -3 21 -3 21 -2 21 -2 21 -3 22 -3 22 -3 22 -3 21 -5 20 -6 21 -6 21 -7 20 -8 20 -8 20 -8 21 -9 21 -10 21 -10 21 -10 21 -10 ]
2025-05-20 15:44:05,CSI_DATA,STA,D8:B1:90:DB:E8:90,-50,11,1,7,0,0,1,1,0,0,1,-94,0,2,0,1866766610,0,110,0,0,1867.13,256,[110 96 6 0 11 -21 11 -21 12 -21 10 -21 10 -21 9 -21 9 -21 9 -22 9 -22 9 -22 8 -21 7 -22 7 -21 8 -21 8 -21 8 -20 9 -20 9 -19 10 -18 10 -18 10 -18 10 -17 11 -16 11 -16 12 -15 0 0 0 0 0 0 0 0 0 0 0 0 0 0 0 0 0 0 0 0 0 0 11 -15 11 -15 12 -15 13 -15 13 -15 14 -15 13 -16 13 -16 14 -16 14 -16 14 -16 14 -15 14 -15 14 -16 14 -16 14 -17 14 -17 14 -18 12 -18 12 -19 11 -19 12 -20 12 -20 12 -20 12 -21 1
2025-05-20 15:44:07,CSI_DATA,STA,D8:B1:90:DB:E8:90,-54,11,1,7,0,0,1,1,0,0,1,-94,0,2,0,1868785077,0,110,0,0,1869.15,256,[110 96 6 0 -36 10 -36 11 -35 12 19 -21 17 -22 17 -23 15 -25 21 16 22 14 24 14 25 12 -2 4 -1 3 -1 3 -2 3 17 -18 16 -18 15 -19 14 -19 -24 0 -22 0 -21 0 -18 1 -15 -16 -14 -15 0 0 0 0 0 0 0 0 0 0 0 0 0 0 0 0 0 0 0 0 0 0 5 15 5 16 -3 12 -2 13 -2 13 -3 13 -14 24 -13 25 -12 26 -11 27 -2 -12 -1 -12 -3 -13 -2 -12 -5 23 -3 22 -2 24 0 23 -13 -17 -14 -16 -16 -14 -17 -13 28 17 30 13 32 13 -13 -28 ]
2025-05-20 15:44:11,CSI_DATA,STA,D8:B1:90:DB:E8:90,-50,11,1,7,0,0,1,1,0,0,1,-94,0,2,0,1871793989,0,110,0,0,1872.16,256,[110 96 6 0 -17 18 -17 19 -17 18 -16 18 -15 18 -16 18 -15 18 -15 18 -15 18 -14 18 -14 18 -15 19 -15 19 -15 19 -15 19 -14 19 -15 18 -15 18 -15 17 -15 16 -15 16 -15 15 -15 14 -17 14 -17 12 0 0 0 0 0 0 0 0 0 0 0 0 0 0 0 0 0 0 0 0 0 0 -15 11 -16 11 -16 10 -17 9 -17 10 -18 10 -18 11 -19 11 -19 11 -19 11 -19 11 -19 11 -20 11 -19 11 -18 12 -18 12 -18 13 -18 13 -18 14 -18 15 -18 15 -18 16 -18 16 -17
2025-05-20 15:44:18,CSI_DATA,STA,D8:B1:90:DB:E8:90,-50,11,1,7,0,0,1,1,0,0,1,-94,0,2,0,1878820801,0,110,0,0,1879.18,256,[110 96 6 0 -16 -19 -16 -19 -15 -19 -16 -20 -16 -19 -16 -18 -16 -18 -16 -18 -15 -17 -16 -18 -17 -17 -17 -18 -17 -18 -16 -17 -16 -18 -15 -18 -15 -18 -14 -17 -14 -18 -13 -18 -13 -18 -12 -18 -11 -18 -10 -18 -9 -19 0 0 0 0 0 0 0 0 0 0 0 0 0 0 0 0 0 0 0 0 0 0 -9 -15 -9 -16 -10 -16 -10 -17 -9 -17 -9 -18 -9 -18 -9 -18 -9 -18 -9 -18 -9 -19 -9 -19 -10 -19 -9 -19 -10 -19 -10 -19 -11 -19 -11 -18 -12 -1
2025-05-20 15:44:21,CSI_DATA,STA,D8:B1:90:DB:E8:90,-51,11,1,7,0,0,1,1,0,0,1,-94,0,2,0,1882338896,0,110,0,0,1882.7,256,[110 96 6 0 -26 -6 -26 -5 -25 -5 -25 -5 -25 -5 -24 -4 -24 -4 -25 -3 -24 -2 -24 -2 -24 -3 -24 -3 -24 -3 -24 -2 -24 -2 -24 -2 -23 -2 -23 -2 -22 -3 -23 -4 -22 -5 -21 -5 -21 -6 -21 -6 -21 -7 0 0 0 0 0 0 0 0 0 0 0 0 0 0 0 0 0 0 0 0 0 0 -19 -7 -19 -7 -18 -8 -19 -8 -19 -9 -19 -9 -18 -9 -18 -10 -19 -10 -19 -11 -20 -10 -21 -11 -21 -11 -21 -10 -21 -10 -22 -9 -22 -8 -22 -8 -23 -7 -23 -7 -24 -6 -24 -6 -2
2025-05-20 15:44:26,CSI_DATA,STA,D8:B1:90:DB:E8:90,-50,11,1,7,0,0,1,1,0,0,1,-94,0,2,0,1887349314,0,110,0,0,1887.71,256,[110 96 6 0 -24 1 -24 1 -23 1 -23 2 -22 2 -22 2 -22 2 -22 3 -22 3 -22 3 -22 3 -21 3 -21 3 -21 4 -21 4 -22 3 -21 3 -21 2 -20 2 -20 1 -19 0 -19 0 -19 -1 -19 -1 -19 -2 0 0 0 0 0 0 0 0 0 0 0 0 0 0 0 0 0 0 0 0 0 0 -18 -2 -18 -3 -18 -3 -18 -4 -18 -4 -19 -4 -19 -3 -20 -4 -20 -4 -20 -5 -20 -4 -21 -4 -21 -4 -20 -4 -20 -4 -21 -2 -21 -3 -21 -2 -21 -2 -21 -1 -22 -1 -22 -1 -23 -1 -23 0 -23 0 -23 1 ]
2025-05-20 15:44:27,CSI_DATA,STA,D8:B1:90:DB:E8:90,-50,11,1,7,0,0,1,1,0,0,1,-94,0,2,0,1887850321,0,110,0,0,1888.21,256,[110 96 6 0 -9 22 -8 22 -8 21 -7 22 -7 22 -6 21 -6 21 -6 21 -6 21 -6 21 -5 21 -6 21 -6 21 -6 20 -6 20 -5 21 -6 20 -6 20 -7 19 -7 19 -7 19 -7 18 -8 17 -10 16 -10 15 0 0 0 0 0 0 0 0 0 0 0 0 0 0 0 0 0 0 0 0 0 0 -10 16 -11 15 -11 15 -12 15 -12 15 -12 15 -12 15 -13 16 -13 16 -13 15 -13 15 -13 15 -13 15 -13 16 -11 17 -11 18 -11 18 -11 19 -10 19 -9 19 -9 19 -9 20 -9 21 -8 21 -8 22 -8 21 ]
2025-05-20 15:44:29,CSI_DATA,STA,D8:B1:90:DB:E8:90,-50,11,1,7,0,0,1,1,0,0,1,-94,0,2,0,1889856054,0,110,0,0,1890.22,256,[110 96 6 0 18 -15 17 -15 17 -15 17 -15 17 -15 16 -15 16 -15 16 -16 16 -16 15 -16 15 -15 15 -16 14 -16 16 -16 15 -16 15 -16 15 -15 15 -15 15 -14 15 -14 15 -13 15 -12 15 -11 16 -11 16 -10 0 0 0 0 0 0 0 0 0 0 0 0 0 0 0 0 0 0 0 0 0 0 14 -10 14 -9 15 -9 15 -9 16 -9 16 -8 16 -8 17 -9 18 -8 18 -8 18 -8 18 -8 18 -8 18 -8 18 -9 18 -9 18 -10 19 -11 17 -11 17 -11 17 -12 18 -13 17 -13 17 -12 18 -13 18
2025-05-20 15:44:29,CSI_DATA,STA,D8:B1:90:DB:E8:90,-51,11,1,6,0,0,1,0,0,0,1,-94,0,2,0,1890354019,0,110,0,0,1890.72,256,[110 96 6 0 30 37 31 36 30 35 31 34 30 30 29 27 26 24 22 20 19 17 14 13 10 10 5 6 0 3 -4 0 -8 -2 -11 -5 -13 -8 -14 -10 -14 -11 -13 -12 -11 -12 -8 -12 -5 -11 -1 -9 3 -6 0 0 0 0 0 0 0 0 0 0 0 0 0 0 0 0 0 0 0 0 0 0 11 25 8 24 5 22 2 19 -1 16 -3 12 -5 9 -7 5 -8 2 -10 -1 -11 -3 -11 -4 -11 -5 -11 -5 -11 -4 -10 -3 -8 0 -6 3 -3 7 -1 11 3 15 7 19 10 22 14 27 18 30 21 33 ]
2025-05-20 15:44:31,CSI_DATA,STA,D8:B1:90:DB:E8:90,-50,11,1,7,0,0,1,0,0,0,0,-94,0,2,0,1892362083,0,110,0,0,1892.72,256,[110 96 6 0 -12 -22 -12 -22 -12 -21 -12 -22 -13 -21 -13 -21 -13 -20 -13 -19 -13 -19 -13 -19 -14 -19 -14 -19 -14 -19 -13 -18 -13 -18 -14 -18 -13 -18 -12 -18 -12 -18 -12 -18 -12 -18 -11 -18 -10 -18 -9 -18 -8 -18 0 0 0 0 0 0 0 0 0 0 0 0 0 0 0 0 0 0 0 0 0 0 -7 -16 -7 -17 -6 -17 -6 -18 -6 -18 -5 -19 -6 -19 -6 -20 -5 -21 -5 -21 -5 -20 -5 -21 -6 -21 -6 -21 -7 -21 -7 -21 -7 -21 -8 -21 -9 -21 -9 -20
2025-05-20 15:44:32,CSI_DATA,STA,D8:B1:90:DB:E8:90,-50,11,1,6,0,0,1,0,0,0,1,-94,0,2,0,1892865890,0,110,0,0,1893.23,256,[110 96 6 0 -25 -8 -25 -8 -25 -8 -25 -8 -24 -8 -24 -8 -24 -8 -24 -7 -24 -6 -24 -6 -24 -6 -24 -6 -24 -6 -24 -6 -24 -6 -24 -7 -23 -6 -23 -7 -22 -7 -22 -8 -21 -8 -21 -9 -20 -9 -20 -10 -19 -11 0 0 0 0 0 0 0 0 0 0 0 0 0 0 0 0 0 0 0 0 0 0 -17 -8 -17 -9 -18 -9 -18 -9 -18 -10 -18 -10 -19 -11 -19 -11 -19 -12 -19 -13 -19 -12 -19 -12 -19 -12 -20 -12 -20 -11 -21 -10 -21 -10 -21 -10 -22 -10 -22 -10 -22 -
2025-05-20 15:44:33,CSI_DATA,STA,D8:B1:90:DB:E8:90,-50,11,1,5,0,0,1,0,0,0,1,-94,0,2,0,1894371469,0,110,0,0,1894.73,256,[110 96 6 0 -23 -7 -23 -7 -22 -6 -23 -7 -22 -7 -22 -6 -22 -6 -22 -5 -22 -4 -22 -4 -22 -5 -22 -4 -22 -4 -21 -3 -22 -4 -21 -5 -21 -6 -20 -5 -20 -6 -20 -7 -19 -8 -18 -8 -18 -9 -18 -9 -17 -10 0 0 0 0 0 0 0 0 0 0 0 0 0 0 0 0 0 0 0 0 0 0 -16 -7 -16 -8 -16 -8 -16 -9 -16 -10 -16 -10 -17 -10 -17 -10 -17 -11 -17 -11 -18 -11 -18 -11 -18 -11 -19 -11 -19 -10 -19 -9 -20 -9 -19 -9 -20 -9 -20 -8 -21 -8 -21
2025-05-20 15:44:34,CSI_DATA,STA,D8:B1:90:DB:E8:90,-51,11,1,6,0,0,1,0,0,0,1,-94,0,2,0,1895369970,0,110,0,0,1895.73,256,[110 96 6 0 -12 -45 -14 -45 -14 -44 -16 -43 -16 -40 -16 -37 -15 -34 -14 -30 -12 -25 -10 -20 -7 -15 -4 -9 -1 -4 2 0 5 5 6 9 7 13 8 15 7 18 6 19 4 18 2 17 -1 16 -3 13 -6 9 0 0 0 0 0 0 0 0 0 0 0 0 0 0 0 0 0 0 0 0 0 0 -1 -30 2 -27 4 -23 5 -19 6 -15 6 -11 7 -6 7 -2 7 2 7 5 7 8 7 10 7 11 7 11 8 10 8 9 8 6 8 2 7 -2 6 -6 4 -11 3 -17 1 -21 -2 -27 -4 -32 -5 -36 ]
2025-05-20 15:44:38,CSI_DATA,STA,D8:B1:90:DB:E8:90,-51,11,1,6,0,0,1,0,0,0,1,-94,0,2,0,1899385691,0,110,0,0,1899.75,256,[110 96 6 0 -47 -8 -45 -6 -46 -5 -44 -3 -41 -2 -39 0 -34 0 -30 1 -25 1 -20 0 -15 0 -9 -2 -5 -3 0 -5 5 -6 8 -7 12 -7 14 -7 14 -7 15 -6 14 -4 13 -2 11 0 8 3 4 5 0 0 0 0 0 0 0 0 0 0 0 0 0 0 0 0 0 0 0 0 0 0 -19 -22 -15 -21 -12 -21 -8 -18 -5 -17 -1 -13 2 -11 6 -8 8 -6 11 -3 12 -1 13 0 13 1 13 0 11 0 9 -1 6 -2 3 -4 -2 -6 -6 -7 -11 -9 -17 -10 -23 -10 -28 -12 -33 -12 -37 -11 ]
2025-05-20 15:44:39,CSI_DATA,STA,D8:B1:90:DB:E8:90,-51,11,1,6,0,0,1,0,0,0,1,-94,0,2,0,1899828409,0,100,0,0,1900.19,256,[100 -64 5 0 -49 8 -49 10 -48 11 -47 13 -43 13 -40 13 -36 13 -31 12 -26 10 -21 8 -16 6 -11 3 -6 0 -1 -3 3 -5 7 -7 10 -8 12 -8 14 -8 14 -6 14 -5 13 -3 12 0 9 4 6 7 0 0 0 0 0 0 0 0 0 0 0 0 0 0 0 0 0 0 0 0 0 0 -29 -11 -25 -12 -21 -13 -17 -12 -13 -12 -8 -11 -4 -10 0 -8 4 -7 8 -6 10 -4 12 -4 13 -3 13 -3 12 -3 9 -3 6 -3 2 -3 -2 -4 -7 -4 -13 -3 -19 -3 -25 -1 -31 0 -36 2 -41 4 ]
2025-05-20 15:44:41,CSI_DATA,STA,D8:B1:90:DB:E8:90,-51,11,1,7,0,0,1,0,0,0,1,-94,0,2,0,1902393775,0,110,0,0,1902.76,256,[110 96 6 0 33 -32 33 -34 31 -33 30 -33 26 -32 23 -29 20 -27 17 -24 13 -20 11 -15 8 -11 5 -6 2 -1 0 3 -2 7 -4 11 -7 13 -8 14 -9 14 -10 13 -10 12 -11 10 -10 7 -8 3 -7 -1 0 0 0 0 0 0 0 0 0 0 0 0 0 0 0 0 0 0 0 0 0 0 25 -13 23 -9 21 -6 19 -2 15 0 11 3 7 6 4 8 0 10 -2 11 -5 12 -7 12 -7 12 -7 12 -6 11 -4 9 -2 8 2 5 5 3 9 0 13 -4 17 -8 21 -13 24 -16 28 -20 32 -24 ]
2025-05-20 15:44:46,CSI_DATA,STA,D8:B1:90:DB:E8:90,-50,11,1,6,0,0,1,0,0,0,1,-94,0,2,0,1906912175,0,110,0,0,1907.27,256,[110 96 6 0 1 40 3 41 3 41 5 41 5 39 5 36 6 32 5 29 5 24 4 19 3 14 1 9 0 4 -1 -1 -2 -6 -3 -10 -3 -14 -2 -16 -1 -18 0 -19 1 -19 3 -17 5 -15 6 -12 8 -8 0 0 0 0 0 0 0 0 0 0 0 0 0 0 0 0 0 0 0 0 0 0 -3 23 -5 21 -6 18 -7 15 -7 11 -6 7 -6 3 -5 -1 -5 -4 -5 -7 -4 -10 -4 -11 -4 -13 -4 -13 -4 -12 -5 -11 -5 -9 -6 -6 -6 -3 -6 1 -5 6 -5 11 -5 16 -3 21 -3 26 -3 30 ]
2025-05-20 15:44:49,CSI_DATA,STA,D8:B1:90:DB:E8:90,-58,11,1,6,0,0,1,0,0,0,1,-94,0,2,0,1910419302,0,110,0,0,1910.78,256,[110 96 6 0 -12 21 -11 21 -10 21 4 -5 3 -5 2 -6 2 -7 -38 -15 -37 -15 -36 -16 -35 -16 1 14 0 15 0 16 -1 16 13 -4 14 -4 14 -3 15 -3 3 4 4 3 4 3 4 3 21 -2 21 -1 0 0 0 0 0 0 0 0 0 0 0 0 0 0 0 0 0 0 0 0 0 0 13 22 11 23 -22 -4 -22 -5 -22 -6 -21 -7 3 -15 5 -15 6 -15 7 -14 2 -2 2 -1 2 -2 1 -3 -21 -1 -20 -1 -19 0 -20 0 14 23 14 24 14 25 15 25 -20 -20 -20 -21 -19 -21 -1 -10 ]
2025-05-20 15:44:51,CSI_DATA,STA,D8:B1:90:DB:E8:90,-50,11,1,6,0,0,1,0,0,0,1,-94,0,2,0,1911938717,0,110,0,0,1912.3,256,[110 96 6 0 -24 -6 -24 -6 -23 -5 -24 -5 -24 -4 -24 -4 -24 -4 -23 -3 -23 -2 -23 -3 -24 -3 -24 -3 -24 -3 -22 -1 -28 -3 -22 -3 -23 -3 -23 -3 -22 -3 -22 -3 -21 -5 -21 -5 -20 -5 -21 -6 -20 -8 0 0 0 0 0 0 0 0 0 0 0 0 0 0 0 0 0 0 0 0 0 0 -17 -7 -17 -8 -16 -9 -16 -9 -17 -10 -17 -10 -17 -9 -17 -10 -18 -10 -18 -10 -17 -9 -18 -10 -18 -10 -18 -10 -19 -9 -19 -9 -19 -8 -19 -8 -21 -8 -21 -8 -21 -7 -22 -7 -2
2025-05-20 15:44:52,CSI_DATA,STA,D8:B1:90:DB:E8:90,-50,11,1,6,0,0,1,0,0,0,1,-94,0,2,0,1913429429,0,110,0,0,1913.79,256,[110 96 6 0 -17 -18 -18 -17 -17 -16 -18 -17 -18 -16 -18 -16 -18 -16 -18 -15 -18 -15 -18 -14 -18 -14 -18 -15 -19 -15 -17 -14 -18 -15 -18 -15 -17 -15 -17 -15 -17 -15 -16 -15 -16 -16 -15 -16 -14 -16 -13 -16 -12 -17 0 0 0 0 0 0 0 0 0 0 0 0 0 0 0 0 0 0 0 0 0 0 -10 -16 -10 -17 -9 -17 -9 -18 -9 -18 -9 -18 -9 -18 -9 -18 -9 -19 -10 -19 -11 -19 -11 -19 -11 -19 -11 -19 -11 -19 -11 -19 -12 -19 -12 -18 -
2025-05-20 15:44:54,CSI_DATA,STA,D8:B1:90:DB:E8:90,-51,11,1,6,0,0,1,0,0,0,0,-94,0,2,0,1915435041,0,110,0,0,1915.8,256,[110 96 6 0 -31 -32 -33 -32 -32 -30 -33 -28 -31 -26 -30 -23 -27 -20 -24 -18 -20 -15 -16 -12 -11 -8 -6 -6 -2 -3 3 0 7 2 10 5 13 7 14 9 14 10 13 11 11 11 8 11 6 11 2 10 -2 7 0 0 0 0 0 0 0 0 0 0 0 0 0 0 0 0 0 0 0 0 0 0 -16 -23 -13 -22 -10 -20 -7 -18 -4 -15 -1 -13 2 -9 4 -6 6 -3 8 0 9 2 10 4 11 5 11 4 11 4 10 2 8 0 6 -2 3 -6 1 -8 -3 -12 -7 -16 -10 -18 -15 -22 -19 -25 -22 -28 ]
2025-05-20 15:44:55,CSI_DATA,STA,D8:B1:90:DB:E8:90,-51,11,1,5,0,0,1,0,0,0,1,-94,0,2,0,1915938520,0,110,0,0,1916.3,256,[110 96 6 0 5 -45 3 -46 3 -45 1 -44 0 -41 -1 -39 -1 -34 -1 -30 -2 -25 -1 -19 0 -14 0 -9 1 -3 2 2 2 7 2 11 2 14 1 16 0 17 -1 17 -2 16 -4 14 -6 11 -6 8 -7 3 0 0 0 0 0 0 0 0 0 0 0 0 0 0 0 0 0 0 0 0 0 0 7 -27 8 -24 9 -21 9 -17 9 -13 8 -9 7 -4 7 -1 6 3 4 6 4 8 3 10 3 11 3 11 3 10 4 8 5 6 6 3 6 -2 7 -6 7 -11 8 -16 8 -21 8 -26 7 -31 8 -36 ]
2025-05-20 15:45:05,CSI_DATA,STA,D8:B1:90:DB:E8:90,-50,11,1,7,0,0,1,0,0,0,1,-94,0,2,0,1925968097,0,110,0,0,1926.33,256,[110 96 6 0 -6 23 -6 23 -6 22 -6 22 -6 22 -5 22 -5 21 -5 22 -5 22 -4 22 -4 22 -3 22 -3 22 -4 21 -4 21 -4 21 -5 21 -5 21 -6 20 -6 19 -6 18 -6 18 -7 18 -8 17 -9 16 0 0 0 0 0 0 0 0 0 0 0 0 0 0 0 0 0 0 0 0 0 0 -4 18 -5 18 -6 18 -7 18 -7 18 -8 19 -8 19 -8 19 -9 19 -9 19 -10 19 -10 19 -10 19 -9 19 -9 20 -10 20 -9 20 -9 21 -9 21 -8 21 -8 21 -8 22 -8 23 -7 23 -7 23 -7 23 ]
2025-05-20 15:45:07,CSI_DATA,STA,D8:B1:90:DB:E8:90,-51,11,1,7,0,0,1,0,0,0,1,-94,0,2,0,1928474070,0,110,0,0,1928.84,256,[110 96 6 0 -13 -22 -13 -21 -12 -21 -13 -22 -13 -21 -14 -21 -13 -21 -10 -17 -12 -18 -13 -18 -14 -19 -14 -21 -14 -21 -14 -20 -14 -20 -14 -20 -13 -20 -12 -20 -12 -20 -11 -20 -11 -20 -10 -20 -9 -20 -8 -20 -7 -20 0 0 0 0 0 0 0 0 0 0 0 0 0 0 0 0 0 0 0 0 0 0 -6 -18 -5 -18 -5 -19 -5 -19 -5 -20 -4 -20 -4 -20 -4 -20 -4 -20 -4 -21 -5 -21 -4 -21 -5 -21 -5 -22 -6 -21 -6 -21 -7 -21 -7 -22 -9 -21 -10 -21
2025-05-20 15:45:08,CSI_DATA,STA,D8:B1:90:DB:E8:90,-50,11,1,7,0,0,1,0,0,0,1,-94,0,2,0,1929477394,0,110,0,0,1929.84,256,[110 96 6 0 22 -4 22 -4 21 -4 22 -4 21 -5 21 -5 21 -5 21 -5 21 -6 21 -6 21 -6 21 -6 21 -6 21 -7 21 -6 21 -5 20 -5 20 -5 20 -4 21 -3 20 -2 20 -1 19 0 20 1 19 2 0 0 0 0 0 0 0 0 0 0 0 0 0 0 0 0 0 0 0 0 0 0 18 -2 18 -1 18 0 18 0 19 1 19 1 19 1 20 2 20 2 20 3 20 2 20 2 20 2 21 2 20 1 20 0 20 -1 20 -1 20 -2 20 -2 20 -2 21 -3 21 -3 22 -3 22 -3 22 -4 ]
2025-05-20 15:45:10,CSI_DATA,STA,D8:B1:90:DB:E8:90,-50,11,1,7,0,0,1,0,0,0,1,-94,0,2,0,1931485379,0,110,0,0,1931.85,256,[110 96 6 0 -18 16 -17 16 -17 16 -17 16 -16 17 -16 17 -15 17 -15 17 -15 17 -15 17 -14 17 -15 17 -15 18 -15 18 -15 17 -15 17 -15 17 -15 16 -15 16 -16 16 -15 15 -15 14 -15 13 -17 12 -17 11 0 0 0 0 0 0 0 0 0 0 0 0 0 0 0 0 0 0 0 0 0 0 -14 10 -14 10 -15 10 -15 10 -16 10 -16 10 -16 10 -17 10 -17 10 -18 10 -19 10 -19 10 -18 10 -18 10 -18 10 -18 11 -18 11 -18 12 -18 12 -17 12 -17 13 -17 13 -17 14 -1
2025-05-20 15:45:13,CSI_DATA,STA,D8:B1:90:DB:E8:90,-51,11,1,7,0,0,1,1,0,0,1,-94,0,2,0,1934492663,0,110,0,0,1934.86,256,[110 96 6 0 23 0 23 0 23 -1 23 0 22 -1 22 -1 22 -1 23 -2 22 -3 22 -3 22 -3 23 -3 23 -3 23 -4 23 -4 23 -2 23 -2 22 -2 22 -1 22 -1 21 0 21 1 20 1 22 1 21 3 0 0 0 0 0 0 0 0 0 0 0 0 0 0 0 0 0 0 0 0 0 0 19 1 19 3 18 3 19 3 19 4 19 4 20 5 20 5 21 6 21 6 20 4 20 5 21 5 21 4 21 4 21 3 21 3 21 2 22 3 21 3 22 2 22 1 22 1 23 1 23 1 23 0 ]
2025-05-20 15:45:14,CSI_DATA,STA,D8:B1:90:DB:E8:90,-51,11,1,7,0,0,1,1,0,0,1,-94,0,2,0,1934992943,0,110,0,0,1935.36,256,[110 96 6 0 24 2 23 1 23 1 23 2 22 1 22 0 22 0 23 -1 22 -1 22 -1 22 -1 22 -1 22 -2 22 -2 22 -1 23 -1 22 0 22 0 22 0 22 1 22 1 21 3 21 3 20 3 20 5 0 0 0 0 0 0 0 0 0 0 0 0 0 0 0 0 0 0 0 0 0 0 19 1 19 3 20 3 19 3 20 4 20 4 20 5 21 5 21 5 21 6 21 6 21 6 21 6 21 6 20 5 20 5 20 4 21 3 21 4 22 4 22 3 23 2 23 2 23 3 23 2 23 2 ]
2025-05-20 15:45:14,CSI_DATA,STA,D8:B1:90:DB:E8:90,-50,11,1,7,0,0,1,1,0,0,1,-94,0,2,0,1935492851,0,110,0,0,1935.86,256,[110 96 6 0 23 -5 24 -6 23 -6 23 -6 22 -7 22 -7 22 -7 22 -8 22 -8 21 -9 21 -8 23 -9 23 -9 23 -9 23 -9 23 -8 23 -9 23 -8 22 -7 22 -7 22 -6 20 -5 21 -5 22 -4 22 -2 0 0 0 0 0 0 0 0 0 0 0 0 0 0 0 0 0 0 0 0 0 0 20 -4 20 -3 20 -3 21 -3 21 -2 21 -2 21 -1 22 -1 21 0 22 -1 22 0 22 -1 22 0 22 0 22 -1 22 -1 22 -2 22 -2 21 -3 22 -3 22 -4 22 -4 22 -5 23 -5 23 -5 23 -6 ]
2025-05-20 15:45:17,CSI_DATA,STA,D8:B1:90:DB:E8:90,-54,11,1,7,0,0,1,1,0,0,1,-94,0,2,0,1938506178,0,110,0,0,1938.87,256,[110 96 6 0 12 8 14 8 13 7 3 23 4 22 5 21 7 21 4 27 5 25 6 26 7 26 -20 3 -20 4 -19 4 -19 4 -19 4 -18 5 -18 5 -17 5 -16 5 -16 5 -15 5 -15 5 -15 5 -15 4 0 0 0 0 0 0 0 0 0 0 0 0 0 0 0 0 0 0 0 0 0 0 -7 4 -7 4 -19 -4 -19 -5 -19 -4 -19 -4 -27 -5 -27 -5 -28 -4 -28 -5 9 9 9 9 9 9 9 9 -1 5 -2 5 -1 5 0 4 15 18 16 18 17 17 18 17 26 13 27 14 28 14 25 5 ]
2025-05-20 15:45:23,CSI_DATA,STA,D8:B1:90:DB:E8:90,-50,11,1,7,0,0,1,1,0,0,1,-94,0,2,0,1944025985,0,110,0,0,1944.39,256,[110 96 6 0 -13 -21 -14 -21 -13 -20 -13 -20 -13 -20 -13 -19 -13 -19 -14 -19 -14 -18 -14 -18 -15 -18 -14 -18 -14 -19 -14 -18 -14 -18 -13 -19 -12 -18 -12 -18 -11 -18 -10 -18 -10 -18 -9 -18 -9 -18 -9 -18 -7 -18 0 0 0 0 0 0 0 0 0 0 0 0 0 0 0 0 0 0 0 0 0 0 -9 -15 -9 -16 -9 -16 -9 -17 -8 -17 -8 -18 -8 -18 -8 -18 -8 -19 -8 -19 -8 -20 -8 -20 -8 -20 -8 -20 -8 -20 -9 -19 -9 -19 -9 -19 -9 -20 -9 -20 -1
2025-05-20 15:45:24,CSI_DATA,STA,D8:B1:90:DB:E8:90,-50,11,1,7,0,0,1,1,0,0,1,-94,0,2,0,1945519844,0,110,0,0,1945.88,256,[110 96 6 0 -24 3 -24 4 -23 4 -23 4 -23 4 -22 4 -22 4 -23 5 -22 6 -22 6 -22 6 -21 6 -21 6 -21 6 -21 6 -21 5 -20 5 -21 4 -20 3 -20 3 -20 2 -19 2 -19 2 -20 1 -19 0 0 0 0 0 0 0 0 0 0 0 0 0 0 0 0 0 0 0 0 0 0 0 -18 2 -18 1 -19 0 -19 0 -19 0 -20 0 -20 -1 -20 -2 -21 -2 -21 -2 -21 -2 -21 -2 -21 -2 -21 -2 -21 -2 -22 -2 -22 -1 -22 -1 -22 0 -22 0 -23 0 -23 0 -24 2 -24 2 -24 3 -24 4 ]
2025-05-20 15:45:25,CSI_DATA,STA,D8:B1:90:DB:E8:90,-50,11,1,7,0,0,1,1,0,0,1,-94,0,2,0,1946020157,0,110,0,0,1946.38,256,[110 96 6 0 -23 8 -23 8 -23 8 -22 9 -21 9 -22 9 -21 9 -21 9 -21 9 -20 10 -20 10 -20 9 -20 9 -20 10 -20 9 -20 9 -20 9 -20 9 -20 8 -20 7 -19 6 -19 6 -18 5 -19 4 -19 3 0 0 0 0 0 0 0 0 0 0 0 0 0 0 0 0 0 0 0 0 0 0 -17 6 -18 5 -18 4 -18 4 -18 4 -19 4 -19 4 -20 3 -20 3 -21 3 -22 3 -22 3 -22 3 -22 3 -21 3 -21 4 -21 4 -21 5 -22 5 -22 5 -23 6 -23 6 -22 6 -22 6 -23 7 -23 8 ]
2025-05-20 15:45:26,CSI_DATA,STA,D8:B1:90:DB:E8:90,-50,11,1,7,0,0,1,0,0,0,0,-94,0,2,0,1947018401,0,110,0,0,1947.38,256,[110 96 6 0 -14 19 -14 19 -14 19 -13 18 -13 19 -13 19 -12 19 -12 19 -11 19 -11 19 -10 18 -11 19 -11 19 -11 19 -11 19 -11 19 -11 18 -11 17 -11 17 -12 17 -12 16 -12 16 -12 15 -12 15 -13 14 0 0 0 0 0 0 0 0 0 0 0 0 0 0 0 0 0 0 0 0 0 0 -12 14 -12 13 -12 13 -13 13 -13 13 -14 13 -15 13 -15 13 -15 13 -16 14 -16 14 -16 14 -16 13 -16 14 -16 14 -16 15 -16 15 -16 15 -15 15 -14 16 -14 17 -14 17 -15 18 -1
2025-05-20 15:45:26,CSI_DATA,STA,D8:B1:90:DB:E8:90,-50,11,1,6,0,0,1,0,0,0,1,-94,0,2,0,1947521090,0,110,0,0,1947.88,256,[110 96 6 0 -15 19 -14 19 -14 19 -14 19 -14 19 -13 19 -13 19 -13 19 -12 19 -12 19 -11 19 -10 19 -11 19 -11 19 -11 19 -11 20 -12 19 -12 18 -12 18 -12 17 -12 17 -12 16 -13 15 -13 14 -14 13 0 0 0 0 0 0 0 0 0 0 0 0 0 0 0 0 0 0 0 0 0 0 -13 13 -13 13 -13 12 -14 12 -15 12 -16 12 -16 13 -17 13 -17 13 -17 13 -18 12 -18 12 -17 12 -17 12 -16 13 -17 14 -16 14 -16 15 -16 15 -15 15 -16 16 -15 17 -15 17 -1
2025-05-20 15:45:29,CSI_DATA,STA,D8:B1:90:DB:E8:90,-51,11,1,6,0,0,1,0,0,0,1,-94,0,2,0,1950550319,0,110,0,0,1950.91,256,[110 96 6 0 32 -38 32 -39 31 -39 29 -39 26 -38 24 -36 20 -32 17 -28 15 -23 12 -18 9 -13 6 -8 4 -2 1 3 -1 7 -3 11 -5 13 -7 15 -8 15 -9 14 -10 13 -10 10 -10 7 -9 2 -7 -2 0 0 0 0 0 0 0 0 0 0 0 0 0 0 0 0 0 0 0 0 0 0 23 -17 22 -14 20 -10 17 -7 14 -4 10 -1 6 2 3 4 -1 7 -4 8 -6 10 -8 10 -8 11 -8 11 -7 10 -5 9 -3 7 0 5 4 2 7 -1 11 -6 15 -10 19 -15 23 -19 26 -24 29 -29 ]
2025-05-20 15:45:30,CSI_DATA,STA,D8:B1:90:DB:E8:90,-50,11,1,5,0,0,1,0,0,0,1,-94,0,2,0,1951048101,0,110,0,0,1951.41,256,[110 96 6 0 0 -25 0 -25 0 -24 0 -24 -1 -23 -1 -23 -1 -23 -1 -22 -1 -22 -2 -22 -2 -22 -3 -22 -3 -22 -2 -21 -3 -22 -2 -22 -1 -22 -1 -21 0 -21 0 -20 0 -20 0 -19 1 -19 1 -19 2 -19 0 0 0 0 0 0 0 0 0 0 0 0 0 0 0 0 0 0 0 0 0 0 1 -17 2 -18 2 -18 3 -19 3 -18 4 -19 4 -19 4 -20 5 -20 5 -20 4 -20 4 -20 4 -20 4 -21 3 -20 4 -21 3 -21 3 -21 2 -22 2 -22 1 -23 1 -24 2 -23 1 -23 1 -24 2 -24 ]
2025-05-20 15:45:30,CSI_DATA,STA,D8:B1:90:DB:E8:90,-50,11,1,7,0,0,1,0,0,0,0,-94,0,2,0,1951548007,0,110,0,0,1951.91,256,[110 96 6 0 -13 22 -13 22 -13 22 -13 22 -12 22 -12 21 -11 21 -11 21 -10 21 -10 22 -9 21 -9 22 -9 22 -10 22 -10 21 -10 22 -11 21 -11 20 -11 20 -11 19 -11 18 -11 17 -11 17 -13 17 -13 15 0 0 0 0 0 0 0 0 0 0 0 0 0 0 0 0 0 0 0 0 0 0 -10 17 -11 16 -12 16 -12 16 -13 15 -14 16 -14 16 -14 16 -15 17 -14 16 -16 17 -15 17 -15 17 -15 17 -15 17 -15 17 -15 18 -15 18 -15 19 -14 20 -14 20 -14 21 -14 20 -13 2
2025-05-20 15:45:35,CSI_DATA,STA,D8:B1:90:DB:E8:90,-50,11,1,7,0,0,1,0,0,0,0,-94,0,2,0,1956065709,0,110,0,0,1956.43,256,[110 96 6 0 18 -12 18 -11 18 -11 18 -12 17 -11 17 -12 16 -12 17 -12 16 -13 16 -12 15 -12 16 -12 15 -12 16 -12 16 -12 16 -11 15 -12 15 -11 15 -11 15 -10 15 -10 15 -9 15 -8 16 -8 16 -7 0 0 0 0 0 0 0 0 0 0 0 0 0 0 0 0 0 0 0 0 0 0 15 -8 15 -7 15 -7 15 -6 17 -6 14 -6 17 -6 17 -7 16 -6 18 -5 18 -6 19 -6 19 -5 19 -6 18 -7 18 -8 17 -8 18 -9 17 -8 18 -9 17 -9 18 -10 18 -10 18 -10 19 -10 19 -10 ]
2025-05-20 15:45:35,CSI_DATA,STA,D8:B1:90:DB:E8:90,-50,11,1,7,0,0,1,0,0,0,0,-94,0,2,0,1956564995,0,110,0,0,1956.93,256,[110 96 6 0 -22 -8 -22 -8 -21 -7 -21 -8 -20 -7 -20 -7 -20 -6 -20 -5 -20 -4 -20 -5 -20 -4 -21 -4 -21 -4 -21 -3 -20 -4 -20 -4 -19 -4 -19 -4 -18 -5 -19 -6 -18 -6 -18 -7 -17 -7 -16 -6 -15 -7 0 0 0 0 0 0 0 0 0 0 0 0 0 0 0 0 0 0 0 0 0 0 -16 -8 -16 -9 -16 -10 -16 -10 -16 -11 -16 -11 -16 -11 -16 -11 -16 -12 -17 -12 -16 -12 -16 -13 -17 -13 -17 -13 -18 -12 -18 -11 -19 -11 -19 -11 -18 -10 -19 -10 -19 -
2025-05-20 15:45:36,CSI_DATA,STA,D8:B1:90:DB:E8:90,-50,11,1,7,0,0,1,0,0,0,1,-94,0,2,0,1957065087,0,110,0,0,1957.43,256,[110 96 6 0 -7 -24 -7 -23 -6 -22 -7 -22 -8 -21 -8 -22 -8 -21 -8 -21 -8 -21 -8 -20 -9 -21 -9 -20 -9 -20 -8 -20 -8 -19 -9 -21 -8 -20 -8 -19 -7 -20 -7 -19 -6 -19 -6 -19 -5 -19 -4 -19 -3 -19 0 0 0 0 0 0 0 0 0 0 0 0 0 0 0 0 0 0 0 0 0 0 -4 -19 -3 -19 -3 -19 -2 -19 -2 -19 -1 -20 -2 -20 -2 -21 -2 -21 -1 -22 -1 -22 0 -22 -1 -22 -1 -22 -2 -21 -2 -21 -2 -21 -2 -22 -3 -21 -4 -21 -5 -22 -4 -22 -6 -22 -5
2025-05-20 15:45:36,CSI_DATA,STA,D8:B1:90:DB:E8:90,-50,11,1,7,0,0,1,1,0,0,0,-94,0,2,0,1957567105,0,110,0,0,1957.93,256,[110 96 6 0 -23 11 -22 11 -22 12 -20 11 -20 11 -20 11 -19 11 -19 11 -19 12 -19 11 -18 11 -18 12 -18 12 -18 12 -18 12 -19 11 -18 11 -19 10 -18 10 -18 9 -18 8 -17 8 -17 7 -17 6 -17 5 0 0 0 0 0 0 0 0 0 0 0 0 0 0 0 0 0 0 0 0 0 0 -17 9 -18 8 -18 7 -19 7 -20 7 -20 7 -21 7 -21 7 -21 7 -22 6 -22 7 -22 7 -22 6 -22 6 -21 6 -22 7 -22 8 -22 8 -22 8 -22 9 -22 9 -23 10 -22 10 -22 10 -22 10 -22 11 ]
2025-05-20 15:45:37,CSI_DATA,STA,D8:B1:90:DB:E8:90,-51,11,1,3,0,0,1,0,0,0,0,-94,0,2,0,1958066393,0,110,0,0,1958.43,256,[110 96 6 0 48 25 49 23 48 21 45 18 44 18 44 14 36 12 33 9 28 7 21 6 16 4 9 3 3 2 -3 2 -8 1 -12 0 -15 -1 -17 -2 -18 -4 -17 -5 -16 -5 -13 -6 -10 -6 -6 -8 -1 -7 0 0 0 0 0 0 0 0 0 0 0 0 0 0 0 0 0 0 0 0 0 0 23 23 18 22 13 20 9 18 4 15 0 12 -4 8 -6 5 -9 2 -11 -1 -13 -4 -13 -5 -14 -6 -13 -5 -12 -4 -9 -3 -6 0 -3 2 1 6 6 9 11 12 17 15 22 17 28 20 34 22 38 23 ]
2025-05-20 15:45:41,CSI_DATA,STA,D8:B1:90:DB:E8:90,-50,11,1,6,0,0,1,0,0,0,0,-94,0,2,0,1962573574,0,110,0,0,1962.94,256,[110 96 6 0 5 22 6 22 6 21 6 21 7 20 7 20 7 20 7 20 7 20 7 19 8 19 8 20 8 21 7 20 7 20 8 20 7 20 6 19 6 19 6 20 5 20 5 19 4 19 3 19 2 19 0 0 0 0 0 0 0 0 0 0 0 0 0 0 0 0 0 0 0 0 0 0 3 18 2 18 1 17 1 18 1 18 0 19 0 20 -1 20 -1 20 -1 20 -1 20 -1 20 -1 21 -1 20 1 20 0 20 1 21 2 20 3 21 3 21 4 20 5 21 4 21 5 21 5 21 5 21 ]
2025-05-20 15:45:42,CSI_DATA,STA,D8:B1:90:DB:E8:90,-51,11,1,7,0,0,1,0,0,0,1,-94,0,2,0,1963072071,0,110,0,0,1963.43,256,[110 96 6 0 6 -25 5 -25 5 -24 4 -24 4 -24 3 -24 3 -23 2 -24 2 -24 1 -24 1 -24 1 -25 1 -25 1 -24 2 -25 2 -25 3 -25 3 -24 4 -23 5 -23 5 -22 5 -22 5 -22 6 -21 7 -21 0 0 0 0 0 0 0 0 0 0 0 0 0 0 0 0 0 0 0 0 0 0 6 -19 7 -19 7 -19 8 -19 8 -19 9 -19 8 -19 9 -20 10 -19 10 -20 10 -20 10 -20 10 -20 10 -20 9 -20 9 -20 8 -21 9 -21 8 -23 8 -22 7 -23 7 -24 6 -23 6 -24 6 -24 6 -24 ]
2025-05-20 15:45:42,CSI_DATA,STA,D8:B1:90:DB:E8:90,-50,11,1,7,0,0,1,0,0,0,1,-94,0,2,0,1963573000,0,110,0,0,1963.94,256,[110 96 6 0 20 10 21 9 20 9 21 9 21 8 21 8 21 7 21 7 21 7 20 7 21 7 20 7 20 6 20 6 20 6 20 7 20 7 19 7 19 7 19 7 19 8 18 9 17 9 17 10 16 11 0 0 0 0 0 0 0 0 0 0 0 0 0 0 0 0 0 0 0 0 0 0 16 6 16 7 16 8 16 8 16 9 16 10 16 10 17 10 16 11 16 11 16 12 16 12 17 12 17 12 17 12 17 11 17 11 18 11 18 10 18 10 19 10 19 10 19 10 19 10 20 10 21 9 ]
2025-05-20 15:45:45,CSI_DATA,STA,D8:B1:90:DB:E8:90,-50,11,1,7,0,0,1,0,0,0,1,-94,0,2,0,1966578170,0,110,0,0,1966.94,256,[110 96 6 0 5 -23 5 -23 5 -22 5 -23 4 -22 4 -22 4 -22 3 -22 3 -22 3 -22 2 -22 3 -22 3 -22 3 -21 3 -21 3 -22 4 -22 4 -22 4 -21 4 -21 4 -20 4 -20 5 -19 7 -19 8 -18 0 0 0 0 0 0 0 0 0 0 0 0 0 0 0 0 0 0 0 0 0 0 5 -16 5 -16 5 -17 6 -17 6 -17 7 -17 7 -17 8 -18 8 -18 8 -18 9 -18 9 -19 8 -19 9 -18 9 -19 8 -19 8 -19 8 -20 7 -20 6 -20 5 -20 6 -21 6 -21 6 -21 6 -22 6 -22 ]
2025-05-20 15:45:48,CSI_DATA,STA,D8:B1:90:DB:E8:90,-51,11,1,7,0,0,1,1,0,0,1,-94,0,2,0,1969587659,0,110,0,0,1969.95,256,[110 96 6 0 -12 -23 -12 -23 -11 -21 -12 -23 -12 -22 -12 -22 -13 -22 -13 -21 -13 -21 -13 -21 -14 -21 -14 -20 -14 -20 -13 -20 -13 -20 -13 -21 -13 -20 -12 -20 -11 -20 -12 -20 -11 -21 -10 -20 -10 -20 -8 -20 -6 -20 0 0 0 0 0 0 0 0 0 0 0 0 0 0 0 0 0 0 0 0 0 0 -8 -17 -6 -18 -6 -18 -6 -19 -5 -19 -5 -20 -5 -20 -5 -21 -4 -21 -5 -21 -4 -22 -4 -21 -5 -21 -5 -21 -6 -21 -6 -21 -6 -21 -6 -21 -8 -22 -8 -22
2025-05-20 15:45:49,CSI_DATA,STA,D8:B1:90:DB:E8:90,-50,11,1,7,0,0,1,1,0,0,1,-94,0,2,0,1970088791,0,110,0,0,1970.45,256,[110 96 6 0 11 23 12 22 12 22 11 22 11 21 12 21 12 21 12 20 11 20 12 19 12 20 13 20 13 20 13 19 13 19 13 20 11 20 11 20 9 20 9 20 8 20 8 20 7 20 6 20 5 20 0 0 0 0 0 0 0 0 0 0 0 0 0 0 0 0 0 0 0 0 0 0 8 17 7 18 8 17 7 18 7 18 6 19 7 19 7 19 7 20 7 21 7 21 7 21 7 21 8 21 7 21 7 21 8 21 8 21 8 21 9 21 9 21 10 21 9 22 11 22 11 22 11 22 ]
2025-05-20 15:45:49,CSI_DATA,STA,D8:B1:90:DB:E8:90,-51,11,1,7,0,0,1,1,0,0,1,-94,0,2,0,1970590087,0,110,0,0,1970.95,256,[110 96 6 0 -24 -11 -24 -10 -23 -10 -24 -11 -23 -10 -24 -9 -23 -9 -23 -8 -23 -7 -23 -7 -24 -8 -23 -7 -23 -7 -23 -7 -23 -7 -23 -8 -23 -7 -23 -8 -22 -8 -22 -8 -22 -9 -21 -9 -20 -9 -19 -9 -19 -11 0 0 0 0 0 0 0 0 0 0 0 0 0 0 0 0 0 0 0 0 0 0 -16 -9 -16 -10 -16 -11 -16 -11 -17 -12 -17 -12 -17 -13 -17 -13 -17 -13 -17 -14 -18 -14 -18 -15 -18 -15 -18 -14 -18 -14 -18 -13 -19 -13 -19 -13 -20 -13 -20 -1
2025-05-20 15:45:52,CSI_DATA,STA,D8:B1:90:DB:E8:90,-51,11,1,7,0,0,1,1,0,0,1,-94,0,2,0,1973602904,0,110,0,0,1973.97,256,[110 96 6 0 -25 -4 -26 -4 -24 -3 -25 -3 -24 -3 -24 -3 -24 -2 -25 -1 -24 -1 -25 -1 -25 -1 -24 -1 -24 -1 -23 -1 -24 -2 -23 -2 -24 -2 -23 -3 -23 -4 -23 -4 -22 -5 -21 -5 -20 -6 -21 -6 -20 -8 0 0 0 0 0 0 0 0 0 0 0 0 0 0 0 0 0 0 0 0 0 0 -18 -4 -18 -5 -18 -5 -19 -6 -18 -7 -19 -7 -19 -7 -20 -8 -20 -8 -20 -9 -20 -8 -21 -9 -21 -9 -21 -9 -21 -7 -20 -7 -21 -6 -21 -6 -22 -6 -22 -5 -23 -5 -23 -5 -23 -4 -2
