2025-04-02 17:27:40,CSI_DATA,STA,D8:B1:90:DB:E8:90,-41,11,1,7,0,0,1,0,0,0,1,-94,0,3,0,4228327561,0,110,0,0,98717.9,256,[110 96 6 0 -2 -24 -2 -24 -2 -23 -3 -23 -3 -22 -3 -22 -4 -22 -4 -21 -5 -21 -5 -21 -5 -21 -5 -22 -5 -21 -5 -21 -5 -21 -5 -21 -5 -21 -4 -20 -4 -20 -4 -20 -3 -20 -3 -20 -2 -20 -2 -20 0 -20 0 0 0 0 0 0 0 0 0 0 0 0 0 0 0 0 0 0 0 0 0 0 -3 -23 -1 -23 0 -24 1 -23 2 -24 2 -24 3 -24 4 -24 5 -24 5 -25 5 -25 5 -25 5 -25 5 -25 4 -25 4 -25 4 -24 3 -25 2 -25 2 -25 1 -25 1 -25 0 -25 0 -25 -1 -25 -1 -24 ]
2025-04-02 17:27:42,CSI_DATA,STA,D8:B1:90:DB:E8:90,-41,11,1,7,0,0,1,0,0,0,1,-94,0,3,0,4230835200,0,110,0,0,98720.5,256,[110 96 6 0 23 7 23 7 22 6 22 6 22 5 22 5 21 4 21 2 20 2 21 1 21 1 21 1 21 1 21 1 21 1 20 2 21 2 20 2 19 2 19 3 19 4 19 4 19 5 19 5 18 7 0 0 0 0 0 0 0 0 0 0 0 0 0 0 0 0 0 0 0 0 0 0 20 5 20 7 20 7 21 8 21 9 21 10 21 11 21 11 21 13 20 13 21 13 20 13 20 14 20 14 21 12 21 12 21 11 21 11 22 10 22 10 22 9 23 9 22 8 23 8 23 8 22 7 ]
2025-04-02 17:27:44,CSI_DATA,STA,D8:B1:90:DB:E8:90,-49,11,1,7,0,0,1,0,0,0,1,-94,0,3,0,4232343211,0,110,0,0,98722,256,[110 96 6 0 -18 5 -18 6 -17 6 -20 -4 -19 -4 -18 -3 -18 -2 -18 -18 -17 -17 -17 -17 -16 -16 -25 0 -25 0 -25 0 -25 0 1 19 1 19 1 20 1 20 5 -10 6 -10 6 -10 6 -10 13 2 13 2 0 0 0 0 0 0 0 0 0 0 0 0 0 0 0 0 0 0 0 0 0 0 -6 -36 -3 -37 -7 -22 -6 -23 -5 -23 -5 -24 -1 -27 0 -27 1 -27 2 -28 -2 -13 -1 -12 -1 -12 0 -12 6 14 6 14 7 15 7 15 15 -21 15 -20 15 -20 16 -20 25 -8 25 -8 25 -7 22 5 ]
2025-04-02 17:27:47,CSI_DATA,STA,D8:B1:90:DB:E8:90,-41,11,1,7,0,0,1,0,0,0,1,-94,0,3,0,4235851171,0,110,0,0,98725.5,256,[110 96 6 0 17 -29 15 -26 13 -23 9 -20 4 -17 -1 -15 -6 -13 -12 -12 -18 -11 -22 -11 -26 -12 -29 -12 -31 -12 -32 -13 -32 -13 -30 -13 -29 -12 -26 -11 -23 -9 -21 -7 -18 -4 -16 -2 -14 1 -12 3 -11 5 0 0 0 0 0 0 0 0 0 0 0 0 0 0 0 0 0 0 0 0 0 0 -21 14 -19 11 -16 8 -12 7 -7 8 -3 10 1 13 4 16 6 20 7 23 7 27 6 29 4 30 1 29 -1 27 -3 23 -5 19 -5 13 -6 6 -5 -1 -3 -8 -1 -14 2 -20 5 -25 9 -28 13 -30 ]
2025-04-02 17:27:48,CSI_DATA,STA,D8:B1:90:DB:E8:90,-41,11,1,7,0,0,1,1,0,0,1,-94,0,3,0,4236851566,0,110,0,0,98726.5,256,[110 96 6 0 4 -24 4 -25 4 -24 3 -23 3 -23 2 -23 2 -23 1 -22 1 -22 0 -22 0 -22 -1 -22 -1 -22 -1 -22 -1 -22 -1 -21 0 -21 0 -20 0 -20 1 -20 1 -20 2 -19 2 -19 3 -19 4 -18 0 0 0 0 0 0 0 0 0 0 0 0 0 0 0 0 0 0 0 0 0 0 3 -23 5 -23 6 -22 8 -23 8 -22 10 -23 10 -22 12 -23 12 -22 13 -23 13 -23 13 -22 13 -22 13 -22 12 -23 12 -23 12 -23 11 -23 9 -23 9 -23 8 -23 8 -24 8 -24 8 -24 7 -24 6 -25 ]
2025-04-02 17:27:53,CSI_DATA,STA,D8:B1:90:DB:E8:90,-42,11,1,7,0,0,1,0,0,0,1,-94,0,3,0,4241862519,0,110,0,0,98731.5,256,[110 96 6 0 -11 -30 -10 -27 -9 -23 -9 -19 -9 -13 -11 -8 -12 -2 -14 3 -16 8 -19 12 -21 15 -23 17 -24 18 -25 19 -25 19 -24 18 -22 17 -20 16 -17 15 -14 13 -11 13 -8 12 -5 11 -2 10 0 10 0 0 0 0 0 0 0 0 0 0 0 0 0 0 0 0 0 0 0 0 0 0 -7 22 -8 19 -8 15 -5 12 -2 9 3 8 8 7 12 7 17 9 20 10 22 13 23 15 23 17 21 18 18 18 14 17 9 15 5 12 0 8 -5 3 -9 -3 -12 -9 -15 -14 -16 -19 -16 -24 -15 -29 ]
2025-04-02 17:27:56,CSI_DATA,STA,D8:B1:90:DB:E8:90,-42,11,1,7,0,0,1,0,0,0,1,-94,0,3,0,4244869202,0,110,0,0,98734.5,256,[110 96 6 0 -28 -21 -26 -19 -22 -16 -20 -11 -16 -6 -14 -1 -12 5 -12 11 -10 17 -9 22 -9 26 -10 30 -10 32 -10 32 -10 33 -10 31 -9 29 -8 27 -6 24 -4 21 -2 18 1 15 3 12 5 10 7 8 0 0 0 0 0 0 0 0 0 0 0 0 0 0 0 0 0 0 0 0 0 0 7 25 4 22 2 18 2 14 4 10 7 5 11 2 16 -1 20 -2 25 -3 28 -2 30 0 31 1 30 4 27 6 23 7 18 8 11 8 5 7 -2 5 -9 3 -15 -1 -21 -4 -26 -8 -29 -12 -31 -16 ]
2025-04-02 17:27:57,CSI_DATA,STA,D8:B1:90:DB:E8:90,-45,11,1,7,0,0,1,1,0,0,1,-94,0,3,0,4245369309,0,110,0,0,98735,256,[110 96 6 0 -10 27 -10 26 -8 26 -7 25 -6 25 -6 25 -5 24 -4 24 -3 23 -2 23 -2 22 -2 22 -1 21 0 21 0 20 0 20 1 19 0 18 1 17 1 16 1 16 1 15 1 15 1 14 0 14 0 0 0 0 0 0 0 0 0 0 0 0 0 0 0 0 0 0 0 0 0 0 11 10 10 10 9 2 9 2 9 2 9 2 6 11 6 11 6 10 6 9 -19 -28 -20 -28 -20 -28 -21 -28 13 28 14 28 15 28 17 28 20 26 21 25 23 25 24 24 -13 26 -12 26 -12 26 -11 26 ]
2025-04-02 17:27:57,CSI_DATA,STA,D8:B1:90:DB:E8:90,-41,11,1,7,0,0,1,1,0,0,1,-94,0,3,0,4245869514,0,110,0,0,98735.5,256,[110 96 6 0 -22 15 -21 15 -21 14 -20 14 -19 15 -19 15 -18 15 -17 16 -16 16 -16 16 -16 16 -16 16 -15 16 -15 16 -15 16 -16 17 -16 17 -16 16 -16 15 -17 15 -17 15 -17 14 -18 13 -18 12 -19 11 0 0 0 0 0 0 0 0 0 0 0 0 0 0 0 0 0 0 0 0 0 0 -20 14 -19 15 -20 15 -22 11 -24 10 -23 13 -22 12 -24 9 -23 11 -25 10 -23 9 -25 9 -25 8 -25 8 -24 9 -24 9 -24 10 -24 10 -24 11 -24 11 -23 12 -24 12 -22 14 -22 14 -2
2025-04-02 17:28:01,CSI_DATA,STA,D8:B1:90:DB:E8:90,-42,11,1,7,0,0,1,0,0,0,1,-94,0,3,0,4249877585,0,110,0,0,98739.5,256,[110 96 6 0 -20 -30 -19 -27 -16 -23 -15 -18 -14 -11 -14 -6 -14 1 -16 7 -16 13 -17 18 -19 22 -21 25 -22 27 -22 27 -23 27 -22 26 -21 25 -19 22 -16 20 -13 18 -10 16 -6 14 -3 13 0 11 2 10 0 0 0 0 0 0 0 0 0 0 0 0 0 0 0 0 0 0 0 0 0 0 -2 27 -4 24 -4 20 -2 16 1 12 5 9 10 7 15 6 20 6 24 7 27 9 28 11 28 13 26 15 23 15 18 16 13 14 7 12 1 9 -4 4 -10 0 -15 -6 -19 -11 -22 -16 -24 -22 -24 -27 ]
2025-04-02 17:28:04,CSI_DATA,STA,D8:B1:90:DB:E8:90,-42,11,1,7,0,0,1,0,0,0,1,-94,0,3,0,4252387234,0,110,0,0,98742,256,[110 96 6 0 6 -37 6 -33 5 -29 2 -25 -2 -20 -6 -16 -12 -12 -17 -9 -23 -6 -27 -5 -32 -3 -35 -3 -37 -3 -38 -4 -38 -4 -37 -4 -35 -4 -32 -4 -29 -3 -26 -2 -22 -1 -19 2 -16 3 -13 5 -11 7 0 0 0 0 0 0 0 0 0 0 0 0 0 0 0 0 0 0 0 0 0 0 -11 27 -11 22 -11 19 -8 15 -4 13 1 12 7 12 12 13 16 16 19 19 20 23 20 25 19 27 16 27 12 26 9 24 4 20 1 14 -2 8 -5 1 -7 -7 -7 -15 -7 -22 -5 -28 -2 -33 1 -37 ]
2025-04-02 17:28:04,CSI_DATA,STA,D8:B1:90:DB:E8:90,-41,11,1,7,0,0,1,1,0,0,1,-94,0,3,0,4252889858,0,110,0,0,98742.5,256,[110 96 6 0 -17 -19 -17 -19 -16 -18 -16 -17 -16 -17 -17 -16 -17 -15 -17 -14 -17 -14 -18 -14 -18 -13 -19 -12 -19 -12 -19 -12 -19 -12 -18 -12 -19 -12 -18 -12 -18 -12 -17 -12 -17 -13 -16 -13 -16 -13 -15 -14 -15 -15 0 0 0 0 0 0 0 0 0 0 0 0 0 0 0 0 0 0 0 0 0 0 -17 -15 -16 -17 -14 -17 -14 -19 -13 -19 -13 -20 -13 -20 -13 -21 -13 -21 -12 -22 -12 -23 -12 -23 -12 -23 -12 -23 -12 -22 -12 -22 -13 -22 -1
2025-04-02 17:28:07,CSI_DATA,STA,D8:B1:90:DB:E8:90,-42,11,1,7,0,0,1,0,0,0,1,-94,0,3,0,4255399539,0,110,0,0,98745,256,[110 96 6 0 -27 -21 -25 -19 -22 -16 -19 -11 -16 -5 -14 0 -12 6 -12 12 -11 18 -10 22 -10 27 -11 30 -12 32 -12 32 -12 32 -12 31 -10 29 -9 27 -7 24 -5 21 -3 18 0 15 2 13 4 11 6 9 0 0 0 0 0 0 0 0 0 0 0 0 0 0 0 0 0 0 0 0 0 0 7 25 4 22 2 18 2 14 4 10 7 5 11 2 15 -1 20 -2 24 -3 28 -2 30 0 31 2 29 4 27 6 22 8 17 8 11 8 4 7 -2 5 -10 3 -16 -1 -21 -4 -26 -9 -29 -13 -30 -17 ]
2025-04-02 17:28:11,CSI_DATA,STA,D8:B1:90:DB:E8:90,-42,11,1,7,0,0,1,0,0,0,1,-94,0,3,0,4259923271,0,110,0,0,98749.5,256,[110 96 6 0 -30 -12 -27 -11 -23 -9 -20 -7 -16 -2 -13 3 -10 8 -9 13 -7 17 -6 22 -6 26 -6 29 -6 31 -7 31 -7 31 -7 30 -6 28 -6 26 -4 23 -2 20 0 17 2 15 4 13 5 11 7 9 0 0 0 0 0 0 0 0 0 0 0 0 0 0 0 0 0 0 0 0 0 0 17 16 14 15 10 13 9 10 8 5 9 1 11 -3 13 -7 17 -10 20 -12 23 -12 25 -11 27 -10 26 -8 25 -5 21 -2 17 0 12 2 6 3 -1 4 -7 4 -14 2 -20 1 -24 -2 -28 -5 -31 -8 ]
2025-04-02 17:28:18,CSI_DATA,STA,D8:B1:90:DB:E8:90,-42,11,1,7,0,0,1,0,0,0,1,-94,0,3,0,4266452620,0,110,0,0,98756.1,256,[110 96 6 0 16 34 14 31 12 26 11 20 11 13 12 6 13 -1 15 -8 16 -14 18 -20 20 -24 22 -27 23 -29 24 -30 24 -30 24 -29 22 -27 19 -26 16 -23 13 -21 9 -19 6 -17 2 -16 -1 -14 -3 -13 0 0 0 0 0 0 0 0 0 0 0 0 0 0 0 0 0 0 0 0 0 0 9 -29 10 -24 8 -20 5 -16 1 -13 -4 -10 -10 -9 -16 -8 -22 -10 -26 -12 -29 -15 -30 -18 -30 -20 -28 -21 -24 -22 -20 -21 -14 -18 -8 -15 -2 -11 4 -5 9 1 14 8 17 14 20 21 21 27 20 32
2025-04-02 17:28:22,CSI_DATA,STA,D8:B1:90:DB:E8:90,-42,11,1,7,0,0,1,0,0,0,1,-94,0,3,0,4270967188,0,110,0,0,98760.6,256,[110 96 6 0 18 26 16 24 14 20 13 16 13 11 13 5 13 0 15 -5 16 -10 18 -14 20 -17 23 -20 24 -21 25 -21 25 -21 25 -20 24 -19 22 -18 19 -16 17 -15 14 -14 11 -13 8 -12 6 -12 3 -11 0 0 0 0 0 0 0 0 0 0 0 0 0 0 0 0 0 0 0 0 0 0 -15 -22 -11 -21 -9 -18 -8 -15 -9 -11 -10 -7 -13 -3 -17 -1 -21 1 -24 1 -27 1 -29 -1 -30 -3 -29 -5 -26 -7 -22 -8 -18 -8 -12 -8 -6 -6 0 -4 6 0 12 4 16 8 19 13 21 18 22 22 ]
2025-04-02 17:28:23,CSI_DATA,STA,00:00:00:00:00:00,-42,11,0,0,0,0,0,0,0,0,0,-94,0,3,0,4271244848,0,14,0,0,98760.9,128,[14 -32 0 0 32 -13 29 -11 26 -10 20 -10 14 -10 9 -12 3 -14 -3 -17 -7 -20 -11 -23 -15 -26 -17 -28 -18 -30 -19 -31 -19 -31 -19 -31 -17 -29 -16 -27 -15 -23 -14 -20 -13 -17 -13 -14 -12 -10 -11 -7 -11 -4 0 0 0 0 0 0 0 0 0 0 0 0 0 0 0 0 0 0 0 0 0 0 -31 -2 -25 -2 -24 -4 -17 -2 -14 2 -13 4 -10 9 -6 13 -11 20 -12 22 -15 25 -16 26 -18 26 -19 23 -20 21 -19 17 -17 12 -14 6 -10 1 -5 -4 1 -8 8 -12 13 -15 1
2025-04-02 17:28:31,CSI_DATA,STA,D8:B1:90:DB:E8:90,-42,11,1,7,0,0,1,0,0,0,1,-94,0,3,0,4279486608,0,110,0,0,98769.1,256,[110 96 6 0 30 14 27 13 24 12 21 9 17 5 15 0 12 -5 11 -10 10 -15 9 -20 9 -25 10 -28 10 -30 11 -31 12 -31 12 -31 12 -29 12 -28 11 -25 9 -23 7 -20 5 -18 2 -15 0 -14 -2 -12 0 0 0 0 0 0 0 0 0 0 0 0 0 0 0 0 0 0 0 0 0 0 -23 -13 -19 -13 -16 -13 -13 -9 -11 -6 -11 -1 -12 4 -13 8 -16 12 -20 14 -23 15 -25 15 -27 13 -27 11 -26 9 -23 6 -20 3 -15 1 -9 -1 -3 -2 4 -3 11 -2 17 0 22 2 27 5 30 9 ]
2025-04-02 17:28:31,CSI_DATA,STA,D8:B1:90:DB:E8:90,-41,11,1,7,0,0,1,1,0,0,1,-94,0,3,0,4279988211,0,110,0,0,98769.6,256,[110 96 6 0 18 -16 18 -16 17 -16 17 -15 16 -15 15 -16 15 -16 15 -16 14 -17 14 -17 14 -17 13 -17 13 -16 14 -17 13 -16 14 -17 14 -16 14 -16 14 -15 14 -15 14 -15 14 -14 14 -13 15 -13 16 -12 0 0 0 0 0 0 0 0 0 0 0 0 0 0 0 0 0 0 0 0 0 0 16 -15 17 -14 17 -13 18 -12 19 -12 20 -11 20 -12 21 -12 21 -12 22 -11 22 -10 22 -10 22 -10 22 -10 21 -11 21 -11 21 -12 21 -12 20 -13 20 -13 20 -14 20 -14 19 -14 19
2025-04-02 17:28:36,CSI_DATA,STA,D8:B1:90:DB:E8:90,-41,11,1,7,0,0,1,0,0,0,1,-94,0,3,0,4283998561,0,110,0,0,98773.6,256,[110 96 6 0 -26 -21 -24 -19 -21 -16 -19 -12 -17 -7 -15 -2 -13 4 -14 10 -13 15 -14 20 -15 24 -16 27 -16 29 -17 29 -17 29 -17 28 -15 26 -14 24 -11 21 -9 19 -7 16 -3 15 -1 13 2 11 4 10 0 0 0 0 0 0 0 0 0 0 0 0 0 0 0 0 0 0 0 0 0 0 11 21 8 19 6 16 6 12 7 8 9 4 13 0 16 -2 21 -4 25 -4 27 -3 29 -1 30 1 29 3 26 5 22 6 17 7 11 7 5 6 -2 5 -8 2 -15 -1 -20 -4 -24 -9 -27 -13 -28 -17 ]
2025-04-02 17:28:40,CSI_DATA,STA,D8:B1:90:DB:E8:90,-42,11,1,7,0,0,1,0,0,0,1,-94,0,3,0,4288004113,0,110,0,0,98777.6,256,[110 96 6 0 10 36 9 33 8 28 9 22 11 16 13 10 16 4 19 -2 23 -7 26 -10 29 -14 32 -15 34 -17 35 -16 35 -16 33 -15 31 -15 28 -14 24 -13 21 -13 17 -13 13 -13 10 -12 6 -12 3 -13 0 0 0 0 0 0 0 0 0 0 0 0 0 0 0 0 0 0 0 0 0 0 2 -30 4 -26 4 -22 1 -18 -2 -14 -7 -11 -13 -10 -18 -10 -23 -11 -27 -14 -29 -16 -30 -19 -29 -21 -26 -23 -22 -23 -17 -22 -11 -19 -6 -15 0 -10 5 -4 10 3 13 11 16 17 17 24 17 30 16 34
2025-04-02 17:28:40,CSI_DATA,STA,D8:B1:90:DB:E8:90,-41,11,1,7,0,0,1,1,0,0,1,-94,0,3,0,4288505436,0,110,0,0,98778.1,256,[110 96 6 0 -22 3 -22 4 -21 3 -21 4 -20 5 -20 4 -20 5 -18 5 -18 6 -18 6 -18 6 -19 7 -18 7 -18 7 -18 7 -18 6 -17 6 -17 6 -17 6 -17 5 -16 4 -17 4 -17 4 -17 3 -18 1 0 0 0 0 0 0 0 0 0 0 0 0 0 0 0 0 0 0 0 0 0 0 -20 3 -21 2 -21 0 -22 -1 -21 -1 -21 -2 -21 -1 -22 -2 -22 -3 -23 -3 -23 -3 -22 -4 -22 -4 -22 -3 -22 -4 -22 -3 -22 -2 -22 -3 -21 -1 -21 0 -21 0 -21 1 -22 2 -23 1 -22 2 -22 2 ]
2025-04-02 17:28:45,CSI_DATA,STA,D8:B1:90:DB:E8:90,-42,11,1,7,0,0,1,0,0,0,1,-94,0,3,0,4293012211,0,110,0,0,98782.6,256,[110 96 6 0 15 29 13 27 12 23 12 18 12 13 13 7 14 1 16 -5 18 -10 20 -14 22 -18 24 -20 26 -21 27 -21 27 -21 26 -20 25 -19 22 -18 19 -16 16 -15 13 -14 10 -13 6 -13 4 -11 1 -11 0 0 0 0 0 0 0 0 0 0 0 0 0 0 0 0 0 0 0 0 0 0 -3 -27 -1 -24 0 -20 -1 -17 -4 -13 -8 -9 -12 -7 -17 -6 -21 -6 -25 -8 -28 -10 -29 -12 -29 -14 -26 -15 -23 -16 -18 -16 -13 -15 -7 -12 -2 -9 4 -4 9 1 14 6 17 12 19 18 20 23 20 27 ]
2025-04-02 17:28:45,CSI_DATA,STA,D8:B1:90:DB:E8:90,-41,11,1,7,0,0,1,1,0,0,1,-94,0,3,0,4293513746,0,110,0,0,98783.1,256,[110 96 6 0 -8 -26 -9 -25 -8 -25 -9 -23 -9 -23 -9 -22 -9 -22 -10 -22 -11 -22 -11 -21 -12 -21 -12 -21 -12 -21 -12 -21 -11 -21 -11 -21 -11 -20 -10 -20 -10 -20 -9 -20 -9 -20 -9 -20 -8 -20 -7 -21 -5 -21 0 0 0 0 0 0 0 0 0 0 0 0 0 0 0 0 0 0 0 0 0 0 -8 -23 -6 -23 -5 -25 -4 -24 -3 -26 -2 -25 -1 -26 -1 -27 0 -27 0 -28 0 -28 1 -28 1 -28 1 -28 0 -26 0 -27 -1 -26 -1 -27 -4 -26 -3 -26 -4 -26 -5 -27 -6 -2
2025-04-02 17:28:46,CSI_DATA,STA,D8:B1:90:DB:E8:90,-42,11,1,7,0,0,1,0,0,0,1,-94,0,3,0,4294522284,0,110,0,0,98784.1,256,[110 96 6 0 2 -37 2 -33 1 -29 -1 -25 -4 -19 -8 -15 -12 -10 -18 -7 -22 -4 -27 -2 -31 0 -34 1 -36 1 -37 1 -37 0 -36 0 -34 0 -31 0 -28 1 -25 2 -21 3 -18 5 -15 6 -12 7 -10 9 0 0 0 0 0 0 0 0 0 0 0 0 0 0 0 0 0 0 0 0 0 0 -7 27 -9 23 -8 19 -6 15 -1 13 3 11 9 11 14 12 18 14 21 16 23 20 23 22 22 24 19 25 16 24 11 22 7 19 3 13 -1 7 -4 1 -7 -7 -8 -14 -9 -21 -8 -27 -6 -33 -3 -36 ]
2025-04-02 17:28:46,CSI_DATA,STA,D8:B1:90:DB:E8:90,-49,11,1,7,0,0,1,1,0,0,1,-94,0,3,0,58022,0,110,0,0,98784.6,256,[110 96 6 0 -23 6 -21 9 -19 9 -17 -3 -15 -2 -16 -1 -15 1 -5 -18 -7 -17 -8 -17 -10 -15 4 -3 4 -3 5 -3 6 -3 7 -2 6 -3 6 -3 6 -3 28 6 28 4 27 3 27 1 -32 -18 -33 -18 0 0 0 0 0 0 0 0 0 0 0 0 0 0 0 0 0 0 0 0 0 0 25 -5 25 -6 25 8 26 7 26 5 27 3 18 11 19 10 20 9 21 7 18 8 19 6 18 4 18 2 21 -2 20 -4 19 -6 18 -8 23 -8 21 -11 20 -13 17 -15 21 13 22 12 23 10 32 10 ]
2025-04-02 17:28:52,CSI_DATA,STA,D8:B1:90:DB:E8:90,-42,11,1,6,0,0,1,0,0,0,1,-94,0,3,0,5573885,0,110,0,0,98790.2,256,[110 96 6 0 -5 -34 -4 -31 -4 -26 -5 -22 -7 -17 -10 -12 -13 -7 -17 -2 -20 2 -24 5 -27 8 -30 9 -32 10 -32 10 -33 10 -31 9 -30 9 -27 8 -24 7 -21 8 -18 8 -14 8 -11 9 -8 9 -6 9 0 0 0 0 0 0 0 0 0 0 0 0 0 0 0 0 0 0 0 0 0 0 -7 25 -8 21 -7 17 -5 14 -1 12 4 10 8 10 13 10 18 12 20 14 22 16 23 19 22 21 19 22 16 21 11 20 7 17 3 12 -2 7 -5 1 -9 -5 -10 -12 -12 -18 -12 -24 -12 -29 -10 -33 ]
2025-04-02 17:28:52,CSI_DATA,STA,D8:B1:90:DB:E8:90,-41,11,1,7,0,0,1,0,0,0,0,-94,0,3,0,6073117,0,110,0,0,98790.7,256,[110 96 6 0 22 -2 22 -2 21 -3 22 -3 21 -3 21 -4 21 -4 20 -6 19 -6 19 -7 19 -7 19 -7 20 -7 19 -7 20 -7 19 -7 19 -7 19 -6 19 -6 19 -5 19 -5 18 -4 19 -4 19 -3 19 -1 0 0 0 0 0 0 0 0 0 0 0 0 0 0 0 0 0 0 0 0 0 0 21 -4 22 -3 22 -1 23 0 22 1 24 1 23 2 24 2 24 3 24 3 25 3 25 4 25 4 24 4 24 4 23 4 24 4 23 3 23 1 23 1 23 0 24 0 23 -1 24 -1 24 -2 24 -1 ]
2025-04-02 17:28:53,CSI_DATA,STA,D8:B1:90:DB:E8:90,-41,11,1,6,0,0,1,0,0,0,1,-94,0,3,0,6575307,0,110,0,0,98791.2,256,[110 96 6 0 -24 13 -24 13 -22 13 -22 13 -21 14 -21 14 -20 14 -18 15 -17 14 -17 15 -17 15 -17 15 -17 15 -17 15 -18 15 -17 14 -17 14 -17 14 -17 13 -17 13 -17 13 -17 12 -17 12 -18 11 -19 10 0 0 0 0 0 0 0 0 0 0 0 0 0 0 0 0 0 0 0 0 0 0 -22 15 -21 14 -24 10 -24 11 -26 9 -24 9 -24 10 -28 9 -25 9 -26 9 -29 8 -27 6 -27 6 -25 6 -27 7 -26 7 -27 8 -27 8 -26 8 -25 9 -25 9 -25 9 -23 11 -23 11 -23 12 -23 12 ]
2025-04-02 17:28:56,CSI_DATA,STA,D8:B1:90:DB:E8:90,-42,11,1,7,0,0,1,0,0,0,1,-94,0,3,0,9082980,0,110,0,0,98793.7,256,[110 96 6 0 33 -6 30 -6 26 -5 21 -6 16 -8 11 -11 5 -14 1 -18 -3 -21 -7 -25 -9 -28 -11 -30 -12 -32 -12 -33 -11 -33 -11 -33 -10 -30 -10 -28 -9 -25 -9 -22 -9 -18 -9 -15 -10 -11 -10 -9 -10 -6 0 0 0 0 0 0 0 0 0 0 0 0 0 0 0 0 0 0 0 0 0 0 -27 -4 -23 -6 -19 -6 -16 -3 -13 0 -11 5 -10 10 -10 14 -11 19 -14 22 -16 24 -19 24 -21 23 -22 21 -22 17 -20 13 -18 8 -14 4 -9 -1 -3 -5 4 -9 11 -11 17 -13 23 -13 28 -1
2025-04-02 17:28:56,CSI_DATA,STA,D8:B1:90:DB:E8:90,-42,11,1,7,0,0,1,0,0,0,1,-94,0,3,0,9582887,0,110,0,0,98794.2,256,[110 96 6 0 19 27 18 25 16 20 15 16 14 10 14 4 14 -2 15 -7 16 -12 18 -17 20 -21 21 -23 22 -25 23 -25 23 -26 23 -24 22 -23 19 -21 17 -20 14 -18 11 -16 8 -15 5 -14 2 -13 0 -12 0 0 0 0 0 0 0 0 0 0 0 0 0 0 0 0 0 0 0 0 0 0 -8 -26 -5 -23 -4 -20 -4 -15 -6 -11 -9 -7 -14 -4 -18 -3 -23 -2 -26 -2 -29 -4 -31 -6 -31 -8 -29 -10 -26 -12 -22 -13 -16 -12 -10 -10 -4 -8 3 -4 9 0 14 5 18 9 22 15 23 19 23 23 ]
2025-04-02 17:28:59,CSI_DATA,STA,D8:B1:90:DB:E8:90,-42,11,1,7,0,0,1,0,0,0,1,-94,0,3,0,12583401,0,110,0,0,98797.2,256,[110 96 6 0 23 -11 22 -11 22 -12 21 -12 21 -12 20 -12 20 -13 18 -14 17 -15 17 -15 17 -15 16 -16 16 -16 16 -16 16 -16 16 -16 16 -15 16 -15 16 -14 17 -13 17 -13 17 -13 17 -12 18 -10 19 -9 0 0 0 0 0 0 0 0 0 0 0 0 0 0 0 0 0 0 0 0 0 0 22 -13 23 -11 22 -10 23 -9 24 -8 24 -7 24 -7 25 -6 26 -6 26 -5 25 -5 26 -4 26 -4 25 -4 25 -5 25 -5 24 -5 25 -6 24 -7 24 -7 24 -7 25 -7 24 -8 24 -9 25 -9 24 -10 ]
2025-04-02 17:29:02,CSI_DATA,STA,D8:B1:90:DB:E8:90,-41,11,1,7,0,0,1,0,0,0,1,-94,0,3,0,15589931,0,110,0,0,98800.2,256,[110 96 6 0 -21 -13 -21 -13 -21 -12 -21 -12 -21 -11 -21 -10 -21 -10 -21 -8 -21 -8 -21 -8 -21 -7 -21 -8 -21 -8 -21 -8 -21 -8 -21 -8 -20 -8 -20 -8 -20 -8 -19 -8 -19 -8 -19 -9 -19 -9 -18 -10 -17 -11 0 0 0 0 0 0 0 0 0 0 0 0 0 0 0 0 0 0 0 0 0 0 -19 -13 -19 -14 -18 -16 -18 -17 -17 -17 -17 -18 -17 -18 -17 -19 -17 -20 -17 -21 -17 -21 -16 -21 -16 -21 -16 -21 -17 -20 -17 -20 -17 -19 -17 -19 -18 -17 -19
2025-04-02 17:29:06,CSI_DATA,STA,D8:B1:90:DB:E8:90,-41,11,1,7,0,0,1,0,0,0,1,-94,0,3,0,19598137,0,110,0,0,98804.2,256,[110 96 6 0 -14 -20 -14 -20 -14 -19 -15 -18 -16 -17 -16 -17 -16 -17 -16 -16 -16 -16 -16 -15 -17 -15 -17 -14 -18 -14 -18 -14 -17 -14 -17 -14 -16 -14 -16 -14 -16 -14 -15 -14 -15 -14 -14 -14 -14 -14 -13 -15 -12 -16 0 0 0 0 0 0 0 0 0 0 0 0 0 0 0 0 0 0 0 0 0 0 -15 -16 -13 -17 -14 -19 -13 -20 -12 -21 -12 -22 -12 -22 -11 -22 -11 -23 -11 -23 -10 -23 -10 -23 -10 -23 -10 -23 -10 -23 -11 -23 -11 -22 -11
2025-04-02 17:29:09,CSI_DATA,STA,D8:B1:90:DB:E8:90,-41,11,1,7,0,0,1,0,0,0,1,-94,0,3,0,22604966,0,110,0,0,98807.2,256,[110 96 6 0 22 1 22 1 22 0 21 -1 21 -1 21 -1 20 -2 20 -2 20 -3 20 -3 20 -4 20 -2 20 -2 20 -2 20 -2 20 -2 20 -2 19 -2 19 -1 18 -1 18 -1 18 0 18 0 18 1 18 2 0 0 0 0 0 0 0 0 0 0 0 0 0 0 0 0 0 0 0 0 0 0 21 2 21 4 21 5 21 6 21 7 21 7 21 8 21 8 21 9 21 10 21 9 21 10 21 10 21 10 21 10 21 9 21 9 21 9 22 7 22 7 22 6 23 6 22 4 23 4 23 4 23 3 ]
2025-04-02 17:29:14,CSI_DATA,STA,D8:B1:90:DB:E8:90,-41,11,1,7,0,0,1,0,0,0,1,-94,0,3,0,27111252,0,110,0,0,98811.7,256,[110 96 6 0 -15 -19 -16 -18 -15 -18 -14 -17 -14 -17 -15 -17 -14 -16 -16 -15 -16 -14 -16 -14 -17 -14 -16 -14 -16 -14 -16 -14 -16 -14 -16 -14 -15 -14 -15 -14 -14 -14 -14 -14 -13 -14 -13 -14 -12 -14 -12 -15 -11 -16 0 0 0 0 0 0 0 0 0 0 0 0 0 0 0 0 0 0 0 0 0 0 -15 -17 -14 -19 -13 -19 -12 -20 -11 -21 -10 -22 -11 -22 -10 -23 -10 -24 -9 -24 -9 -24 -9 -25 -8 -25 -8 -25 -7 -23 -8 -23 -8 -23 -8 -23 -11 -
2025-04-02 17:29:17,CSI_DATA,STA,D8:B1:90:DB:E8:90,-41,11,1,7,0,0,1,0,0,0,1,-94,0,3,0,30619879,0,110,0,0,98815.2,256,[110 96 6 0 13 -24 12 -23 12 -23 11 -22 10 -22 10 -22 10 -22 9 -22 9 -22 8 -22 8 -22 8 -22 8 -22 8 -22 8 -22 8 -22 8 -22 8 -21 9 -21 9 -20 9 -20 9 -19 10 -19 10 -18 12 -17 0 0 0 0 0 0 0 0 0 0 0 0 0 0 0 0 0 0 0 0 0 0 15 -20 17 -19 16 -20 19 -20 17 -18 17 -21 20 -20 20 -18 23 -20 22 -20 23 -18 22 -18 22 -17 21 -17 21 -17 21 -18 21 -18 21 -18 18 -20 18 -19 18 -20 18 -21 16 -21 16 -22 16 -22 15 -2
2025-04-02 17:29:18,CSI_DATA,STA,D8:B1:90:DB:E8:90,-42,11,1,7,0,0,1,1,1,0,1,-94,0,3,0,31119761,0,110,0,0,98815.7,384,[110 96 6 0 2 35 1 32 1 28 3 23 6 17 9 12 13 7 18 3 22 -1 26 -3 30 -6 33 -6 35 -7 35 -7 36 -7 34 -6 33 -6 30 -6 27 -7 23 -7 19 -7 16 -8 13 -9 10 -9 8 -10 0 0 0 0 0 0 0 0 0 0 0 0 0 0 0 0 0 0 0 0 0 0 3 -29 5 -25 4 -21 2 -18 -2 -14 -6 -12 -12 -11 -17 -12 -21 -13 -24 -16 -26 -19 -27 -21 -26 -23 -22 -24 -19 -24 -14 -22 -9 -19 -4 -14 0 -9 4 -2 8 5 10 12 11 19 10 25 9 31 7 35 ]
2025-04-02 17:29:18,CSI_DATA,STA,D8:B1:90:DB:E8:90,-42,11,1,7,0,0,1,1,1,0,1,-94,0,3,0,31619932,0,110,0,0,98816.2,384,[110 96 6 0 27 15 25 14 22 11 19 8 16 3 14 -2 12 -8 11 -12 9 -18 9 -22 10 -26 10 -29 11 -31 11 -31 11 -31 11 -30 10 -28 9 -26 8 -24 6 -21 4 -19 1 -16 -1 -14 -3 -13 -4 -11 0 0 0 0 0 0 0 0 0 0 0 0 0 0 0 0 0 0 0 0 0 0 -20 -17 -16 -17 -13 -15 -12 -11 -11 -7 -12 -2 -14 2 -17 6 -20 8 -23 10 -26 10 -29 9 -30 7 -29 4 -27 2 -23 -1 -19 -3 -13 -4 -6 -5 1 -5 7 -4 14 -2 19 0 24 4 28 7 30 10 ]
2025-04-02 17:29:19,CSI_DATA,STA,D8:B1:90:DB:E8:90,-42,11,1,7,0,0,1,1,1,0,1,-94,0,3,0,32122731,0,110,0,0,98816.7,384,[110 96 6 0 20 27 17 25 15 21 14 16 13 11 13 4 13 -2 14 -8 15 -13 17 -18 19 -22 20 -24 21 -26 22 -26 22 -26 22 -25 20 -24 19 -22 16 -21 13 -19 10 -18 7 -16 4 -14 2 -13 -1 -12 0 0 0 0 0 0 0 0 0 0 0 0 0 0 0 0 0 0 0 0 0 0 -8 -26 -5 -23 -4 -20 -4 -16 -6 -11 -9 -7 -14 -4 -18 -2 -23 -1 -27 -2 -30 -4 -31 -5 -32 -8 -30 -9 -27 -11 -22 -12 -16 -12 -11 -10 -4 -8 3 -4 9 0 14 5 18 10 22 15 24 20 24 24 ]
2025-04-02 17:29:19,CSI_DATA,STA,D8:B1:90:DB:E8:90,-41,11,1,7,0,0,1,0,0,0,1,-94,0,3,0,32620122,0,110,0,0,98817.2,256,[110 96 6 0 14 18 15 18 15 17 15 16 15 15 15 15 16 14 16 14 16 13 16 13 17 13 16 13 17 12 16 12 17 12 17 13 17 13 17 12 16 12 15 12 15 12 14 12 14 13 13 14 12 15 0 0 0 0 0 0 0 0 0 0 0 0 0 0 0 0 0 0 0 0 0 0 14 17 13 19 12 19 11 20 11 20 10 21 10 22 10 23 10 24 9 24 8 23 8 23 8 23 7 23 8 23 8 23 8 23 8 22 10 21 11 21 12 21 12 21 13 20 13 20 14 20 14 18 ]
2025-04-02 17:29:22,CSI_DATA,STA,D8:B1:90:DB:E8:90,-41,11,1,7,0,0,1,0,0,0,1,-94,0,3,0,35626834,0,110,0,0,98820.2,256,[110 96 6 0 -21 -10 -22 -10 -21 -9 -22 -8 -21 -7 -21 -7 -21 -6 -20 -5 -20 -5 -20 -5 -20 -4 -20 -3 -21 -3 -20 -3 -21 -3 -20 -3 -21 -4 -20 -4 -19 -4 -19 -4 -19 -4 -18 -4 -18 -5 -18 -6 -18 -7 0 0 0 0 0 0 0 0 0 0 0 0 0 0 0 0 0 0 0 0 0 0 -22 -6 -22 -8 -20 -10 -21 -11 -20 -11 -22 -14 -22 -13 -20 -14 -19 -13 -19 -16 -21 -16 -21 -15 -21 -14 -20 -15 -20 -15 -20 -15 -20 -15 -20 -14 -21 -14 -20 -13 -21 -
2025-04-02 17:29:22,CSI_DATA,STA,D8:B1:90:DB:E8:90,-42,11,1,7,0,0,1,1,1,0,1,-94,0,3,0,36127491,0,110,0,0,98820.7,384,[110 96 6 0 29 8 26 7 23 6 19 3 16 -1 13 -5 10 -10 8 -15 7 -20 6 -23 5 -27 6 -30 6 -31 6 -32 6 -32 7 -30 6 -29 5 -26 4 -24 2 -22 1 -19 -1 -17 -3 -14 -4 -12 -5 -11 0 0 0 0 0 0 0 0 0 0 0 0 0 0 0 0 0 0 0 0 0 0 -24 -10 -20 -10 -16 -10 -14 -6 -12 -3 -12 2 -12 6 -14 11 -17 14 -20 16 -23 16 -25 16 -27 14 -26 11 -25 8 -22 5 -18 1 -13 -1 -7 -3 -1 -5 6 -6 13 -5 19 -4 24 -2 28 1 31 3 ]
2025-04-02 17:29:23,CSI_DATA,STA,00:00:00:00:00:00,-42,11,0,0,0,0,0,0,0,0,0,-94,0,3,0,36280225,0,14,0,0,98820.9,128,[14 -32 0 0 -30 18 -28 16 -24 14 -19 13 -12 14 -7 15 -1 16 5 18 10 20 14 22 17 25 19 27 20 28 21 29 21 29 20 29 18 27 17 24 16 21 15 18 14 15 13 11 13 8 12 6 12 3 0 0 0 0 0 0 0 0 0 0 0 0 0 0 0 0 0 0 0 0 0 0 25 -13 23 -9 19 -7 15 -7 10 -9 6 -12 3 -16 1 -20 0 -25 1 -29 3 -32 5 -33 7 -33 9 -31 11 -28 11 -23 11 -17 9 -11 7 -4 3 3 -2 9 -7 14 -12 18 -18 21 -23 22 -28 22 ]
2025-04-02 17:29:30,CSI_DATA,STA,D8:B1:90:DB:E8:90,-41,11,1,7,0,0,1,0,0,0,1,-94,0,3,0,43145614,0,110,0,0,98827.7,256,[110 96 6 0 -2 23 -1 22 -1 22 -1 21 0 21 0 21 0 21 2 20 2 20 3 19 3 19 2 20 2 20 2 20 2 20 1 20 1 20 0 19 0 19 0 19 0 18 -1 18 -1 18 -2 19 -4 19 0 0 0 0 0 0 0 0 0 0 0 0 0 0 0 0 0 0 0 0 0 0 -1 21 -2 21 -3 22 -5 22 -5 22 -6 22 -6 23 -6 23 -7 23 -7 23 -7 24 -7 24 -7 24 -8 24 -7 23 -7 23 -7 23 -6 23 -5 23 -5 23 -4 23 -4 24 -3 23 -3 23 -3 23 -2 22 ]
2025-04-02 17:29:33,CSI_DATA,STA,00:00:00:00:00:00,-42,11,0,0,0,0,0,0,0,0,0,-94,0,3,0,46583411,0,14,0,0,98831.2,128,[14 -32 0 0 32 11 28 9 24 7 20 4 16 -1 13 -6 9 -11 7 -16 4 -21 2 -26 1 -29 1 -33 0 -34 0 -35 0 -34 0 -34 0 -31 0 -29 -2 -26 -3 -23 -4 -20 -6 -17 -7 -14 -8 -11 -9 -9 0 0 0 0 0 0 0 0 0 0 0 0 0 0 0 0 0 0 0 0 0 0 -17 -21 -13 -17 -10 -17 -5 -12 -11 -6 -11 -2 -12 0 -17 5 -21 9 -25 11 -29 11 -31 8 -32 7 -32 4 -28 2 -26 -2 -20 -3 -14 -6 -7 -6 0 -6 7 -6 15 -4 21 -3 26 0 30 3 33 6 ]
2025-04-02 17:29:33,CSI_DATA,STA,D8:B1:90:DB:E8:90,-41,11,1,7,0,0,1,0,0,0,1,-94,0,3,0,46583712,0,100,0,0,98831.2,256,[100 -64 5 0 -4 -24 -5 -24 -4 -24 -5 -22 -6 -22 -6 -22 -7 -21 -7 -22 -8 -21 -8 -21 -9 -21 -9 -21 -9 -20 -9 -21 -9 -20 -9 -20 -9 -20 -8 -20 -8 -20 -8 -20 -7 -20 -7 -20 -6 -20 -6 -19 -5 -20 0 0 0 0 0 0 0 0 0 0 0 0 0 0 0 0 0 0 0 0 0 0 -4 -24 -4 -23 -1 -25 -1 -23 -1 -24 0 -23 3 -23 2 -24 3 -27 2 -26 4 -26 3 -25 4 -26 4 -25 3 -25 3 -25 3 -24 2 -25 1 -24 0 -24 0 -24 0 -24 -1 -25 -2 -25 -2 -25 -2 -25
2025-04-02 17:29:37,CSI_DATA,STA,D8:B1:90:DB:E8:90,-41,11,1,7,0,0,1,0,0,0,1,-94,0,3,0,50661852,0,110,0,0,98835.2,256,[110 96 6 0 13 19 13 19 13 17 13 17 13 17 13 16 14 16 14 15 14 14 15 13 15 13 15 14 15 14 15 13 16 13 15 14 16 14 15 14 15 14 14 13 14 14 13 13 13 14 12 15 11 16 0 0 0 0 0 0 0 0 0 0 0 0 0 0 0 0 0 0 0 0 0 0 12 16 11 18 10 18 10 19 9 19 9 20 9 21 9 21 8 22 8 22 8 23 8 23 8 23 8 23 8 22 8 22 9 22 9 21 9 21 10 21 10 20 11 21 11 20 12 20 13 20 13 19 ]
2025-04-02 17:29:37,CSI_DATA,STA,D8:B1:90:DB:E8:90,-42,11,1,7,0,0,1,1,1,0,1,-94,0,3,0,51161923,0,110,0,0,98835.7,384,[110 96 6 0 28 12 25 10 22 8 19 5 16 1 13 -3 11 -9 10 -13 8 -18 8 -22 8 -26 8 -29 9 -30 9 -30 9 -31 9 -29 9 -28 8 -25 6 -23 4 -20 3 -18 0 -16 -2 -14 -4 -12 -6 -11 0 0 0 0 0 0 0 0 0 0 0 0 0 0 0 0 0 0 0 0 0 0 -20 -14 -17 -13 -13 -12 -12 -8 -11 -4 -11 0 -12 5 -14 9 -18 12 -21 13 -23 14 -26 13 -27 11 -27 8 -26 6 -22 2 -18 0 -12 -2 -7 -4 0 -4 6 -5 13 -3 18 -2 23 1 27 4 29 7 ]
2025-04-02 17:29:38,CSI_DATA,STA,D8:B1:90:DB:E8:90,-42,11,1,7,0,0,1,1,1,0,1,-94,0,3,0,51662205,0,110,0,0,98836.2,384,[110 96 6 0 -27 22 -25 20 -21 17 -17 15 -10 15 -5 15 1 15 7 16 12 18 16 20 20 22 22 24 23 25 24 26 23 26 22 25 21 24 19 22 18 18 16 15 15 12 14 9 13 6 12 3 12 1 0 0 0 0 0 0 0 0 0 0 0 0 0 0 0 0 0 0 0 0 0 0 22 -14 21 -10 17 -8 13 -8 8 -9 4 -11 0 -15 -3 -19 -5 -24 -4 -27 -2 -31 -1 -33 2 -33 4 -32 6 -28 7 -24 8 -18 7 -12 6 -5 3 2 0 8 -5 14 -10 19 -15 22 -20 24 -24 25 ]
2025-04-02 17:29:43,CSI_DATA,STA,D8:B1:90:DB:E8:90,-41,11,1,7,0,0,1,0,0,0,1,-94,0,3,0,56671248,0,110,0,0,98841.3,256,[110 96 6 0 22 4 23 4 22 4 21 2 21 2 21 2 21 1 20 1 20 0 20 0 20 0 21 -1 21 -1 21 -1 21 -1 19 -1 19 -1 19 0 19 0 19 1 19 1 18 1 18 2 18 3 18 4 0 0 0 0 0 0 0 0 0 0 0 0 0 0 0 0 0 0 0 0 0 0 21 1 21 3 21 4 21 5 21 6 21 7 22 6 22 7 22 8 22 8 22 8 22 9 22 9 22 9 22 9 22 9 22 9 22 9 22 7 22 7 22 7 23 7 23 5 23 5 23 5 23 4 ]
2025-04-02 17:29:47,CSI_DATA,STA,D8:B1:90:DB:E8:90,-41,11,1,7,0,0,1,0,0,0,1,-94,0,3,0,60680836,0,110,0,0,98845.3,256,[110 96 6 0 -6 21 -6 21 -5 21 -4 21 -4 21 -4 20 -3 20 -2 20 -2 19 -2 20 -1 20 0 20 0 20 0 20 0 20 -1 20 -1 20 -1 20 -2 19 -3 19 -3 19 -3 18 -4 18 -4 18 -6 18 0 0 0 0 0 0 0 0 0 0 0 0 0 0 0 0 0 0 0 0 0 0 -4 20 -5 20 -7 20 -8 20 -9 20 -9 20 -10 20 -10 20 -11 21 -12 20 -12 20 -13 20 -13 20 -13 20 -12 19 -12 19 -12 20 -11 20 -9 20 -9 20 -8 20 -8 21 -7 21 -7 22 -7 22 -6 21 ]
2025-04-02 17:29:48,CSI_DATA,STA,D8:B1:90:DB:E8:90,-42,11,1,7,0,0,1,1,1,0,1,-94,0,3,0,61180837,0,110,0,0,98845.8,384,[110 96 6 0 -18 -31 -16 -29 -14 -25 -13 -20 -13 -15 -13 -9 -14 -3 -15 3 -17 9 -19 13 -21 17 -24 20 -25 22 -26 23 -26 23 -26 22 -24 21 -23 20 -20 18 -18 17 -15 15 -11 14 -8 13 -5 12 -2 11 0 0 0 0 0 0 0 0 0 0 0 0 0 0 0 0 0 0 0 0 0 0 3 27 0 24 -1 20 0 16 2 12 6 8 10 5 15 3 20 3 24 3 27 5 29 7 29 9 28 11 25 12 21 12 15 12 10 10 4 7 -2 4 -8 -1 -13 -7 -17 -12 -20 -17 -22 -23 -22 -27 ]
2025-04-02 17:29:50,CSI_DATA,STA,D8:B1:90:DB:E8:90,-41,11,1,7,0,0,1,0,0,0,1,-94,0,3,0,63686892,0,110,0,0,98848.3,256,[110 96 6 0 19 -13 18 -13 19 -13 18 -13 17 -13 17 -14 17 -14 16 -14 16 -15 15 -15 15 -15 14 -15 14 -15 14 -16 14 -15 14 -15 14 -15 14 -15 14 -15 15 -14 14 -14 15 -13 15 -13 15 -11 16 -11 0 0 0 0 0 0 0 0 0 0 0 0 0 0 0 0 0 0 0 0 0 0 19 -11 19 -10 19 -9 20 -8 21 -8 21 -7 22 -7 22 -7 23 -6 23 -6 23 -6 23 -6 23 -5 23 -5 22 -6 22 -6 21 -7 22 -7 22 -8 22 -9 22 -9 22 -10 22 -10 22 -11 22 -11 21 -10 ]
2025-04-02 17:29:51,CSI_DATA,STA,D8:B1:90:DB:E8:90,-42,11,1,7,0,0,1,1,1,0,1,-94,0,3,0,64188325,0,110,0,0,98848.8,384,[110 96 6 0 23 26 22 25 18 21 17 17 15 11 14 5 13 -1 14 -8 14 -13 15 -19 16 -23 17 -27 18 -29 19 -30 20 -30 20 -29 19 -28 18 -25 15 -23 13 -21 10 -19 7 -16 4 -15 1 -13 -1 -12 0 0 0 0 0 0 0 0 0 0 0 0 0 0 0 0 0 0 0 0 0 0 -9 -26 -6 -24 -4 -20 -4 -16 -6 -11 -8 -8 -12 -4 -16 -1 -21 0 -25 0 -29 0 -31 -2 -32 -4 -31 -6 -28 -8 -24 -9 -19 -10 -13 -9 -7 -7 0 -4 7 -1 13 3 18 7 22 12 25 17 26 21 ]
2025-04-02 17:29:53,CSI_DATA,STA,D8:B1:90:DB:E8:90,-41,11,1,7,0,0,1,0,0,0,1,-94,0,3,0,66187665,0,110,0,0,98850.8,256,[110 96 6 0 -24 9 -24 9 -23 9 -22 11 -22 12 -21 12 -21 12 -20 13 -19 13 -20 13 -19 13 -20 14 -20 14 -19 14 -20 14 -19 13 -19 12 -19 12 -19 12 -19 11 -19 11 -19 10 -19 9 -20 8 -20 7 0 0 0 0 0 0 0 0 0 0 0 0 0 0 0 0 0 0 0 0 0 0 -20 12 -21 10 -22 10 -23 9 -23 8 -24 7 -25 7 -26 6 -26 6 -26 5 -26 6 -26 6 -26 5 -26 5 -26 5 -26 5 -26 6 -26 6 -25 6 -25 7 -25 7 -25 8 -24 8 -25 8 -25 9 -24 10 ]
2025-04-02 17:29:58,CSI_DATA,STA,D8:B1:90:DB:E8:90,-41,11,1,7,0,0,1,0,0,0,1,-94,0,3,0,71694847,0,110,0,0,98856.3,256,[110 96 6 0 -14 -22 -14 -21 -14 -21 -15 -19 -15 -19 -15 -18 -15 -18 -15 -17 -16 -17 -16 -17 -16 -16 -16 -16 -16 -16 -16 -16 -16 -16 -16 -16 -15 -16 -15 -16 -14 -16 -14 -17 -14 -17 -13 -17 -12 -17 -11 -18 -10 -18 0 0 0 0 0 0 0 0 0 0 0 0 0 0 0 0 0 0 0 0 0 0 -12 -18 -11 -19 -10 -21 -9 -21 -8 -22 -8 -22 -9 -22 -8 -23 -8 -23 -8 -24 -8 -24 -7 -24 -7 -24 -7 -24 -8 -24 -8 -24 -9 -23 -9 -24 -10 -23 -10
2025-04-02 17:30:05,CSI_DATA,STA,D8:B1:90:DB:E8:90,-41,11,1,7,0,0,1,0,0,0,1,-94,0,3,0,78712100,0,110,0,0,98863.3,256,[110 96 6 0 -5 25 -4 25 -4 24 -2 24 -2 23 -1 23 0 23 0 22 1 22 1 22 2 22 1 22 2 22 1 22 1 22 1 22 1 22 0 22 0 21 -1 21 -1 21 -2 20 -2 20 -3 20 -4 20 0 0 0 0 0 0 0 0 0 0 0 0 0 0 0 0 0 0 0 0 0 0 -4 23 -6 24 -11 22 -7 24 -7 24 -6 24 -9 24 -10 25 -11 25 -11 25 -12 24 -12 25 -12 24 -12 24 -12 24 -12 25 -11 25 -11 24 -11 24 -10 24 -9 24 -9 24 -8 25 -7 25 -7 25 -5 24 ]
2025-04-02 17:30:09,CSI_DATA,STA,D8:B1:90:DB:E8:90,-41,11,1,7,0,0,1,0,0,0,1,-94,0,3,0,82719960,0,110,0,0,98867.3,256,[110 96 6 0 -21 -4 -22 -4 -21 -4 -21 -3 -20 -2 -19 -2 -20 -1 -20 -1 -19 -1 -19 -1 -19 0 -19 0 -19 0 -19 0 -20 1 -19 0 -19 1 -19 0 -18 -1 -18 -2 -17 -2 -17 -2 -17 -3 -17 -3 -17 -5 0 0 0 0 0 0 0 0 0 0 0 0 0 0 0 0 0 0 0 0 0 0 -19 -3 -20 -4 -20 -5 -19 -7 -20 -7 -20 -8 -20 -9 -20 -9 -20 -10 -21 -10 -20 -10 -20 -10 -19 -11 -20 -11 -20 -9 -21 -8 -20 -8 -20 -7 -20 -7 -21 -7 -21 -7 -20 -6 -21 -5 -22 -6
2025-04-02 17:30:15,CSI_DATA,STA,D8:B1:90:DB:E8:90,-41,11,1,7,0,0,1,0,0,0,1,-94,0,3,0,88728797,0,110,0,0,98873.3,256,[110 96 6 0 -22 13 -21 13 -20 13 -20 13 -19 13 -19 13 -18 14 -17 13 -16 13 -16 13 -16 14 -15 15 -15 15 -15 15 -15 15 -15 16 -15 15 -15 15 -15 14 -15 13 -15 13 -15 12 -15 12 -16 12 -17 11 0 0 0 0 0 0 0 0 0 0 0 0 0 0 0 0 0 0 0 0 0 0 -19 15 -20 13 -21 12 -21 11 -22 10 -23 10 -24 10 -24 9 -25 9 -25 8 -25 9 -26 9 -26 8 -26 8 -25 8 -25 9 -24 9 -24 9 -23 10 -23 10 -23 11 -23 11 -22 12 -23 12 -22 12 -
2025-04-02 17:30:16,CSI_DATA,STA,D8:B1:90:DB:E8:90,-42,11,1,7,0,0,1,1,1,0,1,-94,0,3,0,89228829,0,110,0,0,98873.8,384,[110 96 6 0 -10 29 -10 27 -8 22 -5 19 -1 16 3 12 8 9 13 7 17 4 21 3 25 1 27 1 30 1 30 1 30 1 28 1 28 1 25 0 22 -1 19 -2 16 -3 13 -5 11 -6 9 -7 7 -8 0 0 0 0 0 0 0 0 0 0 0 0 0 0 0 0 0 0 0 0 0 0 17 -18 17 -15 14 -12 11 -11 7 -10 3 -11 -2 -13 -5 -15 -8 -19 -10 -22 -10 -25 -9 -27 -8 -28 -6 -27 -3 -26 0 -22 2 -18 4 -12 5 -7 6 0 6 7 4 14 3 19 1 24 -2 28 -5 31 ]
2025-04-02 17:30:19,CSI_DATA,STA,D8:B1:90:DB:E8:90,-41,11,1,7,0,0,1,0,0,0,1,-94,0,3,0,92237907,0,110,0,0,98876.8,256,[110 96 6 0 -2 23 -2 23 -1 22 -1 21 -1 21 0 21 0 20 1 20 2 19 2 19 3 19 3 19 3 19 3 19 3 19 3 18 3 18 3 18 2 18 2 18 1 18 1 18 1 18 0 18 -1 18 0 0 0 0 0 0 0 0 0 0 0 0 0 0 0 0 0 0 0 0 0 0 -1 21 -3 22 -4 21 -5 21 -5 21 -6 22 -8 22 -8 22 -9 22 -10 22 -9 23 -9 23 -9 23 -9 23 -8 22 -9 22 -8 22 -8 22 -7 23 -7 22 -6 23 -6 23 -4 23 -3 23 -3 23 -2 23 ]
2025-04-02 17:30:19,CSI_DATA,STA,D8:B1:90:DB:E8:90,-42,11,1,7,0,0,1,1,1,0,1,-94,0,3,0,92737989,0,110,0,0,98877.3,384,[110 96 6 0 -24 -23 -21 -21 -19 -18 -17 -15 -15 -9 -14 -4 -14 2 -14 7 -15 12 -16 16 -17 20 -19 22 -20 24 -21 24 -20 23 -20 23 -19 21 -17 20 -15 18 -12 17 -10 15 -7 14 -4 13 -2 12 0 12 0 0 0 0 0 0 0 0 0 0 0 0 0 0 0 0 0 0 0 0 0 0 16 19 13 18 10 16 9 12 9 9 13 6 13 0 17 -2 18 -3 23 -3 26 -4 28 -3 28 -1 27 1 25 3 21 5 16 6 10 6 4 5 -2 4 -9 1 -15 -2 -20 -6 -24 -10 -26 -14 -27 -18 ]
2025-04-02 17:30:20,CSI_DATA,STA,D8:B1:90:DB:E8:90,-42,11,1,7,0,0,1,1,1,0,1,-94,0,3,0,93238806,0,110,0,0,98877.8,384,[110 96 6 0 21 27 18 25 16 21 14 16 13 11 13 5 13 -2 14 -8 14 -13 15 -18 16 -23 18 -25 19 -27 20 -28 19 -27 19 -27 17 -25 15 -23 13 -21 10 -19 7 -18 4 -16 1 -14 -2 -13 -4 -12 0 0 0 0 0 0 0 0 0 0 0 0 0 0 0 0 0 0 0 0 0 0 -5 -27 -2 -24 -5 -24 -2 -17 -5 -13 -10 -7 -12 -5 -17 -6 -21 -5 -26 -5 -29 -7 -30 -8 -30 -11 -28 -13 -25 -14 -21 -15 -15 -13 -10 -12 -3 -8 3 -5 9 -1 15 4 19 9 22 14 24 19 25 24 ]
2025-04-02 17:30:21,CSI_DATA,STA,D8:B1:90:DB:E8:90,-41,11,1,7,0,0,1,0,0,0,1,-94,0,3,0,94745013,0,110,0,0,98879.3,256,[110 96 6 0 16 10 16 10 16 9 16 8 16 8 16 7 16 6 16 7 16 6 16 6 17 5 16 6 17 5 16 5 16 5 16 6 16 5 16 5 15 5 14 6 14 5 14 6 14 6 14 6 13 8 0 0 0 0 0 0 0 0 0 0 0 0 0 0 0 0 0 0 0 0 0 0 16 9 15 11 15 12 16 13 15 13 15 14 15 15 15 15 14 16 14 16 15 17 14 17 14 17 14 17 15 16 14 15 14 15 14 15 15 14 15 14 15 13 15 14 17 13 17 12 17 13 18 12 ]
2025-04-02 17:30:22,CSI_DATA,STA,D8:B1:90:DB:E8:90,-42,11,1,7,0,0,1,1,1,0,1,-94,0,3,0,95247856,0,110,0,0,98879.8,384,[110 96 6 0 33 3 30 4 26 3 22 1 17 -2 13 -6 9 -10 6 -15 3 -19 1 -23 0 -27 -1 -30 -1 -32 -1 -33 0 -33 0 -32 0 -30 0 -27 -1 -25 -2 -22 -4 -19 -5 -16 -6 -13 -8 -11 -9 -9 0 0 0 0 0 0 0 0 0 0 0 0 0 0 0 0 0 0 0 0 0 0 -26 -8 -23 -9 -19 -9 -16 -6 -14 -3 -13 1 -12 6 -13 11 -16 15 -18 17 -20 18 -23 18 -24 17 -25 15 -24 12 -22 8 -19 4 -14 1 -8 -2 -2 -5 5 -7 12 -7 19 -8 24 -6 29 -4 33 -2 ]
2025-04-02 17:30:22,CSI_DATA,STA,D8:B1:90:DB:E8:90,-42,11,1,7,0,0,1,1,1,0,1,-94,0,3,0,95745208,0,110,0,0,98880.3,384,[110 96 6 0 22 -25 20 -23 17 -19 13 -17 8 -16 3 -15 -3 -14 -8 -14 -13 -14 -17 -15 -22 -17 -24 -18 -26 -19 -26 -20 -26 -20 -25 -19 -24 -18 -22 -16 -20 -14 -19 -12 -17 -9 -15 -6 -14 -3 -13 -1 -13 1 0 0 0 0 0 0 0 0 0 0 0 0 0 0 0 0 0 0 0 0 0 0 -20 17 -19 13 -17 10 -13 9 -9 9 -4 11 -1 13 3 16 5 20 6 23 5 27 4 29 2 29 0 28 -2 26 -5 22 -6 17 -6 11 -6 5 -4 -2 -2 -9 2 -15 5 -20 9 -24 14 -26 18 -28 ]
2025-04-02 17:30:23,CSI_DATA,STA,00:00:00:00:00:00,-42,11,0,0,0,0,0,0,0,0,0,-94,0,3,0,96275820,0,14,0,0,98880.9,128,[14 -32 0 0 15 -33 14 -29 12 -25 9 -22 4 -18 -2 -15 -7 -12 -13 -10 -18 -8 -24 -7 -28 -7 -31 -7 -33 -6 -34 -7 -34 -7 -32 -7 -31 -6 -28 -5 -25 -3 -22 -2 -19 0 -17 2 -14 4 -12 6 -10 8 0 0 0 0 0 0 0 0 0 0 0 0 0 0 0 0 0 0 0 0 0 0 -22 17 -20 13 -18 10 -14 9 -9 9 -4 10 1 13 5 16 8 20 9 24 8 27 8 30 6 31 4 30 1 28 -2 24 -4 19 -5 13 -6 6 -6 -1 -5 -9 -3 -16 -1 -23 3 -27 6 -32 11 -35 ]
2025-04-02 17:30:25,CSI_DATA,STA,D8:B1:90:DB:E8:90,-41,11,1,7,0,0,1,0,0,0,1,-94,0,3,0,98254990,0,110,0,0,98882.8,256,[110 96 6 0 22 9 22 9 21 9 21 8 21 8 21 7 21 6 20 5 20 4 20 4 20 4 20 4 21 4 20 4 21 4 20 4 20 4 20 4 19 4 19 4 19 4 18 5 18 6 18 6 18 7 0 0 0 0 0 0 0 0 0 0 0 0 0 0 0 0 0 0 0 0 0 0 20 8 21 8 21 13 21 12 22 11 21 11 20 14 19 14 22 16 20 16 21 17 20 16 20 16 19 16 21 16 20 15 20 16 20 15 21 15 21 14 21 14 21 13 21 13 22 13 22 13 22 12 ]
2025-04-02 17:30:29,CSI_DATA,STA,D8:B1:90:DB:E8:90,-41,11,1,7,0,0,1,0,0,0,1,-94,0,3,0,102262615,0,110,0,0,98886.8,256,[110 96 6 0 13 18 13 18 13 17 13 16 13 16 13 15 13 15 14 15 14 14 14 14 14 14 13 14 13 13 14 13 14 13 14 14 13 14 13 14 13 14 12 14 12 13 11 14 10 14 10 15 9 16 0 0 0 0 0 0 0 0 0 0 0 0 0 0 0 0 0 0 0 0 0 0 13 17 12 18 11 19 10 20 10 21 9 21 9 22 9 22 8 23 8 23 7 24 7 24 6 24 6 24 7 23 7 23 7 23 7 23 9 21 9 21 10 21 10 20 11 20 11 21 11 21 12 19 ]
2025-04-02 17:30:31,CSI_DATA,STA,D8:B1:90:DB:E8:90,-47,11,1,7,0,0,1,0,0,0,1,-94,0,3,0,103764987,0,110,0,0,98888.3,256,[110 96 6 0 -2 -16 -1 -15 0 -14 12 -8 12 -9 12 -9 12 -10 18 -3 18 -2 17 -1 17 0 2 17 1 17 0 19 -1 18 22 -17 22 -16 22 -15 22 -13 -2 -25 -1 -25 0 -25 2 -25 4 -3 4 -3 0 0 0 0 0 0 0 0 0 0 0 0 0 0 0 0 0 0 0 0 0 0 0 -26 3 -26 -2 -19 -1 -19 0 -19 1 -19 -29 10 -30 9 -31 7 -32 5 -30 3 -30 2 -29 0 -29 0 27 -17 27 -17 26 -16 27 -17 -29 -6 -29 -6 -28 -7 -28 -6 10 -15 11 -15 12 -15 0 -27 ]
2025-04-02 17:30:32,CSI_DATA,STA,D8:B1:90:DB:E8:90,-41,11,1,7,0,0,1,0,0,0,1,-94,0,3,0,105770597,0,110,0,0,98890.4,256,[110 96 6 0 6 -21 5 -21 5 -21 4 -20 4 -19 4 -20 3 -19 3 -19 1 -19 1 -20 1 -17 0 -20 0 -20 0 -20 0 -19 0 -19 1 -19 1 -19 1 -18 2 -18 1 -18 2 -18 2 -17 3 -18 3 -18 0 0 0 0 0 0 0 0 0 0 0 0 0 0 0 0 0 0 0 0 0 0 3 -21 5 -21 5 -21 6 -20 7 -20 8 -20 9 -20 10 -20 10 -21 11 -21 11 -21 11 -20 11 -20 12 -21 11 -20 10 -20 10 -20 10 -21 9 -20 9 -20 9 -20 8 -21 8 -21 8 -20 7 -21 7 -20 ]
2025-04-02 17:30:34,CSI_DATA,STA,D8:B1:90:DB:E8:90,-41,11,1,7,0,0,1,0,0,0,1,-94,0,3,0,107777821,0,110,0,0,98892.4,256,[110 96 6 0 13 21 13 20 13 19 14 18 14 17 14 17 15 16 15 15 15 15 15 15 15 15 15 14 15 14 15 14 15 14 16 14 15 14 15 14 15 14 14 14 13 14 13 14 12 15 12 14 10 15 0 0 0 0 0 0 0 0 0 0 0 0 0 0 0 0 0 0 0 0 0 0 12 18 10 21 12 19 10 21 10 22 7 21 8 24 9 25 7 26 8 26 5 25 6 25 5 25 4 25 6 24 5 25 6 24 7 24 7 23 7 24 8 23 8 23 10 23 10 23 10 23 11 21 ]
2025-04-02 17:30:35,CSI_DATA,STA,D8:B1:90:DB:E8:90,-42,11,1,7,0,0,1,1,1,0,1,-94,0,3,0,108777784,0,110,0,0,98893.4,384,[110 96 6 0 -32 -14 -28 -13 -24 -11 -21 -8 -18 -3 -15 1 -13 6 -11 12 -10 16 -9 21 -9 25 -10 28 -10 29 -11 30 -11 29 -11 29 -10 27 -9 24 -7 22 -5 20 -3 17 -1 15 2 13 4 12 5 10 0 0 0 0 0 0 0 0 0 0 0 0 0 0 0 0 0 0 0 0 0 0 22 13 18 13 15 12 13 9 12 5 11 0 13 -4 15 -8 18 -11 21 -13 24 -13 26 -13 27 -11 27 -8 25 -6 22 -3 17 0 12 2 6 4 -1 4 -8 4 -15 3 -21 1 -26 -2 -30 -5 -32 -9 ]
2025-04-02 17:30:36,CSI_DATA,STA,D8:B1:90:DB:E8:90,-42,11,1,7,0,0,1,1,1,0,1,-94,0,3,0,109277809,0,110,0,0,98893.9,384,[110 96 6 0 20 29 17 27 15 23 14 17 13 11 13 5 14 -1 15 -7 16 -13 18 -17 19 -21 21 -24 22 -25 23 -26 23 -25 22 -24 20 -23 18 -21 15 -20 12 -18 8 -17 5 -15 2 -14 0 -13 -2 -12 0 0 0 0 0 0 0 0 0 0 0 0 0 0 0 0 0 0 0 0 0 0 -5 -28 -2 -26 -1 -22 -2 -18 -5 -14 -8 -10 -13 -8 -18 -6 -22 -6 -26 -7 -29 -9 -30 -11 -30 -13 -28 -15 -25 -15 -20 -16 -15 -15 -8 -13 -2 -10 4 -6 10 -1 16 5 20 10 22 16 24 21 24 2
2025-04-02 17:30:39,CSI_DATA,STA,D8:B1:90:DB:E8:90,-41,11,1,7,0,0,1,0,0,0,1,-94,0,3,0,112785820,0,110,0,0,98897.4,256,[110 96 6 0 -17 17 -16 17 -15 16 -15 17 -14 17 -14 17 -13 17 -13 16 -13 16 -12 16 -12 16 -12 17 -12 17 -11 17 -12 17 -11 16 -11 16 -11 16 -12 15 -12 15 -12 15 -12 14 -13 14 -14 12 -14 11 0 0 0 0 0 0 0 0 0 0 0 0 0 0 0 0 0 0 0 0 0 0 -16 15 -18 16 -18 15 -19 12 -19 12 -21 15 -20 12 -22 13 -22 13 -24 14 -23 13 -23 13 -23 13 -22 13 -22 15 -22 13 -21 14 -21 14 -20 15 -20 16 -19 16 -19 16 -19 16 -19
2025-04-02 17:30:41,CSI_DATA,STA,D8:B1:90:DB:E8:90,-42,11,1,7,0,0,1,1,1,0,1,-94,0,3,0,114286009,0,110,0,0,98898.9,384,[110 96 6 0 -8 36 -8 33 -7 28 -5 24 0 19 4 15 9 11 15 8 20 6 24 4 29 4 32 3 34 3 35 4 35 4 34 5 32 5 29 4 26 2 23 1 20 -1 17 -4 15 -5 13 -7 11 -9 0 0 0 0 0 0 0 0 0 0 0 0 0 0 0 0 0 0 0 0 0 0 8 -28 9 -24 8 -20 5 -17 2 -15 -3 -13 -8 -13 -13 -15 -17 -17 -20 -20 -22 -23 -22 -26 -20 -27 -18 -28 -14 -27 -10 -24 -6 -20 -2 -15 1 -9 4 -1 6 6 6 14 6 21 4 27 1 33 -2 37 ]
2025-04-02 17:30:42,CSI_DATA,STA,D8:B1:90:DB:E8:90,-41,11,1,7,0,0,1,0,0,0,1,-94,0,3,0,115286037,0,110,0,0,98899.9,256,[110 96 6 0 -4 -25 -5 -24 -5 -24 -5 -23 -6 -22 -6 -22 -7 -22 -7 -22 -7 -21 -7 -21 -8 -21 -8 -21 -8 -21 -8 -21 -8 -21 -9 -20 -8 -20 -8 -19 -8 -19 -7 -19 -7 -19 -7 -19 -6 -19 -6 -20 -4 -20 0 0 0 0 0 0 0 0 0 0 0 0 0 0 0 0 0 0 0 0 0 0 -6 -22 -4 -23 -3 -23 -2 -24 -2 -24 -1 -24 -1 -25 0 -25 1 -26 1 -27 2 -26 3 -27 3 -26 3 -26 2 -26 1 -26 1 -26 1 -26 0 -25 -1 -25 -1 -25 -2 -26 -2 -26 -2 -25 -2 -26 -
2025-04-02 17:30:43,CSI_DATA,STA,D8:B1:90:DB:E8:90,-41,11,1,7,0,0,1,0,0,0,1,-94,0,3,0,116785955,0,110,0,0,98901.4,256,[110 96 6 0 -21 18 -20 18 -19 18 -18 17 -17 17 -17 17 -16 17 -16 17 -15 17 -15 17 -15 18 -14 18 -14 18 -14 18 -14 18 -14 17 -14 17 -15 16 -15 16 -15 15 -15 15 -15 14 -15 14 -16 14 -17 12 0 0 0 0 0 0 0 0 0 0 0 0 0 0 0 0 0 0 0 0 0 0 -20 16 -20 15 -24 14 -25 13 -24 12 -25 11 -23 13 -24 10 -28 10 -26 10 -29 11 -28 8 -28 9 -28 9 -25 10 -25 11 -25 11 -25 12 -23 14 -23 14 -23 14 -23 15 -22 17 -22 17
2025-04-02 17:30:44,CSI_DATA,STA,D8:B1:90:DB:E8:90,-42,11,1,7,0,0,1,1,1,0,1,-94,0,3,0,117286110,0,110,0,0,98901.9,384,[110 96 6 0 -22 23 -21 20 -18 18 -13 16 -8 14 -3 12 3 11 8 11 13 11 18 11 22 11 24 12 26 13 27 13 27 13 26 13 24 11 22 10 20 8 18 6 16 3 14 1 12 -2 11 -4 9 -5 0 0 0 0 0 0 0 0 0 0 0 0 0 0 0 0 0 0 0 0 0 0 23 -9 21 -5 18 -4 13 -5 11 -5 4 -9 4 -13 2 -16 -1 -23 2 -25 1 -27 3 -29 5 -29 6 -27 8 -25 9 -21 8 -16 8 -10 6 -4 4 2 2 8 -3 14 -6 19 -10 23 -15 25 -18 26 ]
2025-04-02 17:30:49,CSI_DATA,STA,D8:B1:90:DB:E8:90,-41,11,1,7,0,0,1,0,0,0,1,-94,0,3,0,122800910,0,110,0,0,98907.4,256,[110 96 6 0 19 -15 18 -15 18 -15 16 -15 15 -15 15 -16 15 -15 14 -17 14 -17 13 -18 13 -17 12 -17 12 -18 12 -18 12 -18 12 -17 12 -16 12 -16 12 -16 12 -15 12 -15 12 -15 13 -14 14 -14 15 -13 0 0 0 0 0 0 0 0 0 0 0 0 0 0 0 0 0 0 0 0 0 0 17 -15 18 -14 19 -13 19 -12 21 -11 21 -11 22 -11 23 -11 24 -10 24 -10 24 -9 24 -9 24 -9 24 -8 23 -10 24 -11 23 -11 23 -11 22 -11 22 -11 22 -12 22 -12 21 -14 20 -14
2025-04-02 17:30:50,CSI_DATA,STA,D8:B1:90:DB:E8:90,-42,11,1,7,0,0,1,1,1,0,1,-94,0,3,0,123300967,0,110,0,0,98907.9,384,[110 96 6 0 -6 35 -5 32 -4 27 -2 23 2 18 5 13 10 9 15 5 19 2 24 -1 27 -3 30 -4 33 -5 33 -4 33 -4 32 -4 31 -4 28 -4 24 -5 21 -5 18 -6 14 -8 11 -8 9 -9 6 -10 0 0 0 0 0 0 0 0 0 0 0 0 0 0 0 0 0 0 0 0 0 0 15 -24 15 -20 13 -17 10 -15 5 -13 0 -13 -4 -14 -9 -16 -12 -19 -15 -22 -16 -25 -15 -28 -14 -29 -12 -29 -9 -27 -5 -24 -2 -20 1 -14 4 -8 6 -1 7 7 7 14 7 21 5 27 3 32 0 36 ]
2025-04-02 17:30:51,CSI_DATA,STA,D8:B1:90:DB:E8:90,-42,11,1,7,0,0,1,1,1,0,1,-94,0,3,0,123801028,0,110,0,0,98908.4,384,[110 96 6 0 -16 34 -15 31 -13 26 -9 22 -4 18 0 16 6 13 12 11 18 10 23 9 27 9 30 10 32 10 33 11 33 11 32 11 30 10 27 10 25 7 22 5 20 3 17 0 15 -2 14 -4 12 -6 0 0 0 0 0 0 0 0 0 0 0 0 0 0 0 0 0 0 0 0 0 0 13 -27 14 -22 12 -18 9 -16 5 -14 0 -14 -5 -15 -10 -17 -13 -20 -16 -23 -17 -26 -16 -29 -14 -30 -11 -30 -8 -29 -4 -26 -2 -21 1 -15 3 -8 4 0 4 8 2 16 1 22 -2 28 -6 32 -10 35 ]
2025-04-02 17:30:51,CSI_DATA,STA,D8:B1:90:DB:E8:90,-42,11,1,7,0,0,1,1,1,0,1,-94,0,3,0,124301045,0,110,0,0,98908.9,384,[110 96 6 0 -21 -30 -18 -28 -16 -24 -15 -19 -13 -12 -14 -6 -14 0 -15 6 -16 11 -18 16 -19 20 -21 23 -22 25 -23 25 -23 25 -22 25 -20 23 -18 21 -15 19 -13 18 -9 16 -6 15 -3 14 0 12 2 11 0 0 0 0 0 0 0 0 0 0 0 0 0 0 0 0 0 0 0 0 0 0 3 27 1 24 -1 20 1 16 3 12 7 9 11 6 16 4 21 5 25 5 27 7 29 9 29 11 27 13 24 14 19 14 14 13 8 11 2 8 -4 4 -10 -1 -16 -6 -20 -11 -23 -17 -24 -22 -25 -27 ]
2025-04-02 17:30:51,CSI_DATA,STA,D8:B1:90:DB:E8:90,-41,11,1,7,0,0,1,0,0,0,1,-94,0,3,0,124802052,0,110,0,0,98909.4,256,[110 96 6 0 18 -15 18 -16 17 -15 17 -16 16 -16 16 -16 15 -16 14 -16 14 -17 13 -17 13 -17 12 -18 12 -18 12 -17 13 -18 12 -17 12 -17 12 -16 12 -16 13 -16 13 -15 13 -15 13 -14 13 -14 14 -13 0 0 0 0 0 0 0 0 0 0 0 0 0 0 0 0 0 0 0 0 0 0 16 -16 18 -15 18 -15 19 -14 20 -14 20 -13 21 -12 23 -12 23 -11 24 -11 23 -12 23 -11 23 -11 23 -10 23 -10 23 -10 23 -11 23 -11 22 -12 22 -12 22 -13 22 -13 20 -13 20
2025-04-02 17:30:57,CSI_DATA,STA,D8:B1:90:DB:E8:90,-41,11,1,7,0,0,1,0,0,0,1,-94,0,3,0,130807330,0,110,0,0,98915.4,256,[110 96 6 0 5 -25 4 -24 4 -24 4 -23 3 -22 3 -22 2 -22 2 -22 1 -22 1 -22 0 -22 1 -21 1 -22 1 -21 1 -22 1 -21 1 -21 2 -21 2 -21 2 -21 2 -21 3 -20 3 -20 5 -19 6 -19 0 0 0 0 0 0 0 0 0 0 0 0 0 0 0 0 0 0 0 0 0 0 5 -24 7 -24 8 -22 9 -22 11 -22 12 -20 11 -22 13 -23 11 -21 12 -22 13 -23 14 -23 13 -23 14 -23 13 -23 13 -23 12 -22 12 -23 11 -23 11 -23 10 -23 10 -24 7 -24 7 -24 6 -25 6 -24 ]
2025-04-02 17:30:58,CSI_DATA,STA,D8:B1:90:DB:E8:90,-42,11,1,7,0,0,1,1,1,0,1,-94,0,3,0,131307008,0,110,0,0,98915.9,384,[110 96 6 0 14 32 12 30 11 26 10 20 10 14 11 7 13 1 15 -5 17 -11 19 -15 21 -19 23 -21 24 -23 26 -24 25 -23 25 -23 22 -21 20 -20 17 -19 14 -17 10 -16 7 -15 4 -14 1 -13 -2 -12 0 0 0 0 0 0 0 0 0 0 0 0 0 0 0 0 0 0 0 0 0 0 5 -28 9 -25 8 -22 4 -17 3 -14 -5 -11 -9 -12 -13 -12 -20 -14 -21 -16 -25 -17 -25 -19 -25 -21 -23 -22 -20 -21 -16 -21 -10 -19 -5 -15 0 -10 5 -5 10 1 14 8 17 14 18 20 19 26 19 31 ]
2025-04-02 17:30:58,CSI_DATA,STA,D8:B1:90:DB:E8:90,-42,11,1,7,0,0,1,1,1,0,1,-94,0,3,0,131806938,0,110,0,0,98916.4,384,[110 96 6 0 -2 37 -3 34 -2 29 0 24 3 19 7 14 11 9 16 5 21 2 25 -1 29 -3 32 -4 35 -5 36 -4 36 -4 34 -4 33 -3 29 -3 26 -4 23 -5 19 -6 15 -7 13 -9 10 -10 8 -11 0 0 0 0 0 0 0 0 0 0 0 0 0 0 0 0 0 0 0 0 0 0 8 -29 9 -26 9 -21 6 -18 2 -16 -2 -14 -8 -14 -13 -15 -17 -17 -20 -19 -22 -22 -22 -25 -21 -27 -18 -27 -15 -27 -11 -24 -7 -21 -2 -15 1 -9 4 -2 7 5 9 13 9 20 8 27 6 32 3 37 ]
2025-04-02 17:31:06,CSI_DATA,STA,D8:B1:90:DB:E8:90,-41,11,1,7,0,0,1,0,0,0,1,-94,0,3,0,139323301,0,110,0,0,98923.9,256,[110 96 6 0 -24 3 -24 4 -23 4 -22 5 -21 5 -21 6 -20 6 -21 6 -20 6 -20 7 -20 7 -20 8 -20 9 -18 9 -19 8 -20 7 -20 7 -20 7 -19 7 -19 7 -19 6 -18 6 -19 6 -19 4 -19 3 0 0 0 0 0 0 0 0 0 0 0 0 0 0 0 0 0 0 0 0 0 0 -23 4 -23 2 -24 0 -24 -1 -24 -2 -25 -2 -26 -2 -26 -3 -27 -3 -27 -4 -26 -3 -26 -4 -26 -4 -25 -4 -26 -4 -25 -3 -26 -3 -25 -3 -25 -2 -25 -1 -24 0 -25 0 -24 2 -24 2 -24 2 -24 3 ]
2025-04-02 17:31:08,CSI_DATA,STA,D8:B1:90:DB:E8:90,-41,11,1,7,0,0,1,0,0,0,1,-94,0,3,0,141331882,0,110,0,0,98925.9,256,[110 96 6 0 -3 21 -2 21 -1 20 -1 19 0 19 0 18 1 18 1 18 1 18 2 18 2 17 2 18 2 18 3 17 2 18 2 18 1 18 1 17 1 17 1 17 0 17 0 16 0 16 -1 16 -3 16 0 0 0 0 0 0 0 0 0 0 0 0 0 0 0 0 0 0 0 0 0 0 0 19 -1 20 -2 20 -3 20 -3 20 -5 21 -4 21 -5 21 -6 21 -7 21 -7 22 -7 22 -7 22 -8 22 -8 22 -7 20 -7 21 -7 21 -5 21 -5 20 -5 21 -3 21 -3 21 -3 21 -2 21 -2 21 ]
2025-04-02 17:31:20,CSI_DATA,STA,D8:B1:90:DB:E8:90,-51,11,1,7,0,0,1,0,0,0,1,-94,0,3,0,153367425,0,110,0,0,98938,256,[110 96 6 0 1 -10 1 -11 1 -12 -2 29 0 30 1 30 3 30 -27 -13 -26 -11 -26 -9 -26 -7 -7 16 -7 16 -7 15 -7 15 13 7 14 6 13 5 14 4 10 -1 9 -2 8 -1 8 -1 2 -18 2 -19 0 0 0 0 0 0 0 0 0 0 0 0 0 0 0 0 0 0 0 0 0 0 18 3 17 4 21 -2 21 -2 21 -2 21 -3 21 -9 22 -10 21 -10 21 -11 12 -6 11 -7 11 -8 10 -8 26 7 26 5 27 4 27 2 -15 33 -12 35 -10 36 -7 37 -8 9 -8 10 -8 12 -4 30 ]
2025-04-02 17:31:20,CSI_DATA,STA,D8:B1:90:DB:E8:90,-42,11,1,7,0,0,1,1,1,0,1,-94,0,3,0,153866973,0,110,0,0,98938.5,384,[110 96 6 0 21 -24 19 -22 16 -19 11 -17 5 -14 -1 -13 -7 -12 -14 -12 -19 -12 -24 -12 -28 -12 -31 -13 -33 -14 -33 -14 -33 -14 -31 -13 -30 -12 -27 -11 -24 -8 -21 -6 -18 -3 -15 0 -13 2 -11 4 -10 6 0 0 0 0 0 0 0 0 0 0 0 0 0 0 0 0 0 0 0 0 0 0 -27 0 -23 -1 -19 -2 -15 -1 -11 2 -8 6 -5 11 -3 16 -3 21 -4 25 -5 28 -8 30 -10 30 -12 28 -13 25 -14 21 -13 16 -12 10 -10 3 -7 -3 -3 -10 2 -16 5 -20 10 -24 15 -
2025-04-02 17:31:21,CSI_DATA,STA,D8:B1:90:DB:E8:90,-42,11,1,7,0,0,1,1,1,0,1,-94,0,3,0,154367800,0,110,0,0,98939,384,[110 96 6 0 6 32 5 28 5 24 6 19 8 13 10 7 13 1 17 -5 20 -9 23 -12 26 -16 28 -17 29 -19 30 -20 30 -19 29 -18 26 -17 24 -16 20 -15 16 -14 12 -13 8 -13 5 -12 2 -12 -1 -12 0 0 0 0 0 0 0 0 0 0 0 0 0 0 0 0 0 0 0 0 0 0 13 -22 13 -18 11 -15 8 -13 3 -11 -2 -10 -8 -11 -12 -12 -17 -15 -20 -18 -21 -22 -21 -24 -20 -26 -18 -26 -15 -25 -11 -24 -7 -20 -2 -16 2 -10 5 -4 9 3 11 10 12 16 12 23 11 28 10 32 ]
2025-04-02 17:31:23,CSI_DATA,STA,00:00:00:00:00:00,-42,11,0,0,0,0,0,0,0,0,0,-94,0,3,0,156275622,0,14,0,0,98940.9,128,[14 -32 0 0 16 -30 14 -27 11 -23 7 -20 2 -17 -3 -14 -10 -12 -16 -11 -21 -9 -26 -8 -30 -8 -33 -8 -35 -9 -35 -9 -35 -9 -33 -8 -32 -9 -29 -6 -24 -4 -22 -2 -19 -1 -16 2 -13 4 -11 6 -9 7 0 0 0 0 0 0 0 0 0 0 0 0 0 0 0 0 0 0 0 0 0 0 -25 10 -21 7 -18 4 -15 6 -9 6 -6 9 1 12 2 17 4 21 5 26 3 29 2 32 0 32 -3 31 -5 29 -7 24 -9 19 -9 12 -8 5 -7 -2 -5 -10 -2 -16 1 -22 4 -27 8 -30 13 -33 ]
2025-04-02 17:31:24,CSI_DATA,STA,D8:B1:90:DB:E8:90,-41,11,1,7,0,0,1,0,0,0,1,-94,0,3,0,157374185,0,110,0,0,98942,256,[110 96 6 0 5 22 6 22 6 21 6 21 7 20 7 20 7 20 8 19 8 18 8 18 9 18 9 18 9 18 9 17 9 17 9 18 9 18 9 18 9 17 8 17 8 17 7 17 7 18 6 18 5 18 0 0 0 0 0 0 0 0 0 0 0 0 0 0 0 0 0 0 0 0 0 0 6 19 5 20 4 21 3 21 3 22 2 22 1 23 0 23 0 24 -1 24 -1 24 -1 24 -1 24 -1 24 -1 24 0 23 0 23 0 23 1 23 1 23 2 23 2 23 3 23 3 23 4 23 4 23 ]
2025-04-02 17:31:29,CSI_DATA,STA,D8:B1:90:DB:E8:90,-41,11,1,7,0,0,1,0,0,0,1,-94,0,3,0,162898138,0,110,0,0,98947.5,256,[110 96 6 0 -2 23 -2 24 -1 23 0 22 0 22 0 22 1 22 0 21 1 21 1 21 2 20 3 21 3 21 3 21 3 21 2 21 2 21 2 20 1 20 0 20 0 19 0 19 -1 19 -2 19 -3 19 0 0 0 0 0 0 0 0 0 0 0 0 0 0 0 0 0 0 0 0 0 0 2 20 0 20 -1 20 -3 20 -3 21 -4 21 -4 22 -5 22 -6 23 -6 23 -7 23 -7 23 -7 23 -7 23 -6 22 -7 23 -6 23 -6 23 -5 23 -5 23 -4 23 -4 23 -2 23 -2 24 -2 24 -1 23 ]
2025-04-02 17:31:32,CSI_DATA,STA,D8:B1:90:DB:E8:90,-41,11,1,7,0,0,1,0,0,0,1,-94,0,3,0,164905008,0,110,0,0,98949.5,256,[110 96 6 0 -6 -25 -6 -25 -6 -24 -7 -23 -7 -22 -8 -22 -8 -22 -8 -22 -8 -21 -9 -21 -9 -21 -9 -20 -9 -20 -9 -20 -9 -20 -9 -21 -8 -21 -8 -21 -8 -21 -7 -20 -7 -20 -6 -20 -5 -20 -4 -20 -3 -20 0 0 0 0 0 0 0 0 0 0 0 0 0 0 0 0 0 0 0 0 0 0 -6 -21 -4 -22 -4 -23 -3 -23 -2 -23 -1 -24 -1 -24 -1 -24 0 -25 1 -25 1 -25 1 -25 1 -25 1 -25 -1 -25 -1 -25 -1 -24 -1 -25 -2 -25 -2 -25 -3 -25 -3 -26 -4 -25 -4 -26 -5
2025-04-02 17:31:34,CSI_DATA,STA,D8:B1:90:DB:E8:90,-41,11,1,7,0,0,1,0,0,0,1,-94,0,3,0,167411073,0,110,0,0,98952,256,[110 96 6 0 12 -22 12 -22 12 -22 11 -21 10 -21 10 -21 9 -21 9 -21 8 -21 7 -21 7 -21 7 -21 7 -21 7 -21 7 -21 8 -21 8 -21 8 -20 9 -20 9 -19 9 -19 9 -18 10 -18 11 -17 12 -16 0 0 0 0 0 0 0 0 0 0 0 0 0 0 0 0 0 0 0 0 0 0 10 -20 12 -19 14 -18 15 -18 15 -18 16 -17 16 -17 17 -17 18 -17 18 -17 19 -17 20 -17 19 -17 20 -17 19 -17 18 -17 18 -17 18 -17 15 -19 15 -19 15 -20 15 -20 13 -20 13 -20 13 -21 13 -22
2025-04-02 17:31:37,CSI_DATA,STA,D8:B1:90:DB:E8:90,-42,11,1,7,0,0,1,0,0,0,1,-93,0,3,0,170920845,0,110,0,0,98955.5,256,[110 96 6 0 24 0 24 0 24 0 23 0 23 -1 22 -1 22 -2 22 -3 22 -4 22 -4 21 -4 21 -5 21 -5 21 -5 21 -5 21 -5 21 -5 21 -5 20 -4 20 -3 20 -3 19 -2 20 -2 19 -1 19 1 0 0 0 0 0 0 0 0 0 0 0 0 0 0 0 0 0 0 0 0 0 0 21 -2 21 0 22 0 22 1 22 3 22 3 25 3 24 4 26 3 23 7 24 5 23 6 24 6 23 6 23 6 23 5 23 5 23 5 23 4 23 3 24 3 24 2 24 2 24 2 24 2 24 1 ]
2025-04-02 17:31:38,CSI_DATA,STA,D8:B1:90:DB:E8:90,-42,11,1,7,0,0,1,1,1,0,1,-94,0,3,0,171422304,0,110,0,0,98956,384,[110 96 6 0 -25 -24 -23 -22 -20 -18 -18 -13 -15 -7 -15 -1 -13 5 -14 11 -13 17 -14 22 -14 26 -15 29 -16 31 -16 31 -16 31 -16 30 -14 28 -12 26 -10 23 -7 21 -5 18 -2 16 1 13 3 12 5 10 0 0 0 0 0 0 0 0 0 0 0 0 0 0 0 0 0 0 0 0 0 0 3 26 1 23 1 19 -1 14 3 9 7 4 9 2 17 -1 22 1 27 1 29 1 30 4 31 7 29 9 28 11 22 11 16 11 10 10 4 8 -3 5 -10 2 -16 -4 -21 -7 -25 -12 -27 -17 -28 -21 ]
2025-04-02 17:31:40,CSI_DATA,STA,D8:B1:90:DB:E8:90,-42,11,1,7,0,0,1,0,0,0,1,-94,0,3,0,173429271,0,110,0,0,98958,256,[110 96 6 0 -7 -23 -7 -22 -7 -22 -8 -21 -8 -21 -8 -20 -9 -20 -10 -18 -10 -18 -11 -18 -11 -17 -12 -18 -13 -18 -12 -18 -12 -19 -11 -18 -11 -18 -11 -18 -10 -18 -9 -18 -9 -18 -9 -18 -8 -18 -7 -17 -6 -18 0 0 0 0 0 0 0 0 0 0 0 0 0 0 0 0 0 0 0 0 0 0 -9 -19 -7 -20 -6 -21 -5 -21 -5 -21 -4 -22 -3 -23 -3 -23 -2 -24 -2 -24 -2 -23 -2 -23 -2 -24 -2 -23 -2 -23 -2 -23 -2 -23 -3 -23 -4 -23 -4 -23 -5 -23 -5 -23
2025-04-02 17:31:40,CSI_DATA,STA,D8:B1:90:DB:E8:90,-42,11,1,7,0,0,1,1,1,0,1,-94,0,3,0,173928932,0,110,0,0,98958.5,384,[110 96 6 0 -21 -24 -19 -22 -17 -18 -15 -14 -14 -9 -14 -4 -14 2 -15 7 -16 12 -18 16 -19 19 -21 22 -22 23 -23 24 -23 23 -22 22 -21 20 -19 19 -16 17 -14 16 -11 14 -7 13 -5 12 -2 11 0 11 0 0 0 0 0 0 0 0 0 0 0 0 0 0 0 0 0 0 0 0 0 0 11 21 8 19 6 16 5 12 7 8 8 5 11 1 15 -1 19 -3 23 -3 26 -2 28 0 28 2 27 4 24 5 21 7 16 7 10 7 4 5 -2 3 -8 0 -13 -4 -18 -8 -21 -12 -23 -17 -24 -21 ]
2025-04-02 17:31:45,CSI_DATA,STA,D8:B1:90:DB:E8:90,-41,11,1,7,0,0,1,0,0,0,1,-95,0,3,0,178936903,0,110,0,0,98963.5,256,[110 96 6 0 -19 -16 -19 -15 -19 -15 -18 -14 -18 -13 -18 -13 -18 -12 -20 -11 -19 -10 -20 -10 -20 -10 -20 -9 -20 -9 -20 -8 -20 -8 -20 -9 -19 -9 -19 -9 -18 -9 -18 -10 -18 -10 -17 -10 -17 -10 -17 -11 -16 -12 0 0 0 0 0 0 0 0 0 0 0 0 0 0 0 0 0 0 0 0 0 0 -18 -13 -17 -15 -16 -15 -15 -16 -15 -17 -15 -18 -15 -18 -15 -19 -15 -20 -15 -20 -14 -20 -14 -21 -13 -21 -14 -21 -14 -20 -15 -20 -15 -19 -15 -19 -16
2025-04-02 17:31:46,CSI_DATA,STA,D8:B1:90:DB:E8:90,-42,11,1,7,0,0,1,1,1,0,1,-95,0,3,0,179436845,0,110,0,0,98964,384,[110 96 6 0 -37 9 -33 8 -28 8 -22 8 -16 10 -9 13 -3 15 4 19 9 22 13 25 17 28 19 31 21 32 21 33 21 33 20 32 19 29 18 26 17 22 16 19 15 14 14 10 13 6 13 3 12 0 0 0 0 0 0 0 0 0 0 0 0 0 0 0 0 0 0 0 0 0 0 0 26 12 21 12 17 11 14 7 12 2 10 -4 11 -10 12 -15 14 -21 17 -24 20 -26 24 -27 26 -26 26 -23 26 -19 24 -14 21 -9 16 -4 10 1 3 6 -4 10 -12 13 -19 15 -26 16 -31 15 -36 14 ]
2025-04-02 17:31:46,CSI_DATA,STA,D8:B1:90:DB:E8:90,-41,11,1,7,0,0,1,1,1,0,1,-95,0,3,0,179937434,0,110,0,0,98964.5,384,[110 96 6 0 24 -24 22 -21 18 -18 13 -17 7 -15 1 -14 -6 -14 -12 -14 -17 -14 -22 -15 -27 -16 -29 -17 -32 -18 -31 -18 -31 -18 -30 -17 -28 -16 -26 -14 -23 -12 -21 -9 -19 -6 -16 -3 -14 0 -13 2 -11 4 0 0 0 0 0 0 0 0 0 0 0 0 0 0 0 0 0 0 0 0 0 0 -27 1 -24 -1 -19 -2 -15 0 -11 3 -8 7 -6 11 -4 16 -4 22 -4 25 -6 29 -8 30 -10 30 -12 29 -14 25 -14 21 -14 15 -12 9 -10 2 -6 -4 -2 -10 3 -16 7 -21 13 -24 17 -2
2025-04-02 17:31:47,CSI_DATA,STA,D8:B1:90:DB:E8:90,-41,11,1,7,0,0,1,0,0,0,1,-95,0,3,0,180936959,0,110,0,0,98965.5,256,[110 96 6 0 10 -26 10 -25 9 -25 8 -24 8 -24 7 -24 7 -24 6 -24 5 -24 5 -24 4 -24 4 -23 3 -24 3 -23 3 -23 4 -24 4 -23 4 -23 4 -23 4 -22 5 -22 5 -22 6 -21 7 -21 8 -20 0 0 0 0 0 0 0 0 0 0 0 0 0 0 0 0 0 0 0 0 0 0 9 -23 10 -23 13 -23 12 -23 13 -22 14 -22 15 -19 15 -21 17 -22 15 -20 16 -22 17 -22 16 -22 17 -22 16 -22 16 -22 15 -22 15 -23 13 -24 13 -23 12 -24 13 -25 13 -25 12 -25 12 -25 11 -24 ]
2025-04-02 17:31:48,CSI_DATA,STA,D8:B1:90:DB:E8:90,-41,11,1,7,0,0,1,1,1,0,1,-95,0,3,0,181439094,0,110,0,0,98966,384,[110 96 6 0 -30 -17 -27 -16 -24 -13 -20 -9 -18 -3 -15 2 -13 8 -12 14 -10 19 -10 24 -9 29 -10 31 -10 33 -10 34 -10 33 -10 33 -9 30 -8 28 -6 25 -4 22 -2 19 1 16 2 13 4 11 6 9 0 0 0 0 0 0 0 0 0 0 0 0 0 0 0 0 0 0 0 0 0 0 10 24 7 21 5 18 5 14 7 9 9 5 13 1 17 -2 21 -4 26 -4 29 -3 31 -2 32 0 30 3 28 5 23 7 18 8 12 8 5 7 -2 6 -10 4 -16 1 -22 -2 -27 -6 -31 -10 -32 -14 ]
2025-04-02 17:31:48,CSI_DATA,STA,D8:B1:90:DB:E8:90,-42,11,1,7,0,0,1,1,1,0,1,-95,0,3,0,181938458,0,110,0,0,98966.5,384,[110 96 6 0 -31 -5 -27 -5 -24 -4 -19 -2 -15 2 -11 6 -7 10 -4 15 -2 18 0 22 1 26 2 28 3 30 3 31 3 30 3 30 3 27 3 25 4 21 4 19 5 15 6 12 7 10 8 7 8 5 0 0 0 0 0 0 0 0 0 0 0 0 0 0 0 0 0 0 0 0 0 0 16 15 12 14 10 12 8 9 8 4 8 0 10 -5 12 -9 15 -12 19 -13 22 -14 24 -13 26 -11 25 -9 24 -7 21 -4 17 -1 12 1 6 3 0 5 -6 5 -13 5 -19 5 -24 3 -28 1 -31 -2 ]
2025-04-02 17:31:51,CSI_DATA,STA,D8:B1:90:DB:E8:90,-41,11,1,7,0,0,1,0,0,0,1,-95,0,3,0,184943366,0,110,0,0,98969.5,256,[110 96 6 0 -18 -16 -19 -16 -18 -15 -18 -14 -18 -13 -18 -13 -18 -13 -19 -12 -19 -11 -19 -11 -20 -11 -20 -10 -20 -10 -20 -10 -20 -10 -19 -10 -19 -10 -19 -10 -18 -11 -18 -11 -17 -12 -17 -12 -16 -12 -16 -13 -15 -14 0 0 0 0 0 0 0 0 0 0 0 0 0 0 0 0 0 0 0 0 0 0 -16 -16 -15 -17 -14 -19 -14 -20 -13 -20 -13 -21 -12 -21 -12 -21 -12 -22 -11 -23 -12 -22 -12 -22 -12 -22 -12 -22 -12 -22 -12 -22 -12 -21 -12
2025-04-02 17:31:52,CSI_DATA,STA,D8:B1:90:DB:E8:90,-41,11,1,7,0,0,1,1,1,0,1,-95,0,3,0,185944871,0,110,0,0,98970.5,384,[110 96 6 0 -1 -36 0 -32 0 -28 -3 -24 -6 -19 -10 -14 -14 -10 -19 -6 -23 -4 -28 -2 -32 -1 -35 0 -36 0 -37 0 -37 0 -36 0 -33 -1 -31 -1 -27 0 -24 1 -20 2 -17 4 -14 5 -12 7 -10 8 0 0 0 0 0 0 0 0 0 0 0 0 0 0 0 0 0 0 0 0 0 0 -5 27 -6 23 -6 19 -4 15 0 13 4 11 9 10 14 11 18 13 21 15 23 18 23 21 21 23 19 24 16 23 11 21 7 18 2 14 -2 8 -5 1 -8 -6 -10 -13 -10 -20 -9 -26 -7 -31 -4 -35 ]
2025-04-02 17:31:57,CSI_DATA,STA,D8:B1:90:DB:E8:90,-41,11,1,7,0,0,1,0,0,0,1,-95,0,3,0,190460054,0,110,0,0,98975,256,[110 96 6 0 11 21 11 20 11 20 12 18 12 18 12 17 12 17 13 16 13 16 14 15 14 15 14 16 14 16 15 16 14 16 14 16 13 15 13 15 13 15 12 16 11 16 11 16 10 17 8 16 7 17 0 0 0 0 0 0 0 0 0 0 0 0 0 0 0 0 0 0 0 0 0 0 9 19 8 20 8 21 8 20 7 22 6 23 5 23 4 25 4 23 3 24 2 23 3 24 2 24 2 24 3 24 3 24 3 24 4 24 6 22 6 23 6 22 7 23 8 22 8 22 8 22 10 21 ]
2025-04-02 17:31:59,CSI_DATA,STA,D8:B1:90:DB:E8:90,-40,11,1,7,0,0,1,0,0,0,1,-95,0,3,0,192965056,0,110,0,0,98977.5,256,[110 96 6 0 -10 22 -10 22 -9 21 -8 21 -7 21 -7 21 -6 21 -5 21 -5 21 -4 21 -4 21 -4 22 -4 22 -4 22 -4 22 -4 21 -4 21 -4 21 -4 20 -5 20 -5 19 -5 19 -6 19 -7 19 -8 18 0 0 0 0 0 0 0 0 0 0 0 0 0 0 0 0 0 0 0 0 0 0 -6 21 -8 21 -9 19 -10 19 -10 19 -11 19 -12 21 -13 21 -14 20 -14 20 -15 20 -15 20 -15 20 -15 20 -14 20 -15 20 -14 20 -13 20 -13 21 -12 21 -12 21 -12 21 -11 22 -11 22 -11 22 -10 22 ]
2025-04-02 17:31:59,CSI_DATA,STA,00:00:00:00:00:00,-42,11,0,0,0,0,0,0,0,0,0,-95,0,3,0,193027798,0,14,0,0,98977.6,128,[14 -32 0 0 13 -32 11 -29 10 -25 6 -21 1 -17 -5 -14 -10 -11 -16 -9 -21 -7 -26 -6 -30 -5 -33 -5 -36 -4 -36 -5 -36 -5 -35 -4 -33 -4 -30 -3 -27 -2 -24 -1 -20 1 -17 3 -14 4 -11 6 -8 7 0 0 0 0 0 0 0 0 0 0 0 0 0 0 0 0 0 0 0 0 0 0 -23 13 -21 9 -18 7 -14 6 -9 7 -4 9 0 12 4 16 6 20 8 24 7 28 6 30 4 31 2 30 -1 28 -3 24 -5 19 -6 13 -7 6 -6 -1 -6 -9 -3 -16 -1 -22 2 -27 5 -31 9 -34 ]
2025-04-02 17:31:59,CSI_DATA,STA,D8:B1:90:DB:E8:90,-42,11,1,7,0,0,1,1,1,0,1,-95,0,3,0,193188845,0,100,0,0,98977.8,384,[100 -64 5 0 -24 -26 -22 -23 -19 -20 -17 -14 -16 -9 -16 -3 -15 3 -16 9 -17 14 -18 19 -19 23 -21 26 -21 28 -22 28 -22 28 -22 27 -20 25 -18 23 -16 21 -13 19 -10 17 -7 15 -4 14 -2 12 1 11 0 0 0 0 0 0 0 0 0 0 0 0 0 0 0 0 0 0 0 0 0 0 9 24 6 22 4 19 4 15 6 10 8 6 12 3 17 0 21 -1 25 -1 28 1 30 3 31 4 29 6 26 8 22 9 16 10 11 9 4 7 -3 4 -10 1 -16 -4 -20 -8 -24 -13 -26 -18 -27 -22 ]
2025-04-02 17:32:00,CSI_DATA,STA,D8:B1:90:DB:E8:90,-41,11,1,7,0,0,1,1,1,0,1,-95,0,3,0,193968818,0,110,0,0,98978.6,384,[110 96 6 0 -22 -25 -19 -23 -17 -19 -16 -15 -15 -9 -15 -4 -14 3 -16 8 -16 13 -18 17 -19 21 -21 23 -22 25 -22 25 -22 25 -22 24 -20 22 -18 21 -16 19 -13 17 -10 16 -7 14 -4 13 -2 12 0 11 0 0 0 0 0 0 0 0 0 0 0 0 0 0 0 0 0 0 0 0 0 0 9 23 6 21 4 17 4 14 6 10 8 6 11 3 15 0 20 0 24 -1 26 1 28 3 29 4 27 6 25 8 20 9 15 9 9 8 3 6 -3 4 -9 0 -14 -4 -19 -8 -22 -13 -24 -17 -24 -21 ]
2025-04-02 17:32:01,CSI_DATA,STA,D8:B1:90:DB:E8:90,-41,11,1,7,0,0,1,0,0,0,1,-95,0,3,0,194468886,0,110,0,0,98979.1,256,[110 96 6 0 -12 17 -11 18 -11 18 -10 17 -10 17 -9 17 -9 17 -9 18 -8 18 -8 18 -8 18 -8 18 -7 17 -8 18 -8 18 -7 18 -7 17 -8 17 -8 16 -8 16 -8 16 -8 16 -9 15 -10 15 -11 14 0 0 0 0 0 0 0 0 0 0 0 0 0 0 0 0 0 0 0 0 0 0 -9 17 -11 16 -13 15 -14 15 -13 14 -15 14 -14 14 -15 15 -15 15 -16 15 -17 14 -17 14 -17 14 -18 14 -17 14 -17 14 -16 14 -16 14 -15 14 -15 15 -15 16 -14 15 -12 17 -12 17 -12 17 -11 17 ]
2025-04-02 17:32:02,CSI_DATA,STA,D8:B1:90:DB:E8:90,-41,11,1,7,0,0,1,1,1,0,1,-95,0,3,0,194969001,0,110,0,0,98979.6,384,[110 96 6 0 32 -11 29 -10 25 -10 20 -10 14 -11 9 -14 3 -16 -2 -19 -7 -22 -10 -26 -13 -29 -15 -31 -17 -32 -17 -33 -16 -33 -15 -32 -14 -30 -12 -27 -11 -23 -11 -20 -10 -15 -10 -11 -10 -8 -10 -4 -10 -1 0 0 0 0 0 0 0 0 0 0 0 0 0 0 0 0 0 0 0 0 0 0 -27 -6 -22 -5 -21 -6 -15 -2 -13 0 -11 3 -8 9 -12 14 -12 19 -14 23 -18 25 -21 23 -22 23 -23 20 -22 16 -21 12 -18 8 -14 3 -9 -2 -3 -6 3 -11 10 -14 16 -16 2
2025-04-02 17:32:03,CSI_DATA,STA,D8:B1:90:DB:E8:90,-43,11,1,7,0,0,1,0,0,0,1,-95,0,3,0,196976762,0,110,0,0,98981.6,256,[110 96 6 0 -26 -7 -26 -7 -26 -7 -25 -6 -24 -6 -24 -6 -23 -6 -23 -5 -22 -5 -23 -4 -22 -4 -22 -4 -21 -4 -21 -4 -21 -4 -20 -4 -19 -5 -19 -5 -18 -5 -17 -5 -17 -6 -16 -5 -15 -5 -15 -6 -14 -7 0 0 0 0 0 0 0 0 0 0 0 0 0 0 0 0 0 0 0 0 0 0 10 -14 12 -14 -20 1 -20 0 -21 -1 -22 -1 -22 -2 -23 -3 -23 -4 -24 -5 -24 -5 -24 -6 -24 -6 -25 -6 -24 -7 -25 -7 -25 -6 -25 -7 -25 -7 -25 -6 -26 -7 -26 -6 -26 -6 -26 -
2025-04-02 17:32:06,CSI_DATA,STA,D8:B1:90:DB:E8:90,-40,11,1,7,0,0,1,0,0,0,1,-95,0,3,0,199482816,0,110,0,0,98984.1,256,[110 96 6 0 2 24 3 24 3 23 4 22 4 22 5 22 5 21 6 21 7 20 7 20 7 20 7 20 7 20 7 20 8 20 8 20 7 19 7 19 6 19 6 19 6 19 5 19 4 18 4 19 3 19 0 0 0 0 0 0 0 0 0 0 0 0 0 0 0 0 0 0 0 0 0 0 4 21 3 21 3 22 2 22 1 22 0 23 -1 23 -1 24 -2 24 -3 25 -2 25 -3 24 -3 24 -3 24 -3 23 -3 24 -3 23 -2 24 -1 24 0 24 0 25 0 24 0 25 1 24 1 25 2 23 ]
2025-04-02 17:32:07,CSI_DATA,STA,D8:B1:90:DB:E8:90,-41,11,1,7,0,0,1,1,1,0,1,-95,0,3,0,199983410,0,110,0,0,98984.6,384,[110 96 6 0 5 -31 5 -28 4 -24 1 -21 -2 -16 -6 -12 -10 -8 -14 -5 -19 -2 -23 0 -26 2 -29 3 -31 4 -32 4 -32 3 -31 3 -30 3 -27 3 -24 3 -21 4 -17 4 -14 5 -11 6 -8 7 -6 8 0 0 0 0 0 0 0 0 0 0 0 0 0 0 0 0 0 0 0 0 0 0 -18 16 -17 13 -13 10 -11 9 -5 8 0 9 5 11 7 14 11 17 12 18 12 23 13 25 10 26 9 26 6 24 2 21 0 17 -2 12 -4 6 -5 0 -6 -7 -5 -13 -5 -19 -3 -24 -1 -28 1 -32 ]
2025-04-02 17:32:10,CSI_DATA,STA,D8:B1:90:DB:E8:90,-41,11,1,7,0,0,1,0,0,0,1,-95,0,3,0,203998597,0,110,0,0,98988.6,256,[110 96 6 0 20 10 20 10 20 9 20 9 20 8 20 8 20 7 20 5 20 5 20 4 20 4 19 4 20 4 19 4 20 4 19 4 19 4 19 4 18 4 18 4 18 4 18 5 18 5 17 7 17 8 0 0 0 0 0 0 0 0 0 0 0 0 0 0 0 0 0 0 0 0 0 0 18 8 18 10 18 11 18 12 17 13 18 14 18 15 18 15 18 16 17 17 18 16 18 16 18 16 17 16 18 16 18 16 18 16 18 15 19 15 19 15 19 14 20 14 19 13 20 13 20 12 19 11 ]
2025-04-02 17:32:11,CSI_DATA,STA,D8:B1:90:DB:E8:90,-41,11,1,7,0,0,1,1,1,0,1,-95,0,3,0,204497944,0,110,0,0,98989.1,384,[110 96 6 0 -35 6 -32 5 -27 5 -22 5 -17 7 -11 10 -5 12 0 16 4 19 8 22 11 26 13 28 14 30 15 31 15 32 14 31 13 29 12 27 11 23 11 20 11 16 10 13 11 9 10 6 11 4 0 0 0 0 0 0 0 0 0 0 0 0 0 0 0 0 0 0 0 0 0 0 26 6 22 7 18 7 14 4 11 0 9 -4 9 -9 9 -14 11 -20 13 -23 15 -25 18 -26 20 -25 21 -23 21 -19 20 -15 17 -10 13 -5 8 -1 2 4 -4 7 -11 10 -17 12 -24 13 -29 13 -33 11 ]
2025-04-02 17:32:21,CSI_DATA,STA,D8:B1:90:DB:E8:90,-42,11,1,7,0,0,1,0,0,0,1,-93,0,3,0,214027879,0,110,0,0,98998.6,256,[110 96 6 0 -16 -20 -17 -19 -16 -18 -16 -16 -17 -16 -17 -16 -17 -15 -17 -14 -17 -14 -17 -13 -18 -13 -17 -12 -18 -12 -17 -12 -17 -12 -18 -13 -17 -12 -17 -13 -16 -13 -16 -13 -15 -13 -15 -13 -14 -14 -13 -14 -12 -15 0 0 0 0 0 0 0 0 0 0 0 0 0 0 0 0 0 0 0 0 0 0 -16 -16 -15 -17 -14 -18 -13 -19 -12 -19 -12 -20 -13 -21 -13 -22 -12 -23 -12 -23 -12 -23 -11 -24 -11 -24 -11 -24 -11 -23 -11 -23 -11 -22 -11
2025-04-02 17:32:22,CSI_DATA,STA,D8:B1:90:DB:E8:90,-42,11,1,7,0,0,1,0,0,0,1,-93,0,3,0,216031918,0,110,0,0,99000.6,256,[110 96 6 0 18 -11 18 -11 17 -11 16 -12 16 -13 15 -13 15 -12 14 -13 15 -13 14 -14 13 -14 13 -14 13 -13 13 -15 12 -14 13 -14 13 -14 13 -13 13 -13 13 -12 13 -12 13 -11 14 -11 14 -10 15 -9 0 0 0 0 0 0 0 0 0 0 0 0 0 0 0 0 0 0 0 0 0 0 16 -11 16 -10 17 -9 18 -9 19 -8 19 -8 20 -7 20 -8 20 -7 21 -7 21 -7 21 -7 21 -6 22 -6 20 -6 20 -6 20 -7 20 -7 19 -8 19 -8 18 -9 19 -9 18 -9 18 -10 19 -11 19 -10 ]
2025-04-02 17:32:23,CSI_DATA,STA,00:00:00:00:00:00,-43,11,0,0,0,0,0,0,0,0,0,-93,0,3,0,216275639,0,14,0,0,99000.9,128,[14 -32 0 0 0 36 0 33 0 28 1 24 5 19 8 14 12 9 16 5 21 1 25 -1 29 -3 32 -3 35 -4 36 -3 36 -2 35 -1 33 -1 30 -1 27 -1 24 -2 20 -3 16 -4 13 -6 11 -7 9 -9 0 0 0 0 0 0 0 0 0 0 0 0 0 0 0 0 0 0 0 0 0 0 0 -29 2 -25 3 -21 1 -17 -2 -13 -6 -11 -11 -9 -16 -9 -21 -10 -25 -12 -27 -15 -28 -18 -27 -20 -25 -21 -22 -21 -17 -20 -13 -18 -7 -13 -3 -9 1 -3 5 4 7 11 9 18 9 24 8 29 6 34 ]
2025-04-02 17:32:23,CSI_DATA,STA,D8:B1:90:DB:E8:90,-43,11,1,7,0,0,1,1,1,0,1,-93,0,3,0,217031861,0,110,0,0,99001.6,384,[110 96 6 0 -24 25 -22 23 -19 20 -14 18 -8 16 -3 15 4 14 10 14 15 14 20 15 24 16 27 18 29 18 30 19 29 19 28 19 26 17 24 15 21 13 19 10 17 7 15 4 13 1 11 -1 10 -4 0 0 0 0 0 0 0 0 0 0 0 0 0 0 0 0 0 0 0 0 0 0 25 -10 23 -7 19 -6 15 -6 11 -7 6 -10 2 -14 0 -19 -1 -23 -1 -28 0 -31 2 -32 5 -33 7 -31 8 -28 9 -24 9 -18 9 -12 7 -5 5 2 2 8 -2 15 -7 20 -11 24 -16 27 -21 28 ]
2025-04-02 17:32:24,CSI_DATA,STA,D8:B1:90:DB:E8:90,-46,11,1,7,0,0,1,0,0,0,1,-93,0,3,0,217536104,0,110,0,0,99002.1,256,[110 96 6 0 -25 -11 -24 -11 -24 -11 -24 -10 -23 -9 -23 -9 -23 -8 -22 -8 -22 -8 -22 -7 -22 -7 -22 -6 -21 -6 -21 -6 -21 -6 -21 -6 -20 -6 -19 -6 -19 -6 -19 -6 -18 -6 -17 -6 -17 -6 -16 -7 -15 -7 0 0 0 0 0 0 0 0 0 0 0 0 0 0 0 0 0 0 0 0 0 0 -14 -3 -14 -4 -19 -6 -19 -7 -20 -8 -20 -9 -20 -9 -21 -10 -21 -11 -21 -12 -21 -13 -21 -13 -21 -13 -21 -14 -21 -13 -22 -13 -22 -13 -22 -13 -23 -13 -23 -12 -24 -12
2025-04-02 17:32:27,CSI_DATA,STA,D8:B1:90:DB:E8:90,-40,11,1,7,0,0,1,0,0,0,1,-95,0,3,0,221041933,0,110,0,0,99005.6,256,[110 96 6 0 21 -2 21 -2 20 -3 20 -3 20 -3 19 -4 19 -4 18 -4 18 -5 18 -5 18 -6 17 -6 18 -6 17 -5 18 -5 18 -6 17 -5 17 -5 18 -5 17 -4 17 -4 16 -2 16 -2 17 -2 17 -1 0 0 0 0 0 0 0 0 0 0 0 0 0 0 0 0 0 0 0 0 0 0 19 -4 20 -2 20 -1 20 0 20 1 22 1 21 1 22 2 22 2 22 3 22 3 21 4 21 4 21 3 22 3 22 3 21 3 22 2 22 2 22 2 22 1 22 1 21 -1 22 -1 22 -1 22 -2 ]
2025-04-02 17:32:28,CSI_DATA,STA,D8:B1:90:DB:E8:90,-43,11,1,7,0,0,1,1,1,0,1,-93,0,3,0,221542039,0,110,0,0,99006.1,384,[110 96 6 0 -37 4 -34 4 -29 3 -24 4 -19 7 -15 9 -9 13 -5 18 -2 21 1 25 3 30 4 33 4 36 4 37 3 37 2 36 2 34 1 32 1 28 2 25 2 22 3 18 4 15 6 12 7 9 0 0 0 0 0 0 0 0 0 0 0 0 0 0 0 0 0 0 0 0 0 0 28 -7 25 -4 22 -2 17 -3 14 -5 9 -8 7 -13 6 -18 6 -22 7 -27 9 -29 12 -30 15 -30 16 -28 17 -25 16 -20 15 -15 11 -9 7 -4 1 1 -5 5 -11 8 -18 11 -24 11 -30 11 -34 9 ]
2025-04-02 17:32:30,CSI_DATA,STA,D8:B1:90:DB:E8:90,-41,11,1,7,0,0,1,0,0,0,1,-94,0,3,0,223051010,0,110,0,0,99007.6,256,[110 96 6 0 -19 11 -18 11 -18 11 -16 11 -16 11 -16 11 -15 11 -16 12 -14 12 -15 13 -14 12 -14 13 -14 13 -14 14 -14 14 -15 14 -14 13 -14 13 -14 12 -14 11 -15 11 -14 10 -15 11 -15 9 -15 8 0 0 0 0 0 0 0 0 0 0 0 0 0 0 0 0 0 0 0 0 0 0 -18 9 -19 8 -18 7 -19 7 -19 6 -20 6 -20 6 -21 6 -22 6 -22 5 -22 5 -22 4 -22 4 -22 4 -22 4 -22 5 -22 6 -22 5 -21 6 -21 6 -21 7 -21 7 -20 9 -20 9 -20 10 -20 10 ]
2025-04-02 17:32:30,CSI_DATA,STA,D8:B1:90:DB:E8:90,-42,11,1,7,0,0,1,1,1,0,1,-94,0,3,0,223550871,0,110,0,0,99008.1,384,[110 96 6 0 -33 -2 -30 -3 -26 -2 -23 -1 -19 3 -16 6 -12 10 -10 15 -8 18 -7 22 -7 26 -7 29 -7 30 -8 31 -8 31 -8 29 -8 27 -8 25 -7 22 -5 20 -3 18 -1 15 1 13 3 12 4 11 0 0 0 0 0 0 0 0 0 0 0 0 0 0 0 0 0 0 0 0 0 0 24 -5 22 -3 18 -1 15 -2 12 -4 10 -7 8 -11 7 -15 8 -19 10 -22 12 -23 14 -24 16 -23 17 -21 17 -18 16 -13 14 -9 10 -5 5 -1 0 2 -6 5 -12 7 -19 7 -24 6 -29 5 -33 3 ]
2025-04-02 17:32:31,CSI_DATA,STA,D8:B1:90:DB:E8:90,-42,11,1,7,0,0,1,1,1,0,1,-94,0,3,0,224050832,0,110,0,0,99008.6,384,[110 96 6 0 22 20 20 19 18 16 16 12 15 8 14 3 15 -2 15 -7 16 -11 18 -14 19 -18 20 -19 21 -21 22 -20 22 -20 22 -19 21 -18 19 -16 16 -15 13 -14 11 -13 8 -12 5 -12 3 -11 1 -11 0 0 0 0 0 0 0 0 0 0 0 0 0 0 0 0 0 0 0 0 0 0 -19 -16 -16 -16 -13 -14 -12 -11 -11 -8 -12 -4 -13 0 -16 3 -19 5 -22 5 -24 5 -26 4 -27 2 -26 0 -24 -2 -20 -4 -15 -5 -10 -6 -4 -5 2 -3 8 -1 13 2 18 5 22 9 24 13 25 16 ]
2025-04-02 17:32:31,CSI_DATA,STA,D8:B1:90:DB:E8:90,-41,11,1,7,0,0,1,0,0,0,1,-94,0,3,0,224551006,0,110,0,0,99009.1,256,[110 96 6 0 -23 3 -23 4 -22 4 -22 4 -22 4 -21 5 -21 5 -21 6 -20 7 -20 7 -20 7 -20 8 -20 8 -20 8 -20 8 -20 8 -19 8 -19 7 -19 6 -19 6 -19 5 -18 5 -18 4 -19 3 -19 2 0 0 0 0 0 0 0 0 0 0 0 0 0 0 0 0 0 0 0 0 0 0 -20 6 -21 5 -22 3 -22 2 -22 2 -23 1 -23 2 -23 1 -24 0 -24 0 -25 0 -25 -1 -25 -1 -25 -1 -24 -1 -24 -1 -24 0 -24 0 -23 0 -23 1 -23 1 -23 1 -23 1 -23 2 -23 2 -24 3 ]
2025-04-02 17:32:31,CSI_DATA,STA,D8:B1:90:DB:E8:90,-42,11,1,7,0,0,1,1,1,0,1,-94,0,3,0,225050798,0,110,0,0,99009.6,384,[110 96 6 0 2 -35 2 -32 1 -28 -1 -23 -4 -19 -8 -15 -12 -11 -17 -8 -22 -4 -26 -3 -30 -1 -33 -1 -35 -1 -35 -1 -35 -2 -34 -2 -32 -2 -29 -2 -26 -2 -23 -1 -19 1 -16 2 -13 4 -10 6 -8 7 0 0 0 0 0 0 0 0 0 0 0 0 0 0 0 0 0 0 0 0 0 0 -7 24 -9 21 -8 17 -5 16 -3 12 3 12 9 11 13 12 15 13 19 17 20 19 21 22 19 23 17 23 13 23 9 21 5 17 1 13 -2 7 -5 1 -8 -7 -8 -14 -9 -20 -8 -26 -6 -31 -4 -35 ]
2025-04-02 17:32:35,CSI_DATA,STA,D8:B1:90:DB:E8:90,-41,11,1,7,0,0,1,0,0,0,1,-94,0,3,0,228565024,0,110,0,0,99013.1,256,[110 96 6 0 21 0 20 -1 20 -1 19 -1 19 -1 19 -2 18 -2 18 -3 18 -4 18 -5 18 -4 17 -4 17 -4 18 -4 18 -5 18 -4 18 -4 18 -3 17 -3 16 -3 16 -2 16 -2 16 -2 16 0 16 1 0 0 0 0 0 0 0 0 0 0 0 0 0 0 0 0 0 0 0 0 0 0 19 -1 19 1 18 1 18 2 19 3 20 4 20 4 20 5 21 5 21 6 21 5 20 5 20 5 20 6 21 4 20 4 20 4 20 3 21 2 21 2 21 3 21 2 22 0 21 0 21 0 21 0 ]
2025-04-02 17:32:36,CSI_DATA,STA,D8:B1:90:DB:E8:90,-42,11,1,7,0,0,1,1,1,0,1,-94,0,3,0,229067780,0,110,0,0,99013.7,384,[110 96 6 0 -13 29 -13 26 -10 22 -7 19 -3 16 2 14 7 11 12 10 17 9 21 9 25 9 27 10 29 11 29 12 29 12 28 12 26 12 24 10 22 8 19 6 17 4 16 2 14 0 13 -2 12 -4 0 0 0 0 0 0 0 0 0 0 0 0 0 0 0 0 0 0 0 0 0 0 8 -23 9 -20 8 -17 6 -14 2 -13 -2 -12 -6 -13 -10 -14 -13 -17 -15 -19 -15 -22 -15 -24 -14 -25 -11 -25 -9 -24 -5 -21 -2 -18 0 -13 2 -7 3 0 4 6 3 13 1 19 -1 24 -4 28 -8 30 ]
2025-04-02 17:32:36,CSI_DATA,STA,D8:B1:90:DB:E8:90,-42,11,1,7,0,0,1,1,1,0,1,-94,0,3,0,229567781,0,110,0,0,99014.2,384,[110 96 6 0 -2 31 -2 29 -2 25 0 21 3 16 6 12 10 8 14 5 18 2 22 -1 26 -2 28 -3 31 -3 31 -3 32 -2 31 -2 29 -2 27 -1 24 -2 21 -3 18 -3 15 -5 12 -6 10 -6 7 -8 0 0 0 0 0 0 0 0 0 0 0 0 0 0 0 0 0 0 0 0 0 0 5 -25 6 -23 6 -18 3 -14 1 -12 -4 -11 -10 -11 -14 -12 -16 -14 -19 -16 -21 -19 -22 -20 -21 -22 -19 -23 -15 -23 -12 -21 -8 -18 -4 -14 -1 -9 2 -3 5 3 7 10 7 16 7 21 5 27 3 30 ]
2025-04-02 17:32:37,CSI_DATA,STA,D8:B1:90:DB:E8:90,-41,11,1,7,0,0,1,0,0,0,1,-94,0,3,0,230569094,0,110,0,0,99015.2,256,[110 96 6 0 26 -4 25 -5 24 -4 23 -5 23 -5 23 -6 22 -7 22 -7 21 -8 21 -9 21 -9 21 -9 21 -9 21 -9 21 -10 21 -9 20 -9 20 -9 20 -9 20 -8 20 -7 19 -7 20 -7 20 -6 21 -4 0 0 0 0 0 0 0 0 0 0 0 0 0 0 0 0 0 0 0 0 0 0 26 -4 24 -3 25 -2 24 0 25 -2 26 2 28 2 25 4 28 5 28 5 26 5 26 4 26 5 26 4 25 4 25 4 25 3 26 2 25 0 25 0 25 -1 26 -1 26 -2 26 -2 26 -3 25 -3 ]
2025-04-02 17:32:40,CSI_DATA,STA,D8:B1:90:DB:E8:90,-41,11,1,7,0,0,1,0,0,0,1,-94,0,3,0,233077406,0,110,0,0,99017.7,256,[110 96 6 0 18 16 18 16 17 15 18 14 18 13 18 13 18 12 18 11 18 10 18 10 19 9 18 9 19 9 18 9 18 9 18 9 18 9 17 9 17 9 17 10 16 11 16 11 15 11 15 12 14 13 0 0 0 0 0 0 0 0 0 0 0 0 0 0 0 0 0 0 0 0 0 0 17 12 16 14 15 16 15 17 14 17 14 18 14 18 14 19 14 20 14 20 14 20 13 21 13 21 13 21 13 21 12 21 13 21 13 20 15 18 15 18 16 18 16 18 16 17 17 17 17 17 18 16 ]
2025-04-02 17:32:43,CSI_DATA,STA,D8:B1:90:DB:E8:90,-41,11,1,7,0,0,1,0,0,0,1,-94,0,3,0,237084796,0,110,0,0,99021.7,256,[110 96 6 0 16 -19 15 -19 15 -19 14 -18 13 -18 13 -18 12 -18 12 -19 11 -19 11 -19 10 -19 10 -20 10 -20 10 -20 10 -20 10 -19 10 -19 10 -18 10 -18 11 -18 11 -18 11 -16 11 -16 11 -15 12 -14 0 0 0 0 0 0 0 0 0 0 0 0 0 0 0 0 0 0 0 0 0 0 12 -18 14 -17 14 -18 15 -17 15 -16 17 -17 17 -16 18 -16 19 -16 19 -16 19 -15 19 -16 19 -15 19 -15 20 -15 19 -16 19 -16 19 -16 18 -16 17 -16 17 -16 17 -17 16 -17 16
2025-04-02 17:32:44,CSI_DATA,STA,D8:B1:90:DB:E8:90,-42,11,1,7,0,0,1,1,1,0,1,-94,0,3,0,237585299,0,110,0,0,99022.2,384,[110 96 6 0 0 -38 0 -35 0 -30 -2 -25 -5 -20 -8 -16 -13 -11 -18 -8 -22 -5 -27 -3 -31 -1 -34 -1 -37 -1 -37 -1 -38 -2 -36 -3 -34 -3 -31 -3 -28 -2 -25 -1 -22 0 -18 2 -15 4 -13 6 -11 7 0 0 0 0 0 0 0 0 0 0 0 0 0 0 0 0 0 0 0 0 0 0 -1 27 -3 23 -3 19 -2 15 2 12 6 9 11 8 15 8 20 9 24 11 26 14 27 17 26 19 23 20 20 20 15 19 10 16 5 12 1 6 -3 0 -6 -7 -8 -14 -10 -21 -9 -27 -8 -32 -5 -37 ]
2025-04-02 17:32:45,CSI_DATA,STA,D8:B1:90:DB:E8:90,-42,11,1,7,0,0,1,1,1,0,1,-94,0,3,0,238084810,0,110,0,0,99022.7,384,[110 96 6 0 -13 -36 -11 -33 -10 -29 -10 -24 -11 -18 -14 -13 -16 -7 -19 -2 -23 3 -26 6 -30 9 -33 10 -35 11 -36 10 -36 9 -35 9 -33 8 -30 7 -27 7 -24 7 -19 7 -16 8 -13 8 -10 9 -8 10 0 0 0 0 0 0 0 0 0 0 0 0 0 0 0 0 0 0 0 0 0 0 9 25 6 23 4 19 4 15 6 11 9 7 13 4 18 2 22 2 26 3 29 5 31 7 31 9 29 11 25 12 20 13 15 12 9 9 3 6 -3 2 -9 -4 -13 -10 -17 -16 -18 -22 -19 -28 -18 -33 ]
2025-04-02 17:32:45,CSI_DATA,STA,D8:B1:90:DB:E8:90,-42,11,1,7,0,0,1,0,0,0,0,-94,0,3,0,238586667,0,110,0,0,99023.2,256,[110 96 6 0 22 24 20 22 18 19 16 15 15 10 14 4 14 -1 15 -7 16 -11 18 -15 20 -19 21 -21 23 -22 24 -23 24 -22 24 -21 23 -19 21 -18 18 -16 15 -15 12 -14 9 -13 6 -12 3 -12 1 -12 0 0 0 0 0 0 0 0 0 0 0 0 0 0 0 0 0 0 0 0 0 0 -17 -18 -14 -17 -11 -15 -10 -11 -10 -7 -11 -3 -13 1 -16 4 -20 7 -23 7 -26 7 -29 5 -29 4 -29 1 -26 -1 -23 -3 -18 -4 -13 -5 -6 -4 0 -3 7 -1 13 2 18 7 22 11 24 15 25 19 ]
2025-04-02 17:32:46,CSI_DATA,STA,D8:B1:90:DB:E8:90,-42,11,1,6,0,0,1,0,0,0,1,-94,0,3,0,239084906,0,110,0,0,99023.7,256,[110 96 6 0 23 -24 21 -21 19 -19 15 -17 10 -16 4 -15 -1 -15 -6 -16 -11 -17 -15 -19 -19 -21 -21 -23 -22 -24 -22 -25 -22 -26 -21 -25 -19 -24 -18 -22 -16 -20 -15 -17 -13 -14 -13 -10 -12 -8 -12 -5 -11 -3 0 0 0 0 0 0 0 0 0 0 0 0 0 0 0 0 0 0 0 0 0 0 -16 18 -16 14 -14 11 -11 9 -7 9 -2 10 2 12 5 15 8 18 8 22 8 25 7 27 5 28 2 27 1 25 -2 21 -3 17 -4 11 -4 5 -3 -1 -1 -8 3 -14 6 -19 11 -22 15 -25 19 -27
2025-04-02 17:32:46,CSI_DATA,STA,D8:B1:90:DB:E8:90,-41,11,1,7,0,0,1,0,0,0,1,-94,0,3,0,239584983,0,110,0,0,99024.2,256,[110 96 6 0 7 -26 7 -26 7 -25 6 -25 5 -25 5 -25 5 -25 4 -25 3 -25 3 -25 2 -25 3 -24 4 -25 4 -24 4 -24 4 -23 4 -23 4 -22 5 -22 6 -21 6 -21 6 -21 7 -20 7 -20 9 -19 0 0 0 0 0 0 0 0 0 0 0 0 0 0 0 0 0 0 0 0 0 0 6 -23 8 -23 7 -22 9 -22 9 -23 10 -24 9 -24 12 -25 12 -24 13 -23 14 -24 14 -24 15 -23 14 -23 14 -22 14 -23 13 -23 13 -23 11 -25 11 -25 10 -26 10 -26 10 -26 10 -26 9 -26 8 -27 ]
2025-04-02 17:32:51,CSI_DATA,STA,D8:B1:90:DB:E8:90,-40,11,1,7,0,0,1,0,0,0,1,-94,0,3,0,244093936,0,110,0,0,99028.7,256,[110 96 6 0 21 -6 20 -7 20 -7 21 -7 20 -8 20 -7 20 -8 19 -8 19 -9 18 -9 18 -10 18 -9 18 -9 18 -9 18 -9 17 -9 16 -9 17 -9 16 -8 16 -7 16 -7 16 -6 16 -6 16 -5 17 -5 0 0 0 0 0 0 0 0 0 0 0 0 0 0 0 0 0 0 0 0 0 0 18 -8 19 -6 20 -6 20 -6 21 -5 21 -4 21 -4 22 -4 22 -3 22 -3 23 -2 23 -2 23 -2 24 -1 22 -2 22 -2 22 -2 22 -3 21 -4 22 -3 21 -3 22 -3 23 -5 22 -5 22 -6 22 -5 ]
2025-04-02 17:32:53,CSI_DATA,STA,D8:B1:90:DB:E8:90,-41,11,1,7,0,0,1,0,0,0,1,-94,0,3,0,247101863,0,110,0,0,99031.7,256,[110 96 6 0 -21 -10 -22 -10 -21 -9 -21 -9 -21 -8 -20 -7 -20 -7 -21 -5 -21 -5 -21 -5 -21 -4 -21 -4 -21 -4 -21 -3 -21 -3 -21 -4 -20 -4 -20 -5 -19 -5 -19 -5 -19 -5 -18 -5 -18 -6 -18 -7 -17 -8 0 0 0 0 0 0 0 0 0 0 0 0 0 0 0 0 0 0 0 0 0 0 -20 -7 -20 -9 -19 -11 -19 -11 -19 -12 -19 -13 -20 -14 -19 -15 -20 -15 -19 -16 -19 -15 -19 -16 -19 -16 -19 -16 -19 -15 -19 -14 -20 -14 -19 -14 -20 -14 -20 -13 -20
2025-04-02 17:32:54,CSI_DATA,STA,D8:B1:90:DB:E8:90,-42,11,1,7,0,0,1,0,0,0,1,-94,0,3,0,247602930,0,110,0,0,99032.2,256,[110 96 6 0 30 17 27 16 24 13 20 9 17 4 14 -2 12 -7 10 -13 9 -19 8 -24 8 -28 8 -31 8 -33 9 -34 9 -34 9 -33 8 -30 7 -28 5 -25 4 -21 1 -19 -2 -16 -4 -13 -6 -11 -8 -9 0 0 0 0 0 0 0 0 0 0 0 0 0 0 0 0 0 0 0 0 0 0 -14 -23 -11 -21 -8 -18 -8 -14 -9 -9 -11 -5 -14 -1 -17 2 -22 4 -26 5 -29 5 -31 3 -32 1 -31 -1 -28 -3 -24 -5 -19 -6 -13 -7 -6 -7 1 -6 9 -4 16 -2 22 1 26 5 30 9 32 12 ]
2025-04-02 17:32:56,CSI_DATA,STA,D8:B1:90:DB:E8:90,-42,11,1,7,0,0,1,0,0,0,1,-94,0,3,0,249612377,0,110,0,0,99034.2,256,[110 96 6 0 2 35 2 32 2 26 3 22 6 16 9 11 13 5 17 1 21 -3 24 -6 27 -9 30 -11 32 -12 33 -11 33 -12 31 -11 29 -10 26 -10 23 -10 19 -10 16 -10 12 -11 9 -11 6 -11 4 -11 0 0 0 0 0 0 0 0 0 0 0 0 0 0 0 0 0 0 0 0 0 0 13 -25 10 -20 9 -18 4 -15 0 -10 -3 -11 -9 -11 -12 -15 -17 -16 -21 -18 -21 -22 -21 -25 -20 -27 -17 -27 -14 -26 -10 -24 -5 -21 -1 -16 3 -9 6 -3 9 5 11 12 11 19 11 25 10 30 7 34 ]
2025-04-02 17:33:00,CSI_DATA,STA,D8:B1:90:DB:E8:90,-42,11,1,7,0,0,1,0,0,0,1,-94,0,3,0,253118821,0,110,0,0,99037.7,256,[110 96 6 0 -31 -12 -28 -12 -24 -10 -21 -7 -18 -2 -15 2 -13 7 -11 12 -10 16 -10 21 -9 25 -9 27 -10 30 -10 30 -11 31 -10 29 -10 28 -9 26 -7 23 -6 21 -4 18 -2 15 0 13 1 12 3 10 0 0 0 0 0 0 0 0 0 0 0 0 0 0 0 0 0 0 0 0 0 0 21 12 18 12 14 11 12 8 11 4 11 0 12 -5 14 -9 16 -12 19 -14 22 -14 25 -14 26 -12 26 -10 25 -8 22 -4 18 -2 13 0 7 2 0 3 -7 3 -13 2 -19 1 -24 -2 -28 -5 -30 -8 ]
2025-04-02 17:33:00,CSI_DATA,STA,D8:B1:90:DB:E8:90,-41,11,1,7,0,0,1,1,0,0,1,-94,0,3,0,253618202,0,110,0,0,99038.2,256,[110 96 6 0 -20 11 -19 12 -18 11 -19 12 -18 12 -18 13 -17 13 -16 13 -16 13 -16 13 -15 14 -16 14 -16 14 -16 14 -16 14 -16 13 -16 13 -16 13 -16 12 -16 12 -16 12 -16 11 -16 11 -16 10 -17 9 0 0 0 0 0 0 0 0 0 0 0 0 0 0 0 0 0 0 0 0 0 0 -21 10 -22 8 -22 8 -23 7 -23 6 -24 5 -23 6 -23 5 -24 5 -24 4 -24 4 -24 4 -24 4 -24 4 -24 5 -24 5 -23 5 -23 6 -23 6 -23 7 -23 7 -23 8 -21 9 -21 9 -21 10 -20 11 ]
2025-04-02 17:33:01,CSI_DATA,STA,D8:B1:90:DB:E8:90,-41,11,1,7,0,0,1,1,0,0,1,-94,0,3,0,254118461,0,110,0,0,99038.7,256,[110 96 6 0 -21 16 -20 17 -19 16 -18 16 -17 17 -17 17 -16 17 -16 16 -16 17 -16 17 -15 17 -15 18 -14 18 -15 18 -15 18 -14 19 -14 18 -14 18 -15 17 -15 17 -15 16 -15 16 -16 15 -17 14 -18 13 0 0 0 0 0 0 0 0 0 0 0 0 0 0 0 0 0 0 0 0 0 0 -19 16 -20 16 -20 12 -20 13 -21 11 -24 12 -22 14 -22 13 -23 13 -23 11 -26 13 -25 11 -26 11 -25 11 -25 11 -24 12 -24 12 -24 12 -23 13 -22 14 -22 14 -22 15 -22 15 -21
2025-04-02 17:33:04,CSI_DATA,STA,D8:B1:90:DB:E8:90,-42,11,1,7,0,0,1,0,0,0,1,-94,0,3,0,257126164,0,110,0,0,99041.7,256,[110 96 6 0 18 27 16 24 14 21 13 16 13 11 13 6 14 0 17 -4 18 -9 20 -13 23 -16 25 -17 26 -18 27 -17 27 -17 26 -16 25 -15 21 -14 20 -14 17 -13 14 -13 11 -12 8 -13 6 -12 5 -12 0 0 0 0 0 0 0 0 0 0 0 0 0 0 0 0 0 0 0 0 0 0 -17 -19 -13 -18 -11 -15 -10 -12 -10 -8 -11 -4 -14 0 -17 3 -21 4 -25 5 -27 4 -29 2 -30 0 -28 -3 -26 -5 -22 -7 -17 -7 -10 -6 -4 -5 2 -2 8 1 13 5 17 9 20 14 22 19 22 24 ]
2025-04-02 17:33:04,CSI_DATA,STA,D8:B1:90:DB:E8:90,-48,11,1,7,0,0,1,1,0,0,1,-94,0,3,0,257628573,0,110,0,0,99042.2,256,[110 96 6 0 -1 0 -1 1 0 1 27 -17 26 -18 25 -19 24 -20 14 -21 12 -21 10 -21 8 -23 4 29 5 29 7 29 8 29 -2 28 0 28 0 27 2 26 16 -24 15 -23 15 -23 14 -22 30 -12 30 -11 0 0 0 0 0 0 0 0 0 0 0 0 0 0 0 0 0 0 0 0 0 0 -1 -27 0 -28 7 -20 7 -20 7 -20 7 -21 10 -13 10 -14 9 -14 9 -14 5 -11 4 -11 4 -12 2 -11 10 -13 9 -12 8 -13 6 -13 9 -19 7 -19 5 -19 4 -19 17 3 18 3 18 3 41 -10 ]
2025-04-02 17:33:06,CSI_DATA,STA,D8:B1:90:DB:E8:90,-42,11,1,7,0,0,1,0,0,0,1,-94,0,3,0,259135609,0,110,0,0,99043.7,256,[110 96 6 0 -29 -9 -27 -8 -22 -6 -19 -3 -15 1 -11 5 -8 10 -5 15 -3 19 -1 23 0 26 1 29 1 31 1 31 1 31 1 30 1 27 1 24 2 21 3 18 4 15 5 12 7 9 8 7 8 5 0 0 0 0 0 0 0 0 0 0 0 0 0 0 0 0 0 0 0 0 0 0 13 19 9 17 7 14 7 11 7 6 9 2 11 -2 15 -5 19 -7 22 -8 25 -8 26 -7 27 -6 27 -3 25 -1 21 1 17 3 11 5 5 5 -1 6 -8 5 -14 4 -20 3 -25 1 -29 -2 -31 -5 ]
2025-04-02 17:33:06,CSI_DATA,STA,D8:B1:90:DB:E8:90,-41,11,1,7,0,0,1,1,0,0,1,-94,0,3,0,259634902,0,110,0,0,99044.2,256,[110 96 6 0 -17 17 -16 18 -15 17 -15 17 -14 17 -14 17 -13 17 -12 17 -12 17 -11 18 -11 18 -11 19 -11 19 -11 19 -11 19 -11 18 -11 18 -11 17 -11 17 -12 17 -12 17 -12 16 -13 15 -14 15 -15 14 0 0 0 0 0 0 0 0 0 0 0 0 0 0 0 0 0 0 0 0 0 0 -16 16 -17 16 -18 15 -19 15 -20 14 -22 13 -21 13 -20 13 -24 14 -23 13 -23 13 -23 12 -23 12 -23 12 -22 12 -22 13 -21 13 -21 13 -19 14 -19 14 -18 15 -19 16 -18 16 -18
2025-04-02 17:33:06,CSI_DATA,STA,D8:B1:90:DB:E8:90,-51,11,1,7,0,0,1,1,0,0,1,-94,0,3,0,260135319,0,110,0,0,99044.7,256,[110 96 6 0 -22 14 -24 11 -26 9 -18 18 -20 16 -21 14 -22 13 4 29 0 30 -3 30 -7 29 24 4 22 8 21 12 18 15 -6 7 -6 6 -8 5 -8 3 -3 -9 -1 -10 1 -10 2 -9 15 -36 21 -32 0 0 0 0 0 0 0 0 0 0 0 0 0 0 0 0 0 0 0 0 0 0 4 8 2 9 8 9 6 9 5 11 3 11 7 6 6 7 5 8 4 9 -13 -1 -13 -3 -13 -4 -12 -5 -23 16 -25 13 -27 10 -28 7 -15 8 -16 6 -18 5 -19 3 29 9 28 12 28 16 17 7 ]
2025-04-02 17:33:08,CSI_DATA,STA,D8:B1:90:DB:E8:90,-41,11,1,7,0,0,1,0,0,0,1,-94,0,3,0,262142875,0,110,0,0,99046.7,256,[110 96 6 0 -24 -31 -22 -28 -19 -24 -17 -19 -16 -13 -16 -7 -16 0 -18 6 -19 12 -20 17 -23 22 -25 24 -26 27 -27 27 -28 26 -27 25 -25 24 -23 22 -20 20 -17 18 -13 16 -8 15 -5 14 -2 13 1 13 0 0 0 0 0 0 0 0 0 0 0 0 0 0 0 0 0 0 0 0 0 0 8 26 5 24 3 20 4 16 6 11 9 7 13 4 18 2 23 1 27 1 30 3 32 5 32 7 30 9 27 11 22 11 17 11 10 10 4 8 -3 4 -10 0 -16 -5 -21 -10 -24 -16 -27 -22 -27 -27 ]
2025-04-02 17:33:09,CSI_DATA,STA,D8:B1:90:DB:E8:90,-41,11,1,7,0,0,1,1,0,0,1,-94,0,3,0,263143527,0,110,0,0,99047.7,256,[110 96 6 0 15 -20 15 -21 15 -20 13 -21 13 -21 12 -21 12 -21 11 -21 11 -21 10 -22 10 -22 10 -21 10 -22 9 -21 10 -22 10 -21 10 -21 10 -21 10 -21 11 -20 11 -19 11 -19 11 -18 14 -18 14 -17 0 0 0 0 0 0 0 0 0 0 0 0 0 0 0 0 0 0 0 0 0 0 14 -19 16 -18 16 -18 17 -18 18 -17 19 -17 20 -18 21 -18 22 -18 22 -18 21 -17 21 -17 21 -17 21 -17 21 -17 21 -17 20 -17 20 -17 19 -18 18 -18 18 -19 18 -20 17 -20 17 -
2025-04-02 17:33:12,CSI_DATA,STA,D8:B1:90:DB:E8:90,-41,11,1,7,0,0,1,0,0,0,1,-94,0,3,0,265651934,0,110,0,0,99050.2,256,[110 96 6 0 -38 -2 -35 -2 -30 -2 -26 0 -20 4 -16 8 -11 12 -8 17 -5 22 -3 26 -2 31 -2 34 -1 36 -2 37 -2 37 -3 35 -3 33 -2 31 -1 27 0 24 1 20 3 17 5 14 6 12 8 10 0 0 0 0 0 0 0 0 0 0 0 0 0 0 0 0 0 0 0 0 0 0 28 1 25 4 21 4 17 2 14 -1 12 -5 10 -10 10 -15 12 -20 14 -23 17 -25 20 -25 22 -24 23 -21 23 -18 21 -13 18 -9 13 -4 7 0 1 4 -7 7 -14 8 -21 9 -28 8 -33 7 -37 4 ]
2025-04-02 17:33:13,CSI_DATA,STA,D8:B1:90:DB:E8:90,-41,11,1,7,0,0,1,1,0,0,1,-94,0,3,0,266151877,0,110,0,0,99050.7,256,[110 96 6 0 2 -24 2 -24 2 -23 1 -24 1 -23 0 -23 0 -23 -2 -22 -2 -22 -2 -22 -3 -22 -3 -22 -3 -22 -3 -21 -3 -22 -2 -21 -2 -21 -2 -20 -1 -20 -1 -20 -1 -20 -1 -19 0 -19 2 -19 3 -19 0 0 0 0 0 0 0 0 0 0 0 0 0 0 0 0 0 0 0 0 0 0 3 -22 5 -22 5 -22 6 -23 7 -23 8 -23 8 -22 9 -22 9 -22 10 -23 10 -23 10 -23 10 -23 10 -23 9 -24 9 -24 9 -24 9 -24 7 -24 6 -23 6 -24 6 -24 3 -24 3 -24 3 -24 3 -25 ]
2025-04-02 17:33:13,CSI_DATA,STA,D8:B1:90:DB:E8:90,-41,11,1,7,0,0,1,1,0,0,1,-94,0,3,0,266651986,0,110,0,0,99051.2,256,[110 96 6 0 -6 -24 -7 -24 -6 -23 -7 -22 -8 -21 -9 -21 -9 -20 -9 -20 -10 -19 -10 -19 -11 -19 -10 -20 -10 -20 -10 -19 -9 -20 -9 -19 -9 -19 -9 -20 -8 -19 -8 -19 -7 -19 -7 -19 -7 -19 -6 -19 -5 -20 0 0 0 0 0 0 0 0 0 0 0 0 0 0 0 0 0 0 0 0 0 0 -7 -21 -6 -22 -4 -22 -4 -23 -3 -23 -2 -24 -1 -24 -1 -25 0 -25 0 -25 0 -25 1 -25 0 -25 1 -25 0 -25 0 -25 0 -25 0 -25 -2 -25 -2 -25 -3 -25 -3 -25 -4 -24 -4 -24
2025-04-02 17:33:14,CSI_DATA,STA,D8:B1:90:DB:E8:90,-41,11,1,7,0,0,1,1,0,0,1,-94,0,3,0,267152223,0,110,0,0,99051.7,256,[110 96 6 0 -23 -7 -23 -6 -22 -5 -22 -5 -22 -4 -22 -4 -21 -4 -22 -3 -21 -3 -21 -3 -22 -3 -21 -2 -21 -2 -21 -2 -21 -2 -20 -2 -20 -2 -20 -2 -20 -3 -20 -3 -20 -4 -19 -4 -19 -4 -19 -5 -18 -6 0 0 0 0 0 0 0 0 0 0 0 0 0 0 0 0 0 0 0 0 0 0 -21 -6 -21 -8 -21 -7 -21 -8 -21 -9 -22 -10 -22 -10 -22 -11 -22 -11 -22 -12 -22 -12 -22 -12 -22 -12 -22 -12 -21 -12 -22 -12 -22 -12 -22 -11 -22 -10 -22 -10 -23 -9 -2
