2025-05-21 13:45:24,CSI_DATA,STA,D8:B1:90:DB:E8:90,-52,11,1,6,0,0,1,0,0,0,1,-95,0,2,0,3759691257,0,110,0,0,81069.5,256,[110 96 6 0 13 -25 12 -24 12 -24 11 -24 12 -24 11 -24 10 -24 10 -24 9 -24 8 -24 8 -24 8 -24 7 -24 8 -24 8 -23 8 -23 8 -22 8 -22 8 -21 8 -20 8 -19 8 -19 8 -18 8 -19 9 -18 0 0 0 0 0 0 0 0 0 0 0 0 0 0 0 0 0 0 0 0 0 0 2 -17 3 -17 6 -17 7 -17 7 -17 8 -18 9 -19 9 -19 10 -19 10 -20 11 -20 12 -20 12 -20 12 -20 12 -20 12 -21 11 -21 12 -21 12 -22 12 -22 12 -23 12 -24 12 -25 12 -25 12 -26 11 -26 ]
2025-05-21 13:45:25,CSI_DATA,STA,D8:B1:90:DB:E8:90,-52,11,1,6,0,0,1,0,0,0,1,-95,0,2,0,3760191386,0,110,0,0,81070,256,[110 96 6 0 -28 -5 -29 -5 -27 -4 -28 -5 -28 -4 -28 -3 -27 -3 -27 -3 -27 -1 -27 -1 -27 -1 -26 -2 -27 -1 -25 -1 -26 -2 -25 -1 -25 -2 -24 -2 -23 -2 -24 -2 -24 -3 -23 -3 -22 -4 -22 -3 -22 -4 0 0 0 0 0 0 0 0 0 0 0 0 0 0 0 0 0 0 0 0 0 0 -16 -1 -16 -2 -17 -3 -18 -4 -18 -4 -19 -5 -19 -5 -21 -5 -21 -6 -22 -6 -22 -7 -22 -7 -23 -7 -23 -8 -24 -8 -24 -7 -25 -8 -25 -7 -25 -6 -25 -6 -26 -5 -27 -5 -27 -5 -28
2025-05-21 13:45:28,CSI_DATA,STA,D8:B1:90:DB:E8:90,-53,11,1,6,0,0,1,0,0,0,1,-95,0,2,0,3763704441,0,110,0,0,81073.5,256,[110 96 6 0 -10 -26 -10 -26 -10 -25 -10 -24 -11 -24 -11 -24 -10 -23 -10 -23 -11 -22 -11 -22 -11 -22 -11 -21 -12 -21 -11 -21 -11 -21 -10 -21 -10 -20 -10 -20 -9 -19 -9 -19 -8 -19 -8 -18 -7 -18 -7 -18 -6 -18 0 0 0 0 0 0 0 0 0 0 0 0 0 0 0 0 0 0 0 0 0 0 -9 -16 -8 -17 -8 -18 -7 -19 -7 -19 -6 -20 -6 -20 -6 -21 -5 -21 -5 -22 -5 -23 -5 -23 -5 -23 -5 -24 -5 -24 -5 -24 -6 -24 -6 -24 -7 -25 -7 -24 -8 -2
2025-05-21 13:45:29,CSI_DATA,STA,D8:B1:90:DB:E8:90,-52,11,1,6,0,0,1,0,0,0,1,-95,0,2,0,3764216723,0,110,0,0,81074,256,[110 96 6 0 7 12 8 10 8 7 8 4 8 0 8 -4 8 -9 8 -14 8 -18 8 -22 10 -27 11 -30 11 -33 13 -34 15 -34 16 -33 17 -31 16 -28 15 -25 13 -21 10 -17 6 -13 3 -10 -2 -8 -6 -7 0 0 0 0 0 0 0 0 0 0 0 0 0 0 0 0 0 0 0 0 0 0 2 0 1 2 0 4 -2 7 -4 9 -7 12 -10 15 -14 18 -18 20 -22 21 -26 21 -29 21 -32 21 -33 19 -33 18 -33 17 -31 15 -28 14 -25 14 -21 14 -17 13 -13 13 -9 13 -5 13 -1 14 1 14 ]
2025-05-21 13:45:29,CSI_DATA,STA,D8:B1:90:DB:E8:90,-52,11,1,7,0,0,1,0,0,0,1,-95,0,2,0,3764702256,0,110,0,0,81074.5,256,[110 96 6 0 27 6 28 5 27 5 27 6 27 4 27 3 26 3 27 2 26 2 26 2 26 2 26 2 26 2 26 2 25 1 25 2 25 2 24 2 23 2 22 2 21 2 21 3 20 3 21 4 20 5 0 0 0 0 0 0 0 0 0 0 0 0 0 0 0 0 0 0 0 0 0 0 18 -1 18 0 19 1 19 2 20 3 21 3 21 4 21 5 22 5 22 6 22 8 23 8 23 8 23 8 24 7 24 7 24 7 25 6 25 7 25 7 26 6 26 6 26 5 27 6 28 6 28 6 ]
2025-05-21 13:45:30,CSI_DATA,STA,D8:B1:90:DB:E8:90,-54,11,1,6,0,0,1,1,0,0,1,-95,0,2,0,3765203066,0,110,0,0,81075,256,[110 96 6 0 1 26 1 27 2 25 2 25 2 25 2 25 2 24 3 24 2 24 3 23 4 24 4 23 4 22 4 22 4 22 4 22 4 21 3 21 3 20 3 20 2 20 2 19 2 19 2 18 0 18 0 0 0 0 0 0 0 0 0 0 0 0 0 0 0 0 0 0 0 0 0 0 5 15 4 16 4 17 3 17 3 18 2 18 1 19 0 20 0 21 0 21 -2 21 -2 22 -2 22 -3 22 -3 21 -2 22 -1 22 -2 22 0 23 0 23 0 24 0 25 1 24 1 25 1 25 2 25 ]
2025-05-21 13:45:30,CSI_DATA,STA,D8:B1:90:DB:E8:90,-54,11,1,7,0,0,1,0,0,0,1,-95,0,2,0,3765702229,0,110,0,0,81075.5,256,[110 96 6 0 11 -25 11 -26 10 -25 11 -24 10 -24 10 -24 9 -24 9 -24 8 -24 7 -25 7 -24 7 -24 7 -23 7 -23 8 -23 7 -22 7 -21 7 -21 7 -20 7 -20 8 -20 7 -19 7 -19 8 -18 9 -18 0 0 0 0 0 0 0 0 0 0 0 0 0 0 0 0 0 0 0 0 0 0 3 -17 5 -17 6 -17 7 -17 8 -17 9 -17 10 -18 11 -18 11 -18 11 -19 12 -19 13 -19 13 -19 12 -19 13 -19 13 -19 13 -20 12 -20 12 -21 12 -21 12 -22 12 -23 11 -23 11 -24 12 -24 12 -25 ]
2025-05-21 13:45:31,CSI_DATA,STA,D8:B1:90:DB:E8:90,-56,11,1,7,0,0,1,0,0,0,1,-95,0,2,0,3766212670,0,110,0,0,81076,256,[110 96 6 0 -4 25 -4 25 -4 24 -3 24 -2 24 -1 23 -1 23 -1 22 0 22 -1 22 0 21 0 21 0 21 0 21 0 21 0 21 0 21 0 20 0 19 -1 19 0 18 -1 18 -2 17 -2 18 -2 18 0 0 0 0 0 0 0 0 0 0 0 0 0 0 0 0 0 0 0 0 0 0 2 15 1 15 -1 16 -1 17 -2 17 -2 18 -2 18 -3 19 -4 19 -4 19 -5 20 -5 20 -5 20 -5 20 -6 20 -6 20 -5 20 -5 21 -5 21 -5 21 -4 22 -4 22 -4 23 -4 23 -4 24 -3 24 ]
2025-05-21 13:45:34,CSI_DATA,STA,D8:B1:90:DB:E8:90,-52,11,1,7,0,0,1,0,0,0,1,-95,0,2,0,3769231107,0,110,0,0,81079,256,[110 96 6 0 -30 -8 -31 -7 -30 -7 -30 -7 -29 -6 -29 -6 -29 -5 -28 -4 -28 -4 -28 -4 -28 -4 -28 -3 -28 -3 -27 -2 -27 -2 -27 -2 -27 -3 -26 -3 -25 -4 -25 -4 -24 -4 -23 -5 -23 -5 -23 -6 -22 -7 0 0 0 0 0 0 0 0 0 0 0 0 0 0 0 0 0 0 0 0 0 0 -19 -3 -19 -4 -19 -5 -20 -6 -20 -7 -21 -7 -22 -7 -22 -8 -23 -9 -24 -10 -23 -10 -23 -11 -24 -11 -23 -11 -24 -11 -25 -10 -25 -10 -25 -10 -26 -10 -25 -9 -27 -8 -27 -9 -
2025-05-21 13:45:36,CSI_DATA,STA,D8:B1:90:DB:E8:90,-53,11,1,7,0,0,1,0,0,0,1,-95,0,2,0,3771736386,0,110,0,0,81081.5,256,[110 96 6 0 2 -28 1 -28 1 -27 1 -27 1 -27 0 -26 0 -26 -1 -25 -1 -25 -1 -25 -2 -24 -3 -24 -3 -24 -3 -24 -3 -23 -3 -23 -3 -23 -2 -22 -2 -22 -2 -21 -1 -21 -1 -20 0 -19 0 -19 1 -19 0 0 0 0 0 0 0 0 0 0 0 0 0 0 0 0 0 0 0 0 0 0 -2 -17 -1 -18 0 -19 0 -19 1 -20 2 -20 2 -21 3 -21 3 -21 3 -22 5 -23 6 -23 5 -24 5 -24 5 -24 4 -24 4 -24 4 -25 3 -25 3 -25 2 -26 2 -26 1 -27 1 -27 1 -27 1 -27 ]
2025-05-21 13:45:38,CSI_DATA,STA,D8:B1:90:DB:E8:90,-53,11,1,6,0,0,1,1,0,0,1,-95,0,2,0,3773272443,0,110,0,0,81083,256,[110 96 6 0 -24 -14 -25 -14 -23 -13 -24 -13 -24 -12 -24 -11 -24 -11 -23 -11 -22 -10 -23 -10 -22 -9 -22 -9 -22 -9 -21 -9 -22 -9 -21 -9 -21 -9 -20 -9 -20 -9 -19 -8 -18 -8 -18 -8 -18 -9 -16 -9 -16 -10 0 0 0 0 0 0 0 0 0 0 0 0 0 0 0 0 0 0 0 0 0 0 -16 -6 -16 -8 -16 -8 -17 -9 -16 -10 -17 -11 -17 -10 -18 -12 -18 -12 -18 -12 -18 -14 -18 -14 -18 -14 -18 -15 -19 -15 -19 -15 -20 -15 -20 -14 -20 -14 -20 -1
2025-05-21 13:45:40,CSI_DATA,STA,D8:B1:90:DB:E8:90,-53,11,1,7,0,0,1,0,0,0,1,-95,0,2,0,3775296352,0,110,0,0,81085.1,256,[110 96 6 0 -1 28 -1 28 -1 27 0 27 0 27 1 26 1 26 1 25 2 25 2 24 2 24 2 24 3 24 2 23 2 23 2 24 1 23 1 22 1 21 1 21 0 21 0 20 -1 19 -2 19 -3 19 0 0 0 0 0 0 0 0 0 0 0 0 0 0 0 0 0 0 0 0 0 0 1 16 0 16 -1 17 -1 17 -2 18 -2 19 -3 19 -3 20 -3 21 -4 21 -5 21 -5 21 -5 22 -5 22 -5 22 -5 22 -4 23 -4 23 -2 24 -2 24 -2 25 -1 25 -1 26 -1 26 -1 27 -1 27 ]
2025-05-21 13:45:41,CSI_DATA,STA,D8:B1:90:DB:E8:90,-55,11,1,7,0,0,1,0,0,0,1,-95,0,2,0,3775796384,0,110,0,0,81085.6,256,[110 96 6 0 -16 20 -16 21 -15 20 -14 19 -14 20 -14 19 -13 19 -13 20 -12 20 -12 20 -12 20 -11 20 -11 20 -11 20 -11 20 -10 19 -10 19 -10 18 -10 17 -10 17 -10 17 -10 16 -11 16 -11 15 -12 14 0 0 0 0 0 0 0 0 0 0 0 0 0 0 0 0 0 0 0 0 0 0 -7 13 -8 13 -9 12 -9 13 -10 12 -11 13 -12 13 -13 13 -13 14 -14 14 -15 14 -16 14 -15 14 -16 14 -16 14 -15 14 -16 14 -15 15 -16 15 -16 16 -16 17 -16 17 -15 18 -15 18
2025-05-21 13:45:41,CSI_DATA,STA,D8:B1:90:DB:E8:90,-54,11,1,7,0,0,1,0,0,0,1,-95,0,2,0,3776296624,0,110,0,0,81086.1,256,[110 96 6 0 26 -6 27 -7 26 -7 26 -5 25 -6 25 -7 25 -6 24 -7 24 -7 23 -8 23 -8 23 -7 22 -7 22 -8 22 -7 22 -7 22 -7 21 -7 20 -6 20 -6 20 -6 19 -5 19 -4 18 -4 18 -3 0 0 0 0 0 0 0 0 0 0 0 0 0 0 0 0 0 0 0 0 0 0 17 -7 18 -5 17 -5 18 -4 19 -4 20 -3 21 -2 21 -2 22 -2 23 -2 23 0 23 0 23 0 24 0 22 0 22 -1 23 -1 23 -2 25 -3 25 -3 25 -4 25 -5 26 -4 26 -5 27 -5 26 -6 ]
2025-05-21 13:45:42,CSI_DATA,STA,D8:B1:90:DB:E8:90,-53,11,1,7,0,0,1,1,0,0,1,-95,0,2,0,3776803899,0,110,0,0,81086.6,256,[110 96 6 0 -26 15 -26 15 -24 15 -24 15 -23 15 -23 15 -22 15 -22 15 -21 16 -21 16 -20 16 -21 16 -21 17 -20 16 -20 16 -20 16 -20 16 -19 15 -19 14 -18 14 -18 13 -18 13 -18 12 -18 11 -18 10 0 0 0 0 0 0 0 0 0 0 0 0 0 0 0 0 0 0 0 0 0 0 -15 13 -16 12 -16 11 -18 11 -18 10 -19 11 -20 11 -21 10 -21 10 -22 10 -23 11 -24 10 -23 10 -24 10 -24 9 -24 9 -24 10 -24 10 -25 11 -24 12 -24 12 -25 13 -25 14 -25
2025-05-21 13:45:45,CSI_DATA,STA,D8:B1:90:DB:E8:90,-55,11,1,7,0,0,1,1,0,0,1,-94,0,2,0,3779797929,0,110,0,0,81089.6,256,[110 96 6 0 -27 9 -27 9 -26 9 -26 9 -25 10 -25 11 -24 11 -24 11 -23 11 -23 11 -22 11 -23 10 -22 11 -21 11 -21 11 -21 11 -20 10 -20 10 -19 9 -19 10 -19 9 -19 9 -18 8 -19 7 -19 6 0 0 0 0 0 0 0 0 0 0 0 0 0 0 0 0 0 0 0 0 0 0 -16 7 -17 7 -18 6 -18 6 -19 6 -19 6 -20 5 -21 5 -21 5 -22 5 -23 3 -23 3 -24 3 -24 3 -23 2 -24 3 -25 3 -25 4 -25 4 -24 5 -26 6 -26 6 -27 7 -26 7 -27 7 -27 8 ]
2025-05-21 13:45:45,CSI_DATA,STA,D8:B1:90:DB:E8:90,-55,11,1,7,0,0,1,1,0,0,1,-94,0,2,0,3780298043,0,110,0,0,81090.1,256,[110 96 6 0 13 -25 13 -26 13 -25 12 -25 11 -25 11 -25 10 -25 9 -25 9 -24 9 -25 8 -25 8 -24 8 -24 8 -23 8 -23 8 -23 9 -23 8 -22 8 -21 8 -21 8 -20 8 -19 8 -18 8 -18 9 -17 0 0 0 0 0 0 0 0 0 0 0 0 0 0 0 0 0 0 0 0 0 0 4 -19 5 -19 6 -19 7 -19 8 -19 9 -20 10 -20 10 -21 11 -20 12 -21 13 -20 14 -20 13 -21 14 -21 15 -21 14 -20 14 -21 14 -21 14 -22 13 -22 13 -23 13 -24 12 -24 13 -24 13 -25 14 -26 ]
2025-05-21 13:45:46,CSI_DATA,STA,D8:B1:90:DB:E8:90,-54,11,1,7,0,0,1,1,0,0,1,-94,0,2,0,3780798014,0,110,0,0,81090.6,256,[110 96 6 0 6 26 6 26 7 25 7 25 7 24 8 24 8 23 9 24 8 23 8 23 8 22 9 22 9 22 9 21 9 21 8 21 7 20 7 20 7 19 7 19 7 19 6 19 5 19 4 18 2 18 0 0 0 0 0 0 0 0 0 0 0 0 0 0 0 0 0 0 0 0 0 0 6 16 5 16 5 17 4 17 4 19 3 19 3 20 3 21 2 22 2 22 1 23 1 22 1 23 1 23 2 23 2 24 2 24 3 24 3 24 4 25 5 25 5 26 5 24 5 25 6 26 7 26 ]
2025-05-21 13:45:46,CSI_DATA,STA,D8:B1:90:DB:E8:90,-54,11,1,7,0,0,1,1,0,0,1,-94,0,2,0,3781310660,0,110,0,0,81091.1,256,[110 96 6 0 -9 -28 -9 -27 -9 -26 -10 -26 -10 -25 -10 -25 -10 -25 -11 -24 -11 -24 -12 -23 -12 -23 -13 -23 -12 -23 -12 -23 -12 -22 -12 -22 -11 -21 -11 -21 -11 -21 -10 -20 -9 -20 -9 -20 -8 -20 -8 -20 -7 -20 0 0 0 0 0 0 0 0 0 0 0 0 0 0 0 0 0 0 0 0 0 0 -9 -16 -8 -17 -7 -18 -6 -19 -6 -20 -6 -20 -5 -21 -5 -21 -5 -22 -4 -23 -4 -24 -4 -24 -4 -24 -4 -24 -4 -24 -4 -24 -5 -24 -6 -25 -6 -24 -7 -24 -7 -25
2025-05-21 13:45:52,CSI_DATA,STA,D8:B1:90:DB:E8:90,-55,11,1,7,0,0,1,1,0,0,1,-94,0,2,0,3787315950,0,110,0,0,81097.1,256,[110 96 6 0 -23 17 -22 17 -21 17 -21 17 -20 17 -20 17 -19 17 -19 17 -19 17 -18 18 -18 18 -17 17 -17 17 -17 17 -17 16 -17 16 -16 16 -16 15 -16 14 -16 15 -15 14 -15 13 -16 12 -16 12 -16 11 0 0 0 0 0 0 0 0 0 0 0 0 0 0 0 0 0 0 0 0 0 0 -10 12 -10 12 -12 12 -13 12 -14 12 -14 12 -15 12 -16 12 -16 12 -17 12 -18 12 -18 12 -19 12 -19 13 -19 12 -20 12 -20 12 -19 13 -20 13 -20 13 -20 14 -21 14 -21 15 -2
2025-05-21 13:45:53,CSI_DATA,STA,D8:B1:90:DB:E8:90,-56,11,1,7,0,0,1,1,0,0,1,-94,0,2,0,3787818608,0,110,0,0,81097.6,256,[110 96 6 0 -16 -24 -16 -23 -16 -22 -15 -22 -15 -21 -16 -21 -15 -20 -16 -20 -16 -19 -17 -19 -17 -19 -17 -18 -16 -17 -17 -18 -16 -17 -16 -18 -15 -18 -15 -17 -14 -17 -14 -16 -14 -16 -13 -16 -12 -16 -12 -16 -11 -16 0 0 0 0 0 0 0 0 0 0 0 0 0 0 0 0 0 0 0 0 0 0 -11 -12 -10 -12 -11 -14 -10 -15 -10 -15 -10 -16 -9 -18 -9 -18 -9 -19 -9 -20 -9 -20 -8 -20 -9 -21 -9 -21 -9 -21 -10 -21 -10 -21 -11 -22 -12
2025-05-21 13:45:54,CSI_DATA,STA,D8:B1:90:DB:E8:90,-61,11,1,7,0,0,1,1,0,0,1,-95,0,2,0,3788827242,0,110,0,0,81098.6,256,[110 96 6 0 17 25 16 24 17 24 6 2 6 2 6 1 6 1 13 -15 14 -16 13 -16 13 -16 -6 13 -6 13 -6 13 -6 13 -6 7 -5 6 -5 6 -5 6 7 -10 7 -10 7 -10 7 -9 -4 11 -4 10 0 0 0 0 0 0 0 0 0 0 0 0 0 0 0 0 0 0 0 0 0 0 0 0 0 -1 -4 15 -5 16 -6 17 -6 16 -9 16 -10 16 -12 17 -13 17 -15 19 -16 19 -17 19 -17 19 -15 15 -16 17 -15 16 -15 17 16 2 16 2 17 2 17 2 23 13 23 14 24 14 24 17 ]
2025-05-21 13:45:56,CSI_DATA,STA,D8:B1:90:DB:E8:90,-56,11,1,7,0,0,1,1,0,0,1,-95,0,2,0,3790835008,0,110,0,0,81100.6,256,[110 96 6 0 19 18 19 17 19 17 19 15 19 15 19 15 19 14 19 15 19 14 19 13 20 14 20 14 20 13 19 13 19 13 19 13 19 13 18 13 17 13 17 13 16 12 16 13 15 13 15 14 14 15 0 0 0 0 0 0 0 0 0 0 0 0 0 0 0 0 0 0 0 0 0 0 12 6 11 7 11 8 11 9 11 10 11 10 11 11 11 12 11 13 11 13 12 13 12 14 12 15 12 15 13 16 13 16 13 16 14 16 14 16 14 16 15 16 16 17 17 16 18 16 18 17 18 17 ]
2025-05-21 13:45:57,CSI_DATA,STA,D8:B1:90:DB:E8:90,-57,11,1,7,0,0,1,1,0,0,1,-94,0,2,0,3791847105,0,110,0,0,81101.6,256,[110 96 6 0 -16 -21 -16 -21 -16 -20 -16 -19 -17 -19 -17 -19 -17 -18 -18 -17 -18 -17 -18 -17 -18 -17 -18 -17 -18 -16 -18 -16 -17 -16 -18 -16 -17 -16 -17 -16 -16 -15 -16 -17 -15 -17 -15 -16 -14 -17 -12 -17 -11 -17 0 0 0 0 0 0 0 0 0 0 0 0 0 0 0 0 0 0 0 0 0 0 -9 -10 -9 -10 -9 -12 -9 -12 -9 -13 -9 -13 -8 -15 -8 -15 -8 -16 -8 -17 -8 -17 -8 -17 -9 -18 -9 -18 -9 -19 -10 -19 -10 -19 -11 -19 -11 -19 -
2025-05-21 13:45:58,CSI_DATA,STA,D8:B1:90:DB:E8:90,-56,11,1,7,0,0,1,1,0,0,1,-94,0,2,0,3793342963,0,110,0,0,81103.1,256,[110 96 6 0 -18 20 -17 20 -17 20 -16 21 -16 20 -15 20 -14 20 -14 21 -13 21 -13 21 -12 21 -12 22 -12 21 -12 21 -11 21 -11 20 -11 20 -11 19 -10 18 -11 18 -11 17 -11 17 -11 16 -12 16 -12 15 0 0 0 0 0 0 0 0 0 0 0 0 0 0 0 0 0 0 0 0 0 0 -6 14 -7 14 -8 13 -8 14 -9 14 -10 14 -10 15 -11 15 -12 15 -13 16 -13 16 -14 16 -14 16 -14 16 -15 15 -16 16 -15 16 -16 17 -16 17 -16 17 -16 18 -16 18 -17 19 -17 19
2025-05-21 13:45:59,CSI_DATA,STA,D8:B1:90:DB:E8:90,-65,11,1,7,0,0,1,1,0,0,1,-94,0,2,0,3793842938,0,110,0,0,81103.6,256,[110 96 6 0 21 -12 22 -10 22 -10 14 -6 15 -6 15 -5 16 -4 10 0 11 -1 12 -1 13 -2 17 -17 16 -17 16 -17 16 -17 15 -17 15 -16 14 -16 14 -16 14 -17 13 -17 14 -17 15 -17 15 -16 17 -16 0 0 0 0 0 0 0 0 0 0 0 0 0 0 0 0 0 0 0 0 0 0 -31 13 -32 11 -19 6 -19 6 -20 5 -21 5 -17 -14 -18 -15 -18 -16 -18 -18 -5 -12 -5 -14 -6 -13 -6 -13 -28 9 -28 8 -28 10 -29 9 -21 7 -22 6 -22 7 -24 7 -8 7 -8 8 -9 8 13 -1 ]
2025-05-21 13:46:04,CSI_DATA,STA,D8:B1:90:DB:E8:90,-55,11,1,7,0,0,1,1,0,0,1,-94,0,2,0,3798912856,0,110,0,0,81108.7,256,[110 96 6 0 -15 -23 -16 -24 -15 -22 -16 -22 -17 -20 -17 -20 -17 -20 -16 -20 -16 -19 -16 -19 -17 -19 -18 -20 -18 -20 -17 -20 -17 -20 -16 -19 -16 -19 -16 -18 -15 -18 -16 -18 -15 -18 -14 -18 -13 -18 -13 -19 -12 -20 0 0 0 0 0 0 0 0 0 0 0 0 0 0 0 0 0 0 0 0 0 0 -10 -11 -10 -12 -9 -13 -9 -14 -9 -15 -9 -16 -10 -16 -10 -18 -9 -18 -10 -19 -9 -19 -9 -19 -9 -20 -9 -21 -10 -21 -10 -20 -11 -21 -11 -21 -12
2025-05-21 13:46:06,CSI_DATA,STA,D8:B1:90:DB:E8:90,-57,11,1,7,0,0,1,1,0,0,1,-94,0,2,0,3800920879,0,110,0,0,81110.7,256,[110 96 6 0 19 -18 18 -17 19 -17 19 -16 18 -16 18 -17 18 -16 17 -17 17 -18 16 -18 16 -17 14 -18 14 -18 14 -18 14 -18 15 -17 15 -17 14 -16 15 -16 14 -16 14 -15 14 -15 14 -14 14 -14 14 -14 0 0 0 0 0 0 0 0 0 0 0 0 0 0 0 0 0 0 0 0 0 0 9 -13 9 -12 10 -12 11 -12 12 -12 12 -12 13 -12 14 -12 15 -12 16 -12 17 -11 17 -11 17 -11 17 -11 16 -11 16 -12 16 -12 16 -13 18 -13 18 -13 18 -14 18 -14 18 -15 18 -
2025-05-21 13:46:10,CSI_DATA,STA,D8:B1:90:DB:E8:90,-55,11,1,7,0,0,1,1,0,0,1,-94,0,2,0,3805437732,0,110,0,0,81115.2,256,[110 96 6 0 -7 -28 -8 -27 -7 -27 -7 -27 -7 -26 -7 -26 -8 -26 -8 -25 -8 -24 -9 -24 -9 -24 -11 -24 -11 -24 -11 -24 -10 -23 -11 -23 -10 -22 -10 -22 -9 -22 -9 -22 -9 -22 -8 -22 -8 -22 -7 -21 -6 -22 0 0 0 0 0 0 0 0 0 0 0 0 0 0 0 0 0 0 0 0 0 0 -8 -15 -7 -16 -7 -17 -6 -18 -5 -18 -5 -19 -5 -20 -4 -21 -4 -21 -4 -22 -3 -22 -2 -23 -2 -23 -1 -23 -2 -24 -3 -25 -3 -24 -3 -25 -5 -24 -5 -25 -6 -25 -6 -26 -6
2025-05-21 13:46:11,CSI_DATA,STA,D8:B1:90:DB:E8:90,-55,11,1,7,0,0,1,1,0,0,1,-94,0,2,0,3805937456,0,110,0,0,81115.7,256,[110 96 6 0 -4 28 -4 29 -3 27 -3 27 -2 27 -1 26 -1 27 -1 26 0 26 0 25 1 25 1 25 2 25 2 25 2 24 2 26 2 25 1 24 1 24 0 23 0 23 0 22 -1 22 -2 22 -3 22 0 0 0 0 0 0 0 0 0 0 0 0 0 0 0 0 0 0 0 0 0 0 0 18 -1 18 -2 19 -2 19 -3 19 -4 20 -5 20 -6 21 -6 22 -7 22 -8 22 -8 22 -8 22 -8 22 -7 23 -7 24 -7 24 -6 25 -6 25 -5 25 -5 26 -5 27 -5 27 -5 28 -4 28 -5 27 ]
2025-05-21 13:46:11,CSI_DATA,STA,D8:B1:90:DB:E8:90,-55,11,1,7,0,0,1,1,0,0,1,-94,0,2,0,3806437094,0,110,0,0,81116.2,256,[110 96 6 0 -27 9 -26 9 -25 9 -24 10 -23 10 -24 10 -23 11 -23 11 -22 11 -22 11 -21 12 -21 12 -21 12 -20 12 -20 12 -21 12 -20 12 -20 11 -20 11 -20 11 -20 10 -19 10 -20 10 -19 9 -20 8 0 0 0 0 0 0 0 0 0 0 0 0 0 0 0 0 0 0 0 0 0 0 -16 7 -16 6 -17 6 -18 5 -18 5 -19 5 -20 5 -21 5 -22 5 -22 5 -23 4 -23 4 -23 3 -23 4 -23 4 -23 5 -23 5 -23 5 -24 5 -24 6 -24 6 -24 7 -25 8 -25 9 -26 9 -26 9 ]
2025-05-21 13:46:15,CSI_DATA,STA,D8:B1:90:DB:E8:90,-53,11,1,7,0,0,1,1,0,0,1,-95,0,2,0,3809962567,0,110,0,0,81119.7,256,[110 96 6 0 -29 -4 -29 -5 -28 -4 -28 -4 -27 -3 -27 -3 -27 -2 -26 -2 -26 -1 -26 -2 -26 -1 -27 -1 -27 -1 -27 -1 -27 -1 -26 -1 -26 0 -25 -1 -25 -1 -25 -1 -24 -2 -23 -2 -23 -3 -23 -2 -23 -3 0 0 0 0 0 0 0 0 0 0 0 0 0 0 0 0 0 0 0 0 0 0 -17 0 -17 -1 -18 -2 -19 -2 -19 -2 -20 -3 -21 -4 -21 -5 -21 -6 -21 -6 -22 -5 -22 -6 -22 -6 -23 -6 -24 -8 -24 -8 -24 -7 -25 -7 -25 -7 -26 -6 -26 -6 -26 -6 -27 -5 -28
2025-05-21 13:46:16,CSI_DATA,STA,D8:B1:90:DB:E8:90,-53,11,1,6,0,0,1,0,0,0,1,-95,0,2,0,3810945699,0,110,0,0,81120.7,256,[110 96 6 0 -18 -17 -16 -15 -15 -12 -13 -8 -11 -3 -9 2 -6 8 -4 14 -1 19 1 24 3 29 4 33 5 36 5 39 5 39 4 39 3 37 1 34 0 29 -1 24 -1 17 -1 12 -1 5 0 -1 3 -6 0 0 0 0 0 0 0 0 0 0 0 0 0 0 0 0 0 0 0 0 0 0 -7 -1 -4 -3 -1 -4 3 -5 7 -5 12 -6 17 -5 22 -4 27 -2 31 -1 34 1 35 3 37 5 36 6 33 7 30 7 27 6 22 4 17 2 13 0 7 -3 2 -6 -3 -9 -8 -12 -11 -14 -13 -16 ]
2025-05-21 13:46:19,CSI_DATA,STA,D8:B1:90:DB:E8:90,-61,11,1,7,0,0,1,0,0,0,0,-95,0,2,0,3814462114,0,110,0,0,81124.2,256,[110 96 6 0 -10 19 -11 18 -12 17 -8 10 -8 10 -9 10 -9 9 0 -4 0 -5 0 -4 1 -5 0 -25 2 -26 4 -26 5 -26 -17 33 -20 31 -21 28 -23 26 -8 7 -8 5 -9 4 -9 2 18 4 17 6 0 0 0 0 0 0 0 0 0 0 0 0 0 0 0 0 0 0 0 0 0 0 2 -9 3 -9 -22 -2 -22 -5 -22 -7 -22 -9 -13 0 -13 0 -14 -1 -14 -2 4 -8 5 -9 7 -8 8 -8 -8 2 -9 2 -9 1 -10 0 33 10 34 11 34 13 35 15 -15 -29 -15 -31 -14 -32 21 26 ]
2025-05-21 13:46:21,CSI_DATA,STA,D8:B1:90:DB:E8:90,-53,11,1,6,0,0,1,0,0,0,1,-95,0,2,0,3816455960,0,110,0,0,81126.2,256,[110 96 6 0 -25 3 -26 3 -25 3 -25 3 -24 3 -24 4 -23 4 -23 5 -23 5 -22 6 -22 6 -23 7 -22 7 -23 7 -22 7 -22 8 -21 7 -21 6 -20 6 -20 6 -20 6 -20 6 -20 5 -19 5 -19 3 0 0 0 0 0 0 0 0 0 0 0 0 0 0 0 0 0 0 0 0 0 0 -16 5 -17 4 -17 4 -18 3 -18 3 -18 3 -19 1 -20 1 -20 1 -21 0 -21 0 -22 0 -22 -1 -22 0 -21 0 -22 0 -22 1 -22 1 -23 2 -23 2 -23 2 -24 3 -25 2 -25 3 -25 3 -25 2 ]
2025-05-21 13:46:23,CSI_DATA,STA,D8:B1:90:DB:E8:90,-53,11,1,5,0,0,1,0,0,0,1,-95,0,2,0,3817962271,0,110,0,0,81127.7,256,[110 96 6 0 -29 -5 -28 -4 -28 -4 -27 -3 -27 -3 -27 -2 -26 -2 -27 -2 -27 -1 -26 -1 -26 -1 -26 0 -26 0 -26 0 -25 0 -26 0 -25 0 -25 -1 -24 -1 -24 -1 -23 -1 -23 -2 -23 -3 -23 -3 -22 -5 0 0 0 0 0 0 0 0 0 0 0 0 0 0 0 0 0 0 0 0 0 0 -18 1 -18 0 -19 -2 -19 -3 -20 -3 -20 -4 -20 -4 -20 -5 -21 -5 -22 -7 -21 -6 -22 -6 -22 -7 -22 -6 -23 -5 -24 -5 -24 -5 -25 -4 -25 -5 -25 -4 -26 -4 -26 -3 -27 -5 -27 -4 -28
2025-05-21 13:46:23,CSI_DATA,STA,D8:B1:90:DB:E8:90,-53,11,1,6,0,0,1,0,0,0,1,-95,0,2,0,3818462438,0,110,0,0,81128.2,256,[110 96 6 0 3 23 4 21 4 17 5 14 7 8 7 3 8 -3 9 -9 9 -15 10 -21 10 -26 11 -30 12 -33 13 -35 14 -36 15 -36 15 -34 14 -30 13 -27 12 -22 9 -16 7 -10 3 -5 0 0 -5 4 0 0 0 0 0 0 0 0 0 0 0 0 0 0 0 0 0 0 0 0 0 0 5 6 1 5 -2 4 -5 2 -9 0 -13 -3 -16 -7 -20 -10 -22 -15 -25 -18 -25 -22 -25 -25 -25 -26 -24 -27 -23 -26 -20 -23 -18 -21 -16 -17 -14 -12 -11 -7 -8 -2 -6 4 -4 9 -2 13 0 18 0 21 ]
2025-05-21 13:46:24,CSI_DATA,STA,D8:B1:90:DB:E8:90,-53,11,1,6,0,0,1,0,0,0,1,-95,0,2,0,3819476570,0,110,0,0,81129.2,256,[110 96 6 0 -19 -15 -18 -13 -16 -10 -13 -7 -11 -2 -8 2 -4 8 -1 12 2 17 6 22 9 26 11 30 12 32 14 35 14 35 13 36 12 34 10 32 8 28 6 24 3 18 1 12 -1 6 -1 0 -1 -7 0 0 0 0 0 0 0 0 0 0 0 0 0 0 0 0 0 0 0 0 0 0 -7 -3 -5 -4 -2 -5 2 -5 6 -6 11 -5 15 -5 20 -4 26 -3 30 0 32 3 34 5 35 6 34 7 32 7 30 6 26 5 23 4 18 2 13 -1 7 -3 2 -6 -3 -8 -7 -10 -11 -13 -14 -16 ]
2025-05-21 13:46:26,CSI_DATA,STA,D8:B1:90:DB:E8:90,-53,11,1,6,0,0,1,0,0,0,1,-95,0,2,0,3820972855,0,110,0,0,81130.7,256,[110 96 6 0 -24 -2 -23 0 -19 1 -15 3 -9 5 -4 7 2 8 9 10 15 10 21 11 27 11 31 13 34 13 38 14 38 14 38 15 36 14 32 14 28 13 23 11 17 10 11 7 4 5 -2 2 -8 -2 0 0 0 0 0 0 0 0 0 0 0 0 0 0 0 0 0 0 0 0 0 0 -8 -2 -6 -4 -3 -6 1 -7 5 -8 10 -9 15 -10 20 -11 26 -11 30 -10 34 -9 36 -7 37 -7 37 -6 35 -5 32 -5 28 -5 24 -4 18 -5 13 -4 6 -4 0 -4 -7 -4 -12 -4 -18 -4 -21 -3 ]
2025-05-21 13:46:26,CSI_DATA,STA,D8:B1:90:DB:E8:90,-53,11,1,7,0,0,1,1,0,0,1,-95,0,2,0,3821472993,0,110,0,0,81131.2,256,[110 96 6 0 20 -21 19 -21 19 -20 18 -20 17 -20 17 -21 17 -21 16 -21 16 -21 15 -21 14 -21 14 -22 14 -22 14 -21 14 -21 14 -21 14 -20 14 -20 14 -19 14 -19 14 -19 14 -18 15 -17 14 -17 15 -16 0 0 0 0 0 0 0 0 0 0 0 0 0 0 0 0 0 0 0 0 0 0 9 -15 10 -14 11 -15 12 -15 13 -15 14 -14 14 -15 15 -15 16 -15 17 -16 17 -15 18 -15 18 -15 18 -15 18 -15 19 -16 18 -16 18 -16 18 -17 18 -17 18 -18 19 -19 19 -18 19
2025-05-21 13:46:27,CSI_DATA,STA,D8:B1:90:DB:E8:90,-53,11,1,5,0,0,1,0,0,0,0,-95,0,2,0,3821974192,0,110,0,0,81131.7,256,[110 96 6 0 12 -18 10 -17 8 -14 4 -11 1 -8 -3 -4 -7 1 -11 5 -14 10 -17 15 -20 19 -22 22 -23 25 -25 27 -25 27 -25 27 -24 25 -22 23 -19 19 -17 15 -13 11 -9 6 -5 1 0 -3 4 -6 0 0 0 0 0 0 0 0 0 0 0 0 0 0 0 0 0 0 0 0 0 0 6 -4 6 -1 5 2 4 5 3 9 1 13 -1 17 -3 22 -6 26 -8 29 -11 31 -13 32 -14 32 -14 32 -13 30 -12 27 -10 24 -7 21 -5 16 -1 12 1 6 5 2 7 -3 9 -8 11 -11 13 -14 ]
2025-05-21 13:46:27,CSI_DATA,STA,D8:B1:90:DB:E8:90,-53,11,1,6,0,0,1,0,0,0,1,-95,0,2,0,3822472723,0,110,0,0,81132.2,256,[110 96 6 0 -20 12 -18 12 -13 11 -9 9 -4 7 1 5 8 2 13 -1 18 -5 23 -8 28 -11 31 -14 34 -15 36 -16 37 -17 36 -15 35 -14 32 -12 28 -10 23 -7 17 -5 11 -2 5 -1 -2 1 -8 2 0 0 0 0 0 0 0 0 0 0 0 0 0 0 0 0 0 0 0 0 0 0 -8 3 -7 -1 -6 -4 -4 -7 -2 -12 1 -15 5 -19 9 -23 12 -27 15 -29 19 -31 21 -32 22 -32 22 -31 21 -29 19 -27 16 -24 13 -21 9 -17 4 -13 0 -9 -5 -5 -10 -1 -13 3 -17 7 -20 9 ]
2025-05-21 13:46:33,CSI_DATA,STA,D8:B1:90:DB:E8:90,-52,11,1,6,0,0,1,0,0,0,1,-95,0,2,0,3827982451,0,110,0,0,81137.8,256,[110 96 6 0 2 25 3 25 3 25 3 25 3 24 3 24 4 24 4 24 4 23 4 23 5 22 5 23 5 22 5 22 5 22 5 22 4 20 4 20 4 20 4 19 4 19 3 19 2 19 2 19 1 19 0 0 0 0 0 0 0 0 0 0 0 0 0 0 0 0 0 0 0 0 0 0 5 13 4 14 3 15 3 15 2 16 2 16 1 17 0 18 0 19 0 19 -1 20 -2 20 -2 20 -2 21 -1 21 -1 21 -1 21 0 22 1 22 0 22 1 23 2 23 2 23 2 24 2 24 2 25 ]
2025-05-21 13:46:33,CSI_DATA,STA,D8:B1:90:DB:E8:90,-53,11,1,7,0,0,1,0,0,0,1,-95,0,2,0,3828483361,0,110,0,0,81138.3,256,[110 96 6 0 -18 -23 -19 -22 -17 -21 -17 -21 -18 -20 -18 -20 -18 -19 -18 -19 -18 -18 -18 -17 -18 -17 -19 -17 -19 -16 -19 -16 -18 -16 -18 -16 -18 -16 -17 -16 -17 -16 -17 -15 -16 -16 -16 -15 -15 -15 -15 -16 -14 -16 0 0 0 0 0 0 0 0 0 0 0 0 0 0 0 0 0 0 0 0 0 0 -12 -11 -12 -12 -11 -13 -12 -14 -11 -14 -12 -15 -11 -16 -12 -17 -11 -18 -11 -18 -11 -19 -11 -20 -12 -20 -12 -21 -12 -20 -13 -20 -13 -21 -1
2025-05-21 13:46:34,CSI_DATA,STA,D8:B1:90:DB:E8:90,-55,11,1,7,0,0,1,0,0,0,1,-94,0,2,0,3828982968,0,110,0,0,81138.8,256,[110 96 6 0 -27 -16 -27 -15 -26 -14 -26 -14 -26 -13 -26 -12 -25 -12 -26 -11 -25 -10 -25 -11 -25 -10 -26 -12 -25 -11 -25 -10 -25 -11 -24 -11 -24 -11 -23 -11 -22 -11 -21 -11 -21 -11 -20 -11 -19 -12 -19 -13 -18 -13 0 0 0 0 0 0 0 0 0 0 0 0 0 0 0 0 0 0 0 0 0 0 -17 -7 -16 -7 -17 -8 -18 -9 -18 -10 -18 -10 -18 -10 -18 -10 -19 -11 -19 -13 -20 -13 -21 -14 -21 -14 -21 -14 -20 -15 -21 -15 -22 -15 -22 -1
2025-05-21 13:46:39,CSI_DATA,STA,D8:B1:90:DB:E8:90,-54,11,1,7,0,0,1,0,0,0,1,-94,0,2,0,3834500267,0,110,0,0,81144.3,256,[110 96 6 0 -9 27 -9 29 -9 26 -8 28 -8 27 -7 27 -6 26 -6 26 -5 26 -5 26 -4 26 -4 26 -4 27 -4 25 -4 26 -4 24 -5 24 -5 23 -5 23 -6 22 -6 21 -6 21 -6 21 -7 20 -8 19 0 0 0 0 0 0 0 0 0 0 0 0 0 0 0 0 0 0 0 0 0 0 -3 16 -4 17 -5 17 -6 18 -6 18 -7 19 -7 19 -7 20 -8 20 -8 21 -10 21 -10 21 -9 22 -10 22 -11 22 -11 22 -11 23 -10 23 -11 24 -10 24 -10 25 -10 25 -10 26 -9 27 -9 27 -9 27 ]
2025-05-21 13:46:40,CSI_DATA,STA,D8:B1:90:DB:E8:90,-63,11,1,7,0,0,1,0,0,0,1,-94,0,2,0,3835000352,0,110,0,0,81144.8,256,[110 96 6 0 -22 -8 -22 -8 -22 -8 -21 -8 -21 -8 -20 -8 -20 -7 -20 -6 -19 -6 -19 -6 -19 -6 -19 -5 -19 -5 -19 -5 -18 -4 -19 -5 -18 -4 -18 -4 -17 -4 -17 -4 -17 -4 -17 -4 -18 -4 -17 -5 -17 -7 0 0 0 0 0 0 0 0 0 0 0 0 0 0 0 0 0 0 0 0 0 0 -13 -4 -13 -4 -13 -4 -13 -5 -13 -6 -14 -5 -15 -6 -15 -6 -14 -6 -15 -7 -15 -7 -16 -7 -16 -8 -16 -7 -16 -7 -17 -7 -18 -7 -18 -7 -18 -8 -19 -7 -20 -7 -20 -7 -21 -7 -2
2025-05-21 13:46:40,CSI_DATA,STA,D8:B1:90:DB:E8:90,-54,11,1,6,0,0,1,1,0,0,1,-94,0,2,0,3835502368,0,110,0,0,81145.3,256,[110 96 6 0 -10 -21 -11 -18 -9 -14 -9 -10 -8 -5 -7 1 -6 7 -5 13 -4 19 -4 25 -3 30 -4 34 -4 37 -4 39 -5 39 -7 39 -7 37 -8 33 -8 29 -8 24 -6 18 -5 12 -2 7 1 2 4 -2 0 0 0 0 0 0 0 0 0 0 0 0 0 0 0 0 0 0 0 0 0 0 -8 -1 -5 -3 -2 -4 2 -4 7 -5 11 -5 17 -4 22 -3 27 -1 31 1 34 3 36 6 37 7 36 8 34 9 31 8 28 6 24 5 20 2 15 -1 11 -5 6 -9 2 -12 -2 -15 -5 -18 -7 -20 ]
2025-05-21 13:46:41,CSI_DATA,STA,D8:B1:90:DB:E8:90,-53,11,1,7,0,0,1,1,0,0,1,-94,0,2,0,3836005433,0,110,0,0,81145.8,256,[110 96 6 0 -11 25 -11 25 -10 25 -10 24 -9 24 -8 24 -8 24 -7 23 -7 23 -7 23 -7 23 -6 23 -6 23 -6 23 -6 22 -5 23 -5 22 -5 21 -5 21 -6 20 -5 20 -6 19 -7 19 -7 18 -8 17 0 0 0 0 0 0 0 0 0 0 0 0 0 0 0 0 0 0 0 0 0 0 -5 15 -6 15 -6 15 -7 15 -8 16 -8 16 -9 16 -9 16 -10 17 -10 17 -11 18 -11 19 -11 19 -11 19 -10 19 -11 20 -10 20 -10 20 -10 21 -10 22 -10 23 -9 23 -10 23 -10 23 -10 24 -10 24 ]
2025-05-21 13:46:42,CSI_DATA,STA,D8:B1:90:DB:E8:90,-60,11,1,7,0,0,1,1,0,0,1,-95,0,2,0,3837024855,0,110,0,0,81146.8,256,[110 96 6 0 27 -24 27 -23 27 -23 2 -14 2 -14 1 -15 1 -14 -2 -12 -2 -12 -2 -12 -2 -12 3 15 3 15 3 16 3 16 5 -4 5 -4 4 -3 4 -2 0 -15 -1 -15 0 -15 0 -14 -22 -3 -21 -5 0 0 0 0 0 0 0 0 0 0 0 0 0 0 0 0 0 0 0 0 0 0 1 6 0 6 -19 10 -20 9 -21 9 -23 8 -23 6 -23 5 -25 6 -26 4 -25 2 -25 2 -26 1 -26 1 -25 -2 -26 -2 -26 -2 -27 -2 9 -10 11 -10 11 -10 11 -12 8 -22 8 -22 9 -23 17 -26 ]
2025-05-21 13:46:44,CSI_DATA,STA,D8:B1:90:DB:E8:90,-52,11,1,7,0,0,1,1,0,0,1,-95,0,2,0,3839514013,0,110,0,0,81149.3,256,[110 96 6 0 -12 25 -11 25 -11 24 -11 24 -9 24 -9 24 -9 24 -7 23 -8 23 -7 23 -7 23 -7 22 -7 23 -6 23 -6 22 -6 22 -6 21 -7 21 -7 20 -6 20 -6 19 -7 18 -7 18 -7 18 -8 17 0 0 0 0 0 0 0 0 0 0 0 0 0 0 0 0 0 0 0 0 0 0 -5 14 -6 15 -6 15 -7 15 -8 16 -9 16 -9 16 -9 17 -10 17 -10 18 -11 18 -11 19 -11 19 -11 19 -12 19 -13 20 -12 20 -13 21 -13 20 -12 21 -12 21 -11 22 -12 23 -11 23 -11 24 -12 24 ]
2025-05-21 13:46:47,CSI_DATA,STA,D8:B1:90:DB:E8:90,-54,11,1,7,0,0,1,1,0,0,1,-95,0,2,0,3842523597,0,110,0,0,81152.3,256,[110 96 6 0 26 8 25 7 26 7 25 7 25 6 25 6 25 5 25 5 25 5 24 4 24 4 23 3 22 3 23 3 22 3 21 3 21 3 20 3 20 4 19 3 18 3 18 3 18 4 17 4 17 5 0 0 0 0 0 0 0 0 0 0 0 0 0 0 0 0 0 0 0 0 0 0 17 0 17 1 17 3 17 3 18 4 18 4 19 6 19 7 19 7 20 8 20 9 20 10 21 10 20 10 20 9 21 9 21 9 22 9 22 9 23 8 23 8 24 8 25 8 25 8 25 8 26 7 ]
2025-05-21 13:46:48,CSI_DATA,STA,D8:B1:90:DB:E8:90,-62,11,1,7,0,0,1,1,0,0,1,-95,0,2,0,3843023485,0,110,0,0,81152.8,256,[110 96 6 0 19 -6 19 -5 19 -5 19 -6 18 -6 17 -7 17 -7 17 -7 15 -8 15 -9 14 -9 13 -10 13 -10 12 -10 12 -11 11 -11 11 -11 10 -12 9 -12 9 -13 8 -13 8 -13 8 -14 9 -14 10 -14 0 0 0 0 0 0 0 0 0 0 0 0 0 0 0 0 0 0 0 0 0 0 18 -20 20 -19 15 5 15 5 15 5 15 6 16 5 16 5 16 6 16 5 17 6 17 5 17 4 17 4 17 4 18 3 17 2 18 1 18 1 19 0 19 0 19 -1 20 -2 20 -3 20 -3 21 -3 ]
2025-05-21 13:46:48,CSI_DATA,STA,D8:B1:90:DB:E8:90,-54,11,1,7,0,0,1,1,0,0,1,-95,0,2,0,3843525497,0,110,0,0,81153.3,256,[110 96 6 0 15 22 15 22 16 22 16 21 15 21 16 20 16 20 17 18 17 18 16 17 17 17 17 17 17 17 17 17 17 17 18 16 17 15 16 15 16 15 15 16 15 16 14 16 14 15 13 16 12 17 0 0 0 0 0 0 0 0 0 0 0 0 0 0 0 0 0 0 0 0 0 0 11 10 10 12 10 13 9 13 9 14 9 14 9 15 9 16 9 17 9 17 9 17 9 17 9 18 10 18 10 19 10 19 11 19 11 19 12 20 13 20 13 20 14 20 14 21 14 21 14 21 15 21 ]
2025-05-21 13:47:02,CSI_DATA,STA,D8:B1:90:DB:E8:90,-60,11,1,7,0,0,1,0,0,0,0,-95,0,2,0,3857105424,0,110,0,0,81166.9,256,[110 96 6 0 21 -12 21 -12 22 -11 20 -14 20 -14 20 -14 21 -14 17 -11 18 -11 18 -11 18 -11 11 -12 12 -12 13 -12 14 -12 17 -11 18 -10 18 -10 19 -9 19 -2 20 -1 20 0 20 2 20 -2 20 1 0 0 0 0 0 0 0 0 0 0 0 0 0 0 0 0 0 0 0 0 0 0 -5 14 -6 14 -12 4 -12 4 -13 4 -13 2 -10 6 -12 7 -12 7 -14 7 1 17 1 17 1 17 1 17 6 2 6 1 7 1 7 0 16 -21 17 -22 18 -22 19 -23 17 -12 17 -12 18 -12 16 -14 ]
2025-05-21 13:47:02,CSI_DATA,STA,D8:B1:90:DB:E8:90,-53,11,1,6,0,0,1,0,0,0,1,-95,0,2,0,3857605333,0,110,0,0,81167.4,256,[110 96 6 0 28 3 28 2 28 2 27 2 27 1 28 1 28 0 26 0 27 -1 26 -1 26 -1 25 -1 25 -1 26 -1 25 -1 25 -1 25 -1 24 -1 24 0 23 0 22 1 22 1 22 2 22 3 22 4 0 0 0 0 0 0 0 0 0 0 0 0 0 0 0 0 0 0 0 0 0 0 16 0 16 0 16 2 16 2 17 3 18 4 19 4 20 5 20 5 20 6 21 6 21 7 22 6 22 7 22 7 22 7 23 6 24 6 24 5 25 5 25 4 26 4 26 3 27 4 27 3 28 2 ]
2025-05-21 13:47:07,CSI_DATA,STA,D8:B1:90:DB:E8:90,-52,11,1,6,0,0,1,0,0,0,1,-95,0,2,0,3862615336,0,110,0,0,81172.4,256,[110 96 6 0 -11 -18 -11 -15 -11 -12 -10 -8 -10 -3 -10 2 -9 7 -9 14 -9 19 -9 24 -9 30 -10 34 -11 37 -11 38 -12 39 -14 39 -14 37 -14 33 -13 29 -12 25 -11 19 -8 14 -5 9 -2 5 2 2 0 0 0 0 0 0 0 0 0 0 0 0 0 0 0 0 0 0 0 0 0 0 -6 0 -4 -2 -2 -3 2 -4 7 -6 11 -7 17 -6 22 -6 28 -5 33 -4 36 -1 39 1 40 3 39 5 38 6 35 6 32 6 28 5 23 2 19 0 14 -3 9 -6 5 -9 0 -12 -3 -15 -5 -17 ]
2025-05-21 13:47:10,CSI_DATA,STA,D8:B1:90:DB:E8:90,-55,11,1,5,0,0,1,0,0,0,1,-95,0,2,0,3865117507,0,110,0,0,81174.9,256,[110 96 6 0 26 -4 26 -5 26 -5 25 -5 25 -5 25 -6 24 -6 24 -8 23 -8 23 -9 23 -8 23 -7 23 -7 23 -7 23 -7 23 -7 22 -7 22 -7 21 -7 20 -6 20 -6 20 -5 20 -5 20 -4 20 -3 0 0 0 0 0 0 0 0 0 0 0 0 0 0 0 0 0 0 0 0 0 0 14 -5 14 -5 15 -4 15 -4 16 -4 16 -3 18 -2 18 -2 19 -2 19 -2 20 -1 21 -1 21 -1 21 -1 20 0 21 -1 20 -1 21 -2 23 -2 24 -2 24 -3 25 -4 25 -2 25 -3 25 -3 26 -3 ]
2025-05-21 13:47:12,CSI_DATA,STA,D8:B1:90:DB:E8:90,-53,11,1,7,0,0,1,0,0,0,0,-95,0,2,0,3867122234,0,110,0,0,81176.9,256,[110 96 6 0 -4 -29 -4 -29 -4 -28 -4 -28 -5 -28 -5 -27 -6 -27 -6 -27 -6 -26 -7 -26 -7 -25 -8 -26 -8 -25 -7 -25 -7 -25 -7 -24 -7 -24 -7 -24 -6 -23 -6 -23 -6 -23 -5 -22 -5 -22 -4 -22 -3 -21 0 0 0 0 0 0 0 0 0 0 0 0 0 0 0 0 0 0 0 0 0 0 -4 -15 -3 -16 -3 -16 -3 -17 -2 -18 -1 -18 -1 -18 -1 -19 0 -20 0 -21 1 -22 1 -22 1 -23 1 -23 0 -24 0 -24 0 -25 -1 -25 -1 -25 -1 -25 -2 -26 -2 -27 -3 -27 -2 -28 -3 -
2025-05-21 13:47:13,CSI_DATA,STA,D8:B1:90:DB:E8:90,-53,11,1,7,0,0,1,0,0,0,0,-95,0,2,0,3868137867,0,110,0,0,81177.9,256,[110 96 6 0 -22 18 -21 18 -21 17 -20 17 -20 18 -19 18 -18 18 -18 18 -18 18 -17 18 -17 18 -16 18 -16 18 -16 18 -16 17 -15 17 -16 17 -15 16 -15 16 -15 16 -15 15 -15 14 -15 14 -16 12 -16 11 0 0 0 0 0 0 0 0 0 0 0 0 0 0 0 0 0 0 0 0 0 0 -11 10 -12 10 -13 10 -14 10 -15 10 -15 10 -16 10 -17 11 -18 11 -18 11 -19 10 -20 10 -20 10 -20 10 -20 11 -21 12 -21 12 -21 12 -21 13 -21 14 -21 14 -21 15 -21 16 -2
2025-05-21 13:47:13,CSI_DATA,STA,D8:B1:90:DB:E8:90,-53,11,1,7,0,0,1,0,0,0,0,-95,0,2,0,3868622284,0,110,0,0,81178.4,256,[110 96 6 0 27 5 27 5 26 5 26 6 26 4 25 5 25 4 25 3 25 2 25 2 25 1 24 2 23 1 24 1 23 1 24 1 23 1 22 1 21 1 21 1 20 1 20 2 19 2 20 2 19 3 0 0 0 0 0 0 0 0 0 0 0 0 0 0 0 0 0 0 0 0 0 0 15 -1 15 0 16 1 16 2 17 2 18 3 18 5 19 5 19 6 20 7 20 7 20 8 21 8 21 8 21 8 22 8 22 8 23 8 23 6 23 6 24 6 25 5 24 6 26 6 26 6 27 5 ]
2025-05-21 13:47:14,CSI_DATA,STA,D8:B1:90:DB:E8:90,-53,11,1,7,0,0,1,1,0,0,1,-95,0,2,0,3869125300,0,110,0,0,81178.9,256,[110 96 6 0 24 -7 23 -7 23 -7 24 -7 23 -7 23 -8 23 -8 21 -9 21 -9 20 -9 20 -9 20 -9 20 -9 19 -9 19 -9 19 -9 19 -9 18 -9 18 -8 18 -8 17 -7 17 -7 17 -6 18 -6 18 -5 0 0 0 0 0 0 0 0 0 0 0 0 0 0 0 0 0 0 0 0 0 0 12 -7 13 -6 13 -6 14 -5 15 -5 15 -5 16 -5 16 -5 17 -4 18 -4 18 -4 19 -3 20 -3 20 -3 20 -3 20 -3 20 -4 21 -4 21 -5 21 -5 22 -5 22 -5 23 -6 23 -6 24 -6 24 -7 ]
2025-05-21 13:47:22,CSI_DATA,STA,D8:B1:90:DB:E8:90,-55,11,1,7,0,0,1,0,0,0,1,-94,0,2,0,3877711957,0,110,0,0,81187.5,256,[110 96 6 0 -1 28 0 27 0 27 -1 27 0 26 0 26 0 25 1 24 2 23 2 23 3 24 2 23 2 23 3 23 2 22 3 23 2 23 2 22 1 22 1 21 1 21 1 21 1 20 0 20 -1 20 0 0 0 0 0 0 0 0 0 0 0 0 0 0 0 0 0 0 0 0 0 0 2 14 1 14 -1 15 -1 16 -1 16 -2 17 -3 18 -3 18 -3 19 -3 20 -4 20 -4 20 -4 21 -4 21 -4 20 -4 22 -4 21 -3 22 -2 24 -2 24 -1 25 -1 25 -1 25 0 25 0 26 -1 27 ]
2025-05-21 13:47:23,CSI_DATA,STA,D8:B1:90:DB:E8:90,-55,11,1,7,0,0,1,1,0,0,0,-94,0,2,0,3878216508,0,110,0,0,81188,256,[110 96 6 0 4 27 4 27 5 27 5 26 4 26 5 25 5 25 5 24 5 23 7 23 7 23 7 24 7 24 8 23 7 23 6 23 5 22 5 21 5 21 4 20 4 20 4 19 3 19 2 20 0 20 0 0 0 0 0 0 0 0 0 0 0 0 0 0 0 0 0 0 0 0 0 0 3 14 2 14 2 15 2 15 2 16 2 17 1 18 1 17 0 19 0 19 0 20 -1 22 0 21 0 22 0 22 1 23 1 23 2 24 3 24 2 24 3 24 4 25 3 25 4 26 4 26 4 26 ]
2025-05-21 13:47:24,CSI_DATA,STA,D8:B1:90:DB:E8:90,-55,11,1,7,0,0,1,0,0,0,1,-94,0,2,0,3878727244,0,110,0,0,81188.5,256,[110 96 6 0 25 -14 24 -13 24 -13 24 -13 23 -13 23 -14 23 -14 22 -14 21 -15 21 -15 20 -15 20 -16 20 -15 20 -15 20 -15 19 -15 19 -15 19 -14 18 -13 18 -13 18 -13 18 -12 17 -12 18 -11 18 -9 0 0 0 0 0 0 0 0 0 0 0 0 0 0 0 0 0 0 0 0 0 0 12 -11 12 -10 14 -8 14 -8 15 -8 16 -8 16 -7 17 -7 18 -7 19 -7 20 -8 21 -7 21 -8 21 -7 22 -8 22 -9 22 -9 23 -9 22 -10 23 -10 23 -11 24 -12 24 -12 24 -12 25 -13 25 -1
2025-05-21 13:47:25,CSI_DATA,STA,D8:B1:90:DB:E8:90,-64,11,1,7,0,0,1,0,0,0,1,-94,0,2,0,3879718273,0,110,0,0,81189.5,256,[110 96 6 0 -12 10 -14 9 -13 10 -2 5 -2 7 -1 7 -1 6 -8 -3 -8 -2 -8 -3 -7 -4 7 -11 6 -10 6 -10 5 -9 9 -18 8 -17 8 -17 8 -17 -9 -38 -6 -39 -3 -39 -1 -37 -1 9 -1 9 0 0 0 0 0 0 0 0 0 0 0 0 0 0 0 0 0 0 0 0 0 0 2 6 1 6 -5 0 -6 0 -6 -1 -7 -1 -12 6 -13 5 -15 4 -15 5 -36 7 -37 5 -38 5 -40 4 -21 -5 -20 -5 -20 -5 -19 -6 -19 3 -20 4 -20 3 -21 2 -18 11 -20 10 -20 10 -8 7 ]
2025-05-21 13:47:28,CSI_DATA,STA,D8:B1:90:DB:E8:90,-55,11,1,7,0,0,1,0,0,0,1,-94,0,2,0,3883237428,0,110,0,0,81193,256,[110 96 6 0 -29 -6 -28 -5 -28 -5 -26 -4 -27 -4 -26 -3 -26 -3 -26 -3 -26 -2 -25 -2 -25 -2 -25 -1 -25 -1 -25 0 -24 0 -24 0 -23 0 -23 0 -22 -1 -22 -1 -22 -1 -22 -1 -21 -2 -21 -3 -21 -5 0 0 0 0 0 0 0 0 0 0 0 0 0 0 0 0 0 0 0 0 0 0 -16 0 -16 -1 -17 -2 -17 -3 -17 -3 -17 -4 -18 -4 -19 -5 -19 -6 -20 -7 -20 -6 -21 -7 -21 -8 -21 -8 -22 -7 -23 -7 -22 -6 -24 -6 -23 -7 -24 -6 -25 -6 -25 -6 -26 -5 -27 -5 -27
2025-05-21 13:47:32,CSI_DATA,STA,D8:B1:90:DB:E8:90,-55,11,1,7,0,0,1,1,0,0,1,-94,0,2,0,3886759744,0,110,0,0,81196.5,256,[110 96 6 0 12 24 12 23 12 23 12 23 13 22 13 22 13 21 13 21 13 20 13 20 13 19 14 19 14 19 14 18 13 18 14 18 13 17 13 17 12 17 11 17 11 17 10 17 10 17 9 17 8 17 0 0 0 0 0 0 0 0 0 0 0 0 0 0 0 0 0 0 0 0 0 0 10 10 9 11 9 12 8 13 8 14 9 14 8 16 8 16 8 17 7 18 7 18 7 18 7 19 7 19 8 20 9 20 9 19 10 21 9 21 9 21 10 21 11 21 11 22 12 23 12 23 11 22 ]
2025-05-21 13:47:35,CSI_DATA,STA,D8:B1:90:DB:E8:90,-55,11,1,7,0,0,1,1,0,0,1,-95,0,2,0,3889815137,0,110,0,0,81199.6,256,[110 96 6 0 -28 0 -27 0 -27 0 -26 1 -26 2 -25 2 -25 2 -25 3 -24 3 -24 4 -24 3 -24 4 -23 4 -23 4 -23 4 -23 4 -22 4 -22 3 -22 3 -21 3 -21 2 -21 2 -20 1 -20 0 -20 -1 0 0 0 0 0 0 0 0 0 0 0 0 0 0 0 0 0 0 0 0 0 0 -14 4 -15 3 -16 2 -16 1 -17 1 -18 1 -18 0 -18 -1 -19 -2 -20 -2 -21 -3 -21 -3 -22 -4 -22 -4 -22 -4 -23 -4 -23 -3 -23 -3 -23 -3 -24 -2 -24 -1 -25 -1 -25 -1 -25 -1 -26 0 -26 0 ]
2025-05-21 13:47:36,CSI_DATA,STA,D8:B1:90:DB:E8:90,-57,11,1,7,0,0,1,1,0,0,1,-94,0,2,0,3891323069,0,110,0,0,81201.1,256,[110 96 6 0 -22 13 -22 13 -21 13 -20 13 -20 13 -20 13 -20 13 -19 14 -18 14 -17 14 -17 14 -18 14 -18 14 -17 14 -17 14 -17 14 -17 13 -17 13 -17 12 -17 12 -17 11 -17 11 -17 10 -17 9 -17 8 0 0 0 0 0 0 0 0 0 0 0 0 0 0 0 0 0 0 0 0 0 0 -9 9 -10 9 -11 8 -12 8 -12 8 -13 8 -14 9 -15 9 -15 8 -16 9 -17 8 -18 8 -18 8 -18 8 -18 8 -19 8 -19 9 -19 9 -19 10 -19 10 -19 10 -20 10 -20 12 -20 13 -21 13 -21 13 ]
2025-05-21 13:47:37,CSI_DATA,STA,D8:B1:90:DB:E8:90,-65,11,1,7,0,0,1,1,0,0,1,-94,0,2,0,3891824790,0,110,0,0,81201.6,256,[110 96 6 0 3 -21 2 -20 2 -20 1 -20 1 -19 0 -19 -1 -18 -2 -18 -2 -18 -3 -16 -5 -16 -5 -15 -6 -14 -7 -14 -7 -14 -8 -13 -8 -12 -9 -12 -11 -12 -11 -12 -12 -12 -13 -12 -13 -12 -14 -13 -14 -14 0 0 0 0 0 0 0 0 0 0 0 0 0 0 0 0 0 0 0 0 0 0 0 -35 4 -36 11 -23 13 -23 15 -23 16 -22 0 -32 1 -32 1 -33 2 -34 11 -11 11 -12 10 -12 10 -12 9 -13 9 -13 9 -15 8 -16 7 -16 7 -17 6 -18 6 -18 5 -19 4 -19 4 -20 5 -2
2025-05-21 13:47:37,CSI_DATA,STA,D8:B1:90:DB:E8:90,-55,11,1,7,0,0,1,1,0,0,1,-94,0,2,0,3892327229,0,110,0,0,81202.1,256,[110 96 6 0 7 26 7 26 7 25 8 25 8 24 8 23 9 23 10 23 10 22 10 21 10 21 11 21 10 21 10 21 10 20 10 20 10 20 9 20 9 19 9 19 8 19 8 18 7 19 7 18 5 18 0 0 0 0 0 0 0 0 0 0 0 0 0 0 0 0 0 0 0 0 0 0 8 13 8 13 7 14 6 15 6 16 6 17 6 18 5 18 5 20 5 20 4 21 4 21 4 22 4 22 4 22 4 22 5 22 5 23 4 23 5 24 6 24 6 25 6 25 7 25 7 26 7 25 ]
2025-05-21 13:47:40,CSI_DATA,STA,D8:B1:90:DB:E8:90,-53,11,1,6,0,0,1,0,0,0,1,-95,0,2,0,3895358852,0,110,0,0,81205.1,256,[110 96 6 0 -4 -17 -6 -16 -7 -13 -8 -11 -10 -7 -13 -4 -15 1 -18 4 -21 7 -23 10 -27 13 -30 15 -32 16 -34 16 -35 15 -35 14 -34 12 -32 9 -29 7 -25 5 -21 4 -16 3 -11 4 -7 5 -3 6 0 0 0 0 0 0 0 0 0 0 0 0 0 0 0 0 0 0 0 0 0 0 -2 2 -1 0 0 -2 2 -4 5 -7 8 -9 12 -11 17 -13 22 -13 26 -13 30 -12 34 -10 35 -8 36 -6 36 -4 33 -2 31 -2 28 -2 24 -3 20 -4 16 -6 12 -8 8 -10 6 -13 3 -14 2 -16 ]
2025-05-21 13:47:42,CSI_DATA,STA,D8:B1:90:DB:E8:90,-53,11,1,6,0,0,1,0,0,0,1,-95,0,2,0,3896868233,0,110,0,0,81206.6,256,[110 96 6 0 27 7 27 7 27 6 27 6 26 6 26 5 25 5 25 5 25 4 24 3 24 3 25 2 24 3 25 2 24 2 24 2 23 2 22 2 22 2 21 2 21 2 20 3 20 3 21 3 20 5 0 0 0 0 0 0 0 0 0 0 0 0 0 0 0 0 0 0 0 0 0 0 17 0 17 1 16 4 17 5 18 5 18 6 19 7 19 7 20 8 20 8 21 9 21 9 20 10 21 10 21 11 21 11 22 10 23 10 23 9 23 9 23 9 24 9 25 8 26 8 26 8 26 7 ]
2025-05-21 13:47:42,CSI_DATA,STA,D8:B1:90:DB:E8:90,-65,11,1,7,0,0,1,0,0,0,0,-95,0,2,0,3897368558,0,110,0,0,81207.1,256,[110 96 6 0 12 26 13 25 12 25 12 26 12 24 11 24 12 22 11 22 11 21 10 21 12 20 12 20 13 19 12 19 13 18 13 18 13 16 13 17 13 17 14 17 14 17 13 18 13 17 13 19 12 20 0 0 0 0 0 0 0 0 0 0 0 0 0 0 0 0 0 0 0 0 0 0 9 13 8 13 8 15 8 14 7 14 7 15 7 16 8 17 8 17 7 18 9 18 8 19 8 17 10 18 10 20 8 19 9 19 11 20 10 22 11 22 13 21 14 21 13 23 14 24 13 24 14 24 ]
2025-05-21 13:47:43,CSI_DATA,STA,D8:B1:90:DB:E8:90,-53,11,1,5,0,0,1,0,0,0,1,-95,0,2,0,3898373211,0,110,0,0,81208.1,256,[110 96 6 0 15 -25 15 -25 14 -24 15 -24 13 -24 13 -24 12 -23 11 -23 11 -23 11 -23 11 -23 10 -23 10 -23 9 -22 9 -23 9 -23 9 -23 8 -22 9 -21 9 -20 9 -19 9 -19 10 -18 10 -18 11 -18 0 0 0 0 0 0 0 0 0 0 0 0 0 0 0 0 0 0 0 0 0 0 6 -16 8 -15 9 -16 10 -16 10 -16 12 -16 11 -17 12 -17 13 -17 14 -18 15 -17 15 -17 16 -17 16 -17 15 -18 15 -19 15 -19 16 -19 15 -21 15 -21 15 -22 15 -23 15 -23 15 -24 16 -24
2025-05-21 13:47:45,CSI_DATA,STA,D8:B1:90:DB:E8:90,-53,11,1,6,0,0,1,0,0,0,1,-95,0,2,0,3899875655,0,110,0,0,81209.6,256,[110 96 6 0 9 -16 6 -16 4 -14 0 -13 -3 -12 -7 -10 -11 -8 -16 -8 -21 -7 -25 -6 -29 -5 -32 -6 -35 -7 -36 -8 -36 -9 -36 -10 -34 -11 -32 -11 -28 -11 -24 -11 -20 -9 -16 -7 -12 -4 -9 0 -7 3 0 0 0 0 0 0 0 0 0 0 0 0 0 0 0 0 0 0 0 0 0 0 -4 0 -2 -1 0 -2 4 -2 8 -2 12 -2 16 0 20 2 25 5 28 7 30 11 32 15 32 17 31 19 29 20 27 20 24 19 22 17 20 13 18 10 16 6 15 2 13 -2 12 -6 11 -9 12 -12 ]
2025-05-21 13:47:45,CSI_DATA,STA,D8:B1:90:DB:E8:90,-53,11,1,6,0,0,1,0,0,0,1,-95,0,2,0,3900374919,0,110,0,0,81210.1,256,[110 96 6 0 15 -4 13 -5 11 -6 8 -8 4 -10 0 -12 -4 -13 -8 -15 -12 -17 -15 -20 -18 -22 -20 -24 -22 -26 -23 -27 -22 -28 -21 -29 -19 -28 -18 -27 -15 -25 -13 -22 -10 -18 -8 -14 -7 -9 -6 -5 -7 -1 0 0 0 0 0 0 0 0 0 0 0 0 0 0 0 0 0 0 0 0 0 0 -2 -3 0 -2 1 0 3 2 6 5 7 9 9 13 10 17 10 22 10 26 8 30 7 33 5 35 2 35 1 34 -1 33 -1 30 0 27 1 23 2 19 4 16 6 12 8 8 10 5 12 3 15 1 ]
2025-05-21 13:47:46,CSI_DATA,STA,D8:B1:90:DB:E8:90,-52,11,1,6,0,0,1,0,0,0,1,-95,0,2,0,3900881635,0,110,0,0,81210.6,256,[110 96 6 0 -15 -6 -14 -4 -13 -2 -12 1 -11 4 -9 7 -7 11 -7 15 -5 18 -4 22 -5 25 -5 28 -6 30 -6 32 -7 32 -8 32 -9 30 -10 28 -10 24 -9 21 -8 17 -6 13 -3 10 0 7 3 5 0 0 0 0 0 0 0 0 0 0 0 0 0 0 0 0 0 0 0 0 0 0 0 1 -1 0 -1 -2 -2 -5 -3 -8 -3 -12 -2 -15 -2 -20 0 -24 2 -28 5 -29 8 -31 10 -32 12 -31 14 -30 14 -29 13 -26 12 -24 10 -22 8 -19 4 -17 1 -15 -2 -13 -6 -11 -8 -11 -11 -10 ]
2025-05-21 13:47:47,CSI_DATA,STA,D8:B1:90:DB:E8:90,-54,11,1,5,0,0,1,0,0,0,0,-94,0,2,0,3901906484,0,110,0,0,81211.7,256,[110 96 6 0 5 -16 3 -15 2 -14 -2 -13 -5 -11 -9 -9 -13 -7 -18 -7 -21 -6 -25 -5 -29 -5 -32 -5 -34 -6 -35 -6 -36 -8 -35 -9 -33 -10 -30 -10 -27 -10 -23 -9 -19 -8 -15 -6 -12 -3 -9 1 -7 4 0 0 0 0 0 0 0 0 0 0 0 0 0 0 0 0 0 0 0 0 0 0 -3 1 -1 0 1 -2 4 -3 7 -4 12 -4 16 -4 20 -4 25 -3 28 0 32 3 34 6 35 8 34 10 33 11 31 12 28 12 26 10 23 8 20 6 17 2 15 -1 13 -5 11 -8 10 -11 10 -13 ]
2025-05-21 13:47:48,CSI_DATA,STA,D8:B1:90:DB:E8:90,-55,11,1,6,0,0,1,0,0,0,1,-94,0,2,0,3902929935,0,110,0,0,81212.7,256,[110 96 6 0 16 -5 14 -6 12 -8 9 -9 5 -11 2 -14 -1 -16 -6 -19 -9 -22 -11 -25 -14 -27 -16 -30 -16 -32 -16 -34 -16 -34 -14 -35 -13 -34 -11 -32 -8 -29 -7 -26 -5 -21 -5 -17 -5 -12 -6 -7 -8 -3 0 0 0 0 0 0 0 0 0 0 0 0 0 0 0 0 0 0 0 0 0 0 -2 -1 -1 0 2 1 4 3 7 4 10 7 13 11 16 15 17 20 18 25 17 29 16 33 14 34 12 36 10 35 8 34 7 31 8 29 7 24 8 21 9 17 11 13 12 9 13 6 15 4 16 1 ]
2025-05-21 13:47:51,CSI_DATA,STA,D8:B1:90:DB:E8:90,-53,11,1,6,0,0,1,0,0,0,1,-95,0,2,0,3905997931,0,110,0,0,81215.8,256,[110 96 6 0 20 -17 20 -17 21 -17 20 -17 20 -17 19 -17 19 -16 18 -17 17 -17 17 -18 16 -17 16 -18 16 -18 17 -17 16 -17 17 -16 17 -16 17 -15 17 -15 16 -14 15 -14 15 -13 16 -13 15 -13 16 -12 0 0 0 0 0 0 0 0 0 0 0 0 0 0 0 0 0 0 0 0 0 0 9 -12 10 -12 11 -11 12 -11 13 -10 14 -11 14 -11 15 -11 16 -11 16 -12 18 -12 18 -12 18 -12 18 -11 19 -12 19 -12 19 -12 19 -13 19 -14 19 -14 20 -15 20 -15 20 -16 20
2025-05-21 13:47:51,CSI_DATA,STA,D8:B1:90:DB:E8:90,-53,11,1,7,0,0,1,0,0,0,1,-95,0,2,0,3906492333,0,110,0,0,81216.3,256,[110 96 6 0 17 21 18 21 18 19 19 19 19 18 19 18 19 17 19 17 19 16 20 15 20 15 19 15 20 14 19 13 19 14 19 15 19 14 18 14 18 14 18 13 17 14 16 13 16 14 15 13 15 14 0 0 0 0 0 0 0 0 0 0 0 0 0 0 0 0 0 0 0 0 0 0 13 9 13 10 12 12 12 13 12 14 12 15 12 16 13 17 12 18 12 18 12 19 13 19 13 20 13 20 13 20 13 20 14 20 14 20 15 21 15 21 16 21 16 21 16 20 17 21 18 21 18 21 ]
2025-05-21 13:47:53,CSI_DATA,STA,D8:B1:90:DB:E8:90,-60,11,1,7,0,0,1,0,0,0,1,-94,0,2,0,3908506647,0,110,0,0,81218.3,256,[110 96 6 0 2 5 2 5 3 5 -21 -35 -21 -34 -21 -34 -21 -34 -26 -29 -26 -29 -26 -28 -26 -28 -25 -27 -25 -27 -24 -27 -24 -27 12 6 12 5 13 5 12 5 13 5 13 4 13 5 13 5 13 5 13 6 0 0 0 0 0 0 0 0 0 0 0 0 0 0 0 0 0 0 0 0 0 0 -8 -8 -7 -9 4 3 3 3 4 3 4 2 0 14 -2 15 -2 16 -3 16 -6 13 -7 13 -7 13 -7 14 -2 10 -2 11 -2 12 -2 12 -1 17 0 19 0 19 0 20 -2 4 -2 4 -3 4 -6 17 ]
2025-05-21 13:47:54,CSI_DATA,STA,D8:B1:90:DB:E8:90,-54,11,1,7,0,0,1,0,0,0,1,-94,0,2,0,3909002291,0,110,0,0,81218.8,256,[110 96 6 0 6 27 7 27 7 26 7 27 8 26 8 26 8 26 8 25 9 23 9 23 9 23 9 24 10 24 9 24 9 23 9 24 8 24 7 23 7 23 7 22 7 21 6 21 5 21 5 21 3 22 0 0 0 0 0 0 0 0 0 0 0 0 0 0 0 0 0 0 0 0 0 0 6 14 5 15 3 16 3 17 3 17 2 18 2 19 2 20 2 20 2 20 1 21 0 22 0 22 0 22 0 23 0 23 0 23 1 23 3 24 3 24 4 24 4 25 5 25 6 26 6 27 6 26 ]
2025-05-21 13:47:59,CSI_DATA,STA,D8:B1:90:DB:E8:90,-54,11,1,7,0,0,1,0,0,0,1,-95,0,2,0,3914522436,0,110,0,0,81224.3,256,[110 96 6 0 13 -26 12 -26 12 -26 11 -25 10 -25 10 -25 9 -24 9 -25 8 -25 8 -25 7 -25 7 -25 7 -24 7 -24 7 -24 7 -25 7 -24 7 -24 7 -23 7 -23 7 -22 8 -22 8 -21 8 -21 8 -20 0 0 0 0 0 0 0 0 0 0 0 0 0 0 0 0 0 0 0 0 0 0 2 -15 3 -15 4 -15 5 -15 5 -16 6 -16 7 -17 8 -18 9 -18 10 -19 11 -18 12 -18 11 -18 12 -19 14 -18 14 -19 13 -19 14 -20 12 -21 12 -21 11 -22 12 -23 13 -23 11 -24 12 -24 12 -25 ]
2025-05-21 13:48:00,CSI_DATA,STA,D8:B1:90:DB:E8:90,-53,11,1,5,0,0,1,0,0,0,0,-95,0,2,0,3915527410,0,110,0,0,81225.3,256,[110 96 6 0 12 -13 10 -14 8 -12 4 -12 0 -11 -4 -10 -9 -8 -14 -6 -19 -5 -23 -3 -28 -2 -32 -1 -35 -1 -37 -1 -39 -2 -39 -2 -37 -4 -36 -5 -32 -6 -28 -6 -23 -6 -17 -6 -12 -4 -7 -2 -2 1 0 0 0 0 0 0 0 0 0 0 0 0 0 0 0 0 0 0 0 0 0 0 1 -6 2 -4 5 -2 6 1 8 4 9 8 11 12 12 16 12 21 12 24 10 28 10 30 8 32 7 32 6 32 4 29 4 27 5 23 5 19 5 15 6 11 8 6 9 2 11 -3 12 -5 13 -9 ]
2025-05-21 13:48:02,CSI_DATA,STA,D8:B1:90:DB:E8:90,-55,11,1,6,0,0,1,0,0,0,1,-94,0,2,0,3917049565,0,110,0,0,81226.8,256,[110 96 6 0 7 -16 4 -15 2 -13 -1 -10 -4 -7 -8 -4 -11 0 -16 3 -18 6 -21 10 -25 12 -28 14 -30 16 -33 16 -33 16 -34 15 -33 14 -31 11 -28 9 -25 6 -21 4 -15 2 -10 1 -4 1 1 1 0 0 0 0 0 0 0 0 0 0 0 0 0 0 0 0 0 0 0 0 0 0 -1 -7 2 -6 4 -4 7 -2 10 0 13 3 15 6 18 9 19 14 21 16 21 20 21 22 20 23 19 23 18 22 16 20 15 18 14 15 14 11 13 6 11 3 12 -1 11 -6 10 -9 10 -12 9 -14 ]
2025-05-21 13:48:06,CSI_DATA,STA,D8:B1:90:DB:E8:90,-58,11,1,6,0,0,1,0,0,0,1,-94,0,2,0,3921072928,0,110,0,0,81230.8,256,[110 96 6 0 12 -20 12 -20 12 -20 11 -20 11 -20 10 -20 9 -20 9 -20 8 -20 8 -20 7 -21 7 -21 7 -21 8 -20 8 -20 8 -20 8 -20 8 -19 8 -19 8 -18 8 -18 8 -17 8 -17 9 -17 9 -16 0 0 0 0 0 0 0 0 0 0 0 0 0 0 0 0 0 0 0 0 0 0 4 -13 5 -14 6 -13 7 -13 7 -13 9 -13 9 -14 10 -14 10 -14 11 -14 12 -14 12 -15 12 -14 12 -15 12 -15 12 -15 12 -16 12 -16 12 -17 12 -17 11 -18 12 -19 12 -19 12 -20 12 -20 12 -20 ]
2025-05-21 13:48:06,CSI_DATA,STA,D8:B1:90:DB:E8:90,-55,11,1,6,0,0,1,1,0,0,1,-94,0,2,0,3921572916,0,110,0,0,81231.3,256,[110 96 6 0 14 9 13 7 12 4 11 1 9 -4 7 -7 5 -12 4 -16 1 -20 -1 -25 -1 -29 -2 -32 -3 -36 -3 -37 -2 -38 -1 -38 0 -37 2 -34 2 -30 3 -26 3 -21 2 -15 1 -10 -1 -4 -5 0 0 0 0 0 0 0 0 0 0 0 0 0 0 0 0 0 0 0 0 0 0 0 4 2 2 5 1 7 -1 9 -4 12 -6 14 -10 17 -14 17 -18 20 -22 20 -25 20 -28 20 -30 19 -30 18 -30 16 -28 14 -26 13 -22 12 -18 10 -14 11 -9 10 -5 11 0 11 4 11 7 11 10 12 ]
2025-05-21 13:48:07,CSI_DATA,STA,D8:B1:90:DB:E8:90,-58,11,1,7,0,0,1,0,0,0,1,-94,0,2,0,3922072742,0,110,0,0,81231.8,256,[110 96 6 0 -20 -14 -20 -14 -20 -14 -20 -13 -20 -12 -20 -12 -20 -11 -20 -11 -20 -10 -20 -10 -20 -10 -21 -10 -21 -9 -21 -9 -20 -9 -20 -9 -20 -9 -19 -9 -19 -9 -18 -10 -18 -10 -18 -10 -17 -10 -17 -11 -16 -12 0 0 0 0 0 0 0 0 0 0 0 0 0 0 0 0 0 0 0 0 0 0 -13 -4 -13 -5 -13 -6 -14 -7 -14 -7 -14 -8 -13 -9 -14 -9 -14 -10 -15 -10 -14 -11 -15 -12 -15 -12 -14 -13 -15 -13 -16 -13 -16 -12 -16 -12 -16 -14 -
2025-05-21 13:48:08,CSI_DATA,STA,D8:B1:90:DB:E8:90,-56,11,1,7,0,0,1,0,0,0,1,-94,0,2,0,3923584290,0,110,0,0,81233.4,256,[110 96 6 0 -10 12 -8 13 -4 11 -2 10 2 8 6 5 9 3 14 1 18 -2 21 -5 25 -7 28 -9 31 -10 33 -10 34 -11 35 -10 34 -9 31 -7 28 -5 25 -3 20 -2 14 -1 9 -1 3 -1 -2 -2 0 0 0 0 0 0 0 0 0 0 0 0 0 0 0 0 0 0 0 0 0 0 -5 4 -7 2 -8 -1 -10 -3 -11 -6 -13 -9 -14 -12 -16 -17 -16 -21 -16 -24 -15 -28 -14 -30 -13 -31 -12 -31 -11 -31 -9 -28 -9 -26 -9 -23 -8 -19 -9 -14 -9 -10 -9 -5 -10 0 -10 3 -11 7 -12 9 ]
2025-05-21 13:48:09,CSI_DATA,STA,D8:B1:90:DB:E8:90,-57,11,1,6,0,0,1,0,0,0,1,-94,0,2,0,3924082590,0,110,0,0,81233.9,256,[110 96 6 0 16 4 14 3 12 1 10 -1 7 -4 4 -7 0 -10 -4 -13 -8 -16 -11 -19 -14 -22 -17 -24 -19 -26 -20 -28 -20 -29 -20 -30 -18 -29 -16 -28 -13 -25 -11 -22 -8 -19 -5 -13 -3 -8 -2 -3 -1 2 0 0 0 0 0 0 0 0 0 0 0 0 0 0 0 0 0 0 0 0 0 0 5 1 4 4 2 5 0 7 -2 10 -4 13 -7 15 -10 17 -14 19 -18 20 -21 21 -23 20 -24 19 -25 18 -24 17 -24 15 -21 14 -18 13 -14 11 -10 10 -6 9 -1 9 3 8 7 8 11 7 14 7 ]
2025-05-21 13:48:09,CSI_DATA,STA,D8:B1:90:DB:E8:90,-57,11,1,6,0,0,1,0,0,0,1,-94,0,2,0,3924582425,0,110,0,0,81234.4,256,[110 96 6 0 24 -1 23 -1 23 -1 23 -1 23 -2 22 -2 22 -3 22 -4 22 -5 21 -5 21 -5 21 -5 21 -5 21 -5 21 -5 22 -5 21 -5 21 -5 20 -5 20 -4 20 -4 19 -4 19 -3 19 -2 19 -1 0 0 0 0 0 0 0 0 0 0 0 0 0 0 0 0 0 0 0 0 0 0 12 -4 12 -3 13 -3 14 -3 14 -2 15 -2 15 0 16 0 17 0 17 1 18 2 18 2 18 3 18 3 18 3 19 2 19 2 20 2 20 2 21 2 20 1 21 1 22 0 23 0 23 0 23 0 ]
2025-05-21 13:48:10,CSI_DATA,STA,D8:B1:90:DB:E8:90,-57,11,1,7,0,0,1,0,0,0,1,-94,0,2,0,3925082364,0,110,0,0,81234.9,256,[110 96 6 0 25 -7 25 -7 25 -7 25 -7 24 -7 24 -8 24 -8 23 -8 23 -9 23 -9 22 -9 22 -9 23 -9 22 -9 23 -8 22 -8 22 -8 22 -8 21 -7 21 -7 21 -7 20 -6 21 -6 21 -5 21 -3 0 0 0 0 0 0 0 0 0 0 0 0 0 0 0 0 0 0 0 0 0 0 11 -7 12 -6 13 -5 13 -4 14 -4 15 -4 16 -4 17 -4 18 -3 18 -3 19 -2 19 -2 20 -1 20 -2 20 -2 20 -2 20 -2 21 -3 22 -4 22 -4 22 -5 22 -5 23 -5 24 -5 24 -6 25 -7 ]
2025-05-21 13:48:10,CSI_DATA,STA,D8:B1:90:DB:E8:90,-55,11,1,6,0,0,1,1,0,0,1,-95,0,2,0,3925596668,0,110,0,0,81235.4,256,[110 96 6 0 -19 -6 -17 -5 -15 -3 -13 0 -9 3 -6 6 -2 9 2 13 6 16 9 19 12 23 14 26 16 28 18 30 18 31 17 33 16 31 14 30 11 27 8 24 6 19 4 14 2 9 1 3 2 -2 0 0 0 0 0 0 0 0 0 0 0 0 0 0 0 0 0 0 0 0 0 0 -7 1 -6 -2 -5 -5 -3 -8 0 -11 2 -14 5 -17 9 -19 13 -21 17 -22 20 -23 23 -22 24 -21 25 -21 24 -19 23 -18 20 -16 17 -15 13 -13 9 -12 4 -11 -1 -11 -5 -10 -9 -9 -13 -10 -16 -9 ]
2025-05-21 13:48:12,CSI_DATA,STA,D8:B1:90:DB:E8:90,-54,11,1,7,0,0,1,0,0,0,1,-95,0,2,0,3927590635,0,110,0,0,81237.4,256,[110 96 6 0 7 14 8 11 8 8 8 4 8 0 8 -4 7 -10 7 -14 6 -19 6 -24 5 -29 5 -33 5 -35 5 -38 5 -39 7 -39 7 -37 8 -35 8 -32 8 -27 7 -22 6 -16 4 -11 1 -5 -2 -1 0 0 0 0 0 0 0 0 0 0 0 0 0 0 0 0 0 0 0 0 0 0 3 5 0 6 -3 7 -7 7 -10 8 -14 8 -19 8 -23 7 -27 6 -31 3 -34 1 -35 -2 -36 -3 -35 -4 -33 -4 -32 -5 -29 -4 -25 -3 -22 -1 -17 1 -14 4 -10 7 -5 9 -2 11 1 12 3 14 ]
2025-05-21 13:48:17,CSI_DATA,STA,D8:B1:90:DB:E8:90,-54,11,1,6,0,0,1,0,0,0,1,-95,0,2,0,3932146720,0,110,0,0,81241.9,256,[110 96 6 0 0 -19 -1 -17 -3 -15 -4 -11 -7 -7 -9 -4 -10 1 -13 6 -14 11 -16 15 -18 20 -21 24 -22 26 -24 28 -25 29 -25 29 -25 28 -24 25 -23 22 -21 18 -18 14 -14 10 -10 6 -5 3 0 0 0 0 0 0 0 0 0 0 0 0 0 0 0 0 0 0 0 0 0 0 0 0 0 -6 2 -5 5 -4 8 -2 11 0 13 3 16 6 19 9 22 14 23 17 24 20 24 23 24 24 23 25 22 25 19 23 18 20 16 17 14 13 12 9 11 5 9 -1 7 -5 6 -10 5 -13 4 -16 ]
2025-05-21 13:48:20,CSI_DATA,STA,D8:B1:90:DB:E8:90,-56,11,1,6,0,0,1,0,0,0,1,-95,0,2,0,3935163461,0,110,0,0,81244.9,256,[110 96 6 0 13 19 13 19 13 18 14 17 14 17 14 17 14 16 13 17 14 16 14 16 14 16 14 15 14 15 14 15 14 15 14 15 13 15 13 14 13 14 12 15 12 15 11 15 11 15 10 16 9 16 0 0 0 0 0 0 0 0 0 0 0 0 0 0 0 0 0 0 0 0 0 0 9 9 9 9 8 10 7 11 7 12 8 12 8 14 8 15 7 15 8 16 7 16 7 16 7 17 8 17 8 17 8 17 8 17 9 17 10 18 10 18 11 18 12 18 12 19 13 18 13 19 13 19 ]
2025-05-21 13:48:21,CSI_DATA,STA,D8:B1:90:DB:E8:90,-54,11,1,7,0,0,1,0,0,0,1,-95,0,2,0,3935675090,0,110,0,0,81245.4,256,[110 96 6 0 -23 -15 -23 -14 -22 -14 -22 -13 -22 -13 -23 -12 -22 -12 -22 -11 -22 -11 -22 -10 -23 -10 -22 -10 -22 -10 -21 -10 -22 -10 -21 -10 -21 -10 -20 -10 -19 -10 -19 -10 -19 -10 -18 -10 -17 -10 -17 -11 -16 -12 0 0 0 0 0 0 0 0 0 0 0 0 0 0 0 0 0 0 0 0 0 0 -15 -5 -15 -7 -15 -8 -15 -8 -15 -9 -16 -10 -16 -10 -17 -11 -17 -11 -17 -12 -17 -13 -17 -14 -17 -14 -18 -14 -18 -14 -18 -14 -18 -14 -19 -14
2025-05-21 13:48:21,CSI_DATA,STA,D8:B1:90:DB:E8:90,-56,11,1,7,0,0,1,0,0,0,1,-95,0,2,0,3936186686,0,110,0,0,81246,256,[110 96 6 0 -25 -10 -25 -10 -24 -10 -24 -9 -24 -8 -24 -8 -24 -7 -24 -7 -23 -6 -23 -6 -23 -6 -23 -5 -23 -5 -23 -4 -23 -4 -22 -5 -22 -5 -21 -5 -21 -5 -21 -5 -21 -6 -20 -6 -20 -6 -19 -7 -19 -8 0 0 0 0 0 0 0 0 0 0 0 0 0 0 0 0 0 0 0 0 0 0 -15 -3 -15 -4 -15 -5 -15 -6 -15 -7 -16 -7 -16 -7 -17 -7 -18 -8 -17 -9 -17 -10 -17 -11 -17 -11 -18 -11 -18 -12 -19 -11 -19 -11 -20 -11 -21 -11 -21 -11 -21 -10 -22
2025-05-21 13:48:26,CSI_DATA,STA,D8:B1:90:DB:E8:90,-60,11,1,7,0,0,1,1,0,0,1,-95,0,2,0,3940791894,0,110,0,0,81250.6,256,[110 96 6 0 -16 -18 -17 -17 -17 -16 -17 -15 -17 -14 -18 -14 -18 -12 -19 -12 -18 -10 -19 -9 -19 -8 -20 -7 -20 -6 -19 -5 -19 -4 -20 -3 -19 -2 -19 -2 -19 -1 -19 0 -20 0 -20 1 -20 2 -20 2 -21 1 0 0 0 0 0 0 0 0 0 0 0 0 0 0 0 0 0 0 0 0 0 0 -21 12 -22 11 -16 5 -16 5 -16 5 -18 5 -18 -8 -19 -9 -20 -9 -21 -9 -1 -16 -1 -16 -2 -17 -4 -17 -4 -17 -5 -17 -6 -17 -7 -18 -8 -18 -9 -18 -10 -18 -10 -18 -12 -18
2025-05-21 13:48:30,CSI_DATA,STA,D8:B1:90:DB:E8:90,-54,11,1,7,0,0,1,1,0,0,1,-95,0,2,0,3945295644,0,110,0,0,81255.1,256,[110 96 6 0 14 22 15 22 14 21 14 21 15 20 15 20 15 19 15 19 15 17 16 17 16 17 16 18 17 18 16 17 17 17 15 17 15 16 15 16 14 16 14 16 13 16 12 15 12 15 11 16 10 16 0 0 0 0 0 0 0 0 0 0 0 0 0 0 0 0 0 0 0 0 0 0 12 10 12 11 11 12 10 13 10 14 10 15 10 16 10 17 10 18 10 17 9 19 10 20 10 20 10 20 9 20 9 19 9 19 10 20 11 20 11 21 12 21 13 21 12 21 13 22 13 22 14 21 ]
2025-05-21 13:48:31,CSI_DATA,STA,D8:B1:90:DB:E8:90,-56,11,1,7,0,0,1,1,0,0,1,-95,0,2,0,3945809003,0,110,0,0,81255.6,256,[110 96 6 0 -18 -20 -17 -19 -17 -19 -17 -18 -18 -18 -17 -17 -17 -17 -18 -16 -18 -16 -18 -15 -18 -16 -19 -15 -19 -15 -19 -14 -18 -14 -18 -16 -17 -15 -17 -15 -16 -15 -15 -16 -15 -15 -14 -15 -14 -15 -13 -16 -12 -17 0 0 0 0 0 0 0 0 0 0 0 0 0 0 0 0 0 0 0 0 0 0 -11 -10 -11 -10 -11 -11 -11 -12 -11 -13 -11 -13 -10 -14 -10 -15 -10 -16 -10 -16 -10 -17 -10 -17 -10 -18 -10 -18 -10 -18 -11 -18 -11 -18 -1
2025-05-21 13:48:34,CSI_DATA,STA,D8:B1:90:DB:E8:90,-54,11,1,7,0,0,1,1,0,0,1,-95,0,2,0,3948856881,0,110,0,0,81258.6,256,[110 96 6 0 -29 1 -28 1 -29 1 -28 1 -27 2 -27 3 -27 2 -27 3 -27 3 -26 3 -26 4 -26 4 -26 3 -26 4 -26 4 -26 4 -25 3 -24 2 -24 2 -24 2 -23 2 -23 1 -22 1 -22 -1 -21 -2 0 0 0 0 0 0 0 0 0 0 0 0 0 0 0 0 0 0 0 0 0 0 -16 4 -16 2 -17 1 -17 1 -19 0 -19 0 -20 -1 -20 -1 -21 -2 -22 -2 -22 -4 -22 -5 -23 -5 -23 -5 -23 -4 -24 -4 -24 -3 -25 -3 -25 -2 -25 -2 -26 -1 -26 0 -27 0 -28 0 -28 0 -27 1 ]
2025-05-21 13:48:34,CSI_DATA,STA,D8:B1:90:DB:E8:90,-54,11,1,7,0,0,1,1,0,0,1,-95,0,2,0,3949356914,0,110,0,0,81259.1,256,[110 96 6 0 -7 -28 -7 -28 -7 -27 -8 -27 -8 -26 -9 -26 -9 -25 -9 -25 -9 -24 -10 -24 -10 -24 -9 -24 -9 -25 -8 -23 -9 -24 -9 -23 -9 -24 -8 -23 -8 -22 -7 -22 -6 -22 -6 -21 -5 -21 -5 -21 -3 -22 0 0 0 0 0 0 0 0 0 0 0 0 0 0 0 0 0 0 0 0 0 0 -7 -15 -6 -16 -6 -17 -6 -17 -6 -18 -5 -18 -5 -18 -4 -20 -3 -20 -4 -21 -4 -22 -3 -22 -4 -23 -4 -23 -4 -23 -4 -23 -5 -23 -5 -24 -4 -24 -4 -24 -5 -24 -5 -25 -6 -25
2025-05-21 13:48:35,CSI_DATA,STA,D8:B1:90:DB:E8:90,-53,11,1,7,0,0,1,1,0,0,1,-95,0,2,0,3949857103,0,110,0,0,81259.6,256,[110 96 6 0 -3 29 -3 29 -3 28 -3 28 -2 28 -2 27 -1 27 0 26 1 26 1 27 1 26 1 27 1 26 1 26 1 26 -1 25 -1 25 -1 23 -2 23 -2 23 -1 22 -2 22 -3 21 -4 21 -5 20 0 0 0 0 0 0 0 0 0 0 0 0 0 0 0 0 0 0 0 0 0 0 -1 16 -1 17 -3 17 -4 18 -4 17 -5 18 -6 19 -6 18 -7 20 -8 20 -8 21 -8 20 -8 21 -8 21 -8 22 -8 22 -8 23 -7 24 -6 24 -5 24 -5 24 -5 25 -5 26 -4 27 -5 28 -3 26 ]
2025-05-21 13:48:35,CSI_DATA,STA,D8:B1:90:DB:E8:90,-53,11,1,7,0,0,1,1,0,0,1,-95,0,2,0,3950359231,0,110,0,0,81260.1,256,[110 96 6 0 19 -23 19 -23 19 -23 19 -23 18 -23 18 -23 17 -23 16 -23 16 -23 15 -23 14 -24 14 -24 14 -23 14 -23 14 -23 14 -22 14 -22 14 -21 14 -20 14 -20 14 -20 14 -19 14 -18 14 -17 15 -17 0 0 0 0 0 0 0 0 0 0 0 0 0 0 0 0 0 0 0 0 0 0 7 -14 8 -14 10 -14 10 -14 11 -14 13 -14 13 -14 14 -15 15 -15 15 -15 16 -15 16 -15 17 -15 17 -16 18 -16 18 -17 18 -17 18 -18 18 -18 19 -18 18 -19 19 -20 18 -20 19 -
2025-05-21 13:48:36,CSI_DATA,STA,D8:B1:90:DB:E8:90,-54,11,1,7,0,0,1,1,0,0,1,-95,0,2,0,3950857339,0,110,0,0,81260.6,256,[110 96 6 0 -28 8 -28 8 -27 9 -27 8 -27 9 -26 9 -26 9 -25 10 -24 9 -25 10 -24 10 -24 10 -23 10 -23 10 -24 10 -23 12 -23 10 -22 11 -22 10 -22 9 -22 8 -22 7 -21 7 -22 4 -22 4 0 0 0 0 0 0 0 0 0 0 0 0 0 0 0 0 0 0 0 0 0 0 -15 5 -16 5 -16 4 -18 4 -18 3 -19 3 -19 4 -20 3 -20 3 -21 2 -21 2 -22 2 -22 2 -22 2 -22 2 -23 3 -23 3 -24 4 -24 4 -24 5 -24 6 -25 6 -25 6 -26 6 -27 6 -26 8 ]
2025-05-21 13:48:36,CSI_DATA,STA,D8:B1:90:DB:E8:90,-53,11,1,7,0,0,1,1,0,0,1,-95,0,2,0,3951358817,0,110,0,0,81261.1,256,[110 96 6 0 -18 -24 -19 -24 -18 -23 -18 -23 -18 -22 -18 -22 -18 -21 -19 -21 -19 -20 -19 -20 -19 -20 -19 -21 -19 -20 -18 -19 -19 -19 -18 -19 -18 -19 -17 -18 -17 -18 -17 -18 -16 -18 -15 -18 -15 -18 -14 -18 -13 -19 0 0 0 0 0 0 0 0 0 0 0 0 0 0 0 0 0 0 0 0 0 0 -10 -12 -10 -14 -9 -15 -9 -15 -9 -16 -9 -17 -9 -17 -9 -18 -9 -19 -9 -19 -9 -20 -9 -21 -9 -22 -9 -22 -10 -22 -10 -22 -11 -22 -11 -22 -13 -2
2025-05-21 13:48:38,CSI_DATA,STA,D8:B1:90:DB:E8:90,-54,11,1,7,0,0,1,1,0,0,1,-95,0,2,0,3953378698,0,110,0,0,81263.1,256,[110 96 6 0 13 21 14 20 13 19 13 20 14 19 14 18 14 18 14 17 14 17 15 17 15 17 15 16 15 16 14 16 15 16 15 16 14 16 14 15 13 15 13 15 12 15 11 15 11 15 10 15 9 15 0 0 0 0 0 0 0 0 0 0 0 0 0 0 0 0 0 0 0 0 0 0 10 9 9 9 9 11 9 11 9 11 9 12 8 13 9 14 9 15 8 15 8 16 8 17 8 17 8 18 9 17 9 18 9 17 9 18 10 18 11 18 11 18 11 19 12 19 13 19 13 20 14 20 ]
2025-05-21 13:48:40,CSI_DATA,STA,D8:B1:90:DB:E8:90,-54,11,1,7,0,0,1,1,0,0,1,-95,0,2,0,3955403009,0,110,0,0,81265.2,256,[110 96 6 0 -18 -25 -18 -24 -17 -24 -18 -23 -17 -22 -18 -21 -18 -21 -19 -21 -19 -20 -19 -20 -19 -19 -18 -20 -19 -20 -19 -19 -18 -19 -18 -19 -17 -19 -17 -19 -16 -18 -16 -18 -15 -18 -15 -18 -14 -18 -13 -19 -12 -19 0 0 0 0 0 0 0 0 0 0 0 0 0 0 0 0 0 0 0 0 0 0 -11 -12 -11 -13 -10 -14 -10 -15 -10 -15 -10 -16 -11 -17 -11 -18 -10 -19 -10 -20 -10 -20 -10 -21 -10 -21 -10 -21 -11 -21 -11 -21 -12 -21 -1
2025-05-21 13:48:41,CSI_DATA,STA,D8:B1:90:DB:E8:90,-54,11,1,7,0,0,1,1,0,0,1,-95,0,2,0,3955902867,0,110,0,0,81265.7,256,[110 96 6 0 -13 -25 -13 -25 -12 -25 -13 -25 -13 -25 -13 -24 -13 -23 -14 -23 -14 -22 -14 -22 -14 -22 -14 -21 -15 -21 -14 -21 -14 -20 -14 -22 -13 -22 -13 -21 -12 -21 -11 -21 -11 -20 -10 -20 -9 -20 -9 -20 -7 -20 0 0 0 0 0 0 0 0 0 0 0 0 0 0 0 0 0 0 0 0 0 0 -9 -14 -8 -14 -7 -15 -7 -16 -6 -16 -6 -17 -7 -18 -7 -19 -7 -20 -6 -20 -6 -20 -6 -20 -6 -20 -6 -20 -7 -22 -7 -22 -8 -22 -8 -22 -8 -23 -9 -23 -
2025-05-21 13:48:41,CSI_DATA,STA,D8:B1:90:DB:E8:90,-54,11,1,7,0,0,1,1,0,0,1,-95,0,2,0,3956402950,0,110,0,0,81266.2,256,[110 96 6 0 19 19 19 19 18 18 19 18 19 17 19 17 19 16 20 16 19 16 19 15 19 15 19 15 19 15 19 14 19 14 19 15 19 15 18 14 17 14 16 15 16 15 15 15 14 15 14 15 12 16 0 0 0 0 0 0 0 0 0 0 0 0 0 0 0 0 0 0 0 0 0 0 13 7 12 9 12 10 12 10 13 11 13 12 13 13 13 13 13 14 12 15 14 16 13 16 13 17 14 17 13 16 14 16 14 16 14 16 14 18 15 18 16 18 17 18 17 18 17 19 18 19 19 18 ]
2025-05-21 13:48:45,CSI_DATA,STA,D8:B1:90:DB:E8:90,-54,11,1,7,0,0,1,1,0,0,1,-95,0,2,0,3960440874,0,110,0,0,81270.2,256,[110 96 6 0 -27 10 -26 10 -25 10 -25 10 -24 11 -24 11 -24 11 -23 11 -22 12 -22 13 -22 13 -22 14 -22 13 -22 13 -22 13 -21 12 -21 11 -21 11 -20 10 -21 9 -21 9 -20 9 -20 8 -20 7 -20 6 0 0 0 0 0 0 0 0 0 0 0 0 0 0 0 0 0 0 0 0 0 0 -13 8 -14 7 -15 7 -15 6 -16 6 -17 6 -17 6 -18 6 -19 6 -19 6 -21 6 -21 6 -21 5 -21 6 -22 6 -22 6 -22 7 -23 7 -23 6 -23 7 -24 8 -24 8 -24 9 -24 9 -24 10 -25 10 ]
2025-05-21 13:48:46,CSI_DATA,STA,D8:B1:90:DB:E8:90,-60,11,1,7,0,0,1,1,0,0,1,-95,0,2,0,3961463573,0,110,0,0,81271.2,256,[110 96 6 0 -9 -18 -9 -18 -7 -18 -8 -11 -7 -12 -6 -12 -5 -13 -4 -8 -3 -9 -2 -9 -2 -9 -21 33 -22 31 -24 30 -26 27 -27 25 -28 23 -30 20 -31 18 6 9 5 10 5 10 5 11 4 11 3 12 0 0 0 0 0 0 0 0 0 0 0 0 0 0 0 0 0 0 0 0 0 0 -22 11 -23 9 -12 7 -13 5 -14 5 -15 3 -2 -10 -2 -11 -1 -11 0 -12 -2 24 -3 24 -5 23 -6 24 17 15 16 16 15 17 14 18 10 11 10 12 9 14 9 15 7 2 7 1 6 2 -3 -12 ]
2025-05-21 13:48:50,CSI_DATA,STA,D8:B1:90:DB:E8:90,-54,11,1,7,0,0,1,1,0,0,1,-95,0,2,0,3965454062,0,110,0,0,81275.2,256,[110 96 6 0 -21 -19 -21 -19 -20 -18 -20 -17 -20 -17 -20 -17 -20 -16 -21 -15 -21 -15 -21 -14 -22 -13 -21 -14 -21 -14 -21 -14 -21 -14 -20 -14 -21 -14 -20 -14 -19 -14 -18 -14 -18 -14 -17 -14 -16 -14 -17 -13 -15 -14 0 0 0 0 0 0 0 0 0 0 0 0 0 0 0 0 0 0 0 0 0 0 -15 -7 -14 -8 -14 -10 -14 -11 -13 -12 -14 -12 -13 -13 -14 -14 -14 -15 -14 -16 -14 -16 -14 -16 -15 -17 -15 -18 -15 -18 -15 -17 -15 -17 -16
2025-05-21 13:48:55,CSI_DATA,STA,D8:B1:90:DB:E8:90,-54,11,1,7,0,0,1,1,0,0,1,-95,0,2,0,3970418736,0,100,0,0,81280.2,256,[100 -64 5 0 -27 -5 -27 -4 -27 -4 -26 -4 -26 -2 -26 -2 -26 -1 -26 -2 -26 -1 -26 -1 -26 0 -25 0 -25 0 -25 1 -24 0 -25 0 -24 0 -24 -1 -23 0 -22 -1 -23 -1 -22 -1 -22 -2 -21 -3 -20 -4 0 0 0 0 0 0 0 0 0 0 0 0 0 0 0 0 0 0 0 0 0 0 -15 -1 -15 -2 -16 -3 -16 -4 -17 -4 -17 -5 -18 -5 -18 -6 -19 -6 -19 -7 -19 -8 -19 -8 -20 -8 -19 -8 -20 -8 -21 -8 -21 -7 -23 -7 -22 -7 -23 -6 -23 -6 -24 -6 -24 -5 -25 -5 -2
2025-05-21 13:48:59,CSI_DATA,STA,D8:B1:90:DB:E8:90,-53,11,1,7,0,0,1,1,0,0,1,-95,0,2,0,3974025021,0,110,0,0,81283.8,256,[110 96 6 0 21 17 22 16 21 16 22 15 22 14 22 14 22 13 22 13 22 12 22 12 22 12 21 12 21 12 22 11 21 11 20 12 20 12 20 12 19 12 18 12 17 12 16 12 16 13 16 14 15 14 0 0 0 0 0 0 0 0 0 0 0 0 0 0 0 0 0 0 0 0 0 0 12 6 12 7 12 8 12 9 13 10 12 10 13 11 13 12 14 12 14 13 13 14 13 15 14 15 14 16 15 15 16 15 16 15 17 15 17 15 18 15 18 14 19 15 20 15 21 16 21 16 21 15 ]
2025-05-21 13:49:03,CSI_DATA,STA,D8:B1:90:DB:E8:90,-52,11,1,7,0,0,1,1,0,0,1,-95,0,2,0,3978033969,0,110,0,0,81287.8,256,[110 96 6 0 -25 15 -25 15 -24 15 -24 16 -23 16 -23 16 -22 16 -22 16 -22 16 -21 17 -21 17 -21 16 -21 16 -21 16 -21 16 -21 16 -20 16 -20 15 -20 14 -20 14 -20 13 -19 13 -20 12 -20 11 -20 10 0 0 0 0 0 0 0 0 0 0 0 0 0 0 0 0 0 0 0 0 0 0 -12 9 -13 9 -13 9 -14 9 -15 9 -16 9 -17 8 -19 8 -20 9 -20 8 -20 9 -21 8 -21 8 -21 8 -21 9 -22 10 -22 10 -22 10 -23 11 -22 11 -23 12 -23 13 -23 14 -24 14 -24 15 -25
2025-05-21 13:49:03,CSI_DATA,STA,D8:B1:90:DB:E8:90,-53,11,1,7,0,0,1,1,0,0,1,-95,0,2,0,3978556542,0,110,0,0,81288.3,256,[110 96 6 0 -15 25 -15 25 -15 24 -15 25 -13 24 -13 24 -12 24 -11 24 -10 24 -10 24 -10 24 -10 24 -10 24 -10 24 -10 24 -10 24 -10 23 -10 23 -11 22 -11 22 -10 22 -11 21 -12 20 -12 19 -12 18 0 0 0 0 0 0 0 0 0 0 0 0 0 0 0 0 0 0 0 0 0 0 -6 13 -7 13 -8 14 -8 14 -9 14 -10 14 -10 16 -11 16 -11 17 -13 17 -13 17 -13 18 -13 17 -13 17 -15 16 -15 17 -15 18 -16 18 -13 19 -13 20 -13 21 -13 22 -14 23 -14 23
2025-05-21 13:49:04,CSI_DATA,STA,D8:B1:90:DB:E8:90,-53,11,1,7,0,0,1,1,0,0,1,-95,0,2,0,3979034320,0,110,0,0,81288.8,256,[110 96 6 0 -24 -14 -24 -14 -24 -14 -24 -13 -24 -12 -23 -13 -23 -11 -23 -11 -23 -11 -23 -10 -23 -10 -23 -10 -23 -9 -23 -9 -22 -9 -23 -9 -22 -9 -22 -9 -21 -9 -21 -10 -20 -10 -20 -11 -19 -11 -19 -11 -17 -12 0 0 0 0 0 0 0 0 0 0 0 0 0 0 0 0 0 0 0 0 0 0 -15 -6 -15 -7 -15 -8 -15 -9 -16 -9 -16 -10 -16 -10 -17 -11 -17 -12 -17 -13 -17 -13 -17 -14 -17 -14 -17 -15 -17 -14 -18 -14 -18 -14 -19 -14 -20 -1
2025-05-21 13:49:04,CSI_DATA,STA,D8:B1:90:DB:E8:90,-53,11,1,7,0,0,1,1,0,0,1,-95,0,2,0,3979534474,0,110,0,0,81289.3,256,[110 96 6 0 3 -27 2 -28 3 -27 2 -27 2 -26 1 -26 1 -26 1 -26 0 -26 0 -27 -1 -26 -1 -26 -1 -26 -1 -26 0 -26 -1 -26 0 -25 0 -25 0 -24 1 -24 1 -23 1 -22 2 -22 3 -22 4 -22 0 0 0 0 0 0 0 0 0 0 0 0 0 0 0 0 0 0 0 0 0 0 -1 -16 0 -16 0 -17 1 -17 2 -17 2 -18 3 -19 3 -19 4 -20 5 -21 5 -21 5 -21 5 -21 5 -21 6 -22 6 -23 5 -23 5 -23 4 -24 4 -24 4 -25 4 -25 4 -26 3 -27 3 -27 4 -27 ]
2025-05-21 13:49:06,CSI_DATA,STA,D8:B1:90:DB:E8:90,-52,11,1,7,0,0,1,1,0,0,1,-95,0,2,0,3981042931,0,110,0,0,81290.8,256,[110 96 6 0 -1 -29 0 -28 -1 -28 0 -27 -1 -27 -2 -27 -2 -26 -3 -27 -4 -26 -4 -26 -4 -26 -5 -26 -5 -26 -5 -26 -5 -25 -4 -25 -4 -24 -4 -24 -3 -23 -3 -24 -2 -23 -1 -23 -1 -23 0 -22 1 -22 0 0 0 0 0 0 0 0 0 0 0 0 0 0 0 0 0 0 0 0 0 0 -2 -15 -1 -15 0 -16 0 -16 0 -17 1 -17 1 -18 1 -19 2 -20 2 -20 3 -21 3 -22 3 -22 3 -23 3 -22 3 -23 2 -23 2 -24 3 -23 2 -24 2 -24 1 -25 2 -26 1 -27 1 -27 1 -28 ]
2025-05-21 13:49:06,CSI_DATA,STA,D8:B1:90:DB:E8:90,-53,11,1,7,0,0,1,1,0,0,1,-95,0,2,0,3981542875,0,110,0,0,81291.3,256,[110 96 6 0 2 27 2 27 3 27 3 26 4 27 5 26 5 26 5 26 6 25 6 25 7 24 7 24 7 24 7 24 7 24 7 24 6 23 6 23 5 23 5 23 5 23 4 22 4 22 3 22 1 22 0 0 0 0 0 0 0 0 0 0 0 0 0 0 0 0 0 0 0 0 0 0 4 13 3 14 1 15 1 15 1 16 1 17 0 18 -1 19 -1 19 0 20 -2 20 -2 21 -2 21 -2 21 -2 21 -2 21 -2 22 -2 22 -1 23 -1 23 0 24 0 25 1 26 1 26 2 27 2 26 ]
2025-05-21 13:49:22,CSI_DATA,STA,D8:B1:90:DB:E8:90,-53,11,1,7,0,0,1,1,0,0,1,-95,0,2,0,3997093958,0,110,0,0,81306.9,256,[110 96 6 0 -9 24 -9 25 -8 23 -9 24 -8 24 -7 24 -6 24 -7 24 -5 23 -5 24 -5 24 -5 24 -4 24 -4 23 -5 24 -4 24 -5 24 -5 23 -5 22 -5 22 -5 21 -5 20 -5 20 -5 20 -7 20 0 0 0 0 0 0 0 0 0 0 0 0 0 0 0 0 0 0 0 0 0 0 -3 14 -5 14 -5 14 -6 15 -6 15 -7 16 -8 16 -8 17 -10 17 -9 17 -10 19 -10 19 -11 19 -11 19 -11 19 -11 18 -11 20 -10 20 -10 21 -10 21 -9 23 -9 23 -9 22 -9 23 -9 24 -9 23 ]
2025-05-21 13:49:25,CSI_DATA,STA,D8:B1:90:DB:E8:90,-52,11,1,7,0,0,1,1,0,0,1,-95,0,2,0,3999614818,0,110,0,0,81309.4,256,[110 96 6 0 25 -6 25 -7 25 -7 26 -7 24 -6 24 -7 24 -7 24 -8 23 -8 23 -9 22 -9 24 -9 23 -9 23 -9 23 -9 23 -8 23 -7 22 -7 22 -6 21 -6 21 -6 20 -5 21 -5 21 -3 21 -2 0 0 0 0 0 0 0 0 0 0 0 0 0 0 0 0 0 0 0 0 0 0 14 -6 15 -5 15 -5 15 -4 16 -4 17 -4 18 -3 19 -3 19 -2 20 -2 20 -2 21 -2 21 -2 21 -2 22 -2 22 -2 22 -3 23 -3 22 -4 23 -4 23 -5 24 -5 24 -5 25 -6 25 -6 25 -6 ]
2025-05-21 13:49:25,CSI_DATA,STA,D8:B1:90:DB:E8:90,-55,11,1,7,0,0,1,1,0,0,1,-95,0,2,0,4000113631,0,110,0,0,81309.9,256,[110 96 6 0 -26 4 -26 4 -25 4 -26 4 -25 5 -25 6 -24 6 -24 6 -24 7 -24 7 -24 7 -24 7 -23 7 -23 8 -23 7 -23 7 -23 6 -22 6 -22 5 -22 5 -21 5 -21 4 -21 4 -20 3 -20 2 0 0 0 0 0 0 0 0 0 0 0 0 0 0 0 0 0 0 0 0 0 0 -14 5 -15 4 -15 3 -16 3 -16 3 -17 2 -18 3 -19 2 -19 2 -20 2 -21 1 -21 0 -21 0 -21 0 -21 0 -22 0 -22 1 -22 1 -23 1 -23 2 -23 2 -24 3 -24 3 -25 3 -25 4 -25 5 ]
2025-05-21 13:49:25,CSI_DATA,STA,D8:B1:90:DB:E8:90,-54,11,1,7,0,0,1,1,0,0,1,-95,0,2,0,4000614976,0,110,0,0,81310.4,256,[110 96 6 0 -10 26 -9 26 -8 25 -8 25 -7 25 -7 24 -6 24 -6 24 -5 24 -4 24 -4 23 -5 23 -4 23 -4 23 -4 23 -3 23 -4 22 -4 21 -4 21 -5 20 -5 20 -6 19 -6 19 -5 18 -6 17 0 0 0 0 0 0 0 0 0 0 0 0 0 0 0 0 0 0 0 0 0 0 -1 18 -1 18 -3 18 -4 19 -4 19 -5 19 -5 20 -6 20 -6 21 -7 21 -8 22 -9 23 -9 23 -10 23 -9 21 -10 22 -9 21 -9 22 -10 22 -9 23 -9 24 -9 24 -8 25 -9 25 -9 26 -8 26 ]
2025-05-21 13:49:26,CSI_DATA,STA,D8:B1:90:DB:E8:90,-52,11,1,7,0,0,1,1,0,0,1,-95,0,2,0,4001119284,0,110,0,0,81310.9,256,[110 96 6 0 -26 9 -26 10 -26 10 -25 10 -25 10 -25 11 -24 10 -25 12 -24 11 -24 11 -24 12 -22 12 -22 11 -22 11 -22 11 -21 11 -22 11 -21 10 -21 9 -21 9 -20 9 -21 8 -20 7 -20 7 -20 5 0 0 0 0 0 0 0 0 0 0 0 0 0 0 0 0 0 0 0 0 0 0 -13 8 -14 7 -15 6 -16 6 -17 6 -17 6 -18 5 -19 5 -20 5 -21 5 -21 5 -22 5 -22 5 -22 5 -22 4 -23 5 -22 5 -23 6 -23 6 -23 7 -23 8 -24 8 -24 8 -25 8 -25 9 -26 10 ]
2025-05-21 13:49:31,CSI_DATA,STA,D8:B1:90:DB:E8:90,-54,11,1,7,0,0,1,1,0,0,1,-95,0,2,0,4005660043,0,110,0,0,81315.4,256,[110 96 6 0 -26 -11 -25 -11 -25 -10 -25 -10 -25 -9 -25 -9 -25 -9 -24 -8 -25 -8 -25 -8 -24 -7 -25 -7 -25 -7 -25 -7 -24 -7 -24 -6 -24 -6 -23 -7 -23 -7 -22 -7 -22 -8 -21 -7 -21 -7 -21 -9 -20 -10 0 0 0 0 0 0 0 0 0 0 0 0 0 0 0 0 0 0 0 0 0 0 -16 -5 -15 -6 -16 -7 -16 -8 -16 -9 -17 -9 -17 -10 -17 -11 -17 -12 -18 -12 -18 -12 -18 -12 -18 -13 -19 -13 -19 -13 -20 -13 -20 -12 -21 -13 -21 -12 -21 -11 -22
2025-05-21 13:49:31,CSI_DATA,STA,D8:B1:90:DB:E8:90,-54,11,1,7,0,0,1,1,0,0,1,-95,0,2,0,4005860488,0,100,0,0,81315.6,256,[100 -64 5 0 22 -13 22 -13 22 -12 21 -14 21 -14 21 -14 20 -14 20 -14 19 -14 19 -14 18 -15 18 -14 17 -15 18 -15 18 -14 17 -14 17 -14 17 -14 17 -14 16 -14 16 -13 16 -12 16 -11 17 -11 17 -10 0 0 0 0 0 0 0 0 0 0 0 0 0 0 0 0 0 0 0 0 0 0 10 -11 11 -11 12 -11 13 -10 14 -10 15 -10 15 -10 16 -10 17 -10 18 -9 19 -9 19 -9 19 -9 19 -9 19 -9 20 -10 19 -10 20 -10 20 -11 20 -11 20 -12 21 -12 21 -13 20 -13
2025-05-21 13:49:31,CSI_DATA,STA,D8:B1:90:DB:E8:90,-53,11,1,7,0,0,1,1,0,0,1,-95,0,2,0,4006160029,0,110,0,0,81315.9,256,[110 96 6 0 12 26 12 25 11 25 11 25 12 24 12 24 12 23 12 22 12 22 12 22 12 21 13 22 13 22 13 22 12 21 13 22 12 21 12 21 12 20 12 20 11 20 10 20 10 20 7 20 6 20 0 0 0 0 0 0 0 0 0 0 0 0 0 0 0 0 0 0 0 0 0 0 9 13 9 13 7 15 7 15 7 16 7 17 6 18 6 19 6 19 6 20 5 21 5 21 5 22 6 22 7 22 7 22 7 23 7 23 8 23 8 23 9 24 9 24 11 24 11 25 12 25 12 25 ]
2025-05-21 13:49:36,CSI_DATA,STA,D8:B1:90:DB:E8:90,-52,11,1,7,0,0,1,1,0,0,1,-95,0,2,0,4011167025,0,110,0,0,81320.9,256,[110 96 6 0 -13 26 -12 25 -12 25 -11 24 -11 24 -10 24 -10 23 -9 24 -9 24 -8 23 -8 23 -9 22 -9 22 -8 22 -8 22 -9 22 -9 22 -9 21 -8 20 -9 19 -9 18 -9 18 -10 17 -10 16 -11 15 0 0 0 0 0 0 0 0 0 0 0 0 0 0 0 0 0 0 0 0 0 0 -6 18 -7 18 -8 17 -9 18 -9 18 -10 19 -11 19 -12 19 -13 20 -13 20 -14 20 -14 20 -14 21 -14 21 -14 20 -14 20 -13 21 -15 21 -13 22 -12 22 -12 23 -13 24 -12 24 -12 25 -13 25 -12 25 ]
2025-05-21 13:49:36,CSI_DATA,STA,D8:B1:90:DB:E8:90,-52,11,1,7,0,0,1,1,0,0,1,-95,0,2,0,4011667013,0,110,0,0,81321.4,256,[110 96 6 0 25 -14 25 -15 24 -14 24 -14 23 -15 23 -15 23 -15 22 -16 21 -17 21 -16 20 -16 20 -15 20 -15 20 -15 20 -15 20 -15 19 -15 19 -14 19 -13 19 -13 19 -13 18 -12 18 -11 18 -10 18 -9 0 0 0 0 0 0 0 0 0 0 0 0 0 0 0 0 0 0 0 0 0 0 14 -11 14 -11 16 -9 16 -9 17 -9 18 -9 18 -9 19 -9 21 -9 21 -9 21 -9 22 -9 22 -9 23 -9 22 -9 23 -9 23 -9 23 -10 23 -12 23 -12 23 -13 24 -14 24 -14 24 -14 24 -15 23 -
2025-05-21 13:49:40,CSI_DATA,STA,D8:B1:90:DB:E8:90,-54,11,1,7,0,0,1,1,0,0,1,-95,0,2,0,4015188254,0,110,0,0,81325,256,[110 96 6 0 -20 -18 -21 -18 -20 -17 -20 -17 -20 -16 -20 -16 -19 -15 -20 -15 -20 -14 -20 -14 -20 -14 -20 -14 -20 -13 -20 -13 -19 -13 -19 -13 -18 -13 -18 -13 -17 -12 -17 -12 -17 -12 -16 -13 -15 -13 -15 -13 -13 -14 0 0 0 0 0 0 0 0 0 0 0 0 0 0 0 0 0 0 0 0 0 0 -15 -9 -15 -10 -14 -11 -14 -12 -14 -13 -14 -13 -14 -14 -15 -15 -14 -16 -15 -16 -15 -17 -14 -18 -14 -18 -15 -18 -15 -17 -15 -18 -16 -17 -16 -
2025-05-21 13:49:42,CSI_DATA,STA,D8:B1:90:DB:E8:90,-61,11,1,7,0,0,1,1,0,0,1,-95,0,2,0,4017195364,0,110,0,0,81327,256,[110 96 6 0 -9 17 -8 17 -8 17 -7 16 -6 17 -5 16 -4 16 -3 16 -2 15 0 15 1 15 1 14 2 14 4 14 5 13 6 13 6 12 7 12 8 12 8 12 9 12 9 12 10 12 10 13 10 13 0 0 0 0 0 0 0 0 0 0 0 0 0 0 0 0 0 0 0 0 0 0 4 1 4 1 20 -1 21 -1 22 -1 23 -2 -20 16 -20 16 -21 17 -22 17 -16 6 -16 7 -16 7 -15 8 -14 9 -15 9 -14 10 -14 11 -13 12 -13 12 -13 13 -12 14 -12 15 -11 15 -11 16 -12 16 ]
2025-05-21 13:49:42,CSI_DATA,STA,D8:B1:90:DB:E8:90,-52,11,1,7,0,0,1,1,0,0,1,-95,0,2,0,4017696600,0,110,0,0,81327.5,256,[110 96 6 0 26 7 26 6 26 6 25 6 25 5 25 5 25 4 25 4 24 3 24 3 24 2 24 3 24 3 24 3 24 3 23 4 23 3 23 3 22 4 22 4 21 4 20 4 20 5 20 6 19 7 0 0 0 0 0 0 0 0 0 0 0 0 0 0 0 0 0 0 0 0 0 0 14 1 14 2 14 3 15 4 15 4 16 4 17 5 17 6 18 6 18 7 19 8 19 8 19 9 19 9 19 8 20 9 20 8 20 8 22 8 22 8 22 7 24 7 23 7 24 7 24 7 25 6 ]
2025-05-21 13:49:43,CSI_DATA,STA,D8:B1:90:DB:E8:90,-62,11,1,7,0,0,1,1,0,0,1,-95,0,2,0,4018208371,0,110,0,0,81328,256,[110 96 6 0 -4 -24 -5 -23 -4 -22 -5 -22 -7 -21 -7 -20 -8 -19 -8 -19 -9 -18 -10 -17 -11 -17 -12 -17 -13 -16 -13 -15 -14 -15 -15 -15 -15 -14 -15 -14 -15 -15 -16 -15 -17 -15 -17 -15 -17 -15 -16 -17 -16 -18 0 0 0 0 0 0 0 0 0 0 0 0 0 0 0 0 0 0 0 0 0 0 -18 -17 -18 -19 5 -15 5 -14 5 -16 4 -16 4 -16 4 -17 4 -17 3 -18 5 -18 4 -18 4 -19 4 -20 3 -19 3 -19 2 -20 2 -21 1 -22 0 -22 -1 -22 -2 -23 -2 -23 -2 -
2025-05-21 13:49:47,CSI_DATA,STA,D8:B1:90:DB:E8:90,-52,11,1,7,0,0,1,0,0,0,0,-95,0,2,0,4022713304,0,110,0,0,81332.5,256,[110 96 6 0 -7 -29 -8 -28 -7 -28 -8 -28 -8 -28 -9 -27 -9 -27 -10 -26 -11 -26 -11 -25 -12 -26 -11 -25 -12 -25 -11 -24 -11 -24 -11 -25 -10 -24 -10 -24 -9 -24 -9 -24 -8 -23 -8 -23 -7 -22 -6 -22 -5 -23 0 0 0 0 0 0 0 0 0 0 0 0 0 0 0 0 0 0 0 0 0 0 -6 -16 -5 -17 -4 -19 -4 -19 -3 -20 -3 -21 -2 -21 -2 -23 -1 -23 -1 -24 -1 -24 -1 -24 -1 -25 0 -26 -1 -25 -1 -25 -1 -25 -2 -26 -3 -27 -3 -27 -4 -27 -5 -28
2025-05-21 13:49:48,CSI_DATA,STA,D8:B1:90:DB:E8:90,-52,11,1,6,0,0,1,0,0,0,1,-95,0,2,0,4023222182,0,110,0,0,81333,256,[110 96 6 0 -6 28 -6 27 -6 27 -5 27 -5 27 -4 26 -3 26 -3 26 -3 26 -1 26 -1 25 -1 26 -1 26 -1 26 -1 25 -2 25 -2 25 -2 24 -2 24 -3 23 -3 23 -3 22 -4 22 -5 21 -6 21 0 0 0 0 0 0 0 0 0 0 0 0 0 0 0 0 0 0 0 0 0 0 -1 17 -2 17 -3 17 -4 18 -3 18 -5 18 -5 19 -6 20 -7 21 -7 21 -9 21 -9 22 -9 22 -9 22 -9 22 -9 23 -8 24 -8 24 -7 23 -7 24 -6 25 -6 25 -7 26 -7 27 -7 28 -7 27 ]
2025-05-21 13:49:50,CSI_DATA,STA,D8:B1:90:DB:E8:90,-52,11,1,6,0,0,1,0,0,0,1,-95,0,2,0,4025219507,0,110,0,0,81335,256,[110 96 6 0 10 -11 9 -11 7 -11 4 -11 0 -9 -4 -8 -7 -6 -11 -3 -15 0 -19 3 -23 5 -27 8 -30 10 -32 11 -35 12 -35 12 -36 12 -35 10 -32 9 -29 7 -26 5 -21 3 -16 1 -11 0 -6 -1 0 0 0 0 0 0 0 0 0 0 0 0 0 0 0 0 0 0 0 0 0 0 4 -7 4 -4 5 -1 5 3 5 6 5 12 4 16 3 21 2 25 -1 29 -3 32 -5 34 -6 35 -7 35 -7 35 -8 32 -7 30 -5 26 -4 23 -1 20 1 15 4 11 6 7 7 3 9 -1 11 -4 ]
2025-05-21 13:49:53,CSI_DATA,STA,D8:B1:90:DB:E8:90,-52,11,1,5,0,0,1,0,0,0,1,-95,0,2,0,4028236294,0,110,0,0,81338,256,[110 96 6 0 1 -30 0 -29 1 -29 1 -28 0 -28 -1 -28 -1 -27 -2 -28 -2 -28 -2 -28 -3 -27 -3 -28 -3 -27 -3 -27 -3 -27 -3 -27 -3 -27 -2 -26 -2 -25 -1 -24 -1 -24 0 -24 0 -23 2 -23 3 -22 0 0 0 0 0 0 0 0 0 0 0 0 0 0 0 0 0 0 0 0 0 0 -2 -17 -1 -18 1 -19 1 -20 1 -21 2 -21 3 -21 4 -22 5 -23 5 -23 6 -24 6 -25 6 -25 6 -25 6 -24 6 -25 5 -25 5 -25 5 -25 4 -26 3 -26 3 -27 3 -27 2 -27 2 -28 2 -29 ]
2025-05-21 13:49:55,CSI_DATA,STA,D8:B1:90:DB:E8:90,-53,11,1,7,0,0,1,0,0,0,0,-95,0,2,0,4030233359,0,110,0,0,81340,256,[110 96 6 0 12 25 12 24 12 24 12 25 13 25 13 24 13 23 12 23 13 22 13 22 14 22 13 21 13 21 13 20 13 20 13 21 12 20 12 20 11 20 11 20 10 20 10 20 9 20 8 19 7 19 0 0 0 0 0 0 0 0 0 0 0 0 0 0 0 0 0 0 0 0 0 0 9 13 8 14 8 15 8 16 8 17 8 17 7 18 7 19 7 19 7 20 6 20 6 21 6 21 6 21 6 23 6 23 7 23 7 23 8 23 9 23 9 24 10 24 10 25 11 25 11 25 12 24 ]
2025-05-21 13:49:56,CSI_DATA,STA,D8:B1:90:DB:E8:90,-55,11,1,7,0,0,1,0,0,0,0,-95,0,2,0,4031256143,0,110,0,0,81341,256,[110 96 6 0 -15 22 -14 22 -14 22 -13 21 -13 21 -13 21 -12 21 -12 21 -11 21 -11 21 -10 21 -10 21 -10 21 -10 21 -10 20 -9 20 -9 19 -10 18 -9 18 -10 17 -10 17 -10 16 -10 16 -10 16 -11 15 0 0 0 0 0 0 0 0 0 0 0 0 0 0 0 0 0 0 0 0 0 0 -7 14 -7 14 -8 14 -9 14 -9 14 -10 14 -11 15 -12 15 -13 15 -13 16 -13 16 -14 16 -14 16 -14 16 -15 16 -15 17 -14 17 -15 17 -14 19 -14 18 -14 19 -14 20 -14 21 -13 21 -14 2
