2025-05-21 16:18:57,CSI_DATA,STA,D8:B1:90:DB:E8:90,-53,11,1,7,0,0,1,0,0,0,1,-95,0,2,0,86757458,0,110,0,0,90281.4,256,[110 96 6 0 -3 11 -1 8 2 6 4 2 7 -1 11 -5 13 -8 17 -11 20 -15 22 -18 25 -20 27 -22 28 -23 30 -23 29 -23 29 -21 28 -20 26 -17 23 -15 19 -12 15 -10 10 -8 5 -6 0 -6 -4 -6 0 0 0 0 0 0 0 0 0 0 0 0 0 0 0 0 0 0 0 0 0 0 -1 7 -4 6 -7 6 -10 5 -13 4 -17 3 -21 1 -24 -1 -27 -4 -29 -7 -31 -11 -32 -13 -31 -15 -30 -15 -28 -15 -26 -14 -24 -12 -22 -10 -20 -7 -18 -3 -16 0 -14 3 -12 7 -11 9 -10 11 -9 12 ]
2025-05-21 16:19:01,CSI_DATA,STA,D8:B1:90:DB:E8:90,-53,11,1,6,0,0,1,0,0,0,1,-95,0,2,0,90748321,0,110,0,0,90285.4,256,[110 96 6 0 15 2 13 0 9 -1 6 -3 1 -6 -3 -8 -8 -10 -13 -13 -17 -15 -22 -16 -25 -19 -28 -21 -30 -23 -31 -24 -31 -25 -28 -25 -26 -24 -23 -22 -19 -20 -16 -17 -12 -13 -9 -8 -7 -4 -4 1 -3 6 0 0 0 0 0 0 0 0 0 0 0 0 0 0 0 0 0 0 0 0 0 0 6 0 6 2 5 5 4 8 3 12 1 15 -2 19 -4 23 -7 25 -10 27 -13 29 -16 30 -17 29 -18 28 -18 27 -17 24 -15 23 -12 20 -8 18 -4 16 -1 13 4 11 7 9 10 8 13 7 15 6 ]
2025-05-21 16:19:06,CSI_DATA,STA,D8:B1:90:DB:E8:90,-54,11,1,6,0,0,1,0,0,0,1,-95,0,2,0,96279302,0,110,0,0,90290.9,256,[110 96 6 0 -14 -24 -14 -23 -14 -22 -13 -22 -14 -21 -14 -21 -14 -21 -13 -20 -14 -20 -15 -19 -15 -19 -16 -19 -15 -18 -15 -18 -15 -18 -15 -18 -14 -18 -14 -18 -14 -18 -14 -18 -13 -18 -13 -17 -13 -17 -12 -18 -10 -18 0 0 0 0 0 0 0 0 0 0 0 0 0 0 0 0 0 0 0 0 0 0 -11 -11 -11 -12 -10 -13 -10 -13 -10 -14 -9 -15 -10 -16 -10 -17 -9 -18 -10 -19 -10 -20 -10 -19 -10 -20 -10 -20 -10 -20 -10 -20 -10 -20 -10 -2
2025-05-21 16:19:10,CSI_DATA,STA,D8:B1:90:DB:E8:90,-61,11,1,7,0,0,1,0,0,0,1,-95,0,2,0,99790346,0,110,0,0,90294.5,256,[110 96 6 0 -13 17 -13 17 -13 17 -12 16 -13 16 -13 15 -12 15 -13 15 -12 15 -12 15 -11 14 -11 15 -11 15 -11 15 -11 15 -11 15 -11 15 -12 15 -12 15 -13 15 -14 15 -14 14 -16 14 -17 14 -18 12 0 0 0 0 0 0 0 0 0 0 0 0 0 0 0 0 0 0 0 0 0 0 -23 -2 -23 -4 31 12 29 14 30 17 29 20 -18 -17 -17 -19 -15 -20 -14 -21 -6 15 -7 14 -7 15 -7 15 -8 14 -8 16 -8 15 -9 16 -8 16 -8 16 -9 17 -9 17 -10 18 -10 18 -10 18 -1
2025-05-21 16:19:10,CSI_DATA,STA,D8:B1:90:DB:E8:90,-53,11,1,6,0,0,1,1,0,0,1,-95,0,2,0,100295843,0,110,0,0,90295,256,[110 96 6 0 11 -4 8 -6 6 -6 3 -7 -2 -9 -6 -10 -10 -11 -15 -12 -20 -13 -24 -14 -27 -14 -31 -16 -33 -17 -34 -17 -34 -19 -33 -19 -31 -18 -27 -18 -24 -16 -20 -14 -15 -11 -11 -7 -8 -3 -4 1 -2 5 0 0 0 0 0 0 0 0 0 0 0 0 0 0 0 0 0 0 0 0 0 0 4 0 4 2 4 4 5 7 4 10 3 14 2 18 1 22 -1 25 -4 28 -7 31 -9 31 -11 32 -12 31 -13 29 -13 28 -11 25 -9 22 -7 19 -4 16 -1 13 2 10 4 7 7 5 10 3 12 1 ]
2025-05-21 16:19:13,CSI_DATA,STA,D8:B1:90:DB:E8:90,-53,11,1,7,0,0,1,0,0,0,1,-95,0,2,0,103310644,0,110,0,0,90298,256,[110 96 6 0 -1 12 0 9 2 5 4 2 5 -2 7 -7 8 -11 11 -16 12 -21 13 -25 14 -29 15 -32 16 -34 17 -34 18 -34 18 -33 17 -31 16 -27 15 -23 12 -19 9 -15 5 -11 1 -7 -3 -4 -7 -1 0 0 0 0 0 0 0 0 0 0 0 0 0 0 0 0 0 0 0 0 0 0 -4 5 -6 4 -8 3 -11 1 -14 0 -17 -2 -20 -5 -24 -7 -26 -10 -28 -13 -28 -16 -29 -19 -28 -20 -28 -20 -26 -21 -24 -19 -22 -16 -20 -14 -18 -10 -16 -7 -13 -3 -12 1 -10 5 -8 8 -6 11 -6 12 ]
2025-05-21 16:19:14,CSI_DATA,STA,D8:B1:90:DB:E8:90,-53,11,1,6,0,0,1,0,0,0,1,-95,0,2,0,103810353,0,110,0,0,90298.5,256,[110 96 6 0 -1 12 1 10 2 6 4 3 6 -1 8 -5 9 -10 11 -14 13 -19 14 -23 15 -27 17 -30 18 -32 19 -32 20 -32 21 -31 20 -29 18 -25 17 -22 14 -17 10 -14 7 -10 2 -7 -2 -4 -6 -2 0 0 0 0 0 0 0 0 0 0 0 0 0 0 0 0 0 0 0 0 0 0 -3 5 -6 5 -8 4 -11 3 -14 1 -17 0 -21 -3 -24 -5 -27 -8 -29 -11 -30 -13 -31 -16 -30 -17 -29 -18 -28 -18 -25 -17 -24 -15 -21 -12 -19 -9 -17 -6 -14 -2 -12 2 -10 6 -8 8 -6 11 -5 12 ]
2025-05-21 16:19:14,CSI_DATA,STA,D8:B1:90:DB:E8:90,-55,11,1,6,0,0,1,0,0,0,1,-95,0,2,0,104310599,0,110,0,0,90299,256,[110 96 6 0 -20 -16 -20 -16 -20 -16 -21 -16 -20 -16 -20 -15 -20 -14 -20 -14 -19 -13 -20 -13 -20 -13 -21 -12 -21 -12 -20 -11 -20 -12 -20 -12 -19 -12 -19 -11 -18 -11 -18 -11 -18 -11 -17 -11 -17 -12 -16 -11 -16 -12 0 0 0 0 0 0 0 0 0 0 0 0 0 0 0 0 0 0 0 0 0 0 -14 -6 -14 -7 -14 -8 -14 -9 -14 -10 -15 -11 -14 -12 -14 -12 -14 -13 -14 -14 -15 -14 -15 -15 -15 -15 -15 -15 -15 -16 -15 -16 -16 -16 -16 -16 -
2025-05-21 16:19:15,CSI_DATA,STA,D8:B1:90:DB:E8:90,-55,11,1,7,0,0,1,0,0,0,1,-95,0,2,0,104810416,0,110,0,0,90299.5,256,[110 96 6 0 2 -26 1 -26 1 -26 2 -25 1 -24 0 -24 0 -24 0 -24 0 -24 -1 -24 -1 -24 -1 -23 -1 -23 -2 -23 -2 -22 -1 -23 -1 -23 -1 -22 -1 -22 -1 -21 -1 -21 0 -21 0 -20 0 -20 1 -20 0 0 0 0 0 0 0 0 0 0 0 0 0 0 0 0 0 0 0 0 0 0 -3 -14 -2 -14 -2 -16 -1 -16 0 -16 0 -17 1 -18 2 -18 2 -19 3 -20 4 -20 4 -20 4 -21 5 -21 4 -20 4 -21 4 -21 4 -22 3 -22 3 -22 2 -23 2 -24 3 -24 3 -25 2 -25 2 -25 ]
2025-05-21 16:19:15,CSI_DATA,STA,D8:B1:90:DB:E8:90,-53,11,1,6,0,0,1,1,0,0,1,-95,0,2,0,105311195,0,110,0,0,90300,256,[110 96 6 0 -5 12 -3 11 0 9 3 7 6 4 9 0 12 -3 16 -7 19 -11 22 -14 24 -18 27 -20 30 -21 31 -21 33 -21 32 -20 31 -18 29 -16 26 -13 21 -11 17 -8 11 -6 5 -4 0 -3 -5 -3 0 0 0 0 0 0 0 0 0 0 0 0 0 0 0 0 0 0 0 0 0 0 -5 3 -7 1 -8 -1 -9 -3 -12 -5 -13 -8 -15 -12 -17 -16 -18 -20 -19 -23 -18 -27 -18 -29 -17 -30 -16 -31 -15 -31 -13 -29 -12 -26 -11 -23 -11 -19 -10 -14 -9 -10 -9 -6 -9 -1 -8 3 -8 7 -8 9 ]
2025-05-21 16:19:21,CSI_DATA,STA,D8:B1:90:DB:E8:90,-53,11,1,4,0,0,1,0,0,0,1,-95,0,2,0,110850989,0,110,0,0,90305.5,256,[110 96 6 0 0 11 1 9 3 5 4 1 5 -5 6 -10 7 -15 8 -20 9 -25 9 -29 10 -34 11 -37 11 -40 12 -41 12 -41 13 -40 13 -37 12 -34 11 -29 9 -25 7 -19 5 -14 1 -9 -2 -5 -6 -1 0 0 0 0 0 0 0 0 0 0 0 0 0 0 0 0 0 0 0 0 0 0 -4 9 -7 8 -10 7 -13 6 -16 4 -20 3 -24 1 -27 -2 -31 -5 -33 -8 -35 -11 -35 -13 -36 -15 -34 -16 -33 -16 -30 -15 -28 -13 -25 -11 -23 -7 -19 -3 -17 1 -14 4 -11 7 -9 10 -7 12 -4 14 ]
2025-05-21 16:19:21,CSI_DATA,STA,D8:B1:90:DB:E8:90,-53,11,1,6,0,0,1,0,0,0,0,-95,0,2,0,111350974,0,110,0,0,90306,256,[110 96 6 0 -9 -9 -9 -7 -8 -3 -6 0 -5 4 -2 9 0 13 3 18 5 21 7 25 10 29 11 32 12 35 12 35 12 37 11 36 10 34 8 31 6 27 5 23 3 18 3 12 2 7 2 2 3 -4 0 0 0 0 0 0 0 0 0 0 0 0 0 0 0 0 0 0 0 0 0 0 -3 -6 -1 -8 1 -8 4 -9 7 -11 11 -12 15 -13 19 -13 24 -13 28 -12 31 -11 33 -9 35 -8 34 -7 33 -6 30 -5 28 -5 24 -6 20 -7 16 -7 12 -9 8 -10 3 -10 -1 -11 -3 -12 -6 -12 ]
2025-05-21 16:19:24,CSI_DATA,STA,D8:B1:90:DB:E8:90,-52,11,1,5,0,0,1,0,0,0,1,-95,0,2,0,114360419,0,110,0,0,90309,256,[110 96 6 0 -13 6 -10 6 -6 5 -2 5 3 4 8 3 13 2 18 1 24 0 28 -2 32 -3 36 -4 39 -4 40 -3 41 -3 40 -2 38 -1 34 0 30 0 24 0 19 0 12 -1 7 -2 2 -4 -3 -7 0 0 0 0 0 0 0 0 0 0 0 0 0 0 0 0 0 0 0 0 0 0 -7 1 -8 -2 -8 -4 -8 -7 -8 -11 -9 -15 -7 -19 -7 -23 -6 -28 -3 -31 -1 -34 1 -36 3 -36 4 -36 4 -34 4 -32 3 -29 2 -25 -1 -22 -2 -17 -5 -13 -8 -10 -10 -6 -12 -3 -14 0 -15 2 ]
2025-05-21 16:19:28,CSI_DATA,STA,D8:B1:90:DB:E8:90,-54,11,1,7,0,0,1,0,0,0,1,-95,0,2,0,117398846,0,110,0,0,90312.1,256,[110 96 6 0 -17 23 -16 23 -16 23 -15 22 -15 23 -14 23 -13 23 -12 22 -11 22 -11 22 -10 22 -10 24 -10 24 -10 24 -10 23 -10 23 -10 22 -10 21 -10 21 -10 20 -10 20 -10 20 -10 19 -11 19 -12 18 0 0 0 0 0 0 0 0 0 0 0 0 0 0 0 0 0 0 0 0 0 0 -5 15 -6 15 -7 15 -8 15 -9 15 -10 16 -10 16 -11 16 -12 17 -13 17 -14 17 -14 17 -15 17 -15 18 -15 17 -16 16 -16 17 -16 17 -15 18 -15 18 -15 19 -15 20 -16 20 -15 21 -
2025-05-21 16:19:28,CSI_DATA,STA,D8:B1:90:DB:E8:90,-62,11,1,7,0,0,1,0,0,0,1,-95,0,2,0,117899141,0,110,0,0,90312.6,256,[110 96 6 0 16 -7 16 -6 17 -6 0 7 1 7 1 7 1 7 4 10 4 10 4 11 5 11 -7 -21 -8 -20 -8 -21 -7 -21 -8 -9 -8 -10 -8 -10 -8 -11 -20 -25 -19 -25 -18 -25 -17 -25 12 24 10 25 0 0 0 0 0 0 0 0 0 0 0 0 0 0 0 0 0 0 0 0 0 0 -3 5 -3 4 -1 10 -2 10 -2 10 -2 10 -12 13 -12 12 -13 11 -15 11 -3 28 -4 29 -5 30 -7 30 -10 7 -10 6 -9 8 -9 7 -10 6 -9 8 -11 8 -10 7 -2 7 -3 7 -3 8 5 13 ]
2025-05-21 16:19:28,CSI_DATA,STA,D8:B1:90:DB:E8:90,-53,11,1,6,0,0,1,1,0,0,1,-95,0,2,0,118406353,0,110,0,0,90313.1,256,[110 96 6 0 7 -13 5 -11 2 -9 -1 -7 -5 -3 -9 0 -13 4 -16 8 -20 11 -23 15 -26 18 -29 20 -31 22 -32 22 -33 22 -32 21 -31 19 -28 16 -24 14 -20 11 -15 8 -10 6 -4 4 1 2 6 2 0 0 0 0 0 0 0 0 0 0 0 0 0 0 0 0 0 0 0 0 0 0 4 -5 5 -3 7 -1 9 2 11 5 12 9 14 13 14 18 15 23 14 26 13 30 11 32 11 33 10 32 8 31 7 29 7 26 7 22 7 18 8 14 8 8 9 3 9 -1 10 -5 10 -9 10 -11 ]
2025-05-21 16:19:32,CSI_DATA,STA,D8:B1:90:DB:E8:90,-53,11,1,7,0,0,1,1,0,0,1,-95,0,2,0,121425172,0,110,0,0,90316.1,256,[110 96 6 0 -29 7 -28 8 -28 8 -27 8 -26 8 -26 8 -26 8 -25 10 -25 10 -24 10 -24 10 -24 10 -24 10 -24 10 -24 10 -24 10 -22 10 -22 9 -22 9 -23 10 -22 9 -22 9 -22 9 -21 7 -22 6 0 0 0 0 0 0 0 0 0 0 0 0 0 0 0 0 0 0 0 0 0 0 -15 7 -16 6 -17 6 -18 5 -18 5 -19 5 -20 4 -21 4 -22 4 -22 3 -23 3 -23 2 -23 2 -24 2 -24 2 -25 2 -24 3 -25 3 -24 4 -25 4 -25 4 -25 5 -27 6 -27 6 -28 7 -28 6 ]
2025-05-21 16:19:34,CSI_DATA,STA,D8:B1:90:DB:E8:90,-59,11,1,7,0,0,1,1,0,0,1,-95,0,2,0,123935723,0,110,0,0,90318.6,256,[110 96 6 0 18 18 17 17 18 18 17 18 17 18 17 17 17 17 17 17 17 16 17 15 17 15 17 15 16 15 17 16 16 15 17 16 16 15 16 16 15 16 14 16 14 16 14 17 13 17 13 18 11 19 0 0 0 0 0 0 0 0 0 0 0 0 0 0 0 0 0 0 0 0 0 0 -1 -8 -1 -9 -1 16 -1 16 -2 16 -3 17 10 8 10 9 11 9 12 9 12 10 12 10 12 11 13 12 13 11 14 12 14 12 15 12 15 13 16 13 16 13 17 14 18 14 18 15 18 15 18 16 ]
2025-05-21 16:19:35,CSI_DATA,STA,D8:B1:90:DB:E8:90,-56,11,1,7,0,0,1,1,0,0,1,-95,0,2,0,125440885,0,110,0,0,90320.1,256,[110 96 6 0 11 21 12 21 12 20 11 20 12 20 12 20 12 19 12 19 12 18 13 18 13 18 14 18 14 18 13 17 13 17 13 17 13 17 12 17 12 16 12 16 12 16 11 16 11 16 10 16 9 16 0 0 0 0 0 0 0 0 0 0 0 0 0 0 0 0 0 0 0 0 0 0 9 9 8 10 8 10 8 11 8 12 8 12 8 14 8 15 8 15 8 16 7 17 7 17 7 18 7 18 8 18 7 18 8 18 8 18 9 18 9 19 9 19 10 19 10 20 11 20 11 20 11 21 ]
2025-05-21 16:19:38,CSI_DATA,STA,D8:B1:90:DB:E8:90,-54,11,1,7,0,0,1,1,0,0,1,-95,0,2,0,127957093,0,110,0,0,90322.6,256,[110 96 6 0 -19 -20 -18 -20 -18 -20 -18 -19 -19 -18 -19 -18 -19 -17 -18 -17 -18 -16 -18 -16 -18 -16 -18 -15 -19 -16 -18 -15 -18 -15 -18 -14 -18 -14 -17 -14 -17 -14 -17 -14 -16 -13 -16 -13 -15 -14 -14 -14 -14 -15 0 0 0 0 0 0 0 0 0 0 0 0 0 0 0 0 0 0 0 0 0 0 -13 -9 -13 -10 -12 -11 -12 -12 -12 -13 -13 -13 -13 -14 -13 -15 -13 -16 -13 -17 -13 -18 -13 -18 -13 -19 -13 -19 -13 -19 -14 -19 -14 -19 -15
2025-05-21 16:19:44,CSI_DATA,STA,D8:B1:90:DB:E8:90,-53,11,1,7,0,0,1,1,0,0,1,-95,0,2,0,133993105,0,110,0,0,90328.7,256,[110 96 6 0 -18 23 -18 23 -18 22 -17 22 -16 21 -16 22 -15 22 -15 21 -14 22 -14 21 -13 22 -14 22 -13 22 -13 21 -13 21 -12 22 -12 21 -12 20 -12 20 -12 19 -12 19 -12 18 -12 18 -12 17 -13 17 0 0 0 0 0 0 0 0 0 0 0 0 0 0 0 0 0 0 0 0 0 0 -7 15 -8 14 -9 15 -10 15 -10 15 -11 16 -13 16 -13 17 -15 16 -15 17 -16 17 -16 17 -16 17 -17 17 -17 18 -18 18 -18 18 -17 19 -18 19 -18 19 -18 20 -18 20 -18 21 -18 21
2025-05-21 16:19:44,CSI_DATA,STA,D8:B1:90:DB:E8:90,-53,11,1,7,0,0,1,1,0,0,1,-95,0,2,0,134493051,0,110,0,0,90329.2,256,[110 96 6 0 -29 -8 -28 -7 -28 -7 -26 -6 -26 -5 -26 -5 -26 -5 -26 -4 -26 -3 -26 -3 -26 -3 -26 -2 -25 -2 -26 -1 -25 -2 -25 -2 -24 -2 -24 -2 -23 -3 -23 -3 -23 -3 -23 -4 -22 -4 -21 -5 -21 -6 0 0 0 0 0 0 0 0 0 0 0 0 0 0 0 0 0 0 0 0 0 0 -17 -1 -17 -2 -18 -3 -18 -4 -19 -5 -20 -6 -20 -6 -21 -7 -21 -8 -22 -9 -22 -9 -22 -10 -22 -10 -23 -10 -23 -9 -24 -10 -23 -9 -24 -9 -24 -9 -25 -9 -26 -9 -26 -9 -27 -9
2025-05-21 16:19:45,CSI_DATA,STA,D8:B1:90:DB:E8:90,-53,11,1,7,0,0,1,1,0,0,1,-95,0,2,0,134993505,0,110,0,0,90329.7,256,[110 96 6 0 -29 2 -28 2 -28 3 -27 3 -26 4 -26 4 -25 4 -26 5 -25 5 -25 5 -24 6 -24 6 -25 6 -24 6 -24 6 -24 4 -23 4 -23 4 -22 3 -22 4 -22 3 -21 3 -21 3 -20 2 -20 1 0 0 0 0 0 0 0 0 0 0 0 0 0 0 0 0 0 0 0 0 0 0 -17 5 -18 4 -19 3 -20 2 -20 2 -21 1 -21 1 -22 1 -23 0 -23 -1 -24 -1 -24 -1 -24 -2 -24 -2 -24 -2 -25 -2 -24 -2 -25 -2 -25 -1 -25 0 -26 0 -26 0 -27 1 -28 1 -28 2 -28 2 ]
2025-05-21 16:19:46,CSI_DATA,STA,D8:B1:90:DB:E8:90,-53,11,1,7,0,0,1,1,0,0,1,-95,0,2,0,135496505,0,110,0,0,90330.2,256,[110 96 6 0 -7 -25 -7 -25 -7 -25 -8 -24 -7 -24 -8 -23 -8 -23 -8 -24 -9 -23 -9 -23 -9 -22 -10 -22 -9 -22 -9 -21 -9 -21 -9 -21 -9 -21 -8 -20 -8 -20 -8 -20 -7 -20 -7 -19 -7 -19 -6 -19 -5 -19 0 0 0 0 0 0 0 0 0 0 0 0 0 0 0 0 0 0 0 0 0 0 -9 -13 -8 -13 -6 -15 -6 -16 -6 -16 -6 -17 -5 -18 -4 -19 -4 -19 -4 -20 -3 -21 -2 -21 -2 -21 -2 -22 -2 -22 -2 -21 -2 -22 -3 -22 -4 -24 -4 -24 -4 -24 -4 -25 -5 -25 -6
2025-05-21 16:19:49,CSI_DATA,STA,D8:B1:90:DB:E8:90,-55,11,1,7,0,0,1,1,0,0,1,-95,0,2,0,139010607,0,110,0,0,90333.7,256,[110 96 6 0 -23 13 -23 14 -22 14 -22 14 -21 14 -20 14 -20 14 -19 15 -19 15 -19 15 -18 15 -17 15 -17 15 -17 15 -16 15 -16 16 -16 15 -16 15 -15 15 -15 14 -15 13 -14 13 -15 13 -15 12 -16 11 0 0 0 0 0 0 0 0 0 0 0 0 0 0 0 0 0 0 0 0 0 0 -10 11 -11 10 -13 9 -13 9 -14 9 -15 9 -16 10 -17 9 -18 10 -18 9 -19 9 -19 9 -20 9 -19 9 -20 9 -21 10 -21 10 -21 10 -21 11 -21 11 -21 12 -21 13 -22 12 -22 12 -22 12
2025-05-21 16:19:50,CSI_DATA,STA,D8:B1:90:DB:E8:90,-54,11,1,7,0,0,1,1,0,0,1,-95,0,2,0,140011164,0,110,0,0,90334.7,256,[110 96 6 0 21 12 21 11 21 11 21 11 21 10 21 10 21 9 20 9 20 9 20 8 20 8 20 7 20 7 20 6 20 7 21 7 20 7 19 7 19 7 19 6 18 6 17 6 17 7 17 6 16 7 0 0 0 0 0 0 0 0 0 0 0 0 0 0 0 0 0 0 0 0 0 0 12 2 13 3 13 3 13 4 14 4 14 5 14 7 15 8 15 9 15 9 16 9 16 10 16 11 17 11 18 11 18 11 18 12 19 11 18 12 19 12 20 12 20 13 21 11 21 12 22 12 21 12 ]
2025-05-21 16:19:51,CSI_DATA,STA,D8:B1:90:DB:E8:90,-54,11,1,7,0,0,1,1,0,0,1,-95,0,2,0,140511909,0,110,0,0,90335.2,256,[110 96 6 0 23 -15 22 -15 22 -15 22 -15 21 -15 21 -15 20 -15 19 -15 19 -15 18 -16 18 -15 18 -17 18 -16 18 -16 18 -16 18 -16 17 -16 17 -15 16 -14 16 -15 16 -14 16 -13 16 -13 16 -12 17 -11 0 0 0 0 0 0 0 0 0 0 0 0 0 0 0 0 0 0 0 0 0 0 9 -11 10 -10 11 -10 12 -10 13 -9 14 -9 16 -10 17 -9 18 -10 18 -9 19 -10 20 -9 20 -10 20 -9 20 -9 20 -9 20 -9 21 -10 21 -10 21 -11 22 -11 22 -12 21 -13 21 -14 22 -14
2025-05-21 16:19:52,CSI_DATA,STA,D8:B1:90:DB:E8:90,-54,11,1,7,0,0,1,1,0,0,1,-95,0,2,0,142021236,0,110,0,0,90336.7,256,[110 96 6 0 22 -16 22 -16 22 -16 21 -15 20 -15 20 -16 19 -16 20 -16 19 -16 19 -16 18 -17 18 -17 18 -17 17 -17 17 -17 17 -17 17 -16 16 -16 16 -16 16 -15 16 -15 15 -14 16 -14 16 -13 16 -12 0 0 0 0 0 0 0 0 0 0 0 0 0 0 0 0 0 0 0 0 0 0 9 -11 10 -10 12 -11 12 -11 13 -10 14 -10 16 -10 16 -11 17 -11 18 -10 19 -10 19 -10 19 -10 20 -10 20 -11 20 -11 20 -12 21 -13 21 -12 21 -12 21 -13 22 -14 21 -13 22 -
2025-05-21 16:19:56,CSI_DATA,STA,D8:B1:90:DB:E8:90,-54,11,1,7,0,0,1,1,0,0,1,-95,0,2,0,145529191,0,110,0,0,90340.2,256,[110 96 6 0 18 -22 17 -22 17 -21 16 -22 15 -22 15 -22 14 -22 14 -21 14 -21 13 -22 12 -21 12 -21 11 -21 12 -21 12 -20 11 -20 11 -20 10 -19 10 -19 12 -18 11 -18 11 -17 12 -17 12 -17 12 -16 0 0 0 0 0 0 0 0 0 0 0 0 0 0 0 0 0 0 0 0 0 0 5 -14 6 -14 7 -14 8 -15 9 -14 10 -15 10 -15 12 -16 12 -16 13 -16 14 -17 15 -17 14 -18 15 -18 15 -17 16 -17 15 -17 16 -17 15 -18 16 -18 16 -19 16 -19 17 -21 17 -22 1
2025-05-21 16:19:56,CSI_DATA,STA,D8:B1:90:DB:E8:90,-54,11,1,7,0,0,1,1,0,0,1,-95,0,2,0,146036391,0,110,0,0,90340.7,256,[110 96 6 0 11 -26 11 -26 11 -26 9 -25 8 -24 8 -25 8 -24 7 -25 7 -24 7 -24 6 -24 5 -24 5 -24 5 -25 5 -24 5 -24 5 -23 5 -22 6 -22 5 -21 6 -20 6 -20 6 -19 7 -19 8 -18 0 0 0 0 0 0 0 0 0 0 0 0 0 0 0 0 0 0 0 0 0 0 3 -16 4 -16 5 -16 5 -16 6 -16 7 -16 8 -17 9 -18 9 -18 10 -18 11 -19 12 -19 12 -19 12 -20 12 -19 12 -20 12 -20 13 -21 12 -21 11 -22 11 -22 12 -24 11 -23 12 -24 12 -24 12 -24 ]
2025-05-21 16:19:57,CSI_DATA,STA,D8:B1:90:DB:E8:90,-54,11,1,7,0,0,1,1,0,0,1,-95,0,2,0,147033905,0,110,0,0,90341.7,256,[110 96 6 0 20 -19 19 -18 21 -19 19 -19 19 -18 18 -19 18 -19 17 -19 17 -20 16 -20 15 -20 15 -19 15 -19 16 -19 15 -18 15 -19 15 -18 15 -18 15 -17 14 -17 13 -17 14 -16 14 -16 15 -15 16 -13 0 0 0 0 0 0 0 0 0 0 0 0 0 0 0 0 0 0 0 0 0 0 8 -14 9 -13 11 -13 11 -13 13 -13 13 -13 15 -13 15 -13 16 -13 17 -12 19 -13 18 -13 19 -14 19 -13 19 -13 19 -14 19 -13 20 -15 20 -15 21 -16 20 -16 20 -17 20 -17 19 -1
2025-05-21 16:19:58,CSI_DATA,STA,D8:B1:90:DB:E8:90,-54,11,1,7,0,0,1,1,0,0,1,-95,0,2,0,148057939,0,110,0,0,90342.7,256,[110 96 6 0 -21 -19 -21 -18 -20 -18 -20 -18 -20 -17 -20 -17 -20 -16 -21 -17 -21 -16 -21 -16 -20 -15 -20 -15 -20 -15 -20 -14 -20 -14 -20 -14 -20 -14 -19 -13 -18 -13 -18 -13 -17 -14 -17 -13 -17 -13 -16 -13 -15 -14 0 0 0 0 0 0 0 0 0 0 0 0 0 0 0 0 0 0 0 0 0 0 -14 -9 -14 -10 -13 -11 -13 -12 -13 -13 -14 -14 -14 -15 -14 -16 -14 -16 -15 -18 -14 -18 -14 -18 -14 -19 -14 -19 -14 -20 -15 -20 -15 -19 -15
2025-05-21 16:20:01,CSI_DATA,STA,D8:B1:90:DB:E8:90,-56,11,1,7,0,0,1,1,0,0,1,-95,0,2,0,150566736,0,110,0,0,90345.2,256,[110 96 6 0 -25 -10 -25 -10 -24 -9 -23 -8 -23 -8 -23 -7 -22 -7 -23 -6 -23 -6 -23 -5 -22 -5 -22 -5 -22 -4 -22 -4 -21 -4 -22 -4 -21 -4 -20 -4 -20 -4 -20 -4 -19 -4 -19 -4 -19 -5 -19 -5 -19 -5 0 0 0 0 0 0 0 0 0 0 0 0 0 0 0 0 0 0 0 0 0 0 -16 -2 -16 -3 -16 -4 -16 -5 -16 -5 -17 -6 -17 -6 -18 -7 -18 -8 -18 -9 -18 -9 -19 -9 -19 -10 -19 -10 -19 -11 -20 -10 -20 -10 -21 -10 -20 -10 -20 -10 -21 -10 -21 -9
2025-05-21 16:20:01,CSI_DATA,STA,D8:B1:90:DB:E8:90,-54,11,1,5,0,0,1,1,1,0,0,-95,0,2,0,151069250,0,110,0,0,90345.7,384,[110 96 6 0 -4 21 -4 17 -5 13 -6 8 -7 2 -9 -3 -12 -9 -15 -14 -18 -19 -21 -23 -24 -26 -26 -27 -27 -29 -28 -28 -27 -27 -26 -26 -23 -22 -20 -19 -16 -14 -12 -11 -8 -6 -3 -1 1 3 5 7 7 11 0 0 0 0 0 0 0 0 0 0 0 0 0 0 0 0 0 0 0 0 0 0 -15 1 -15 -1 -15 -4 -15 -8 -14 -11 -13 -15 -13 -19 -13 -23 -12 -27 -12 -30 -11 -32 -10 -32 -11 -32 -10 -31 -11 -29 -11 -25 -11 -21 -11 -16 -11 -10 -11 -4 -10 2 -10 8 -8
2025-05-21 16:20:03,CSI_DATA,STA,D8:B1:90:DB:E8:90,-54,11,1,7,0,0,1,0,0,0,0,-95,0,2,0,153073665,0,110,0,0,90347.7,256,[110 96 6 0 18 21 18 21 18 20 19 20 19 19 18 19 18 18 18 18 18 17 19 17 19 16 19 16 19 16 19 15 19 15 19 15 19 15 18 14 17 14 16 14 16 14 16 14 15 13 14 14 13 15 0 0 0 0 0 0 0 0 0 0 0 0 0 0 0 0 0 0 0 0 0 0 14 7 13 8 13 10 13 11 13 12 14 13 13 14 13 15 13 16 13 16 14 18 13 18 14 18 14 19 13 19 13 20 14 20 14 19 15 20 15 20 16 20 16 21 17 21 18 21 18 21 19 22 ]
2025-05-21 16:20:13,CSI_DATA,STA,D8:B1:90:DB:E8:90,-55,11,1,6,0,0,1,0,0,0,1,-95,0,2,0,162600798,0,110,0,0,90357.3,256,[110 96 6 0 -7 -26 -7 -25 -7 -25 -8 -24 -8 -24 -9 -24 -8 -23 -8 -23 -9 -22 -9 -22 -10 -21 -10 -21 -10 -21 -9 -21 -9 -20 -10 -20 -9 -20 -9 -19 -9 -19 -9 -19 -8 -19 -8 -18 -8 -18 -7 -18 -6 -18 0 0 0 0 0 0 0 0 0 0 0 0 0 0 0 0 0 0 0 0 0 0 -8 -13 -7 -14 -7 -15 -6 -15 -6 -16 -6 -17 -6 -18 -5 -20 -4 -20 -5 -21 -5 -21 -4 -21 -4 -22 -4 -22 -3 -22 -4 -22 -4 -22 -4 -23 -4 -23 -5 -23 -5 -24 -5 -24 -6 -24
2025-05-21 16:20:21,CSI_DATA,STA,D8:B1:90:DB:E8:90,-53,11,1,6,0,0,1,0,0,0,1,-95,0,2,0,170626782,0,110,0,0,90365.3,256,[110 96 6 0 -14 -6 -11 -4 -6 -3 -1 -2 5 -1 11 0 17 1 22 1 27 1 32 2 36 1 38 1 40 1 40 1 40 1 37 1 34 1 29 1 23 0 17 -1 11 -2 5 -3 0 -4 -5 -6 -9 -8 0 0 0 0 0 0 0 0 0 0 0 0 0 0 0 0 0 0 0 0 0 0 -4 -9 -2 -11 1 -12 4 -13 7 -15 11 -17 16 -18 19 -19 24 -19 27 -19 30 -19 32 -18 33 -17 32 -16 30 -15 27 -15 23 -13 19 -13 14 -13 8 -11 3 -11 -3 -10 -7 -10 -11 -9 -14 -8 -16 -8 ]
2025-05-21 16:20:24,CSI_DATA,STA,D8:B1:90:DB:E8:90,-53,11,1,1,0,0,1,0,0,0,0,-95,0,2,0,174154383,0,110,0,0,90368.8,256,[110 96 6 0 -17 3 -13 3 -8 2 -3 2 3 2 8 1 14 0 20 0 25 -1 29 -1 33 -2 35 -2 37 -1 38 -1 37 0 35 0 33 1 28 0 23 0 17 -1 12 -2 7 -4 2 -6 -3 -8 -7 -10 0 0 0 0 0 0 0 0 0 0 0 0 0 0 0 0 0 0 0 0 0 0 -8 0 -8 -3 -8 -6 -7 -10 -6 -13 -6 -17 -3 -22 -1 -25 2 -29 4 -31 7 -33 9 -33 10 -33 11 -32 11 -30 10 -27 7 -24 5 -21 1 -18 -2 -14 -6 -10 -9 -7 -13 -3 -16 -2 -18 0 -20 1 ]
2025-05-21 16:20:26,CSI_DATA,STA,D8:B1:90:DB:E8:90,-53,11,1,2,0,0,1,0,0,0,0,-95,0,2,0,175664595,0,110,0,0,90370.3,256,[110 96 6 0 12 8 9 6 6 3 2 0 -4 -4 -9 -8 -14 -11 -18 -14 -23 -17 -27 -20 -31 -22 -33 -23 -34 -24 -35 -24 -34 -23 -32 -23 -29 -20 -26 -18 -21 -14 -17 -11 -13 -7 -8 -3 -5 2 -1 6 1 10 0 0 0 0 0 0 0 0 0 0 0 0 0 0 0 0 0 0 0 0 0 0 2 8 -1 9 -3 10 -7 11 -11 12 -15 13 -20 13 -24 14 -29 13 -33 12 -35 10 -37 9 -38 7 -37 7 -35 6 -31 6 -28 6 -23 6 -18 7 -12 8 -7 9 -1 9 3 10 7 11 11 11 13 11 ]
2025-05-21 16:20:29,CSI_DATA,STA,D8:B1:90:DB:E8:90,-53,11,1,3,0,0,1,0,0,0,0,-95,0,2,0,179175334,0,110,0,0,90373.8,256,[110 96 6 0 -6 -20 -6 -16 -4 -11 -4 -5 -3 2 -2 8 -1 15 0 21 1 27 1 32 2 37 2 40 3 42 3 43 2 42 1 40 0 37 0 32 1 26 1 20 2 14 2 7 4 2 6 -4 9 -8 0 0 0 0 0 0 0 0 0 0 0 0 0 0 0 0 0 0 0 0 0 0 -1 -8 2 -8 5 -8 9 -7 13 -6 18 -5 23 -2 28 0 32 3 35 7 36 10 37 13 37 14 35 15 32 14 29 13 25 11 21 7 18 3 14 -1 9 -6 6 -11 2 -14 -1 -18 -3 -21 -4 -23 ]
2025-05-21 16:20:33,CSI_DATA,STA,D8:B1:90:DB:E8:90,-54,11,1,5,0,0,1,0,0,0,1,-95,0,2,0,183183987,0,110,0,0,90377.9,256,[110 96 6 0 -28 2 -28 2 -27 2 -29 3 -28 4 -27 4 -26 5 -26 5 -26 5 -26 5 -25 6 -26 6 -26 7 -25 7 -25 7 -23 7 -23 6 -23 6 -21 6 -22 6 -22 6 -21 5 -21 5 -21 4 -21 3 0 0 0 0 0 0 0 0 0 0 0 0 0 0 0 0 0 0 0 0 0 0 -16 4 -16 3 -17 2 -18 2 -18 1 -19 1 -20 1 -21 0 -22 0 -22 -1 -23 -2 -23 -2 -23 -3 -23 -3 -25 -2 -25 -2 -25 -1 -26 -1 -27 -1 -26 -1 -27 0 -28 0 -27 1 -28 1 -28 1 -28 1 ]
2025-05-21 16:20:41,CSI_DATA,STA,D8:B1:90:DB:E8:90,-55,11,1,7,0,0,1,0,0,0,0,-95,0,2,0,190736399,0,110,0,0,90385.4,256,[110 96 6 0 25 -8 25 -8 24 -8 24 -8 23 -8 23 -8 22 -9 22 -10 21 -10 21 -11 20 -11 20 -12 20 -12 20 -11 20 -11 19 -11 19 -11 18 -10 18 -10 18 -10 18 -10 18 -9 18 -9 18 -8 18 -7 0 0 0 0 0 0 0 0 0 0 0 0 0 0 0 0 0 0 0 0 0 0 12 -8 13 -8 14 -7 14 -7 15 -6 16 -6 17 -6 17 -6 18 -6 19 -5 19 -4 19 -4 20 -4 20 -4 21 -4 21 -4 21 -5 22 -5 22 -6 22 -6 22 -6 23 -7 23 -6 23 -7 23 -7 25 -7 ]
2025-05-21 16:20:42,CSI_DATA,STA,D8:B1:90:DB:E8:90,-56,11,1,7,0,0,1,0,0,0,0,-95,0,2,0,192245648,0,110,0,0,90386.9,256,[110 96 6 0 20 12 20 12 20 11 20 12 20 11 20 11 20 10 20 9 20 9 19 9 19 8 19 8 19 8 19 8 19 8 18 8 18 7 18 7 17 7 17 8 16 8 16 8 15 8 15 9 14 9 0 0 0 0 0 0 0 0 0 0 0 0 0 0 0 0 0 0 0 0 0 0 14 3 14 4 13 5 14 6 14 7 14 8 15 8 16 8 16 9 16 10 16 11 16 11 16 12 16 12 17 12 17 12 17 12 17 12 18 12 19 12 19 12 20 12 20 11 20 12 21 12 21 11 ]
2025-05-21 16:20:45,CSI_DATA,STA,D8:B1:90:DB:E8:90,-54,11,1,7,0,0,1,0,0,0,0,-95,0,2,0,194750796,0,110,0,0,90389.4,256,[110 96 6 0 -8 24 -8 24 -8 24 -7 23 -6 23 -6 23 -5 22 -5 23 -4 21 -4 22 -4 22 -4 22 -4 22 -4 22 -4 21 -4 22 -3 21 -4 21 -4 20 -4 19 -4 19 -4 18 -4 18 -5 18 -7 18 0 0 0 0 0 0 0 0 0 0 0 0 0 0 0 0 0 0 0 0 0 0 -1 14 -2 14 -3 15 -4 15 -4 16 -4 16 -5 17 -6 17 -6 17 -7 18 -8 18 -9 18 -9 18 -9 19 -9 19 -9 20 -9 20 -9 20 -8 21 -8 21 -8 22 -8 22 -8 23 -7 23 -8 23 -8 23 ]
2025-05-21 16:20:46,CSI_DATA,STA,D8:B1:90:DB:E8:90,-56,11,1,7,0,0,1,0,0,0,1,-95,0,2,0,195754049,0,110,0,0,90390.4,256,[110 96 6 0 19 -17 18 -17 18 -16 18 -17 17 -17 16 -17 16 -17 15 -17 15 -17 15 -17 14 -17 14 -17 13 -17 14 -17 14 -16 13 -17 13 -16 13 -16 13 -16 13 -15 12 -15 13 -14 13 -14 13 -13 13 -13 0 0 0 0 0 0 0 0 0 0 0 0 0 0 0 0 0 0 0 0 0 0 8 -12 9 -12 9 -12 10 -12 11 -12 12 -12 12 -12 13 -12 14 -12 14 -12 16 -12 16 -12 16 -12 16 -12 17 -13 17 -13 17 -13 17 -14 17 -14 17 -14 17 -16 18 -16 18 -17 18 -17
2025-05-21 16:20:48,CSI_DATA,STA,D8:B1:90:DB:E8:90,-55,11,1,7,0,0,1,0,0,0,1,-95,0,2,0,197765622,0,110,0,0,90392.4,256,[110 96 6 0 25 0 25 0 24 -1 24 -1 24 -1 23 -2 23 -2 23 -2 23 -3 23 -3 22 -4 22 -4 22 -4 22 -4 22 -4 21 -3 21 -3 20 -3 20 -3 19 -4 19 -3 18 -3 18 -3 19 -2 19 -1 0 0 0 0 0 0 0 0 0 0 0 0 0 0 0 0 0 0 0 0 0 0 13 -5 14 -4 15 -3 15 -2 16 -2 17 -2 17 -1 18 -1 18 0 19 0 20 1 20 1 20 1 21 2 21 2 21 2 22 2 22 1 22 1 22 2 23 1 23 1 24 0 25 -1 26 -1 26 0 ]
2025-05-21 16:20:53,CSI_DATA,STA,D8:B1:90:DB:E8:90,-55,11,1,7,0,0,1,0,0,0,1,-95,0,2,0,202803771,0,110,0,0,90397.5,256,[110 96 6 0 -13 -24 -13 -23 -13 -23 -13 -22 -13 -22 -13 -21 -13 -21 -14 -20 -14 -20 -15 -19 -15 -19 -15 -19 -15 -19 -15 -18 -15 -18 -14 -17 -14 -17 -13 -17 -13 -16 -13 -17 -13 -17 -12 -16 -12 -16 -11 -16 -10 -17 0 0 0 0 0 0 0 0 0 0 0 0 0 0 0 0 0 0 0 0 0 0 -10 -12 -9 -13 -9 -14 -9 -15 -8 -16 -8 -16 -8 -16 -7 -17 -7 -18 -7 -19 -7 -19 -7 -20 -7 -21 -7 -21 -8 -21 -8 -21 -8 -21 -9 -22 -10 -21 -10
2025-05-21 16:20:54,CSI_DATA,STA,D8:B1:90:DB:E8:90,-62,11,1,7,0,0,1,0,0,0,1,-95,0,2,0,204310315,0,110,0,0,90399,256,[110 96 6 0 2 -21 2 -22 1 -22 -9 -27 -9 -26 -10 -26 -10 -26 -1 -9 -1 -9 -2 -10 -2 -10 -9 -7 -9 -7 -10 -8 -10 -8 -24 -20 -23 -21 -23 -21 -22 -21 -10 -2 -10 -3 -10 -3 -10 -4 -11 -5 -10 -6 0 0 0 0 0 0 0 0 0 0 0 0 0 0 0 0 0 0 0 0 0 0 -15 15 -16 14 13 -16 14 -15 14 -15 15 -16 9 -25 9 -26 10 -27 11 -28 -8 28 -8 29 -8 29 -8 30 12 -15 12 -15 12 -15 12 -15 21 -3 21 -3 22 -4 22 -3 -10 12 -10 13 -9 13 -11
2025-05-21 16:20:55,CSI_DATA,STA,D8:B1:90:DB:E8:90,-55,11,1,7,0,0,1,1,0,0,1,-95,0,2,0,204811925,0,110,0,0,90399.5,256,[110 96 6 0 4 -26 4 -27 4 -25 3 -26 3 -26 2 -25 2 -25 2 -25 1 -24 0 -25 0 -24 -1 -24 -1 -24 -1 -23 -1 -24 -2 -23 -2 -23 -1 -22 -1 -21 -1 -21 -1 -20 -1 -20 0 -19 1 -20 2 -20 0 0 0 0 0 0 0 0 0 0 0 0 0 0 0 0 0 0 0 0 0 0 -2 -14 -1 -15 0 -16 1 -17 2 -17 2 -17 3 -17 4 -19 5 -19 5 -19 5 -20 5 -20 6 -20 6 -20 6 -21 6 -22 7 -22 7 -22 5 -23 6 -23 5 -24 5 -25 4 -25 4 -26 4 -26 5 -26 ]
2025-05-21 16:20:57,CSI_DATA,STA,D8:B1:90:DB:E8:90,-56,11,1,7,0,0,1,1,0,0,1,-95,0,2,0,206823751,0,110,0,0,90401.5,256,[110 96 6 0 14 20 14 20 14 20 14 19 14 19 14 18 14 18 14 18 14 17 14 17 14 17 14 16 15 15 14 15 14 15 15 15 14 15 14 15 13 15 12 13 12 13 11 13 11 13 11 14 10 14 0 0 0 0 0 0 0 0 0 0 0 0 0 0 0 0 0 0 0 0 0 0 10 8 10 9 9 10 9 10 9 11 9 12 10 13 10 13 10 15 10 15 9 16 9 17 9 17 9 17 10 18 9 18 9 18 10 18 11 18 11 18 12 18 12 18 13 19 14 19 14 20 14 20 ]
2025-05-21 16:20:57,CSI_DATA,STA,D8:B1:90:DB:E8:90,-56,11,1,7,0,0,1,1,0,0,1,-95,0,2,0,207326816,0,110,0,0,90402,256,[110 96 6 0 -24 4 -25 5 -23 4 -24 5 -23 6 -22 7 -22 6 -22 7 -22 7 -22 7 -21 8 -21 8 -21 8 -20 8 -20 8 -19 8 -19 8 -19 8 -18 8 -19 7 -18 7 -18 7 -18 6 -18 5 -18 4 0 0 0 0 0 0 0 0 0 0 0 0 0 0 0 0 0 0 0 0 0 0 -13 5 -14 5 -14 4 -15 4 -16 4 -17 3 -17 3 -18 3 -19 2 -19 2 -20 1 -20 1 -21 1 -21 1 -21 1 -22 1 -22 1 -22 2 -23 2 -22 2 -23 3 -23 3 -24 3 -24 3 -24 4 -25 4 ]
2025-05-21 16:21:00,CSI_DATA,STA,D8:B1:90:DB:E8:90,-54,11,1,6,0,0,1,0,0,0,1,-95,0,2,0,209827420,0,110,0,0,90404.5,256,[110 96 6 0 20 -3 15 -2 11 0 5 1 0 3 -6 6 -12 8 -17 10 -22 13 -25 16 -29 18 -31 20 -32 21 -32 22 -31 22 -29 20 -26 18 -22 16 -17 13 -12 10 -7 7 -2 4 4 1 8 -1 13 -2 0 0 0 0 0 0 0 0 0 0 0 0 0 0 0 0 0 0 0 0 0 0 9 7 7 10 4 11 1 13 -2 15 -5 17 -9 20 -13 21 -18 23 -20 24 -23 24 -24 24 -24 23 -24 22 -22 21 -19 19 -15 18 -10 15 -5 13 0 11 5 8 10 5 15 3 18 1 21 0 24 -1 ]
2025-05-21 16:21:01,CSI_DATA,STA,D8:B1:90:DB:E8:90,-54,11,1,6,0,0,1,0,0,0,1,-95,0,2,0,211336594,0,110,0,0,90406,256,[110 96 6 0 17 18 17 17 17 17 17 16 18 16 18 15 18 15 18 15 18 15 18 14 18 14 17 13 17 13 18 12 17 12 18 12 18 11 17 11 17 11 16 11 16 11 16 11 15 11 14 12 14 12 0 0 0 0 0 0 0 0 0 0 0 0 0 0 0 0 0 0 0 0 0 0 12 6 12 7 11 9 11 9 12 10 12 10 12 12 12 13 13 14 12 15 12 16 12 16 12 16 12 17 12 16 13 16 13 16 13 16 14 17 15 17 16 17 16 17 16 17 16 18 16 17 17 18 ]
2025-05-21 16:21:07,CSI_DATA,STA,D8:B1:90:DB:E8:90,-55,11,1,7,0,0,1,0,0,0,0,-95,0,2,0,216853407,0,110,0,0,90411.5,256,[110 96 6 0 25 -5 25 -6 24 -6 23 -6 22 -6 22 -7 22 -7 21 -8 21 -8 21 -8 20 -8 21 -8 20 -9 21 -9 20 -8 20 -8 19 -8 19 -8 19 -7 18 -8 18 -8 18 -7 17 -7 18 -6 18 -5 0 0 0 0 0 0 0 0 0 0 0 0 0 0 0 0 0 0 0 0 0 0 12 -8 13 -7 14 -6 14 -5 15 -4 16 -4 16 -5 17 -4 19 -4 19 -4 20 -4 20 -3 21 -3 21 -3 21 -4 21 -4 21 -4 22 -4 22 -5 22 -5 22 -5 23 -5 24 -6 24 -6 24 -6 25 -6 ]
2025-05-21 16:21:13,CSI_DATA,STA,D8:B1:90:DB:E8:90,-56,11,1,5,0,0,1,0,0,0,1,-95,0,2,0,223433449,0,110,0,0,90418.1,256,[110 96 6 0 -11 -24 -11 -23 -11 -23 -12 -23 -11 -22 -12 -22 -12 -21 -12 -21 -12 -20 -13 -20 -13 -20 -13 -19 -13 -19 -13 -19 -13 -18 -13 -18 -13 -18 -12 -18 -12 -17 -12 -17 -12 -17 -11 -17 -11 -17 -10 -17 -9 -17 0 0 0 0 0 0 0 0 0 0 0 0 0 0 0 0 0 0 0 0 0 0 -9 -10 -9 -11 -8 -13 -8 -13 -8 -14 -8 -15 -8 -15 -8 -16 -8 -17 -8 -18 -7 -19 -7 -20 -7 -20 -7 -20 -7 -20 -7 -20 -8 -20 -8 -21 -8 -21 -9 -21
2025-05-21 16:21:14,CSI_DATA,STA,D8:B1:90:DB:E8:90,-54,11,1,6,0,0,1,0,0,0,1,-95,0,2,0,223935211,0,110,0,0,90418.6,256,[110 96 6 0 16 -14 13 -11 10 -6 7 -2 3 2 0 8 -3 14 -6 18 -8 23 -9 27 -10 32 -11 34 -11 36 -11 35 -10 34 -9 32 -8 29 -6 24 -4 19 -2 14 0 8 2 3 4 -2 7 -7 10 -11 0 0 0 0 0 0 0 0 0 0 0 0 0 0 0 0 0 0 0 0 0 0 13 0 12 4 11 6 9 10 8 13 6 18 3 21 1 25 -1 28 -3 30 -5 31 -7 32 -6 32 -7 30 -6 28 -4 24 -2 20 1 16 5 11 8 7 11 2 14 -3 16 -7 17 -11 19 -14 19 -15 ]
2025-05-21 16:21:17,CSI_DATA,STA,D8:B1:90:DB:E8:90,-54,11,1,6,0,0,1,0,0,0,1,-95,0,2,0,227468223,0,110,0,0,90422.1,256,[110 96 6 0 -10 -21 -9 -18 -5 -13 -2 -9 1 -3 6 2 10 7 14 12 19 15 23 19 27 21 29 23 31 24 31 24 31 24 28 21 26 20 23 16 18 12 14 8 9 3 5 -1 0 -5 -3 -10 -6 -14 0 0 0 0 0 0 0 0 0 0 0 0 0 0 0 0 0 0 0 0 0 0 1 -13 4 -12 7 -10 11 -8 14 -5 18 -3 21 0 24 4 27 7 29 10 30 12 31 14 31 14 30 14 28 13 24 10 21 7 17 3 14 -2 10 -5 5 -10 1 -15 -3 -17 -6 -20 -8 -23 -9 -24 ]
2025-05-21 16:21:21,CSI_DATA,STA,D8:B1:90:DB:E8:90,-54,11,1,6,0,0,1,0,0,0,1,-95,0,2,0,230500328,0,110,0,0,90425.2,256,[110 96 6 0 6 -20 5 -16 5 -12 4 -7 2 0 2 5 2 11 1 16 2 22 2 26 3 30 3 34 4 35 4 35 4 34 4 33 4 28 4 24 4 19 4 14 3 8 3 2 3 -4 4 -9 4 -14 0 0 0 0 0 0 0 0 0 0 0 0 0 0 0 0 0 0 0 0 0 0 10 -6 10 -3 11 0 11 3 11 7 11 10 11 15 11 19 10 24 10 27 8 28 7 30 7 30 6 29 6 27 5 23 6 19 6 14 8 9 8 4 8 -2 9 -7 8 -12 9 -16 9 -19 9 -22 ]
2025-05-21 16:21:21,CSI_DATA,STA,D8:B1:90:DB:E8:90,-56,11,1,7,0,0,1,1,0,0,1,-95,0,2,0,231003129,0,110,0,0,90425.7,256,[110 96 6 0 7 -24 7 -24 7 -24 6 -23 6 -23 5 -23 5 -23 5 -23 5 -23 4 -22 3 -23 3 -23 3 -22 3 -23 3 -22 2 -22 2 -22 2 -21 2 -21 2 -20 2 -20 3 -19 3 -19 3 -19 4 -18 0 0 0 0 0 0 0 0 0 0 0 0 0 0 0 0 0 0 0 0 0 0 0 -15 2 -15 2 -15 3 -16 4 -16 4 -17 5 -17 6 -17 6 -18 7 -18 7 -19 8 -19 8 -19 8 -19 9 -19 9 -19 9 -19 9 -20 8 -20 8 -21 8 -21 8 -22 7 -22 7 -23 7 -23 8 -24 ]
2025-05-21 16:21:22,CSI_DATA,STA,D8:B1:90:DB:E8:90,-55,11,1,7,0,0,1,0,0,0,1,-95,0,2,0,232004476,0,110,0,0,90426.7,256,[110 96 6 0 10 15 8 13 5 10 1 6 -3 2 -7 -2 -12 -6 -16 -9 -21 -12 -24 -15 -28 -17 -30 -18 -32 -18 -32 -18 -32 -18 -29 -17 -27 -15 -23 -12 -19 -9 -14 -7 -10 -3 -5 1 -1 4 3 7 6 11 0 0 0 0 0 0 0 0 0 0 0 0 0 0 0 0 0 0 0 0 0 0 -1 11 -4 10 -6 9 -10 7 -13 6 -17 4 -21 2 -24 0 -27 -3 -29 -6 -31 -8 -31 -9 -30 -10 -29 -10 -27 -9 -25 -7 -21 -5 -17 -2 -13 1 -9 5 -4 8 0 11 4 14 7 16 10 18 11 19 ]
2025-05-21 16:21:23,CSI_DATA,STA,D8:B1:90:DB:E8:90,-54,11,1,6,0,0,1,0,0,0,1,-95,0,2,0,232510021,0,110,0,0,90427.2,256,[110 96 6 0 19 7 15 7 11 6 6 5 0 4 -6 3 -13 3 -20 3 -24 4 -29 5 -33 5 -35 6 -37 7 -38 8 -36 8 -35 7 -31 7 -26 7 -20 6 -15 5 -9 3 -3 3 3 2 8 2 13 2 0 0 0 0 0 0 0 0 0 0 0 0 0 0 0 0 0 0 0 0 0 0 3 11 -1 11 -4 11 -7 11 -11 10 -15 10 -19 10 -23 8 -27 7 -30 6 -32 5 -33 3 -33 3 -32 3 -30 3 -26 3 -22 5 -17 6 -12 6 -6 7 0 8 6 9 11 9 15 11 19 10 21 10 ]
2025-05-21 16:21:28,CSI_DATA,STA,D8:B1:90:DB:E8:90,-55,11,1,6,0,0,1,0,0,0,1,-95,0,2,0,237521586,0,110,0,0,90432.2,256,[110 96 6 0 -26 -1 -27 0 -25 0 -26 0 -25 1 -25 1 -24 1 -24 2 -24 2 -24 2 -24 2 -24 2 -23 3 -23 3 -23 3 -22 3 -22 3 -22 2 -21 2 -21 2 -20 1 -20 1 -20 0 -19 1 -19 -1 0 0 0 0 0 0 0 0 0 0 0 0 0 0 0 0 0 0 0 0 0 0 -15 4 -16 3 -16 2 -17 1 -17 1 -18 0 -19 0 -19 -1 -20 -1 -20 -2 -21 -2 -21 -2 -21 -2 -22 -3 -22 -3 -23 -3 -23 -2 -23 -3 -23 -2 -24 -2 -24 -1 -24 -1 -24 -1 -25 -1 -25 -1 -26 0 ]
2025-05-21 16:21:28,CSI_DATA,STA,D8:B1:90:DB:E8:90,-60,11,1,7,0,0,1,0,0,0,1,-95,0,2,0,238025413,0,110,0,0,90432.7,256,[110 96 6 0 -10 24 -10 23 -9 23 -9 23 -8 22 -8 22 -7 22 -7 22 -6 21 -6 21 -5 21 -5 21 -4 21 -4 21 -3 20 -4 20 -3 20 -3 19 -3 19 -3 19 -3 19 -3 19 -3 18 -4 19 -5 18 0 0 0 0 0 0 0 0 0 0 0 0 0 0 0 0 0 0 0 0 0 0 8 12 7 13 -7 11 -7 12 -7 12 -7 12 -8 14 -8 13 -9 14 -9 15 -9 15 -10 16 -10 17 -10 17 -10 17 -10 18 -10 18 -10 19 -9 19 -9 20 -9 21 -10 22 -9 22 -9 22 -10 23 -10 22 ]
2025-05-21 16:21:29,CSI_DATA,STA,D8:B1:90:DB:E8:90,-55,11,1,7,0,0,1,0,0,0,1,-95,0,2,0,238523080,0,110,0,0,90433.2,256,[110 96 6 0 25 6 25 5 25 5 24 5 24 5 23 4 24 4 23 3 23 2 22 2 22 1 22 2 22 2 22 2 22 2 22 2 22 2 21 2 20 2 19 2 19 2 18 2 18 2 19 2 18 3 0 0 0 0 0 0 0 0 0 0 0 0 0 0 0 0 0 0 0 0 0 0 15 -1 15 1 15 1 15 2 16 3 16 4 17 4 17 4 18 5 18 6 19 6 19 6 19 7 19 7 20 7 21 7 21 7 22 6 21 7 21 7 22 6 23 7 22 7 23 7 24 7 25 6 ]
2025-05-21 16:21:38,CSI_DATA,STA,D8:B1:90:DB:E8:90,-56,11,1,7,0,0,1,0,0,0,1,-95,0,2,0,247587352,0,110,0,0,90442.3,256,[110 96 6 0 13 -22 13 -21 13 -21 13 -21 12 -21 12 -21 12 -22 11 -18 13 -21 10 -21 9 -21 9 -21 9 -21 9 -20 8 -20 9 -20 8 -20 8 -19 9 -19 8 -19 8 -18 8 -18 8 -17 8 -17 9 -17 0 0 0 0 0 0 0 0 0 0 0 0 0 0 0 0 0 0 0 0 0 0 4 -14 5 -14 6 -15 7 -15 8 -14 9 -15 9 -15 11 -16 11 -15 12 -16 13 -16 13 -16 13 -16 14 -16 13 -16 14 -17 13 -17 13 -18 13 -18 13 -18 13 -19 14 -20 14 -20 14 -20 14 -21 15 -21 ]
2025-05-21 16:21:40,CSI_DATA,STA,D8:B1:90:DB:E8:90,-55,11,1,7,0,0,1,0,0,0,1,-95,0,2,0,249597331,0,110,0,0,90444.3,256,[110 96 6 0 -26 -5 -26 -4 -26 -4 -25 -4 -25 -3 -25 -3 -24 -2 -25 -1 -24 -1 -24 -1 -24 0 -24 0 -23 0 -23 0 -22 4 -23 1 -22 1 -21 1 -21 1 -21 0 -20 0 -20 0 -20 0 -20 -1 -19 -2 0 0 0 0 0 0 0 0 0 0 0 0 0 0 0 0 0 0 0 0 0 0 -15 2 -15 1 -16 0 -17 -1 -18 -1 -18 -1 -19 -3 -20 -3 -20 -3 -21 -4 -21 -5 -21 -6 -21 -6 -21 -6 -21 -6 -22 -6 -22 -5 -23 -5 -23 -5 -23 -5 -24 -5 -24 -5 -26 -4 -26 -4 -26 -4 -26 -
2025-05-21 16:21:46,CSI_DATA,STA,D8:B1:90:DB:E8:90,-56,11,1,7,0,0,1,1,0,0,1,-95,0,2,0,255682208,0,110,0,0,90450.4,256,[110 96 6 0 -21 -14 -20 -14 -20 -14 -21 -13 -20 -12 -21 -12 -20 -11 -20 -11 -20 -11 -20 -10 -20 -10 -20 -9 -20 -9 -20 -9 -19 -9 -19 -8 -19 -9 -18 -9 -18 -9 -18 -9 -18 -10 -17 -9 -16 -9 -17 -9 -16 -10 0 0 0 0 0 0 0 0 0 0 0 0 0 0 0 0 0 0 0 0 0 0 -13 -5 -13 -6 -14 -7 -14 -8 -14 -8 -14 -9 -15 -9 -15 -10 -15 -11 -16 -12 -15 -13 -15 -13 -15 -13 -16 -14 -16 -14 -17 -14 -17 -14 -17 -14 -17 -14 -18 -1
2025-05-21 16:21:52,CSI_DATA,STA,D8:B1:90:DB:E8:90,-56,11,1,7,0,0,1,1,0,0,1,-95,0,2,0,261691365,0,110,0,0,90456.4,256,[110 96 6 0 -15 21 -14 20 -14 20 -13 20 -13 20 -12 20 -12 20 -11 20 -11 20 -10 20 -10 20 -10 20 -10 20 -9 20 -9 19 -10 20 -10 19 -10 18 -10 18 -9 17 -9 17 -9 16 -10 16 -10 16 -10 15 0 0 0 0 0 0 0 0 0 0 0 0 0 0 0 0 0 0 0 0 0 0 -6 14 -7 13 -8 13 -8 13 -9 13 -10 14 -10 14 -11 14 -12 14 -12 15 -13 15 -14 15 -14 15 -14 15 -14 15 -14 16 -14 16 -14 17 -14 17 -14 17 -14 18 -14 18 -15 19 -14 19 -14 20
2025-05-21 16:21:52,CSI_DATA,STA,D8:B1:90:DB:E8:90,-56,11,1,7,0,0,1,1,0,0,1,-95,0,2,0,262191077,0,110,0,0,90456.9,256,[110 96 6 0 18 17 18 16 18 15 18 16 18 15 18 15 18 14 18 14 18 13 18 13 18 12 18 12 18 12 17 11 17 11 18 12 17 12 17 12 16 12 16 11 15 11 15 11 14 11 14 12 13 12 0 0 0 0 0 0 0 0 0 0 0 0 0 0 0 0 0 0 0 0 0 0 13 6 12 8 13 8 13 9 13 10 13 11 13 11 13 12 13 13 13 14 14 14 14 15 14 15 13 15 13 15 13 16 13 15 14 16 15 15 15 15 16 15 16 16 17 15 17 16 18 16 18 16 ]
2025-05-21 16:21:56,CSI_DATA,STA,D8:B1:90:DB:E8:90,-64,11,1,7,0,0,1,1,0,0,1,-95,0,2,0,265510952,0,100,0,0,90460.2,256,[100 -64 5 0 -25 -11 -26 -11 -25 -11 -20 -7 -20 -6 -21 -6 -20 -6 -17 -7 -17 -7 -17 -6 -18 -7 -15 17 -15 16 -16 15 -16 14 -9 -25 -9 -25 -9 -25 -8 -25 -12 14 -12 14 -11 12 -11 13 1 -8 1 -8 0 0 0 0 0 0 0 0 0 0 0 0 0 0 0 0 0 0 0 0 0 0 -6 -10 -6 -11 -9 -5 -9 -6 -10 -6 -10 -7 -11 -9 -12 -9 -13 -9 -14 -10 4 -4 4 -4 2 -3 2 -3 -17 -5 -19 -5 -20 -5 -21 -5 -24 -14 -25 -14 -26 -13 -27 -14 -12 -5 -14 -6 -
2025-05-21 16:21:58,CSI_DATA,STA,D8:B1:90:DB:E8:90,-55,11,1,7,0,0,1,1,0,0,1,-95,0,2,0,267712613,0,110,0,0,90462.4,256,[110 96 6 0 24 5 25 4 24 4 24 4 24 3 24 3 24 3 23 2 23 1 23 1 22 1 22 1 21 1 21 1 21 0 22 1 21 1 21 1 20 1 20 1 19 1 19 1 18 2 18 2 18 3 0 0 0 0 0 0 0 0 0 0 0 0 0 0 0 0 0 0 0 0 0 0 14 -1 14 0 14 1 15 2 15 2 16 2 17 3 17 3 18 4 18 5 19 5 19 5 20 6 20 6 20 6 20 6 21 6 21 6 21 5 21 5 22 5 22 5 23 5 24 5 25 5 25 4 ]
2025-05-21 16:21:58,CSI_DATA,STA,D8:B1:90:DB:E8:90,-54,11,1,7,0,0,1,1,0,0,1,-95,0,2,0,268203771,0,110,0,0,90462.9,256,[110 96 6 0 26 0 27 -1 26 -1 26 -1 25 -1 24 -1 24 -2 23 -2 23 -2 23 -3 22 -3 23 -3 22 -3 22 -4 22 -4 22 -4 21 -3 20 -3 21 -3 20 -3 19 -3 18 -2 18 -2 19 -1 18 -1 0 0 0 0 0 0 0 0 0 0 0 0 0 0 0 0 0 0 0 0 0 0 15 -5 16 -3 15 -3 16 -2 16 -2 17 -1 18 0 19 1 20 1 20 1 20 2 20 3 21 3 21 3 21 3 22 2 22 2 22 1 23 2 23 2 24 1 25 1 24 0 24 0 25 0 26 0 ]
2025-05-21 16:22:04,CSI_DATA,STA,D8:B1:90:DB:E8:90,-54,11,1,7,0,0,1,1,0,0,1,-95,0,2,0,273731159,0,110,0,0,90468.4,256,[110 96 6 0 -6 -27 -6 -26 -6 -26 -7 -26 -7 -26 -7 -25 -7 -25 -7 -24 -8 -24 -8 -23 -9 -23 -9 -23 -9 -22 -9 -22 -8 -21 -9 -23 -8 -21 -9 -21 -8 -21 -8 -21 -7 -20 -7 -20 -7 -19 -6 -19 -5 -20 0 0 0 0 0 0 0 0 0 0 0 0 0 0 0 0 0 0 0 0 0 0 -7 -15 -6 -16 -5 -16 -4 -16 -4 -17 -3 -18 -4 -19 -3 -19 -3 -20 -3 -21 -2 -21 -2 -22 -2 -22 -2 -22 -1 -23 -2 -23 -2 -23 -2 -24 -3 -24 -3 -24 -4 -25 -4 -25 -5 -26 -5
2025-05-21 16:22:04,CSI_DATA,STA,D8:B1:90:DB:E8:90,-54,11,1,7,0,0,1,1,0,0,1,-95,0,2,0,274235713,0,110,0,0,90468.9,256,[110 96 6 0 16 -21 16 -21 16 -21 14 -21 14 -21 14 -21 13 -21 13 -21 13 -21 12 -22 11 -22 11 -21 11 -21 11 -21 11 -20 10 -21 10 -20 10 -20 10 -19 10 -19 9 -19 9 -18 10 -17 10 -17 11 -16 0 0 0 0 0 0 0 0 0 0 0 0 0 0 0 0 0 0 0 0 0 0 6 -14 7 -13 8 -13 8 -13 10 -14 10 -13 11 -14 12 -14 14 -14 14 -14 16 -14 16 -15 16 -14 16 -15 16 -15 16 -15 16 -15 16 -15 16 -17 16 -17 16 -18 17 -18 17 -19 16 -19 17
2025-05-21 16:22:07,CSI_DATA,STA,D8:B1:90:DB:E8:90,-54,11,1,7,0,0,1,1,0,0,1,-95,0,2,0,277248449,0,110,0,0,90471.9,256,[110 96 6 0 -26 12 -25 12 -24 12 -24 12 -23 12 -23 13 -22 13 -22 14 -21 14 -21 14 -20 14 -20 14 -20 15 -19 14 -19 14 -18 15 -18 14 -18 14 -18 13 -18 13 -17 13 -17 12 -17 12 -16 11 -18 10 0 0 0 0 0 0 0 0 0 0 0 0 0 0 0 0 0 0 0 0 0 0 -11 10 -12 9 -14 9 -14 9 -15 9 -16 9 -17 8 -18 8 -19 8 -19 8 -20 8 -21 8 -21 7 -21 8 -22 8 -22 8 -22 8 -23 9 -23 9 -23 9 -23 10 -24 10 -25 11 -24 11 -25 11 -25 11 ]
2025-05-21 16:22:08,CSI_DATA,STA,D8:B1:90:DB:E8:90,-54,11,1,7,0,0,1,1,0,0,1,-95,0,2,0,278248848,0,110,0,0,90472.9,256,[110 96 6 0 -18 -22 -19 -22 -18 -21 -18 -21 -19 -20 -19 -20 -18 -19 -19 -17 -19 -17 -19 -16 -19 -16 -20 -16 -20 -16 -20 -16 -19 -16 -19 -16 -18 -16 -18 -16 -17 -15 -18 -15 -17 -15 -16 -15 -16 -15 -15 -14 -14 -15 0 0 0 0 0 0 0 0 0 0 0 0 0 0 0 0 0 0 0 0 0 0 -14 -8 -14 -9 -13 -11 -13 -12 -12 -13 -13 -13 -13 -14 -13 -16 -13 -16 -13 -17 -14 -18 -14 -18 -14 -19 -14 -19 -13 -19 -13 -20 -14 -20 -14 -
2025-05-21 16:22:48,CSI_DATA,STA,D8:B1:90:DB:E8:90,-53,11,1,5,0,0,1,1,1,0,0,-95,0,2,0,317960579,0,110,0,0,90512.6,384,[110 96 6 0 -16 -8 -12 -7 -7 -7 -1 -6 4 -5 11 -5 16 -6 21 -6 27 -7 30 -8 34 -9 35 -10 36 -10 37 -11 35 -11 33 -10 29 -10 24 -9 18 -8 13 -7 7 -7 1 -6 -4 -5 -9 -5 -13 -5 0 0 0 0 0 0 0 0 0 0 0 0 0 0 0 0 0 0 0 0 0 0 -4 -15 -1 -15 3 -15 6 -15 9 -16 13 -16 17 -15 21 -15 24 -14 27 -12 28 -11 29 -10 28 -10 26 -9 23 -9 20 -9 16 -10 11 -10 6 -10 1 -11 -4 -10 -9 -11 -14 -10 -17 -11 -19 -10 -20 -10 ]
2025-05-21 16:22:49,CSI_DATA,STA,D8:B1:90:DB:E8:90,-54,9,0,0,0,0,0,0,0,0,0,-95,0,2,0,318953549,0,110,0,0,90513.6,128,[110 96 6 0 12 13 8 12 4 8 0 6 -5 4 -11 1 -16 0 -22 -1 -26 -2 -31 -2 -35 -2 -37 -1 -39 -1 -39 0 -37 1 -35 1 -31 2 -26 2 -21 2 -15 2 -9 3 -3 3 2 3 8 3 12 4 0 0 0 0 0 0 0 0 0 0 0 0 0 0 0 0 0 0 0 0 0 0 -6 15 -8 13 -12 11 -14 9 -17 7 -20 4 -23 1 -26 -1 -28 -4 -30 -6 -30 -8 -31 -9 -31 -10 -29 -9 -27 -8 -24 -6 -20 -3 -17 0 -12 3 -7 7 -3 9 2 12 6 14 10 15 12 17 14 17 ]
2025-05-21 16:22:50,CSI_DATA,STA,D8:B1:90:DB:E8:90,-54,13,0,0,0,0,0,0,0,0,0,-95,0,2,0,320449252,0,110,0,0,90515.1,128,[110 96 6 0 -6 -19 -4 -16 -1 -11 3 -7 7 -2 11 1 16 5 21 9 26 11 29 13 33 14 35 14 36 14 36 13 35 12 32 11 28 8 24 6 19 3 13 1 7 -1 1 -4 -4 -5 -9 -7 -12 -9 0 0 0 0 0 0 0 0 0 0 0 0 0 0 0 0 0 0 0 0 0 0 13 -9 14 -6 16 -3 17 1 18 5 20 8 21 13 22 16 22 20 23 22 22 23 21 24 21 24 20 21 18 19 16 15 15 11 12 6 10 0 7 -4 4 -9 2 -15 -2 -18 -4 -21 -6 -23 -7 -24 ]
2025-05-21 16:22:53,CSI_DATA,STA,D8:B1:90:DB:E8:90,-54,8,0,0,0,0,0,0,0,0,0,-95,0,2,0,322970509,0,110,0,0,90517.6,128,[110 96 6 0 15 11 11 9 6 7 0 5 -7 3 -13 0 -19 -1 -25 -3 -30 -5 -34 -5 -38 -6 -40 -7 -41 -6 -41 -6 -39 -5 -37 -5 -32 -3 -28 -2 -22 0 -17 2 -11 4 -5 6 -1 8 4 11 7 13 0 0 0 0 0 0 0 0 0 0 0 0 0 0 0 0 0 0 0 0 0 0 9 12 6 14 2 15 -2 16 -6 17 -11 18 -15 19 -20 19 -23 19 -27 17 -30 16 -31 15 -30 14 -28 13 -26 12 -22 12 -17 12 -12 11 -7 12 -1 13 4 13 10 12 14 13 18 14 20 14 22 14 ]
2025-05-21 16:22:57,CSI_DATA,STA,D8:B1:90:DB:E8:90,-54,12,0,0,0,0,0,0,0,0,0,-95,0,2,0,326966651,0,110,0,0,90521.6,128,[110 96 6 0 -4 19 -5 14 -6 9 -6 3 -7 -3 -9 -10 -10 -17 -12 -22 -14 -27 -16 -31 -17 -35 -18 -37 -19 -38 -19 -37 -19 -36 -18 -32 -17 -29 -15 -24 -13 -18 -11 -12 -9 -6 -7 0 -6 6 -4 11 -4 15 0 0 0 0 0 0 0 0 0 0 0 0 0 0 0 0 0 0 0 0 0 0 -13 9 -14 6 -16 3 -17 -1 -18 -4 -20 -8 -21 -13 -21 -17 -22 -20 -22 -23 -21 -25 -20 -26 -20 -26 -19 -25 -18 -22 -17 -19 -15 -14 -14 -9 -13 -4 -11 2 -10 7 -8 12 -7 16
2025-05-21 16:22:57,CSI_DATA,STA,D8:B1:90:DB:E8:90,-53,11,1,0,0,0,1,0,0,0,0,-95,0,2,0,327472478,0,110,0,0,90522.1,256,[110 96 6 0 6 -18 6 -14 6 -8 6 -3 5 3 5 9 6 15 6 20 7 25 8 29 10 32 10 35 10 35 11 35 11 34 10 31 9 27 9 22 8 17 7 12 6 6 5 0 4 -5 4 -10 4 -14 0 0 0 0 0 0 0 0 0 0 0 0 0 0 0 0 0 0 0 0 0 0 12 -8 13 -5 14 -2 15 2 16 5 16 10 16 14 16 17 16 21 15 24 14 25 13 26 13 26 12 24 12 21 11 18 11 14 10 9 11 4 10 -1 10 -7 9 -11 9 -16 8 -19 8 -21 8 -22 ]
2025-05-21 16:23:00,CSI_DATA,STA,D8:B1:90:DB:E8:90,-54,11,1,1,0,0,1,0,0,0,0,-95,0,2,0,329975755,0,110,0,0,90524.6,256,[110 96 6 0 17 -6 14 -4 10 -1 6 3 1 6 -2 10 -7 14 -10 18 -12 22 -14 25 -15 29 -17 30 -17 32 -16 32 -16 31 -14 28 -12 26 -9 22 -6 17 -4 13 0 9 3 4 5 0 8 -4 10 -7 0 0 0 0 0 0 0 0 0 0 0 0 0 0 0 0 0 0 0 0 0 0 13 6 11 9 8 11 6 14 3 16 1 18 -2 21 -5 23 -9 24 -10 25 -13 25 -14 26 -13 25 -13 23 -11 22 -9 19 -5 17 -2 13 2 11 6 7 10 4 13 1 16 -2 18 -5 20 -6 21 -8 ]
2025-05-21 16:23:00,CSI_DATA,STA,D8:B1:90:DB:E8:90,-54,11,1,7,0,0,1,0,0,0,0,-95,0,2,0,330107285,0,100,0,0,90524.8,256,[100 -64 5 0 13 23 13 22 13 22 13 21 14 20 13 20 13 19 14 20 14 19 14 18 15 18 15 18 15 17 14 17 14 17 15 17 14 17 14 16 13 16 13 16 12 15 12 15 11 15 11 15 10 16 0 0 0 0 0 0 0 0 0 0 0 0 0 0 0 0 0 0 0 0 0 0 10 10 10 11 9 12 9 13 9 14 9 14 9 15 9 16 9 16 9 17 9 18 8 19 9 20 8 20 9 21 9 20 9 21 10 21 10 20 10 20 11 21 11 21 12 21 13 22 13 22 13 21 ]
2025-05-21 16:23:04,CSI_DATA,STA,D8:B1:90:DB:E8:90,-55,11,1,6,0,0,1,0,0,0,1,-95,0,2,0,333486767,0,110,0,0,90528.2,256,[110 96 6 0 11 -24 10 -24 11 -23 10 -24 10 -24 10 -23 9 -23 8 -22 8 -22 7 -23 7 -22 6 -23 6 -22 6 -23 6 -22 6 -22 6 -22 5 -21 6 -20 6 -20 6 -20 6 -20 6 -19 6 -18 7 -17 0 0 0 0 0 0 0 0 0 0 0 0 0 0 0 0 0 0 0 0 0 0 3 -15 5 -15 5 -15 6 -15 7 -15 7 -15 8 -16 9 -16 10 -17 10 -17 11 -17 12 -17 12 -17 11 -17 12 -18 12 -19 12 -19 12 -19 10 -20 11 -19 11 -20 11 -21 11 -22 11 -22 11 -22 12 -22 ]
2025-05-21 16:23:04,CSI_DATA,STA,D8:B1:90:DB:E8:90,-54,11,1,6,0,0,1,0,0,0,1,-95,0,2,0,334490020,0,110,0,0,90529.2,256,[110 96 6 0 -18 8 -15 5 -10 1 -6 -3 -1 -7 4 -12 8 -17 11 -22 14 -26 16 -30 18 -33 19 -35 19 -35 19 -36 18 -35 15 -32 13 -28 10 -24 7 -20 3 -15 -2 -10 -5 -6 -9 -1 -12 2 -16 4 0 0 0 0 0 0 0 0 0 0 0 0 0 0 0 0 0 0 0 0 0 0 -16 -3 -14 -6 -13 -9 -11 -13 -10 -16 -7 -20 -4 -23 -2 -26 1 -29 3 -30 5 -31 6 -31 6 -31 6 -29 5 -27 4 -24 1 -20 -3 -16 -6 -12 -9 -8 -13 -3 -16 1 -18 5 -20 8 -21 10 -22 10 ]
2025-05-21 16:23:06,CSI_DATA,STA,D8:B1:90:DB:E8:90,-54,11,1,7,0,0,1,0,0,0,1,-95,0,2,0,335998386,0,110,0,0,90530.7,256,[110 96 6 0 13 -24 13 -24 13 -24 12 -23 11 -23 11 -22 11 -23 11 -22 10 -22 9 -22 9 -22 8 -22 9 -23 8 -22 8 -22 7 -21 7 -21 7 -20 7 -20 7 -20 7 -20 7 -19 8 -19 8 -17 9 -17 0 0 0 0 0 0 0 0 0 0 0 0 0 0 0 0 0 0 0 0 0 0 4 -15 4 -15 6 -15 6 -16 7 -16 8 -16 9 -16 10 -16 11 -17 11 -17 12 -17 13 -17 13 -17 13 -18 13 -19 13 -19 13 -19 13 -20 14 -20 13 -20 13 -21 14 -21 13 -22 13 -23 14 -23 14 -23 ]
2025-05-21 16:23:06,CSI_DATA,STA,D8:B1:90:DB:E8:90,-54,11,1,7,0,0,1,0,0,0,1,-95,0,2,0,336498645,0,110,0,0,90531.2,256,[110 96 6 0 -6 -27 -6 -27 -5 -27 -6 -27 -6 -25 -7 -25 -7 -25 -7 -24 -8 -24 -8 -23 -9 -23 -9 -24 -9 -23 -9 -23 -8 -22 -9 -22 -8 -21 -8 -20 -8 -20 -7 -20 -7 -20 -7 -19 -7 -19 -5 -20 -5 -20 0 0 0 0 0 0 0 0 0 0 0 0 0 0 0 0 0 0 0 0 0 0 -7 -14 -5 -14 -5 -16 -5 -16 -4 -17 -4 -17 -3 -18 -3 -19 -2 -20 -2 -21 -2 -22 -2 -22 -2 -22 -1 -22 -2 -22 -2 -23 -3 -22 -4 -23 -3 -24 -4 -24 -4 -24 -4 -25 -5 -26 -5
2025-05-21 16:23:09,CSI_DATA,STA,D8:B1:90:DB:E8:90,-54,11,1,7,0,0,1,0,0,0,1,-95,0,2,0,339523986,0,110,0,0,90534.2,256,[110 96 6 0 25 7 25 6 25 6 25 5 24 4 24 4 24 4 24 4 24 3 24 4 23 3 23 2 24 2 23 2 23 2 23 2 23 2 22 2 21 2 20 3 20 3 20 3 19 4 19 4 18 5 0 0 0 0 0 0 0 0 0 0 0 0 0 0 0 0 0 0 0 0 0 0 15 -1 15 0 15 0 16 1 16 2 17 2 18 3 19 3 19 4 20 4 20 6 20 6 20 7 20 7 21 7 21 7 22 6 22 6 22 7 23 6 24 6 25 6 24 6 25 6 25 7 25 6 ]
2025-05-21 16:23:13,CSI_DATA,STA,D8:B1:90:DB:E8:90,-56,11,1,7,0,0,1,0,0,0,1,-95,0,2,0,343011188,0,110,0,0,90537.7,256,[110 96 6 0 20 13 20 13 20 12 20 13 20 12 20 12 20 11 19 10 19 10 19 10 19 9 19 9 19 8 19 9 19 8 19 9 18 8 17 8 17 8 16 8 16 8 15 8 15 8 14 9 14 10 0 0 0 0 0 0 0 0 0 0 0 0 0 0 0 0 0 0 0 0 0 0 13 3 12 5 13 6 13 6 13 7 13 8 13 8 14 9 13 9 14 10 15 12 15 12 15 12 15 13 15 12 16 12 16 12 16 13 17 13 17 13 18 13 18 13 18 13 19 13 19 13 19 13 ]
2025-05-21 16:23:16,CSI_DATA,STA,D8:B1:90:DB:E8:90,-54,11,1,7,0,0,1,0,0,0,1,-95,0,2,0,346076417,0,110,0,0,90540.7,256,[110 96 6 0 16 20 15 19 16 19 15 18 15 18 15 18 15 17 16 17 17 17 17 16 16 15 17 15 17 15 17 15 16 15 16 15 15 14 15 14 15 14 14 13 14 13 13 13 13 13 13 13 11 13 0 0 0 0 0 0 0 0 0 0 0 0 0 0 0 0 0 0 0 0 0 0 11 9 10 10 10 11 10 11 10 12 10 13 10 15 10 15 10 16 10 16 10 17 11 17 10 18 10 18 10 18 11 19 11 19 11 18 12 19 12 19 13 19 13 19 14 19 15 20 15 20 15 20 ]
2025-05-21 16:23:21,CSI_DATA,STA,D8:B1:90:DB:E8:90,-59,11,1,7,0,0,1,0,0,0,1,-95,0,2,0,350622570,0,110,0,0,90545.3,256,[110 96 6 0 1 -31 -1 -31 -3 -31 -1 -29 -3 -29 -6 -28 -8 -28 -5 -28 -9 -27 -12 -26 -14 -25 14 25 16 24 19 21 21 19 -11 12 -9 13 -7 13 -6 13 -4 14 -2 14 0 14 2 13 3 14 4 14 0 0 0 0 0 0 0 0 0 0 0 0 0 0 0 0 0 0 0 0 0 0 -6 -22 -6 -23 1 -17 0 -17 0 -18 -2 -18 15 -8 15 -9 15 -11 15 -13 -15 5 -15 7 -15 9 -14 11 -15 -9 -15 -7 -16 -6 -16 -4 -10 -8 -11 -6 -12 -6 -12 -4 -3 -11 -4 -10 -5 -10 10 -25 ]
2025-05-21 16:23:21,CSI_DATA,STA,D8:B1:90:DB:E8:90,-54,11,1,7,0,0,1,1,0,0,0,-95,0,2,0,351124061,0,110,0,0,90545.8,256,[110 96 6 0 -27 6 -27 6 -26 7 -26 8 -26 7 -25 8 -25 8 -25 8 -24 8 -24 8 -23 8 -23 10 -23 10 -23 10 -22 10 -22 10 -21 9 -21 8 -21 8 -21 8 -20 7 -20 7 -20 7 -20 6 -20 5 0 0 0 0 0 0 0 0 0 0 0 0 0 0 0 0 0 0 0 0 0 0 -12 7 -13 7 -14 6 -15 5 -16 5 -16 5 -17 5 -18 4 -18 4 -19 4 -20 4 -21 3 -21 3 -22 3 -21 3 -22 4 -22 4 -23 5 -23 4 -23 5 -24 5 -25 5 -26 7 -26 7 -26 6 -27 7 ]
2025-05-21 16:23:22,CSI_DATA,STA,D8:B1:90:DB:E8:90,-54,11,1,7,0,0,1,1,0,0,0,-95,0,2,0,351625089,0,110,0,0,90546.3,256,[110 96 6 0 -28 -4 -27 -4 -27 -4 -27 -4 -26 -3 -26 -3 -26 -3 -25 -1 -25 -1 -25 0 -24 0 -26 0 -25 0 -25 1 -24 1 -24 1 -23 0 -23 0 -22 0 -22 -1 -22 -1 -22 -1 -21 -1 -21 -3 -20 -4 0 0 0 0 0 0 0 0 0 0 0 0 0 0 0 0 0 0 0 0 0 0 -15 1 -15 1 -16 -1 -16 -1 -17 -2 -17 -2 -18 -3 -19 -3 -19 -4 -20 -4 -20 -4 -21 -5 -21 -5 -22 -6 -21 -6 -22 -6 -22 -5 -23 -6 -22 -5 -23 -5 -24 -4 -25 -4 -26 -4 -26 -3 -26 -4 -
2025-05-21 16:23:26,CSI_DATA,STA,D8:B1:90:DB:E8:90,-56,11,1,7,0,0,1,0,0,0,1,-95,0,2,0,355641413,0,110,0,0,90550.3,256,[110 96 6 0 11 -22 11 -22 12 -22 11 -22 10 -22 10 -22 9 -22 9 -22 9 -21 9 -22 8 -21 8 -21 7 -21 8 -21 8 -21 8 -21 8 -21 8 -20 8 -20 7 -19 7 -18 7 -18 8 -17 9 -17 9 -16 0 0 0 0 0 0 0 0 0 0 0 0 0 0 0 0 0 0 0 0 0 0 3 -15 4 -15 5 -15 6 -16 6 -16 7 -16 8 -16 9 -17 10 -17 10 -17 11 -17 12 -17 11 -17 12 -17 12 -18 12 -18 12 -18 12 -19 12 -19 11 -19 11 -20 11 -20 12 -21 12 -21 12 -22 12 -22 ]
2025-05-21 16:23:29,CSI_DATA,STA,D8:B1:90:DB:E8:90,-54,11,1,7,0,0,1,0,0,0,1,-95,0,2,0,358658006,0,110,0,0,90553.3,256,[110 96 6 0 -7 25 -6 25 -6 25 -6 24 -5 25 -5 24 -4 24 -4 24 -3 23 -3 23 -2 23 -2 23 -3 23 -3 22 -2 22 -2 22 -3 21 -2 20 -2 20 -3 20 -3 19 -4 18 -4 18 -4 19 -5 19 0 0 0 0 0 0 0 0 0 0 0 0 0 0 0 0 0 0 0 0 0 0 1 14 0 15 -1 15 -2 16 -2 16 -3 16 -4 18 -4 19 -5 20 -6 20 -6 20 -7 20 -7 21 -7 21 -7 21 -8 21 -8 22 -8 21 -7 22 -7 22 -6 23 -7 23 -7 23 -6 24 -6 24 -6 25 ]
2025-05-21 16:23:30,CSI_DATA,STA,D8:B1:90:DB:E8:90,-54,11,1,7,0,0,1,0,0,0,1,-95,0,2,0,360173446,0,110,0,0,90554.8,256,[110 96 6 0 -28 3 -27 4 -27 3 -26 4 -26 4 -26 4 -25 5 -25 5 -25 6 -24 6 -24 7 -24 7 -24 7 -23 7 -23 6 -23 6 -22 6 -22 5 -21 5 -22 5 -21 4 -21 4 -20 3 -20 3 -20 2 0 0 0 0 0 0 0 0 0 0 0 0 0 0 0 0 0 0 0 0 0 0 -14 6 -15 4 -16 4 -16 3 -17 3 -17 3 -19 2 -20 2 -21 2 -22 1 -22 1 -22 0 -22 -1 -22 -1 -22 0 -23 0 -23 0 -23 1 -25 0 -25 1 -26 2 -26 1 -25 2 -25 2 -26 2 -26 3 ]
2025-05-21 16:23:32,CSI_DATA,STA,D8:B1:90:DB:E8:90,-55,11,1,7,0,0,1,1,0,0,1,-95,0,2,0,362180610,0,110,0,0,90556.9,256,[110 96 6 0 3 -26 3 -26 3 -26 2 -26 1 -25 0 -25 0 -25 1 -25 0 -25 0 -25 -1 -25 -1 -25 -2 -24 -1 -24 -1 -24 -1 -23 -1 -23 -1 -23 -1 -22 -1 -22 -1 -22 -1 -21 0 -21 1 -20 2 -20 0 0 0 0 0 0 0 0 0 0 0 0 0 0 0 0 0 0 0 0 0 0 -2 -15 -1 -15 0 -16 1 -16 1 -17 1 -18 3 -18 3 -19 4 -20 4 -20 5 -20 5 -20 6 -21 6 -22 5 -22 5 -22 5 -22 5 -23 4 -23 3 -23 3 -23 3 -24 2 -25 3 -25 3 -25 3 -26 ]
2025-05-21 16:23:36,CSI_DATA,STA,D8:B1:90:DB:E8:90,-56,11,1,7,0,0,1,1,0,0,1,-95,0,2,0,366191510,0,110,0,0,90560.9,256,[110 96 6 0 10 21 10 21 10 20 10 22 11 21 11 20 11 20 11 20 11 19 12 19 12 19 12 18 12 18 12 17 12 17 11 18 11 18 11 17 11 16 10 17 9 17 9 16 9 16 9 16 8 17 0 0 0 0 0 0 0 0 0 0 0 0 0 0 0 0 0 0 0 0 0 0 8 10 7 11 6 12 6 13 6 14 5 14 6 15 5 15 5 16 5 17 5 18 5 19 5 19 5 19 5 19 5 20 5 20 6 20 7 21 7 21 8 21 9 21 9 21 9 22 9 22 9 21 ]
2025-05-21 16:23:37,CSI_DATA,STA,D8:B1:90:DB:E8:90,-56,11,1,7,0,0,1,1,0,0,1,-95,0,2,0,366691039,0,110,0,0,90561.4,256,[110 96 6 0 -26 -1 -26 0 -25 0 -25 0 -25 1 -25 1 -24 1 -24 3 -24 3 -24 3 -23 3 -23 3 -22 3 -22 4 -22 4 -22 4 -22 4 -21 4 -21 4 -21 3 -20 3 -20 2 -19 2 -19 2 -19 1 0 0 0 0 0 0 0 0 0 0 0 0 0 0 0 0 0 0 0 0 0 0 -13 3 -14 3 -15 2 -16 2 -16 2 -17 1 -18 1 -19 0 -19 0 -20 -1 -20 -2 -20 -3 -21 -3 -20 -4 -21 -3 -21 -2 -21 -2 -21 -2 -23 -2 -23 -1 -24 -1 -24 -1 -25 -1 -25 -1 -26 0 -25 0 ]
2025-05-21 16:23:39,CSI_DATA,STA,D8:B1:90:DB:E8:90,-56,11,1,7,0,0,1,1,0,0,1,-95,0,2,0,368710398,0,110,0,0,90563.4,256,[110 96 6 0 23 5 23 5 23 5 23 5 23 4 22 4 22 3 22 3 21 2 21 1 21 1 22 1 22 1 21 1 22 1 21 1 21 1 19 1 19 1 19 1 19 1 18 2 18 2 18 2 17 3 0 0 0 0 0 0 0 0 0 0 0 0 0 0 0 0 0 0 0 0 0 0 14 -2 14 -1 14 0 15 0 15 1 16 1 17 3 17 3 17 4 18 4 18 5 18 6 19 6 19 6 20 7 19 6 20 6 20 5 20 6 21 6 21 5 22 6 22 6 23 6 23 6 24 6 ]
2025-05-21 16:23:40,CSI_DATA,STA,D8:B1:90:DB:E8:90,-55,11,1,7,0,0,1,1,0,0,1,-95,0,2,0,370217700,0,110,0,0,90564.9,256,[110 96 6 0 -7 -26 -7 -25 -7 -25 -7 -24 -8 -23 -8 -23 -8 -22 -9 -23 -9 -22 -9 -22 -9 -22 -10 -21 -10 -21 -10 -20 -10 -20 -10 -20 -9 -20 -9 -20 -8 -19 -9 -18 -8 -18 -8 -18 -7 -18 -7 -18 -6 -18 0 0 0 0 0 0 0 0 0 0 0 0 0 0 0 0 0 0 0 0 0 0 -8 -13 -7 -14 -6 -16 -6 -16 -6 -17 -5 -17 -5 -18 -5 -18 -4 -19 -4 -20 -3 -21 -3 -21 -3 -21 -3 -21 -3 -22 -3 -23 -3 -22 -3 -24 -4 -23 -5 -23 -5 -23 -5 -24 -6 -2
2025-05-21 16:23:42,CSI_DATA,STA,D8:B1:90:DB:E8:90,-56,11,1,7,0,0,1,1,0,0,1,-95,0,2,0,371764829,0,110,0,0,90566.4,256,[110 96 6 0 0 -26 0 -25 0 -25 -1 -24 -2 -24 -2 -24 -2 -23 -1 -24 -1 -23 -2 -23 -2 -23 -3 -24 -3 -23 -3 -23 -3 -22 -3 -23 -3 -22 -3 -21 -3 -21 -3 -20 -3 -20 -3 -20 -2 -19 -1 -20 0 -19 0 0 0 0 0 0 0 0 0 0 0 0 0 0 0 0 0 0 0 0 0 0 -3 -15 -2 -15 -2 -16 -1 -16 -1 -17 -1 -17 0 -18 1 -18 1 -19 1 -20 2 -21 3 -21 2 -21 3 -22 3 -22 2 -23 2 -22 2 -24 3 -22 3 -22 2 -22 2 -23 1 -24 0 -25 1 -25 1 -25 ]
2025-05-21 16:23:44,CSI_DATA,STA,D8:B1:90:DB:E8:90,-55,11,1,7,0,0,1,1,0,0,1,-95,0,2,0,373785068,0,110,0,0,90568.5,256,[110 96 6 0 -25 -6 -25 -6 -25 -6 -25 -5 -25 -4 -25 -4 -25 -4 -25 -4 -24 -3 -24 -3 -24 -3 -24 -1 -24 -1 -24 -1 -24 -1 -23 -1 -23 -1 -22 -2 -21 -2 -21 -2 -21 -2 -20 -2 -20 -3 -20 -4 -20 -5 0 0 0 0 0 0 0 0 0 0 0 0 0 0 0 0 0 0 0 0 0 0 -15 1 -15 0 -16 -1 -16 -2 -17 -2 -17 -3 -18 -3 -18 -4 -19 -4 -19 -5 -20 -6 -20 -6 -20 -7 -20 -6 -21 -7 -22 -7 -22 -7 -22 -7 -22 -6 -22 -6 -23 -6 -23 -6 -24 -6 -25 -
2025-05-21 16:23:44,CSI_DATA,STA,D8:B1:90:DB:E8:90,-54,11,1,7,0,0,1,1,0,0,1,-95,0,2,0,374285161,0,110,0,0,90569,256,[110 96 6 0 -17 22 -16 22 -16 22 -16 21 -15 21 -14 21 -14 22 -13 21 -13 21 -13 21 -12 21 -12 21 -11 21 -11 21 -11 20 -11 21 -11 20 -11 19 -10 18 -11 18 -11 17 -11 17 -12 16 -11 16 -12 15 0 0 0 0 0 0 0 0 0 0 0 0 0 0 0 0 0 0 0 0 0 0 -7 13 -8 13 -8 13 -10 13 -10 13 -11 13 -12 14 -13 14 -13 15 -15 15 -15 15 -16 16 -15 15 -16 15 -16 15 -17 16 -16 15 -16 16 -16 18 -16 18 -16 19 -16 20 -17 20 -17 20 -
2025-05-21 16:23:45,CSI_DATA,STA,D8:B1:90:DB:E8:90,-55,11,1,7,0,0,1,1,0,0,1,-95,0,2,0,374785048,0,110,0,0,90569.5,256,[110 96 6 0 20 15 21 14 21 14 21 14 21 13 21 13 20 12 21 11 20 10 20 10 20 9 20 10 20 10 20 10 20 10 19 10 19 9 18 9 18 9 18 9 17 9 17 9 16 10 16 9 15 10 0 0 0 0 0 0 0 0 0 0 0 0 0 0 0 0 0 0 0 0 0 0 14 4 14 6 14 7 14 7 14 9 15 9 15 10 15 10 15 11 15 12 16 13 16 13 16 14 16 14 16 14 16 14 16 14 17 14 18 15 18 15 19 14 19 15 20 15 21 15 21 15 20 15 ]
2025-05-21 16:23:47,CSI_DATA,STA,D8:B1:90:DB:E8:90,-54,11,1,7,0,0,1,1,0,0,1,-95,0,2,0,377289306,0,110,0,0,90572,256,[110 96 6 0 20 -20 19 -19 19 -20 19 -19 18 -19 18 -19 17 -20 16 -20 16 -20 16 -20 15 -20 15 -20 14 -19 15 -20 14 -19 14 -19 14 -18 14 -18 13 -18 13 -18 13 -17 13 -17 14 -16 14 -15 14 -14 0 0 0 0 0 0 0 0 0 0 0 0 0 0 0 0 0 0 0 0 0 0 8 -14 9 -13 10 -13 11 -13 11 -14 12 -13 14 -14 14 -14 15 -14 16 -14 17 -14 18 -14 18 -14 18 -14 18 -14 18 -15 18 -15 19 -16 18 -16 19 -16 18 -17 18 -18 19 -18 19 -18
2025-05-21 16:23:48,CSI_DATA,STA,D8:B1:90:DB:E8:90,-54,11,1,7,0,0,1,1,0,0,1,-95,0,2,0,378306610,0,110,0,0,90573,256,[110 96 6 0 -2 27 -2 26 -2 26 -1 26 -2 26 -1 25 -1 25 1 25 1 24 1 24 2 23 2 23 2 23 2 23 2 22 2 22 2 22 2 21 2 21 1 21 2 20 1 20 1 20 1 19 -1 19 0 0 0 0 0 0 0 0 0 0 0 0 0 0 0 0 0 0 0 0 0 0 3 15 2 15 1 16 0 17 0 17 -1 18 -2 19 -3 20 -3 20 -4 21 -4 21 -4 21 -5 22 -4 21 -5 23 -5 23 -5 23 -4 23 -4 24 -4 24 -3 25 -3 25 -3 25 -2 25 -2 26 -3 26 ]
2025-05-21 16:23:49,CSI_DATA,STA,D8:B1:90:DB:E8:90,-55,11,1,7,0,0,1,1,0,0,1,-95,0,2,0,378808185,0,110,0,0,90573.5,256,[110 96 6 0 -26 -9 -25 -9 -25 -9 -25 -9 -25 -8 -24 -8 -24 -7 -24 -6 -24 -6 -24 -5 -24 -5 -24 -4 -23 -3 -23 -3 -23 -3 -23 -3 -22 -3 -22 -4 -21 -3 -21 -4 -20 -3 -20 -4 -19 -4 -19 -5 -19 -6 0 0 0 0 0 0 0 0 0 0 0 0 0 0 0 0 0 0 0 0 0 0 -15 -2 -15 -4 -17 -5 -16 -5 -17 -6 -15 -7 -17 -9 -18 -8 -21 -12 -20 -8 -18 -11 -20 -14 -15 -14 -19 -13 -20 -12 -22 -12 -20 -11 -21 -11 -21 -11 -21 -11 -22 -10 -22 -
2025-05-21 16:23:53,CSI_DATA,STA,D8:B1:90:DB:E8:90,-54,11,1,7,0,0,1,1,0,0,1,-95,0,2,0,382818346,0,110,0,0,90577.5,256,[110 96 6 0 -5 -25 -6 -25 -6 -24 -6 -23 -6 -23 -7 -23 -7 -23 -8 -22 -8 -21 -8 -21 -9 -21 -8 -21 -9 -21 -9 -21 -8 -21 -8 -20 -8 -19 -8 -19 -7 -19 -7 -19 -7 -19 -6 -19 -6 -18 -5 -18 -5 -18 0 0 0 0 0 0 0 0 0 0 0 0 0 0 0 0 0 0 0 0 0 0 -7 -12 -6 -13 -6 -14 -5 -15 -5 -15 -5 -16 -5 -17 -4 -17 -4 -18 -3 -19 -2 -20 -2 -20 -2 -20 -2 -21 -1 -21 -2 -21 -2 -21 -2 -22 -3 -22 -4 -23 -4 -23 -4 -23 -4 -23 -4
