2025-04-01 14:22:10,CSI_DATA,STA,D8:B1:90:DB:E8:90,-46,11,1,7,0,0,1,0,0,0,0,-93,0,3,0,1229560400,0,110,0,0,1229.91,256,[110 96 6 0 9 -22 8 -22 8 -21 8 -20 7 -20 7 -20 6 -19 5 -19 5 -19 5 -19 4 -18 3 -18 3 -18 3 -18 3 -17 3 -18 4 -17 4 -17 4 -16 4 -16 3 -15 3 -15 3 -15 3 -14 4 -13 0 0 0 0 0 0 0 0 0 0 0 0 0 0 0 0 0 0 0 0 0 0 5 -21 7 -20 7 -20 8 -20 9 -21 11 -21 11 -21 12 -18 11 -21 12 -21 13 -21 13 -21 13 -21 12 -21 12 -20 12 -21 11 -21 11 -21 11 -21 11 -21 11 -22 11 -22 10 -22 10 -22 10 -22 10 -22 ]
2025-04-01 14:22:11,CSI_DATA,STA,D8:B1:90:DB:E8:90,-45,11,1,6,0,0,1,0,0,0,1,-93,0,3,0,1230063865,0,110,0,0,1230.41,256,[110 96 6 0 -25 -14 -24 -13 -23 -12 -24 -12 -23 -11 -23 -11 -23 -10 -22 -9 -22 -8 -21 -8 -22 -8 -22 -7 -21 -7 -21 -5 -21 -5 -21 -6 -20 -5 -20 -5 -19 -5 -19 -5 -18 -6 -17 -6 -17 -6 -16 -6 -16 -6 0 0 0 0 0 0 0 0 0 0 0 0 0 0 0 0 0 0 0 0 0 0 -22 -9 -22 -11 -22 -12 -23 -13 -23 -14 -23 -14 -22 -15 -23 -16 -22 -16 -22 -17 -22 -17 -21 -18 -22 -18 -22 -18 -22 -17 -22 -17 -22 -16 -22 -16 -24 -16 -23 -
2025-04-01 14:22:12,CSI_DATA,STA,D8:B1:90:DB:E8:90,-46,11,1,6,0,0,1,0,0,0,1,-93,0,3,0,1230560118,0,110,0,0,1230.91,256,[110 96 6 0 11 42 10 43 8 44 7 43 6 42 4 40 3 36 2 33 1 29 0 24 0 20 1 15 1 12 2 8 3 5 4 3 5 1 5 0 4 0 3 0 1 -1 -1 -2 -3 -3 -5 -4 -7 -5 0 0 0 0 0 0 0 0 0 0 0 0 0 0 0 0 0 0 0 0 0 0 -5 -40 0 -37 2 -34 3 -31 3 -28 2 -23 0 -20 -2 -17 -4 -13 -7 -11 -10 -9 -12 -7 -13 -6 -14 -5 -14 -3 -14 -2 -12 0 -11 2 -7 4 -5 7 -1 10 2 15 4 18 8 23 10 28 10 32 ]
2025-04-01 14:22:12,CSI_DATA,STA,D8:B1:90:DB:E8:90,-46,11,1,3,0,0,1,0,0,0,0,-93,0,3,0,1231060392,0,110,0,0,1231.41,256,[110 96 6 0 19 41 18 43 16 43 15 43 13 41 11 40 9 36 7 33 6 29 5 25 5 21 4 16 4 12 4 9 4 6 5 3 5 1 5 0 4 -1 3 -1 1 -2 -1 -3 -3 -4 -5 -4 -7 -7 0 0 0 0 0 0 0 0 0 0 0 0 0 0 0 0 0 0 0 0 0 0 -21 -35 -17 -35 -13 -33 -11 -31 -9 -28 -9 -24 -8 -20 -9 -16 -10 -12 -12 -9 -13 -6 -15 -4 -16 -2 -16 0 -16 1 -15 2 -13 3 -10 5 -6 7 -2 9 0 12 6 15 8 18 13 22 16 26 17 31 ]
2025-04-01 14:22:15,CSI_DATA,STA,D8:B1:90:DB:E8:90,-46,11,1,6,0,0,1,0,0,0,1,-93,0,3,0,1234067713,0,110,0,0,1234.42,256,[110 96 6 0 -17 -42 -17 -44 -14 -43 -14 -44 -12 -42 -11 -40 -8 -37 -7 -34 -5 -29 -5 -25 -4 -21 -4 -17 -4 -12 -5 -9 -5 -6 -6 -3 -6 -2 -6 -1 -5 0 -4 0 -2 0 0 0 2 1 4 2 7 3 0 0 0 0 0 0 0 0 0 0 0 0 0 0 0 0 0 0 0 0 0 0 5 38 3 37 -1 33 -2 31 -2 27 -1 23 0 19 2 16 4 13 6 10 9 7 11 5 13 4 13 3 14 1 13 0 12 -2 10 -4 6 -6 3 -8 -1 -12 -4 -15 -7 -18 -11 -23 -13 -27 -15 -31 ]
2025-04-01 14:22:18,CSI_DATA,STA,D8:B1:90:DB:E8:90,-46,11,1,7,0,0,1,0,0,0,0,-93,0,3,0,1236575943,0,110,0,0,1236.93,256,[110 96 6 0 18 -14 18 -13 18 -13 17 -13 16 -13 15 -13 15 -13 14 -14 14 -14 14 -14 13 -14 12 -13 12 -14 12 -14 12 -13 11 -14 11 -14 11 -13 11 -13 10 -12 9 -12 9 -11 9 -11 10 -11 10 -10 0 0 0 0 0 0 0 0 0 0 0 0 0 0 0 0 0 0 0 0 0 0 14 -16 15 -15 16 -14 17 -14 17 -14 18 -14 19 -13 20 -13 20 -13 21 -12 22 -12 22 -12 22 -11 22 -11 21 -11 21 -12 20 -12 21 -12 20 -12 20 -12 20 -13 20 -13 20 -13 20 -1
2025-04-01 14:22:18,CSI_DATA,STA,D8:B1:90:DB:E8:90,-46,11,1,7,0,0,1,0,0,0,0,-93,0,3,0,1237075897,0,110,0,0,1237.43,256,[110 96 6 0 -25 7 -25 8 -24 7 -23 8 -22 8 -22 8 -21 8 -21 9 -20 10 -20 10 -19 10 -18 9 -18 9 -18 10 -18 10 -18 10 -18 10 -18 9 -17 9 -17 9 -16 7 -15 7 -15 7 -16 7 -16 6 0 0 0 0 0 0 0 0 0 0 0 0 0 0 0 0 0 0 0 0 0 0 -21 12 -22 10 -23 10 -24 9 -24 8 -25 8 -25 7 -26 7 -27 6 -27 6 -28 6 -27 6 -27 5 -27 5 -27 5 -28 6 -27 6 -27 6 -27 6 -27 6 -27 7 -27 7 -27 8 -26 8 -26 8 -26 9 ]
2025-04-01 14:22:19,CSI_DATA,STA,D8:B1:90:DB:E8:90,-46,11,1,7,0,0,1,0,0,0,0,-93,0,3,0,1237577012,0,110,0,0,1237.93,256,[110 96 6 0 -18 18 -18 18 -17 18 -15 18 -14 18 -14 18 -13 18 -13 18 -12 19 -11 18 -10 18 -11 18 -10 18 -10 18 -10 17 -9 18 -9 17 -9 17 -9 16 -9 15 -9 15 -8 14 -8 14 -9 13 -9 13 0 0 0 0 0 0 0 0 0 0 0 0 0 0 0 0 0 0 0 0 0 0 -14 20 -15 19 -16 19 -17 19 -17 18 -19 19 -19 18 -20 18 -21 18 -21 18 -21 18 -21 17 -21 17 -21 17 -21 17 -21 17 -21 18 -21 18 -20 18 -19 18 -19 19 -19 19 -20 19 -19 19 -19 2
2025-04-01 14:22:22,CSI_DATA,STA,D8:B1:90:DB:E8:90,-45,11,1,6,0,0,1,0,0,0,1,-93,0,3,0,1240586033,0,110,0,0,1240.94,256,[110 96 6 0 -6 -27 -6 -27 -6 -25 -6 -25 -6 -25 -7 -24 -7 -23 -7 -22 -7 -22 -8 -21 -9 -22 -9 -21 -9 -21 -9 -20 -9 -20 -9 -20 -9 -19 -8 -19 -8 -19 -8 -18 -8 -19 -8 -18 -7 -18 -6 -17 -6 -18 0 0 0 0 0 0 0 0 0 0 0 0 0 0 0 0 0 0 0 0 0 0 -10 -21 -9 -22 -8 -22 -8 -24 -7 -24 -6 -24 -6 -25 -6 -27 -5 -27 -5 -27 -4 -26 -4 -27 -4 -27 -4 -27 -4 -27 -3 -26 -4 -26 -4 -26 -5 -28 -5 -27 -6 -27 -6 -28 -5 -27 -
2025-04-01 14:22:25,CSI_DATA,STA,D8:B1:90:DB:E8:90,-46,11,1,7,0,0,1,0,0,0,1,-93,0,3,0,1243592834,0,110,0,0,1243.94,256,[110 96 6 0 -8 22 -7 22 -7 21 -6 20 -5 20 -5 20 -5 19 -4 20 -4 19 -3 19 -2 19 -1 18 -1 18 -2 17 -1 17 -1 18 -1 17 -1 16 -1 16 -1 15 -1 15 -1 14 -1 14 -2 14 -2 14 0 0 0 0 0 0 0 0 0 0 0 0 0 0 0 0 0 0 0 0 0 0 -3 21 -7 21 -7 19 -8 18 -9 22 -9 20 -10 21 -10 21 -10 20 -11 21 -11 20 -11 20 -11 20 -11 20 -11 21 -11 21 -10 21 -11 21 -10 21 -9 21 -9 21 -9 22 -9 22 -8 22 -9 22 -8 22 ]
2025-04-01 14:22:25,CSI_DATA,STA,D8:B1:90:DB:E8:90,-46,11,1,7,0,0,1,1,0,0,0,-93,0,3,0,1244093869,0,110,0,0,1244.45,256,[110 96 6 0 25 1 25 1 24 0 24 0 24 0 23 0 23 -1 22 -2 21 -3 21 -2 20 -2 21 -3 21 -3 21 -4 21 -4 19 -4 19 -4 19 -4 18 -3 18 -4 17 -3 17 -2 17 -2 17 -1 16 -1 0 0 0 0 0 0 0 0 0 0 0 0 0 0 0 0 0 0 0 0 0 0 22 -4 22 -3 23 -2 24 -1 25 0 25 0 25 0 25 1 26 2 26 3 25 3 25 4 25 4 25 5 26 4 26 4 25 3 26 3 25 3 25 3 25 2 26 2 27 1 27 2 27 1 27 1 ]
2025-04-01 14:22:28,CSI_DATA,STA,D8:B1:90:DB:E8:90,-46,11,1,7,0,0,1,0,0,0,1,-93,0,3,0,1246599878,0,110,0,0,1246.95,256,[110 96 6 0 13 -23 13 -23 13 -22 12 -21 10 -21 10 -21 10 -20 10 -21 9 -20 8 -21 7 -20 6 -19 6 -19 6 -19 6 -19 5 -18 6 -18 6 -18 6 -17 6 -17 5 -16 5 -15 5 -15 5 -15 5 -15 0 0 0 0 0 0 0 0 0 0 0 0 0 0 0 0 0 0 0 0 0 0 8 -22 10 -22 10 -21 11 -21 11 -21 13 -22 14 -23 14 -23 15 -23 15 -22 16 -22 17 -22 16 -21 16 -21 16 -21 16 -21 15 -22 16 -22 15 -22 14 -22 14 -22 14 -22 14 -23 14 -23 14 -23 14 -23
2025-04-01 14:22:29,CSI_DATA,STA,D8:B1:90:DB:E8:90,-45,11,1,7,0,0,1,0,0,0,1,-93,0,3,0,1247099841,0,110,0,0,1247.45,256,[110 96 6 0 -11 -23 -11 -23 -11 -21 -12 -21 -12 -20 -13 -20 -12 -19 -12 -18 -12 -17 -13 -17 -13 -17 -13 -16 -13 -16 -13 -15 -13 -15 -12 -15 -12 -14 -12 -14 -11 -14 -12 -14 -11 -14 -11 -14 -10 -13 -10 -13 -10 -13 0 0 0 0 0 0 0 0 0 0 0 0 0 0 0 0 0 0 0 0 0 0 -13 -18 -12 -19 -11 -20 -11 -21 -11 -21 -10 -22 -10 -22 -10 -23 -9 -23 -9 -24 -9 -25 -8 -25 -9 -26 -9 -25 -8 -25 -9 -24 -9 -24 -9 -24 -10
2025-04-01 14:22:29,CSI_DATA,STA,D8:B1:90:DB:E8:90,-49,11,1,7,0,0,1,0,0,0,1,-93,0,3,0,1247600266,0,110,0,0,1247.95,256,[110 96 6 0 -25 -14 -25 -14 -23 -14 -23 -13 -22 -13 -22 -13 -21 -12 -21 -12 -21 -12 -21 -12 -21 -11 -21 -11 -21 -11 -20 -11 -19 -12 -19 -12 -19 -12 -18 -12 -17 -12 -16 -13 -16 -13 -16 -13 -15 -13 -14 -14 -13 -15 0 0 0 0 0 0 0 0 0 0 0 0 0 0 0 0 0 0 0 0 0 0 8 -24 10 -23 -1 -22 0 -23 2 -22 3 -23 5 -16 6 -16 7 -16 8 -15 10 4 10 4 10 3 9 4 10 5 10 5 10 6 10 6 -17 9 -17 9 -18 9 -17 9 19 -23 20 -24
2025-04-01 14:22:29,CSI_DATA,STA,D8:B1:90:DB:E8:90,-45,11,1,7,0,0,1,1,0,0,0,-93,0,3,0,1248099925,0,110,0,0,1248.45,256,[110 96 6 0 -25 -3 -25 -2 -24 -2 -23 -1 -22 0 -22 0 -21 0 -21 1 -20 2 -20 2 -20 2 -20 2 -20 3 -19 3 -20 3 -18 3 -18 4 -18 3 -17 3 -17 2 -16 1 -16 1 -15 1 -16 2 -15 1 0 0 0 0 0 0 0 0 0 0 0 0 0 0 0 0 0 0 0 0 0 0 -22 3 -22 -2 -23 -1 -23 -4 -23 -4 -24 -3 -25 -3 -25 -2 -26 -4 -24 -5 -25 -5 -26 -6 -26 -6 -25 -6 -25 -6 -25 -5 -25 -5 -25 -5 -25 -4 -25 -5 -26 -4 -26 -4 -25 -3 -26 -3 -26 -3 -26 -2 ]
2025-04-01 14:22:30,CSI_DATA,STA,D8:B1:90:DB:E8:90,-47,11,1,7,0,0,1,1,0,0,1,-94,0,3,0,1249106055,0,110,0,0,1249.46,256,[110 96 6 0 6 -20 6 -20 6 -18 -1 -19 -2 -19 -1 -18 -2 -17 1 -18 1 -17 1 -17 0 -18 4 -15 4 -15 5 -13 5 -13 0 -18 1 -17 1 -16 1 -15 1 -12 1 -12 1 -12 2 -11 9 -10 9 -9 0 0 0 0 0 0 0 0 0 0 0 0 0 0 0 0 0 0 0 0 0 0 24 12 23 14 -19 -18 -18 -19 -18 -20 -17 -22 -21 -25 -21 -26 -20 -27 -19 -28 -20 -30 -19 -30 -19 -30 -18 -31 -18 -27 -17 -27 -18 -27 -17 -27 -16 -22 -16 -21 -17 -22 -16 -22 -17 -19 -17 -
2025-04-01 14:22:34,CSI_DATA,STA,D8:B1:90:DB:E8:90,-47,11,1,7,0,0,1,1,0,0,1,-94,0,3,0,1252115951,0,110,0,0,1252.47,256,[110 96 6 0 -1 -28 -3 -27 -3 -26 -4 -26 -5 -24 -6 -24 -7 -23 -8 -22 -9 -21 -10 -20 -11 -20 -12 -19 -12 -18 -13 -18 -13 -18 -13 -16 -14 -17 -14 -16 -14 -16 -14 -15 -13 -14 -13 -14 -13 -13 -14 -14 -14 -14 0 0 0 0 0 0 0 0 0 0 0 0 0 0 0 0 0 0 0 0 0 0 -14 22 -15 21 -9 29 -10 30 -10 30 -11 31 5 24 5 25 5 25 5 25 -3 11 -4 11 -4 11 -4 11 -12 12 -11 12 -11 13 -10 13 -16 9 -16 9 -16 10 -15 10 -33 13 -
2025-04-01 14:22:34,CSI_DATA,STA,D8:B1:90:DB:E8:90,-46,11,1,7,0,0,1,1,0,0,1,-93,0,3,0,1252615984,0,110,0,0,1252.97,256,[110 96 6 0 23 12 23 12 23 11 21 10 21 10 21 9 20 8 20 7 20 6 20 5 20 5 20 6 19 6 19 5 19 4 19 5 18 4 18 4 17 4 17 4 16 5 15 5 15 5 15 4 14 5 0 0 0 0 0 0 0 0 0 0 0 0 0 0 0 0 0 0 0 0 0 0 22 6 22 7 22 8 21 9 22 10 22 11 23 12 23 13 23 14 23 14 22 13 22 14 22 14 21 15 22 14 22 14 22 14 22 14 23 13 23 13 23 13 24 13 24 12 24 12 24 12 25 11 ]
2025-04-01 14:22:34,CSI_DATA,STA,D8:B1:90:DB:E8:90,-46,11,1,7,0,0,1,1,0,0,1,-93,0,3,0,1253115973,0,110,0,0,1253.47,256,[110 96 6 0 4 -23 3 -23 4 -21 2 -21 1 -20 1 -20 1 -19 0 -20 0 -19 0 -19 -1 -18 -1 -19 -2 -19 -1 -18 -1 -18 -2 -18 -1 -17 -1 -17 -1 -16 -1 -16 -1 -16 -1 -15 -1 -15 0 -14 1 -14 0 0 0 0 0 0 0 0 0 0 0 0 0 0 0 0 0 0 0 0 0 0 2 -21 0 -21 3 -23 3 -22 2 -23 4 -21 5 -23 5 -22 5 -23 7 -23 7 -23 7 -23 7 -22 7 -23 7 -23 7 -23 7 -23 7 -24 6 -23 6 -23 5 -23 5 -24 5 -24 5 -23 5 -23 5 -23 ]
2025-04-01 14:22:39,CSI_DATA,STA,D8:B1:90:DB:E8:90,-44,11,1,7,0,0,1,1,0,0,1,-94,0,3,0,1258121917,0,110,0,0,1258.47,256,[110 96 6 0 14 -19 14 -20 14 -19 13 -18 12 -18 11 -18 11 -18 10 -19 10 -19 9 -19 8 -18 8 -18 8 -18 8 -18 9 -17 7 -17 8 -17 8 -16 8 -16 8 -16 7 -15 7 -14 7 -14 7 -14 8 -14 0 0 0 0 0 0 0 0 0 0 0 0 0 0 0 0 0 0 0 0 0 0 8 -19 8 -19 9 -18 11 -19 12 -18 13 -19 13 -19 15 -19 15 -19 16 -19 16 -19 17 -19 16 -18 16 -18 16 -17 16 -18 15 -18 16 -18 16 -19 15 -19 15 -20 15 -20 15 -20 14 -20 14 -20 15 -20
2025-04-01 14:22:40,CSI_DATA,STA,D8:B1:90:DB:E8:90,-45,11,1,6,0,0,1,0,0,0,1,-94,0,3,0,1259128731,0,110,0,0,1259.48,256,[110 96 6 0 25 -33 26 -33 28 -32 28 -31 27 -29 26 -27 25 -24 23 -21 20 -19 17 -15 14 -14 11 -11 7 -9 4 -7 2 -6 0 -5 -2 -4 -3 -3 -2 -2 -3 -1 -1 0 -1 1 0 3 0 6 0 9 0 0 0 0 0 0 0 0 0 0 0 0 0 0 0 0 0 0 0 0 0 0 -32 17 -31 13 -30 10 -28 8 -25 7 -21 6 -18 6 -14 6 -10 7 -8 7 -5 8 -2 9 0 10 2 10 3 10 4 9 5 6 6 4 6 1 7 -2 8 -6 10 -11 12 -16 13 -19 16 -23 19 -27 ]
2025-04-01 14:22:41,CSI_DATA,STA,00:00:00:00:00:00,-46,11,0,0,0,0,0,0,0,0,0,-94,0,3,0,1260016581,0,14,0,0,1260.37,128,[14 -32 0 0 10 43 9 43 8 43 7 41 6 40 5 37 4 34 3 31 3 27 3 22 2 18 2 15 2 11 3 8 3 5 3 3 4 1 3 0 3 -1 1 -1 -2 -2 -4 -3 -6 -4 -7 -5 -10 -6 0 0 0 0 0 0 0 0 0 0 0 0 0 0 0 0 0 0 0 0 0 0 5 -39 7 -35 9 -33 9 -29 8 -26 7 -22 4 -19 2 -16 -1 -13 -4 -12 -7 -10 -10 -8 -11 -8 -12 -6 -12 -5 -11 -3 -10 -1 -8 2 -5 4 -2 8 1 12 4 16 6 21 8 25 10 29 9 34 ]
2025-04-01 14:22:44,CSI_DATA,STA,D8:B1:90:DB:E8:90,-44,11,1,6,0,0,1,0,0,0,1,-94,0,3,0,1262627957,0,110,0,0,1262.98,256,[110 96 6 0 9 21 10 21 9 19 10 20 10 19 10 19 10 18 10 17 10 16 10 16 11 15 11 15 11 15 10 14 10 14 11 14 10 13 10 13 9 13 9 12 9 12 8 12 8 12 7 11 7 11 0 0 0 0 0 0 0 0 0 0 0 0 0 0 0 0 0 0 0 0 0 0 12 14 11 18 11 17 11 16 11 17 10 19 11 21 10 21 9 22 10 22 9 22 8 22 9 22 8 22 8 22 7 22 8 22 8 22 9 22 9 22 10 22 10 22 10 22 10 22 11 22 11 21 ]
2025-04-01 14:22:47,CSI_DATA,STA,D8:B1:90:DB:E8:90,-44,11,1,7,0,0,1,0,0,0,0,-94,0,3,0,1266145985,0,110,0,0,1266.5,256,[110 96 6 0 -20 -16 -20 -15 -19 -14 -19 -14 -19 -13 -20 -13 -19 -12 -19 -10 -19 -10 -19 -9 -19 -9 -19 -9 -18 -9 -18 -8 -18 -8 -18 -8 -17 -7 -17 -8 -16 -8 -16 -7 -15 -8 -15 -8 -14 -8 -14 -8 -13 -8 0 0 0 0 0 0 0 0 0 0 0 0 0 0 0 0 0 0 0 0 0 0 -20 -11 -19 -12 -19 -13 -19 -13 -19 -14 -19 -14 -19 -15 -20 -16 -20 -16 -20 -17 -19 -17 -19 -17 -19 -18 -18 -17 -19 -18 -19 -17 -19 -17 -19 -17 -20 -17 -20
2025-04-01 14:22:52,CSI_DATA,STA,D8:B1:90:DB:E8:90,-44,11,1,5,0,0,1,0,0,0,1,-94,0,3,0,1271162897,0,110,0,0,1271.51,256,[110 96 6 0 -19 -18 -19 -17 -18 -16 -18 -16 -18 -15 -18 -15 -18 -14 -18 -13 -18 -12 -18 -12 -18 -12 -18 -12 -18 -12 -17 -11 -17 -11 -17 -11 -16 -10 -16 -10 -15 -10 -16 -9 -15 -10 -15 -10 -14 -10 -13 -9 -13 -10 0 0 0 0 0 0 0 0 0 0 0 0 0 0 0 0 0 0 0 0 0 0 -18 -11 -18 -13 -18 -14 -18 -15 -17 -15 -17 -16 -18 -16 -18 -17 -17 -17 -18 -18 -17 -19 -17 -19 -17 -20 -17 -19 -17 -19 -17 -19 -17 -18 -17
2025-04-01 14:23:01,CSI_DATA,STA,D8:B1:90:DB:E8:90,-44,11,1,6,0,0,1,0,0,0,1,-94,0,3,0,1279678826,0,110,0,0,1280.03,256,[110 96 6 0 19 -19 19 -20 18 -19 18 -18 17 -18 16 -18 16 -18 15 -18 15 -18 14 -19 13 -18 12 -19 12 -18 12 -18 13 -18 12 -18 12 -18 13 -17 12 -16 11 -15 11 -15 10 -14 10 -14 11 -13 11 -13 0 0 0 0 0 0 0 0 0 0 0 0 0 0 0 0 0 0 0 0 0 0 13 -20 14 -20 14 -19 16 -19 16 -19 18 -19 18 -19 19 -19 20 -19 20 -19 20 -18 21 -18 21 -18 20 -17 21 -18 21 -18 21 -18 20 -18 20 -18 20 -18 20 -19 20 -19 20 -20 20
2025-04-01 14:23:02,CSI_DATA,STA,D8:B1:90:DB:E8:90,-44,11,1,6,0,0,1,0,0,0,1,-94,0,3,0,1280678806,0,110,0,0,1281.03,256,[110 96 6 0 12 20 13 20 12 18 12 19 13 17 12 17 13 16 12 15 12 14 12 14 13 14 13 13 13 13 12 12 13 12 12 12 12 12 11 12 11 11 10 11 10 11 10 11 10 11 10 10 9 10 0 0 0 0 0 0 0 0 0 0 0 0 0 0 0 0 0 0 0 0 0 0 13 15 13 16 12 16 12 17 11 18 11 19 11 20 11 21 10 21 10 21 10 22 10 22 10 22 10 22 10 22 9 21 10 21 10 21 11 22 11 22 12 21 12 22 12 20 13 21 13 21 13 20 ]
2025-04-01 14:23:06,CSI_DATA,STA,D8:B1:90:DB:E8:90,-44,11,1,6,0,0,1,0,0,0,1,-94,0,3,0,1285187758,0,110,0,0,1285.54,256,[110 96 6 0 -5 -26 -5 -25 -5 -23 -5 -24 -6 -22 -6 -22 -6 -22 -6 -21 -6 -20 -6 -20 -7 -20 -7 -19 -8 -19 -7 -18 -7 -18 -7 -19 -6 -18 -6 -17 -6 -17 -6 -16 -5 -16 -5 -16 -5 -16 -5 -16 -4 -16 0 0 0 0 0 0 0 0 0 0 0 0 0 0 0 0 0 0 0 0 0 0 -7 -20 -6 -21 -6 -22 -5 -23 -5 -23 -3 -24 -4 -24 -3 -24 -3 -25 -2 -25 -1 -26 -1 -26 -1 -26 -1 -26 -1 -26 -2 -25 -2 -25 -2 -26 -4 -26 -4 -25 -4 -25 -5 -26 -4 -26 -5
2025-04-01 14:23:07,CSI_DATA,STA,D8:B1:90:DB:E8:90,-44,11,1,7,0,0,1,0,0,0,1,-94,0,3,0,1286187876,0,110,0,0,1286.54,256,[110 96 6 0 25 -4 25 -4 24 -4 23 -4 22 -4 22 -5 21 -5 21 -6 21 -7 20 -7 20 -6 19 -7 18 -7 18 -8 18 -8 18 -8 17 -8 18 -8 17 -7 16 -7 16 -7 15 -6 15 -6 15 -5 15 -5 0 0 0 0 0 0 0 0 0 0 0 0 0 0 0 0 0 0 0 0 0 0 20 -8 21 -7 22 -6 22 -6 23 -5 23 -5 23 -4 24 -4 25 -3 25 -3 25 -3 25 -2 25 -2 25 -2 26 -2 26 -2 26 -3 26 -3 26 -3 26 -3 26 -4 27 -3 26 -4 26 -4 26 -4 26 -5 ]
2025-04-01 14:23:08,CSI_DATA,STA,D8:B1:90:DB:E8:90,-45,11,1,7,0,0,1,0,0,0,1,-94,0,3,0,1286689899,0,110,0,0,1287.04,256,[110 96 6 0 -13 -25 -13 -24 -12 -23 -12 -23 -13 -22 -13 -21 -13 -21 -13 -19 -12 -19 -13 -18 -14 -18 -12 -12 -12 -12 -13 -11 -12 -11 -15 -16 -14 -15 -14 -15 -13 -15 -13 -14 -13 -14 -12 -14 -11 -14 -11 -13 -11 -13 0 0 0 0 0 0 0 0 0 0 0 0 0 0 0 0 0 0 0 0 0 0 -14 -20 -13 -21 -13 -22 -12 -22 -12 -24 -11 -24 -11 -25 -10 -25 -10 -26 -9 -27 -9 -26 -9 -27 -9 -27 -9 -27 -9 -26 -10 -26 -10 -25 -10 -26
2025-04-01 14:23:10,CSI_DATA,STA,D8:B1:90:DB:E8:90,-48,11,1,7,0,0,1,0,0,0,1,-94,0,3,0,1289196859,0,110,0,0,1289.55,256,[110 96 6 0 13 20 14 19 16 18 -6 12 -4 12 -4 11 -3 11 -17 18 -16 18 -14 19 -13 20 -10 18 -8 18 -7 19 -6 19 -8 16 -7 16 -6 16 -6 15 -6 14 -6 12 -6 12 -5 12 -9 7 -9 7 0 0 0 0 0 0 0 0 0 0 0 0 0 0 0 0 0 0 0 0 0 0 4 18 4 19 -18 -11 -18 -11 -19 -11 -19 -11 -6 -20 -6 -21 -7 -21 -7 -22 -16 -13 -16 -13 -16 -12 -17 -12 7 17 7 17 8 17 9 17 -22 -20 -23 -19 -24 -18 -25 -17 -25 -14 -26 -12 -26 -11 13 12 ]
2025-04-01 14:23:11,CSI_DATA,STA,D8:B1:90:DB:E8:90,-44,11,1,7,0,0,1,0,0,0,1,-94,0,3,0,1289696832,0,110,0,0,1290.05,256,[110 96 6 0 -28 0 -29 1 -27 1 -26 1 -25 2 -25 2 -23 3 -24 4 -23 4 -22 5 -22 4 -22 4 -22 5 -21 6 -21 5 -20 5 -20 6 -20 5 -19 5 -19 5 -18 4 -17 4 -17 3 -18 3 -17 2 0 0 0 0 0 0 0 0 0 0 0 0 0 0 0 0 0 0 0 0 0 0 -23 3 -24 2 -24 1 -25 1 -25 0 -26 -1 -27 -1 -28 -2 -28 -3 -28 -3 -28 -3 -28 -3 -28 -4 -27 -4 -28 -4 -28 -3 -28 -3 -28 -2 -28 -2 -28 -1 -28 -1 -29 -1 -29 1 -29 0 -29 1 -29 2 ]
2025-04-01 14:23:13,CSI_DATA,STA,D8:B1:90:DB:E8:90,-45,11,1,7,0,0,1,1,0,0,1,-94,0,3,0,1291703862,0,110,0,0,1292.06,256,[110 96 6 0 24 -8 24 -8 23 -8 23 -8 22 -9 21 -9 21 -9 20 -10 20 -10 19 -10 18 -10 18 -10 18 -10 18 -11 18 -10 17 -11 17 -11 17 -11 16 -10 15 -10 15 -9 14 -9 14 -8 14 -8 14 -7 0 0 0 0 0 0 0 0 0 0 0 0 0 0 0 0 0 0 0 0 0 0 19 -12 20 -10 21 -10 21 -9 22 -9 23 -8 23 -8 24 -7 25 -7 25 -6 25 -6 25 -6 25 -5 25 -5 26 -6 26 -6 26 -7 26 -7 25 -7 25 -7 25 -7 25 -7 26 -9 27 -9 26 -9 26 -9 ]
2025-04-01 14:23:16,CSI_DATA,STA,D8:B1:90:DB:E8:90,-44,11,1,7,0,0,1,1,0,0,1,-94,0,3,0,1294719781,0,110,0,0,1295.07,256,[110 96 6 0 1 -28 0 -27 1 -26 0 -26 -1 -26 -1 -25 -2 -25 -2 -24 -2 -24 -2 -23 -4 -23 -4 -23 -4 -22 -4 -22 -4 -21 -4 -21 -3 -21 -3 -20 -3 -20 -3 -19 -3 -19 -3 -19 -2 -18 -2 -18 -1 -18 0 0 0 0 0 0 0 0 0 0 0 0 0 0 0 0 0 0 0 0 0 0 -3 -24 -2 -24 -2 -25 -1 -25 0 -26 1 -26 1 -26 2 -27 2 -27 3 -28 5 -27 5 -28 4 -28 5 -28 4 -27 4 -28 4 -27 4 -28 2 -28 2 -28 1 -28 1 -28 1 -30 1 -29 1 -29 1 -29 ]
2025-04-01 14:23:22,CSI_DATA,STA,D8:B1:90:DB:E8:90,-44,11,1,7,0,0,1,1,0,0,1,-94,0,3,0,1301243768,0,110,0,0,1301.6,256,[110 96 6 0 26 3 26 3 25 2 25 2 25 1 24 1 23 0 23 0 22 -2 22 -2 21 -1 21 -2 20 -2 21 -3 20 -3 21 -2 20 -3 20 -3 19 -3 19 -3 18 -2 17 -1 17 -1 17 -1 17 0 0 0 0 0 0 0 0 0 0 0 0 0 0 0 0 0 0 0 0 0 0 0 23 -2 23 0 24 1 24 2 25 3 25 3 25 3 25 3 25 5 26 5 25 6 25 6 25 7 25 7 25 6 26 6 25 6 26 5 26 5 26 5 26 4 27 4 27 3 28 4 28 3 27 2 ]
2025-04-01 14:23:23,CSI_DATA,STA,D8:B1:90:DB:E8:90,-45,11,1,7,0,0,1,1,0,0,1,-94,0,3,0,1302243892,0,110,0,0,1302.6,256,[110 96 6 0 8 -21 8 -21 8 -21 7 -20 6 -20 6 -20 6 -19 5 -19 5 -19 4 -19 3 -19 3 -18 3 -18 3 -18 3 -18 2 -18 3 -17 3 -17 3 -17 3 -16 3 -16 3 -15 3 -15 3 -14 3 -14 0 0 0 0 0 0 0 0 0 0 0 0 0 0 0 0 0 0 0 0 0 0 5 -20 6 -20 7 -20 7 -20 8 -20 9 -20 10 -20 10 -20 11 -20 12 -20 12 -21 12 -21 12 -20 12 -21 12 -20 12 -20 11 -20 12 -21 11 -21 11 -21 10 -22 10 -22 10 -22 10 -22 10 -22 10 -22 ]
2025-04-01 14:23:27,CSI_DATA,STA,D8:B1:90:DB:E8:90,-45,11,1,7,0,0,1,1,0,0,1,-94,0,3,0,1305747809,0,110,0,0,1306.1,256,[110 96 6 0 11 -21 11 -21 11 -20 10 -20 8 -19 8 -19 7 -19 7 -19 6 -19 6 -19 5 -18 5 -19 4 -18 5 -18 5 -18 4 -18 4 -18 4 -17 4 -16 4 -16 4 -16 3 -15 4 -15 4 -14 4 -14 0 0 0 0 0 0 0 0 0 0 0 0 0 0 0 0 0 0 0 0 0 0 8 -19 9 -19 10 -19 11 -19 11 -19 12 -19 13 -19 13 -19 14 -19 14 -19 15 -19 15 -19 15 -18 14 -18 15 -19 15 -19 14 -19 15 -20 13 -20 13 -20 12 -20 13 -21 13 -21 13 -21 13 -21 13 -21 ]
2025-04-01 14:23:27,CSI_DATA,STA,D8:B1:90:DB:E8:90,-44,11,1,7,0,0,1,1,0,0,1,-94,0,3,0,1306248022,0,110,0,0,1306.6,256,[110 96 6 0 -23 10 -22 11 -22 10 -21 10 -20 10 -19 10 -18 10 -18 11 -18 12 -17 12 -16 11 -16 12 -16 12 -16 12 -15 12 -15 12 -15 12 -15 11 -15 11 -15 11 -14 10 -13 10 -13 9 -13 9 -13 8 0 0 0 0 0 0 0 0 0 0 0 0 0 0 0 0 0 0 0 0 0 0 -19 13 -20 11 -23 10 -20 10 -22 9 -24 10 -23 9 -23 8 -24 9 -24 8 -24 7 -24 7 -24 7 -24 7 -23 7 -24 7 -23 7 -24 8 -23 8 -24 9 -24 9 -24 9 -24 10 -24 10 -23 11 -23 11 ]
2025-04-01 14:23:28,CSI_DATA,STA,D8:B1:90:DB:E8:90,-45,11,1,7,0,0,1,1,0,0,1,-94,0,3,0,1306747895,0,110,0,0,1307.1,256,[110 96 6 0 19 -15 19 -16 18 -15 18 -15 17 -15 17 -15 16 -15 15 -15 15 -16 14 -16 13 -16 13 -16 13 -17 13 -16 14 -16 12 -16 13 -16 13 -15 13 -15 12 -14 11 -14 10 -13 11 -13 11 -12 11 -11 0 0 0 0 0 0 0 0 0 0 0 0 0 0 0 0 0 0 0 0 0 0 15 -19 17 -18 16 -16 17 -16 17 -16 19 -16 20 -16 21 -17 21 -16 21 -16 21 -15 21 -15 21 -15 21 -15 22 -15 22 -15 22 -16 21 -15 22 -16 22 -15 21 -16 21 -16 20 -16 20
2025-04-01 14:23:31,CSI_DATA,STA,D8:B1:90:DB:E8:90,-44,11,1,7,0,0,1,1,0,0,1,-94,0,3,0,1309753860,0,110,0,0,1310.11,256,[110 96 6 0 -1 -26 -1 -25 -1 -24 -1 -24 -2 -23 -2 -23 -3 -22 -3 -22 -3 -22 -3 -21 -4 -21 -5 -20 -5 -19 -4 -19 -4 -18 -5 -18 -4 -17 -4 -17 -4 -17 -4 -16 -4 -16 -4 -16 -3 -16 -3 -15 -2 -15 0 0 0 0 0 0 0 0 0 0 0 0 0 0 0 0 0 0 0 0 0 0 -6 -22 -5 -22 -4 -23 -3 -23 -3 -24 -1 -24 -1 -25 0 -26 1 -26 1 -27 2 -26 2 -26 2 -26 2 -26 2 -26 2 -27 2 -26 2 -27 1 -26 1 -26 0 -26 0 -26 0 -27 -1 -27 -1 -27 0 -2
2025-04-01 14:23:31,CSI_DATA,STA,D8:B1:90:DB:E8:90,-44,11,1,7,0,0,1,1,0,0,1,-94,0,3,0,1310253834,0,110,0,0,1310.61,256,[110 96 6 0 17 -16 16 -16 16 -16 15 -16 14 -16 14 -16 13 -15 12 -16 12 -16 11 -16 10 -15 10 -16 10 -15 10 -16 11 -16 10 -15 10 -15 10 -15 10 -14 9 -13 9 -13 9 -12 9 -12 9 -12 9 -11 0 0 0 0 0 0 0 0 0 0 0 0 0 0 0 0 0 0 0 0 0 0 12 -18 13 -17 14 -17 15 -17 15 -17 17 -16 17 -17 18 -16 19 -16 19 -16 20 -16 20 -16 20 -15 19 -15 19 -15 19 -16 19 -16 19 -16 19 -16 19 -16 18 -16 19 -17 18 -17 18 -17 1
2025-04-01 14:23:33,CSI_DATA,STA,D8:B1:90:DB:E8:90,-44,11,1,7,0,0,1,1,0,0,1,-94,0,3,0,1311761868,0,110,0,0,1312.11,256,[110 96 6 0 13 21 13 21 12 19 13 19 13 18 13 17 13 16 13 15 12 14 13 14 13 14 13 14 13 14 12 13 13 13 13 12 12 12 12 11 11 11 11 11 11 11 10 11 10 11 10 9 9 10 0 0 0 0 0 0 0 0 0 0 0 0 0 0 0 0 0 0 0 0 0 0 15 15 15 16 14 17 14 18 13 18 13 19 12 20 12 20 11 21 12 21 11 22 11 23 11 22 11 22 11 23 10 22 11 22 11 22 12 22 11 22 12 22 12 22 12 21 13 21 13 21 13 21 ]
2025-04-01 14:23:34,CSI_DATA,STA,D8:B1:90:DB:E8:90,-44,11,1,7,0,0,1,1,0,0,1,-94,0,3,0,1313273603,0,110,0,0,1313.62,256,[110 96 6 0 26 1 26 1 25 0 24 0 23 -1 23 -1 23 -2 23 -3 22 -3 22 -4 21 -3 20 -4 20 -4 19 -5 19 -5 20 -4 20 -4 19 -4 19 -4 17 -4 17 -4 16 -3 16 -3 16 -3 16 -3 0 0 0 0 0 0 0 0 0 0 0 0 0 0 0 0 0 0 0 0 0 0 23 -3 24 -2 24 -1 24 0 25 0 26 1 26 1 26 2 26 3 27 4 27 4 27 5 28 5 27 5 26 5 26 4 26 4 26 3 26 3 26 2 26 2 27 2 27 1 27 2 28 2 28 0 ]
2025-04-01 14:23:35,CSI_DATA,STA,D8:B1:90:DB:E8:90,-46,11,1,7,0,0,1,1,0,0,1,-93,0,3,0,1313773036,0,110,0,0,1314.12,256,[110 96 6 0 23 -11 22 -11 22 -11 21 -11 20 -11 20 -11 19 -12 19 -12 18 -13 17 -13 16 -12 16 -12 16 -12 16 -13 16 -12 15 -12 15 -12 15 -12 14 -11 14 -11 13 -10 13 -9 13 -9 13 -9 13 -8 0 0 0 0 0 0 0 0 0 0 0 0 0 0 0 0 0 0 0 0 0 0 19 -14 20 -13 21 -12 21 -12 22 -11 23 -11 24 -10 25 -10 25 -9 26 -9 26 -9 26 -8 26 -8 26 -8 25 -8 26 -8 25 -9 26 -9 26 -9 26 -9 25 -10 26 -10 25 -10 24 -10 24 -10 24 -
2025-04-01 14:23:37,CSI_DATA,STA,D8:B1:90:DB:E8:90,-44,11,1,7,0,0,1,1,0,0,1,-94,0,3,0,1315775909,0,110,0,0,1316.13,256,[110 96 6 0 22 6 22 6 21 5 21 5 21 5 20 4 20 3 20 2 19 1 19 1 19 1 18 1 18 1 18 0 17 0 17 0 17 0 16 0 16 0 16 -1 16 0 15 0 14 1 14 0 14 1 0 0 0 0 0 0 0 0 0 0 0 0 0 0 0 0 0 0 0 0 0 0 21 3 22 3 20 4 21 5 21 6 22 6 22 7 23 8 23 9 23 9 22 9 23 9 22 10 22 10 22 9 21 9 22 8 22 8 22 8 23 8 23 7 23 7 23 7 23 7 24 7 23 6 ]
2025-04-01 14:23:37,CSI_DATA,STA,D8:B1:90:DB:E8:90,-45,11,1,7,0,0,1,1,0,0,1,-94,0,3,0,1316275947,0,110,0,0,1316.63,256,[110 96 6 0 6 -27 6 -26 6 -25 5 -25 4 -25 4 -24 4 -24 3 -23 3 -23 2 -22 1 -22 1 -18 1 -17 2 -17 2 -17 0 -21 1 -21 1 -20 1 -19 1 -19 1 -19 0 -18 1 -18 1 -17 1 -16 0 0 0 0 0 0 0 0 0 0 0 0 0 0 0 0 0 0 0 0 0 0 1 -24 2 -24 3 -24 4 -24 5 -25 6 -25 7 -26 7 -26 8 -26 9 -27 10 -27 10 -26 10 -26 10 -26 9 -26 10 -26 9 -26 9 -27 9 -27 8 -26 8 -27 8 -27 7 -27 7 -27 6 -27 7 -27 ]
2025-04-01 14:23:38,CSI_DATA,STA,D8:B1:90:DB:E8:90,-44,11,1,7,0,0,1,1,0,0,1,-94,0,3,0,1316776941,0,110,0,0,1317.13,256,[110 96 6 0 6 -26 6 -26 5 -25 4 -24 4 -24 3 -23 3 -23 2 -22 2 -22 1 -22 0 -22 0 -22 0 -21 0 -20 0 -20 -1 -20 0 -19 0 -19 0 -18 1 -18 0 -18 0 -17 1 -17 1 -16 2 -16 0 0 0 0 0 0 0 0 0 0 0 0 0 0 0 0 0 0 0 0 0 0 2 -25 4 -25 5 -24 6 -25 6 -25 7 -25 9 -26 9 -26 10 -26 11 -26 10 -26 11 -26 11 -26 10 -26 10 -26 10 -26 9 -26 9 -26 9 -26 8 -26 8 -27 8 -27 8 -27 7 -28 7 -27 7 -27 ]
2025-04-01 14:23:38,CSI_DATA,STA,D8:B1:90:DB:E8:90,-45,11,1,3,0,0,1,0,0,0,0,-94,0,3,0,1317276277,0,110,0,0,1317.63,256,[110 96 6 0 -6 -42 -4 -43 -2 -42 -2 -42 -1 -39 0 -37 1 -34 2 -31 1 -27 1 -23 0 -19 0 -15 -1 -11 -2 -8 -3 -6 -4 -3 -5 -2 -5 -1 -5 0 -5 0 -2 1 -1 2 1 3 2 4 4 6 0 0 0 0 0 0 0 0 0 0 0 0 0 0 0 0 0 0 0 0 0 0 2 35 -2 35 -4 31 -4 28 -5 24 -5 23 -2 19 1 15 3 13 5 10 8 8 10 7 11 5 12 4 13 3 12 1 11 0 10 -2 7 -5 5 -8 2 -12 0 -15 -3 -19 -5 -24 -6 -28 -6 -33 ]
2025-04-01 14:23:41,CSI_DATA,STA,D8:B1:90:DB:E8:90,-44,11,1,7,0,0,1,0,0,0,0,-94,0,3,0,1319781748,0,110,0,0,1320.13,256,[110 96 6 0 -2 24 -2 24 -2 23 -1 23 0 22 0 22 0 21 0 20 0 20 1 19 3 19 2 21 3 19 2 19 1 18 3 18 2 18 1 17 1 17 2 16 2 16 2 15 2 15 1 15 0 15 0 0 0 0 0 0 0 0 0 0 0 0 0 0 0 0 0 0 0 0 0 0 3 21 2 22 1 21 0 22 -1 22 -1 23 -2 24 -2 25 -3 25 -3 25 -4 26 -4 26 -4 26 -5 25 -4 25 -4 25 -4 25 -4 25 -3 25 -3 24 -2 25 -2 25 -2 26 -1 26 -1 26 -2 25 ]
2025-04-01 14:23:41,CSI_DATA,STA,00:00:00:00:00:00,-45,11,0,0,0,0,0,0,0,0,0,-94,0,3,0,1320018199,0,14,0,0,1320.37,128,[14 -32 0 0 -36 -24 -37 -25 -35 -25 -34 -27 -32 -25 -29 -25 -26 -23 -24 -21 -20 -19 -17 -17 -15 -13 -12 -10 -10 -7 -7 -4 -6 -2 -5 0 -4 2 -4 2 -2 2 -2 2 0 2 2 1 4 0 6 -2 8 -2 0 0 0 0 0 0 0 0 0 0 0 0 0 0 0 0 0 0 0 0 0 0 26 26 23 27 19 27 16 25 14 23 12 20 11 16 10 12 10 8 10 5 10 2 11 -1 11 -4 11 -6 10 -7 9 -7 7 -8 4 -9 0 -9 -3 -10 -8 -10 -13 -11 -17 -11 -22 -13 -26 -15 -28 -17 ]
2025-04-01 14:23:41,CSI_DATA,STA,D8:B1:90:DB:E8:90,-45,11,1,6,0,0,1,0,0,0,1,-94,0,3,0,1320282076,0,110,0,0,1320.63,256,[110 96 6 0 -14 -20 -14 -19 -13 -18 -14 -17 -14 -17 -14 -16 -14 -15 -14 -14 -13 -14 -14 -14 -14 -14 -13 -14 -13 -13 -13 -12 -13 -12 -13 -13 -13 -12 -13 -12 -12 -12 -11 -11 -11 -11 -10 -12 -10 -11 -10 -11 -9 -11 0 0 0 0 0 0 0 0 0 0 0 0 0 0 0 0 0 0 0 0 0 0 -14 -15 -14 -16 -14 -17 -14 -18 -14 -18 -13 -19 -13 -20 -13 -21 -12 -21 -12 -22 -12 -21 -11 -22 -11 -22 -11 -22 -12 -23 -12 -22 -12 -22 -12
2025-04-01 14:23:45,CSI_DATA,STA,D8:B1:90:DB:E8:90,-44,11,1,5,0,0,1,0,0,0,1,-94,0,3,0,1324288785,0,110,0,0,1324.64,256,[110 96 6 0 23 0 22 -1 22 -1 22 -1 21 -1 21 -2 20 -2 20 -3 19 -3 19 -4 18 -3 18 -4 18 -5 18 -5 18 -5 17 -5 17 -5 17 -5 16 -5 16 -4 15 -4 14 -3 14 -3 14 -4 14 -3 0 0 0 0 0 0 0 0 0 0 0 0 0 0 0 0 0 0 0 0 0 0 21 -4 21 -3 21 -2 22 -1 22 0 23 0 23 1 23 1 24 2 24 3 24 3 24 3 24 4 24 4 23 4 24 3 23 3 24 3 23 2 23 2 23 1 24 1 24 0 25 0 24 0 25 0 ]
2025-04-01 14:23:48,CSI_DATA,STA,D8:B1:90:DB:E8:90,-44,11,1,7,0,0,1,0,0,0,0,-94,0,3,0,1327296836,0,110,0,0,1327.65,256,[110 96 6 0 -9 24 -8 23 -9 22 -7 21 -6 21 -5 21 -5 20 -4 20 -5 20 -4 19 -3 19 -2 19 -2 19 -2 19 -2 18 -2 19 -2 18 -2 17 -2 17 -2 16 -1 16 -1 16 -2 15 -2 14 -3 14 0 0 0 0 0 0 0 0 0 0 0 0 0 0 0 0 0 0 0 0 0 0 -4 22 -6 23 -6 20 -7 19 -8 22 -8 22 -11 23 -12 23 -11 23 -13 23 -13 23 -14 23 -13 23 -13 23 -12 22 -12 23 -12 22 -12 23 -11 23 -11 23 -10 23 -10 24 -11 24 -10 23 -10 23 -10 23 ]
2025-04-01 14:23:50,CSI_DATA,STA,D8:B1:90:DB:E8:90,-45,11,1,7,0,0,1,0,0,0,0,-94,0,3,0,1328806682,0,110,0,0,1329.16,256,[110 96 6 0 10 -24 9 -24 10 -23 8 -23 7 -22 7 -22 6 -22 6 -22 6 -22 5 -21 4 -21 4 -21 4 -21 4 -20 4 -19 3 -19 4 -19 4 -18 4 -18 4 -18 3 -17 3 -17 4 -16 5 -16 5 -15 0 0 0 0 0 0 0 0 0 0 0 0 0 0 0 0 0 0 0 0 0 0 4 -24 5 -24 6 -24 7 -24 8 -24 9 -24 9 -26 10 -26 11 -26 12 -26 12 -25 13 -25 13 -24 13 -24 13 -24 13 -25 12 -24 12 -25 11 -25 11 -25 10 -25 10 -25 11 -26 10 -26 11 -26 11 -26 ]
2025-04-01 14:23:50,CSI_DATA,STA,D8:B1:90:DB:E8:90,-44,11,1,7,0,0,1,0,0,0,0,-94,0,3,0,1329305778,0,110,0,0,1329.66,256,[110 96 6 0 3 -25 3 -24 3 -23 2 -23 2 -22 1 -22 1 -21 1 -21 1 -21 -1 -21 -2 -20 -2 -20 -2 -20 -2 -19 -2 -19 -2 -19 -2 -18 -1 -18 -1 -17 -1 -17 -1 -16 -1 -16 -1 -15 0 -15 0 -15 0 0 0 0 0 0 0 0 0 0 0 0 0 0 0 0 0 0 0 0 0 0 -1 -22 0 -22 1 -23 2 -24 3 -24 4 -24 4 -24 5 -25 6 -25 6 -25 7 -25 7 -25 7 -25 7 -25 7 -25 7 -25 7 -25 7 -25 6 -25 6 -24 5 -25 6 -25 5 -25 4 -25 4 -25 5 -25 ]
2025-04-01 14:23:51,CSI_DATA,STA,D8:B1:90:DB:E8:90,-50,11,1,7,0,0,1,1,0,0,1,-94,0,3,0,1329806756,0,110,0,0,1330.16,256,[110 96 6 0 -5 -10 -5 -10 -5 -9 -15 14 -14 14 -13 14 -12 15 -15 13 -14 14 -12 15 -11 16 -16 8 -16 9 -15 10 -14 11 -13 12 -12 13 -11 13 -11 14 -11 12 -11 12 -10 12 -9 12 -6 14 -6 14 0 0 0 0 0 0 0 0 0 0 0 0 0 0 0 0 0 0 0 0 0 0 -13 15 -14 15 -21 -1 -21 -1 -22 -1 -21 0 -31 -12 -32 -11 -32 -11 -33 -10 -29 -7 -29 -6 -30 -5 -30 -4 15 -4 15 -5 14 -5 14 -6 5 -10 4 -10 4 -10 4 -11 6 -23 5 -23 3 -23 2
2025-04-01 14:23:51,CSI_DATA,STA,D8:B1:90:DB:E8:90,-44,11,1,7,0,0,1,0,0,0,1,-94,0,3,0,1330305760,0,110,0,0,1330.66,256,[110 96 6 0 7 22 7 22 7 21 8 21 8 20 8 19 8 19 8 17 8 16 8 16 9 16 9 16 10 16 9 15 9 15 9 15 8 14 8 14 8 14 7 13 8 13 7 13 7 13 6 12 5 12 0 0 0 0 0 0 0 0 0 0 0 0 0 0 0 0 0 0 0 0 0 0 9 18 8 19 7 20 7 21 7 21 6 22 5 22 5 23 4 23 4 24 4 24 3 24 3 24 4 24 4 23 4 23 4 23 5 23 6 24 6 24 6 23 7 24 6 23 7 24 7 23 6 22 ]
2025-04-01 14:23:52,CSI_DATA,STA,D8:B1:90:DB:E8:90,-44,11,1,7,0,0,1,0,0,0,1,-94,0,3,0,1331305964,0,110,0,0,1331.66,256,[110 96 6 0 -24 -2 -24 -2 -23 -1 -23 -2 -22 -1 -22 -1 -21 -1 -20 1 -20 1 -19 2 -19 1 -19 2 -19 2 -19 3 -19 3 -18 3 -18 4 -18 3 -17 3 -17 3 -16 2 -15 2 -15 2 -16 2 -15 1 0 0 0 0 0 0 0 0 0 0 0 0 0 0 0 0 0 0 0 0 0 0 -23 3 -23 1 -23 0 -24 -1 -24 -1 -25 -2 -25 -2 -25 -3 -25 -4 -26 -4 -26 -5 -25 -5 -25 -5 -25 -5 -26 -5 -26 -5 -26 -4 -26 -4 -25 -4 -25 -4 -26 -4 -26 -4 -25 -2 -25 -3 -26 -2 -26 -2 ]
2025-04-01 14:23:53,CSI_DATA,STA,D8:B1:90:DB:E8:90,-44,11,1,7,0,0,1,0,0,0,1,-94,0,3,0,1331805782,0,110,0,0,1332.16,256,[110 96 6 0 -16 -20 -16 -19 -15 -18 -15 -17 -15 -16 -16 -16 -15 -15 -15 -14 -15 -13 -15 -12 -14 -14 -16 -13 -16 -12 -16 -12 -16 -11 -15 -11 -14 -10 -14 -10 -14 -10 -14 -10 -13 -10 -13 -10 -12 -10 -12 -10 -11 -10 0 0 0 0 0 0 0 0 0 0 0 0 0 0 0 0 0 0 0 0 0 0 -16 -15 -15 -16 -16 -18 -15 -18 -15 -19 -13 -19 -14 -21 -14 -20 -14 -20 -12 -22 -13 -23 -13 -23 -13 -23 -13 -23 -13 -23 -13 -23 -14 -22 -1
2025-04-01 14:23:57,CSI_DATA,STA,D8:B1:90:DB:E8:90,-44,11,1,7,0,0,1,0,0,0,1,-94,0,3,0,1335812789,0,110,0,0,1336.16,256,[110 96 6 0 19 19 19 18 19 17 18 17 18 16 18 15 18 14 17 13 17 12 17 12 17 11 18 11 17 10 18 9 17 9 18 10 17 9 16 9 16 9 15 8 15 9 15 9 14 9 14 7 13 8 0 0 0 0 0 0 0 0 0 0 0 0 0 0 0 0 0 0 0 0 0 0 19 13 18 14 19 15 18 16 19 17 18 17 18 19 18 19 18 20 17 21 17 21 17 21 17 22 17 22 17 21 17 21 17 20 17 20 18 21 18 20 19 20 20 20 19 20 19 20 20 20 19 19 ]
2025-04-01 14:24:03,CSI_DATA,STA,D8:B1:90:DB:E8:90,-44,11,1,7,0,0,1,1,0,0,1,-94,0,3,0,1341829863,0,110,0,0,1342.18,256,[110 96 6 0 24 6 24 5 22 4 23 4 22 3 22 3 21 2 20 1 19 0 19 0 20 0 18 -2 19 -1 18 -2 18 -2 19 -1 19 -2 18 -2 17 -1 17 -1 16 -1 15 0 15 0 16 -1 15 0 0 0 0 0 0 0 0 0 0 0 0 0 0 0 0 0 0 0 0 0 0 0 21 0 22 2 21 3 22 5 21 5 23 5 22 7 23 6 23 7 24 8 23 7 23 9 23 8 23 9 24 9 23 8 24 8 23 7 24 7 24 7 24 7 25 7 24 5 25 6 25 6 25 5 ]
2025-04-01 14:24:11,CSI_DATA,STA,D8:B1:90:DB:E8:90,-44,11,1,7,0,0,1,1,0,0,1,-94,0,3,0,1350351802,0,110,0,0,1350.7,256,[110 96 6 0 -25 -13 -25 -12 -24 -11 -24 -12 -23 -11 -23 -11 -23 -10 -22 -9 -22 -8 -22 -7 -22 -7 -22 -7 -22 -6 -22 -6 -22 -5 -21 -5 -20 -4 -20 -4 -19 -5 -19 -5 -18 -6 -17 -6 -17 -6 -18 -6 -17 -6 0 0 0 0 0 0 0 0 0 0 0 0 0 0 0 0 0 0 0 0 0 0 -23 -7 -22 -9 -22 -10 -22 -11 -22 -12 -22 -12 -23 -13 -23 -14 -23 -15 -23 -16 -23 -16 -23 -16 -22 -17 -23 -17 -22 -16 -22 -16 -23 -16 -22 -15 -23 -15 -23 -15
2025-04-01 14:24:14,CSI_DATA,STA,D8:B1:90:DB:E8:90,-45,11,1,7,0,0,1,1,0,0,1,-94,0,3,0,1352866346,0,110,0,0,1353.22,256,[110 96 6 0 -23 13 -22 13 -22 13 -20 12 -20 13 -19 13 -18 13 -19 14 -18 14 -17 12 -18 13 -15 14 -20 15 -17 15 -16 13 -16 14 -16 13 -16 13 -15 12 -16 13 -15 12 -15 11 -15 11 -15 10 -15 9 0 0 0 0 0 0 0 0 0 0 0 0 0 0 0 0 0 0 0 0 0 0 -19 14 -19 12 -20 12 -20 11 -21 11 -22 10 -23 10 -23 10 -24 10 -25 9 -25 9 -25 9 -25 8 -24 9 -24 9 -25 9 -23 9 -24 10 -24 10 -24 11 -23 11 -24 12 -23 12 -23 11 -23
2025-04-01 14:24:21,CSI_DATA,STA,D8:B1:90:DB:E8:90,-45,11,1,7,0,0,1,1,0,0,1,-94,0,3,0,1360367774,0,110,0,0,1360.72,256,[110 96 6 0 -26 3 -26 4 -25 4 -24 4 -23 4 -23 5 -22 5 -22 7 -21 7 -21 7 -20 7 -19 8 -19 8 -19 9 -19 9 -18 8 -18 9 -19 8 -18 8 -18 8 -17 7 -16 6 -16 6 -17 6 -17 5 0 0 0 0 0 0 0 0 0 0 0 0 0 0 0 0 0 0 0 0 0 0 -22 9 -23 7 -23 7 -24 6 -24 5 -25 5 -25 4 -26 4 -26 3 -27 2 -28 2 -27 2 -27 1 -27 1 -27 1 -27 1 -27 2 -27 2 -27 2 -27 3 -27 3 -28 3 -27 4 -27 3 -27 4 -27 5 ]
2025-04-01 14:24:22,CSI_DATA,STA,00:00:00:00:00:00,-46,11,0,0,0,0,0,0,0,0,0,-94,0,3,0,1360816231,0,14,0,0,1361.17,128,[14 -32 0 0 -25 35 -26 35 -27 34 -26 32 -26 30 -26 27 -23 25 -22 22 -19 19 -16 16 -13 12 -10 10 -6 7 -3 5 0 4 2 2 4 2 4 1 5 0 4 0 3 -1 2 -2 0 -4 0 -7 -1 -10 0 0 0 0 0 0 0 0 0 0 0 0 0 0 0 0 0 0 0 0 0 0 33 -20 32 -16 31 -13 28 -10 25 -8 21 -7 16 -6 13 -7 8 -8 5 -9 1 -10 -1 -11 -3 -12 -5 -12 -6 -12 -7 -10 -8 -8 -9 -5 -9 -2 -9 1 -10 6 -11 10 -13 16 -13 20 -16 24 -19 28 ]
2025-04-01 14:24:22,CSI_DATA,STA,D8:B1:90:DB:E8:90,-44,11,1,7,0,0,1,1,0,0,1,-94,0,3,0,1360816529,0,100,0,0,1361.22,256,[100 -64 5 0 25 4 25 4 24 3 24 3 23 2 23 1 22 1 22 0 21 -1 21 -1 21 -1 21 -2 20 -2 20 -3 20 -3 19 -2 19 -3 19 -3 18 -3 19 -3 18 -2 18 -1 17 -1 17 -1 17 0 0 0 0 0 0 0 0 0 0 0 0 0 0 0 0 0 0 0 0 0 0 0 24 -1 24 1 24 2 24 3 24 4 25 5 26 5 26 5 26 6 26 7 26 8 26 8 26 9 26 8 25 7 25 7 24 7 25 6 26 6 26 6 26 5 26 5 26 5 27 5 27 5 27 3 ]
2025-04-01 14:24:25,CSI_DATA,STA,D8:B1:90:DB:E8:90,-44,11,1,7,0,0,1,1,0,0,1,-94,0,3,0,1363376006,0,110,0,0,1363.73,256,[110 96 6 0 12 24 12 23 12 22 12 21 12 21 13 20 13 19 13 18 13 17 13 17 13 17 14 17 13 16 14 15 14 15 13 16 13 15 12 14 12 14 11 14 11 14 10 14 10 14 10 13 9 14 0 0 0 0 0 0 0 0 0 0 0 0 0 0 0 0 0 0 0 0 0 0 14 18 13 19 13 19 12 20 12 21 12 22 11 23 11 23 11 24 10 25 10 25 9 25 10 26 9 25 10 25 9 25 10 24 10 25 11 24 11 24 12 24 12 24 12 24 12 24 13 24 13 24 ]
2025-04-01 14:24:25,CSI_DATA,STA,D8:B1:90:DB:E8:90,-44,11,1,7,0,0,1,1,0,0,1,-94,0,3,0,1363875734,0,110,0,0,1364.23,256,[110 96 6 0 1 23 2 23 2 22 3 22 3 21 3 21 4 20 4 20 4 19 5 18 6 19 5 18 5 18 5 17 5 17 6 18 6 17 5 16 5 16 4 16 4 16 4 15 4 15 3 14 3 14 0 0 0 0 0 0 0 0 0 0 0 0 0 0 0 0 0 0 0 0 0 0 5 19 4 20 3 21 2 21 2 22 1 22 1 23 0 23 -1 24 0 24 -1 24 -1 24 -1 24 -1 24 -1 24 -2 23 -1 23 -1 24 0 24 0 24 1 24 1 25 1 24 1 24 1 25 1 24 ]
2025-04-01 14:24:25,CSI_DATA,STA,D8:B1:90:DB:E8:90,-47,11,1,7,0,0,1,1,0,0,1,-94,0,3,0,1364375900,0,110,0,0,1364.73,256,[110 96 6 0 11 -24 10 -24 9 -24 8 -24 7 -23 7 -23 6 -23 5 -22 5 -21 4 -21 3 -22 2 -22 2 -22 2 -20 2 -21 1 -20 2 -20 1 -19 2 -19 1 -19 1 -19 2 -18 1 -18 2 -18 2 -18 0 0 0 0 0 0 0 0 0 0 0 0 0 0 0 0 0 0 0 0 0 0 -17 6 -18 5 -12 -6 -12 -7 -12 -7 -12 -7 -10 -28 -9 -28 -9 -29 -9 -29 -9 -22 -9 -22 -10 -23 -10 -23 -10 -14 -10 -14 -11 -14 -10 -14 -12 -14 -12 -14 -13 -14 -13 -14 -23 27 -23 27 -23 27 -2
2025-04-01 14:24:30,CSI_DATA,STA,D8:B1:90:DB:E8:90,-44,11,1,7,0,0,1,1,0,0,1,-94,0,3,0,1368392863,0,110,0,0,1368.74,256,[110 96 6 0 5 26 6 26 6 25 6 24 6 24 6 23 7 22 7 22 7 22 7 21 8 21 8 21 8 20 8 20 8 19 8 19 7 19 7 18 6 18 6 17 6 17 6 17 5 17 4 16 4 16 0 0 0 0 0 0 0 0 0 0 0 0 0 0 0 0 0 0 0 0 0 0 8 20 7 21 5 22 5 23 5 24 4 24 4 25 4 25 3 26 2 26 2 26 1 26 2 26 1 26 2 26 2 25 2 25 2 25 3 27 4 27 4 26 5 27 5 26 6 27 5 27 5 26 ]
2025-04-01 14:24:30,CSI_DATA,STA,D8:B1:90:DB:E8:90,-50,11,1,7,0,0,1,1,0,0,1,-94,0,3,0,1368893002,0,110,0,0,1369.24,256,[110 96 6 0 -1 -2 -1 -2 -1 -2 -10 5 -10 6 -8 6 -7 7 -22 -15 -23 -13 -24 -10 -25 -9 -10 -18 -12 -17 -13 -14 -14 -13 -20 -21 -21 -19 -22 -16 -22 -14 4 -22 2 -22 1 -21 -1 -21 -1 -13 -2 -13 0 0 0 0 0 0 0 0 0 0 0 0 0 0 0 0 0 0 0 0 0 0 -9 -13 -10 -12 -1 -20 -3 -21 -4 -20 -5 -21 -20 -22 -22 -21 -23 -20 -25 -19 -11 -16 -12 -15 -14 -15 -15 -13 -27 -6 -27 -3 -28 -1 -27 2 -16 -17 -17 -15 -19 -14 -19 -1
2025-04-01 14:24:30,CSI_DATA,STA,D8:B1:90:DB:E8:90,-45,11,1,7,0,0,1,1,0,0,1,-94,0,3,0,1369393975,0,110,0,0,1369.75,256,[110 96 6 0 -24 12 -23 13 -22 12 -22 12 -20 12 -20 12 -19 12 -19 13 -18 13 -18 13 -17 12 -17 13 -17 14 -17 14 -17 13 -16 13 -16 13 -16 12 -16 12 -15 11 -14 10 -13 10 -14 9 -14 9 -15 8 0 0 0 0 0 0 0 0 0 0 0 0 0 0 0 0 0 0 0 0 0 0 -17 15 -18 14 -20 13 -21 12 -21 12 -22 12 -22 12 -23 11 -24 11 -24 10 -26 11 -26 11 -26 10 -26 10 -25 10 -25 10 -25 11 -24 11 -25 11 -24 12 -24 12 -24 12 -24 12 -24 1
2025-04-01 14:24:31,CSI_DATA,STA,D8:B1:90:DB:E8:90,-44,11,1,7,0,0,1,1,0,0,1,-94,0,3,0,1369893024,0,110,0,0,1370.24,256,[110 96 6 0 10 23 10 23 10 21 10 22 10 21 10 21 10 20 9 19 10 18 10 18 10 18 11 17 11 17 11 16 11 15 11 16 10 15 10 15 9 14 9 13 9 14 8 14 8 13 8 13 8 13 0 0 0 0 0 0 0 0 0 0 0 0 0 0 0 0 0 0 0 0 0 0 12 17 11 18 11 19 11 20 10 20 10 21 9 22 9 22 8 23 8 23 8 24 8 24 8 25 8 25 7 23 7 23 8 23 7 23 8 23 9 23 9 23 9 24 10 24 11 24 11 24 11 23 ]
2025-04-01 14:24:31,CSI_DATA,STA,D8:B1:90:DB:E8:90,-45,11,1,6,0,0,1,0,0,0,1,-94,0,3,0,1370393621,0,110,0,0,1370.74,256,[110 96 6 0 -33 32 -34 33 -35 31 -35 29 -33 28 -33 24 -31 21 -29 19 -25 16 -22 13 -18 11 -14 8 -10 7 -6 6 -3 4 0 4 2 3 4 3 5 2 5 1 4 -1 4 -2 5 -4 6 -7 7 -9 0 0 0 0 0 0 0 0 0 0 0 0 0 0 0 0 0 0 0 0 0 0 23 -33 24 -29 24 -25 23 -22 21 -19 18 -17 15 -14 11 -13 6 -12 3 -12 -1 -12 -4 -12 -6 -13 -8 -12 -10 -12 -11 -9 -12 -8 -13 -5 -13 -2 -13 2 -14 6 -15 11 -17 16 -19 19 -22 24 -25 28 ]
2025-04-01 14:24:40,CSI_DATA,STA,D8:B1:90:DB:E8:90,-45,11,1,6,0,0,1,0,0,0,1,-94,0,3,0,1379428745,0,110,0,0,1379.78,256,[110 96 6 0 -23 3 -23 4 -22 4 -22 4 -21 4 -21 5 -20 5 -20 6 -19 6 -19 6 -18 6 -18 6 -18 6 -17 7 -17 7 -16 7 -17 7 -16 7 -16 7 -15 7 -15 6 -14 5 -14 5 -15 5 -15 4 0 0 0 0 0 0 0 0 0 0 0 0 0 0 0 0 0 0 0 0 0 0 -19 7 -20 7 -21 5 -22 5 -22 4 -23 4 -23 4 -23 3 -24 3 -23 2 -24 1 -24 1 -24 0 -24 1 -24 1 -24 1 -25 1 -24 1 -25 1 -24 2 -24 2 -25 2 -24 3 -24 3 -24 3 -24 4 ]
2025-04-01 14:24:41,CSI_DATA,STA,D8:B1:90:DB:E8:90,-45,11,1,7,0,0,1,0,0,0,0,-94,0,3,0,1379928431,0,110,0,0,1380.28,256,[110 96 6 0 2 26 2 25 2 25 3 24 4 24 4 23 4 22 4 22 4 21 5 20 5 20 6 20 6 20 6 19 5 18 6 19 6 18 5 17 5 17 4 16 5 16 4 16 4 15 4 15 3 15 0 0 0 0 0 0 0 0 0 0 0 0 0 0 0 0 0 0 0 0 0 0 6 22 4 22 4 23 3 23 3 24 2 24 1 25 0 25 0 26 -1 26 -1 27 -2 27 -1 27 -2 27 -1 27 -1 27 -1 26 -1 27 0 26 1 26 1 27 1 27 1 27 2 27 1 27 2 26 ]
2025-04-01 14:24:41,CSI_DATA,STA,00:00:00:00:00:00,-45,11,0,0,0,0,0,0,0,0,0,-94,0,3,0,1380018608,0,14,0,0,1380.37,128,[14 -32 0 0 -39 -23 -40 -25 -38 -25 -37 -26 -35 -26 -33 -26 -29 -24 -26 -23 -22 -21 -19 -18 -16 -15 -13 -11 -10 -8 -7 -5 -6 -2 -4 0 -3 2 -3 3 -2 3 -2 2 0 2 1 1 3 0 5 -2 8 -2 0 0 0 0 0 0 0 0 0 0 0 0 0 0 0 0 0 0 0 0 0 0 27 27 23 28 19 28 16 25 14 23 13 20 11 17 11 13 10 9 10 5 10 2 11 -1 10 -3 10 -5 9 -7 8 -7 6 -8 3 -9 -1 -10 -4 -10 -9 -11 -13 -12 -18 -11 -23 -13 -27 -14 -30 -16 ]
2025-04-01 14:24:43,CSI_DATA,STA,D8:B1:90:DB:E8:90,-48,11,1,5,0,0,1,0,0,0,1,-94,0,3,0,1381936146,0,110,0,0,1382.29,256,[110 96 6 0 28 -2 28 -3 27 -4 18 16 18 14 18 13 18 13 13 2 12 1 12 1 11 0 18 -1 17 -2 18 -1 18 -2 -1 -5 -1 -4 -1 -4 -1 -4 -4 15 -5 15 -3 14 -5 13 -4 13 -5 13 0 0 0 0 0 0 0 0 0 0 0 0 0 0 0 0 0 0 0 0 0 0 -4 -12 -3 -12 -3 -24 -3 -25 -2 -25 -2 -26 0 -31 1 -31 1 -32 2 -32 3 -31 3 -31 3 -30 2 -31 3 -28 2 -29 1 -29 1 -29 -8 -23 -9 -23 -10 -23 -9 -23 8 -5 8 -5 8 -5 -23 -15 ]
2025-04-01 14:24:45,CSI_DATA,STA,D8:B1:90:DB:E8:90,-46,11,1,6,0,0,1,0,0,0,1,-94,0,3,0,1384441874,0,110,0,0,1384.79,256,[110 96 6 0 -4 44 -5 45 -7 44 -8 44 -9 42 -10 39 -10 36 -10 32 -9 28 -8 24 -7 19 -5 15 -3 12 -2 8 0 6 1 4 3 2 3 1 3 0 3 -1 1 -2 -1 -3 -3 -5 -3 -6 -5 -9 0 0 0 0 0 0 0 0 0 0 0 0 0 0 0 0 0 0 0 0 0 0 11 -37 14 -35 15 -31 15 -28 13 -25 12 -22 9 -19 6 -16 3 -14 -1 -12 -4 -11 -7 -10 -9 -9 -10 -8 -11 -7 -12 -5 -12 -3 -11 0 -9 3 -7 7 -6 11 -4 15 -3 20 -1 25 -1 30 -3 35 ]
2025-04-01 14:24:47,CSI_DATA,STA,D8:B1:90:DB:E8:90,-46,11,1,6,0,0,1,0,0,0,1,-94,0,3,0,1385442880,0,110,0,0,1385.79,256,[110 96 6 0 -30 25 -32 25 -33 25 -33 23 -33 21 -32 18 -30 16 -27 14 -24 12 -21 10 -17 8 -14 6 -10 5 -6 4 -3 4 -1 4 1 3 2 3 2 2 2 1 1 0 1 -1 1 -3 1 -6 2 -8 0 0 0 0 0 0 0 0 0 0 0 0 0 0 0 0 0 0 0 0 0 0 31 -17 30 -13 29 -10 26 -8 24 -7 21 -6 17 -6 14 -6 10 -7 7 -8 4 -9 1 -10 -1 -11 -2 -12 -4 -12 -6 -10 -7 -9 -7 -7 -8 -5 -9 -2 -11 1 -12 6 -15 10 -17 14 -19 17 -22 21 ]
2025-04-01 14:24:49,CSI_DATA,STA,D8:B1:90:DB:E8:90,-46,11,1,6,0,0,1,0,0,0,1,-94,0,3,0,1387948887,0,110,0,0,1388.3,256,[110 96 6 0 -9 -44 -9 -45 -7 -45 -7 -45 -5 -43 -4 -41 -2 -38 -1 -35 0 -31 -1 -26 0 -22 -1 -17 -1 -13 -1 -9 -2 -6 -3 -3 -4 -1 -4 1 -4 2 -3 2 -1 3 1 4 2 4 3 5 5 7 0 0 0 0 0 0 0 0 0 0 0 0 0 0 0 0 0 0 0 0 0 0 -2 38 -5 36 -7 33 -8 30 -7 27 -6 23 -5 19 -2 16 0 13 3 10 6 8 8 6 10 5 11 3 11 2 11 0 11 -2 9 -5 7 -8 4 -10 2 -14 -1 -18 -3 -21 -6 -25 -8 -30 -8 -34 ]
