2025-05-21 15:03:52,CSI_DATA,STA,D8:B1:90:DB:E8:90,-64,11,1,7,0,0,1,1,0,0,1,-95,0,2,0,4172166705,0,110,0,0,85776.9,256,[110 96 6 0 -6 11 -6 10 -6 9 -27 5 -27 5 -26 5 -26 6 -31 5 -30 6 -29 7 -29 7 -17 4 -17 5 -17 6 -17 6 16 2 15 1 16 0 14 0 15 0 15 0 14 0 14 1 15 1 15 1 0 0 0 0 0 0 0 0 0 0 0 0 0 0 0 0 0 0 0 0 0 0 -3 -7 -2 -7 12 8 12 8 13 9 13 9 23 6 24 6 24 7 24 7 11 -11 11 -11 10 -11 10 -11 12 7 12 7 12 8 13 8 20 11 21 10 22 9 23 9 22 12 23 12 23 12 9 13 ]
2025-05-21 15:03:56,CSI_DATA,STA,D8:B1:90:DB:E8:90,-58,11,1,7,0,0,1,1,0,0,1,-95,0,2,0,4176195700,0,110,0,0,85780.9,256,[110 96 6 0 3 23 4 24 3 23 4 23 5 22 5 22 5 22 5 22 6 21 6 21 7 21 7 22 7 22 7 22 7 22 7 22 7 22 6 21 5 21 5 22 5 22 4 21 4 22 2 21 1 22 0 0 0 0 0 0 0 0 0 0 0 0 0 0 0 0 0 0 0 0 0 0 0 14 -1 14 -1 14 -3 15 -2 15 -3 15 -3 15 -3 16 -3 16 -4 16 -3 17 -3 17 -3 17 -2 17 -1 19 -1 19 -1 19 -1 19 2 19 2 20 2 21 2 21 3 21 3 22 3 22 3 23 ]
2025-05-21 15:03:59,CSI_DATA,STA,D8:B1:90:DB:E8:90,-61,11,1,7,0,0,1,1,0,0,1,-95,0,2,0,4178708985,0,110,0,0,85783.4,256,[110 96 6 0 -26 11 -26 13 -24 14 -29 14 -28 16 -27 17 -25 19 -15 10 -13 11 -13 12 -12 13 -10 -17 -11 -16 -12 -15 -12 -15 9 -22 9 -22 7 -22 7 -22 -17 9 -16 9 -16 9 -16 9 -14 -13 -14 -14 0 0 0 0 0 0 0 0 0 0 0 0 0 0 0 0 0 0 0 0 0 0 10 0 10 0 6 2 6 2 7 1 7 1 3 -2 4 -3 4 -3 4 -3 -12 -15 -13 -15 -14 -15 -15 -15 -8 -6 -9 -5 -9 -5 -9 -4 -20 -1 -20 0 -21 2 -21 3 -27 6 -28 8 -28 9 -22 2 ]
2025-05-21 15:04:10,CSI_DATA,STA,D8:B1:90:DB:E8:90,-58,11,1,7,0,0,1,1,0,0,1,-95,0,2,0,4190235669,0,110,0,0,85795,256,[110 96 6 0 -16 -16 -17 -16 -16 -15 -16 -16 -16 -16 -16 -15 -16 -15 -16 -15 -16 -14 -17 -14 -17 -14 -17 -14 -17 -14 -17 -14 -17 -14 -17 -13 -17 -14 -17 -14 -16 -14 -16 -14 -16 -15 -15 -15 -15 -15 -15 -16 -13 -18 0 0 0 0 0 0 0 0 0 0 0 0 0 0 0 0 0 0 0 0 0 0 -10 -10 -9 -11 -8 -11 -8 -11 -8 -11 -8 -11 -9 -11 -9 -12 -9 -12 -9 -12 -9 -13 -9 -13 -10 -13 -9 -14 -10 -14 -10 -14 -11 -14 -11 -15 -13 -14
2025-05-21 15:04:13,CSI_DATA,STA,D8:B1:90:DB:E8:90,-58,11,1,7,0,0,1,1,0,0,1,-95,0,2,0,4192742759,0,110,0,0,85797.5,256,[110 96 6 0 24 -6 23 -6 23 -6 23 -7 22 -6 22 -6 22 -7 21 -8 21 -8 21 -8 20 -9 21 -9 21 -9 22 -9 21 -9 21 -9 21 -8 21 -8 21 -8 21 -7 21 -7 20 -6 21 -5 23 -4 23 -3 0 0 0 0 0 0 0 0 0 0 0 0 0 0 0 0 0 0 0 0 0 0 15 -4 15 -3 15 -2 15 -1 15 -1 15 -1 15 -1 15 -1 16 -1 16 0 17 -3 17 -2 17 -2 18 -3 17 -3 18 -3 18 -3 19 -4 19 -4 20 -4 20 -5 21 -5 21 -6 21 -5 22 -5 23 -6 ]
2025-05-21 15:04:18,CSI_DATA,STA,D8:B1:90:DB:E8:90,-54,11,1,7,0,0,1,1,0,0,1,-95,0,2,0,4197754962,0,110,0,0,85802.5,256,[110 96 6 0 22 -9 22 -8 22 -9 21 -10 21 -9 20 -10 20 -10 20 -10 19 -11 19 -11 18 -12 19 -12 19 -12 19 -13 19 -12 18 -12 19 -12 19 -12 18 -11 18 -12 18 -11 18 -10 18 -10 18 -9 19 -8 0 0 0 0 0 0 0 0 0 0 0 0 0 0 0 0 0 0 0 0 0 0 12 -8 13 -7 13 -7 14 -7 14 -6 15 -6 16 -6 17 -6 17 -5 17 -5 19 -5 20 -5 19 -5 20 -5 20 -4 19 -4 20 -5 20 -5 20 -5 20 -6 20 -6 20 -6 21 -7 21 -7 22 -8 23 -8 ]
2025-05-21 15:04:24,CSI_DATA,STA,D8:B1:90:DB:E8:90,-55,11,1,7,0,0,1,1,0,0,1,-94,0,2,0,4203776883,0,110,0,0,85808.5,256,[110 96 6 0 23 12 23 12 23 12 24 12 24 11 23 11 24 10 23 10 22 9 22 8 23 8 23 7 23 7 23 7 23 7 24 7 23 7 23 7 22 8 22 7 21 7 20 8 20 8 20 9 19 10 0 0 0 0 0 0 0 0 0 0 0 0 0 0 0 0 0 0 0 0 0 0 16 7 16 8 14 9 14 10 14 11 14 11 15 8 16 9 16 10 16 10 17 13 17 13 18 14 17 14 17 13 17 13 18 14 18 13 19 12 20 12 21 13 21 13 22 12 22 12 22 12 23 12 ]
2025-05-21 15:04:25,CSI_DATA,STA,D8:B1:90:DB:E8:90,-54,11,1,7,0,0,1,1,0,0,1,-94,0,2,0,4204781717,0,110,0,0,85809.5,256,[110 96 6 0 -13 -25 -13 -25 -13 -24 -13 -25 -14 -24 -14 -24 -14 -23 -15 -22 -15 -22 -15 -22 -16 -21 -17 -21 -17 -21 -17 -20 -17 -20 -17 -20 -17 -20 -16 -19 -16 -19 -16 -19 -15 -19 -15 -18 -14 -18 -13 -20 -12 -20 0 0 0 0 0 0 0 0 0 0 0 0 0 0 0 0 0 0 0 0 0 0 -10 -14 -9 -15 -9 -16 -9 -17 -8 -17 -8 -19 -8 -18 -7 -20 -8 -20 -7 -21 -6 -21 -6 -22 -6 -23 -6 -23 -6 -22 -7 -22 -7 -23 -7 -22 -8 -24 -9 -
2025-05-21 15:04:25,CSI_DATA,STA,D8:B1:90:DB:E8:90,-54,11,1,7,0,0,1,1,0,0,1,-94,0,2,0,4205277623,0,110,0,0,85810,256,[110 96 6 0 12 -25 12 -26 11 -26 10 -26 10 -26 9 -26 8 -26 8 -26 7 -26 6 -27 6 -26 6 -26 6 -27 6 -26 6 -27 5 -25 6 -25 6 -25 6 -24 6 -25 7 -24 7 -23 7 -23 7 -23 8 -23 0 0 0 0 0 0 0 0 0 0 0 0 0 0 0 0 0 0 0 0 0 0 1 -19 3 -19 5 -19 6 -19 6 -19 8 -20 8 -20 9 -21 9 -21 10 -21 11 -22 11 -21 12 -22 12 -22 11 -23 11 -22 11 -23 11 -23 13 -24 12 -23 12 -24 13 -25 11 -24 11 -25 12 -25 13 -27 ]
2025-05-21 15:04:29,CSI_DATA,STA,D8:B1:90:DB:E8:90,-55,11,1,7,0,0,1,1,0,0,1,-94,0,2,0,4209303991,0,110,0,0,85814,256,[110 96 6 0 -27 0 -27 0 -26 1 -26 0 -26 1 -26 1 -25 1 -25 3 -25 4 -25 4 -25 4 -24 4 -25 5 -24 4 -25 4 -24 5 -24 5 -24 5 -23 5 -23 4 -23 3 -22 3 -22 3 -22 3 -22 2 0 0 0 0 0 0 0 0 0 0 0 0 0 0 0 0 0 0 0 0 0 0 -16 5 -17 4 -17 3 -18 2 -18 2 -19 1 -20 2 -20 2 -21 1 -22 1 -22 0 -22 -1 -22 -1 -22 -2 -23 -1 -24 -2 -24 -1 -24 -1 -24 -1 -24 -1 -25 -1 -25 0 -26 0 -27 0 -26 1 -26 1 ]
2025-05-21 15:04:32,CSI_DATA,STA,D8:B1:90:DB:E8:90,-55,11,1,7,0,0,1,1,0,0,1,-94,0,2,0,4211799329,0,110,0,0,85816.5,256,[110 96 6 0 -24 14 -23 13 -23 14 -22 14 -22 14 -22 15 -20 15 -21 16 -21 16 -20 16 -19 16 -19 17 -18 17 -18 17 -18 17 -18 17 -18 17 -18 16 -17 16 -18 15 -18 15 -18 14 -18 14 -18 13 -18 11 0 0 0 0 0 0 0 0 0 0 0 0 0 0 0 0 0 0 0 0 0 0 -12 12 -14 12 -14 12 -15 12 -15 12 -16 12 -17 11 -18 11 -18 11 -19 11 -21 10 -21 10 -21 10 -21 9 -21 10 -21 10 -22 10 -22 10 -22 11 -22 12 -22 12 -23 13 -23 13 -23
2025-05-21 15:04:39,CSI_DATA,STA,D8:B1:90:DB:E8:90,-59,11,1,7,0,0,1,1,0,0,1,-95,0,2,0,4218820279,0,110,0,0,85823.6,256,[110 96 6 0 19 11 19 11 19 10 20 9 19 9 19 9 19 8 18 7 18 7 18 6 18 5 18 5 18 5 19 4 19 4 19 5 18 4 18 5 18 5 18 5 18 5 17 5 17 6 18 7 18 8 0 0 0 0 0 0 0 0 0 0 0 0 0 0 0 0 0 0 0 0 0 0 19 6 18 7 18 9 17 9 18 11 17 11 18 12 17 13 18 14 17 14 18 14 17 14 17 14 17 14 18 14 18 13 18 13 18 13 18 12 18 12 18 12 19 12 19 11 19 11 19 11 20 11 ]
2025-05-21 15:04:42,CSI_DATA,STA,D8:B1:90:DB:E8:90,-56,11,1,6,0,0,1,0,0,0,1,-95,0,2,0,4221826116,0,110,0,0,85826.6,256,[110 96 6 0 21 -14 19 -13 15 -11 13 -7 11 -2 9 2 10 7 11 13 13 16 16 19 21 21 23 22 27 22 27 20 29 18 27 15 26 13 22 11 18 9 13 9 8 9 3 10 0 12 -4 14 -8 17 0 0 0 0 0 0 0 0 0 0 0 0 0 0 0 0 0 0 0 0 0 0 -21 -9 -20 -10 -19 -11 -18 -12 -17 -13 -17 -15 -17 -17 -17 -19 -16 -20 -17 -21 -17 -21 -17 -21 -16 -19 -15 -17 -14 -14 -12 -11 -9 -7 -5 -4 0 -2 5 0 10 -1 15 -1 19 -4 23 -6 25 -8 27 -11 ]
2025-05-21 15:04:50,CSI_DATA,STA,D8:B1:90:DB:E8:90,-56,11,1,6,0,0,1,0,0,0,1,-95,0,2,0,4229359487,0,110,0,0,85834.1,256,[110 96 6 0 22 -2 21 -2 21 -2 21 -2 21 -3 20 -3 20 -3 20 -4 19 -5 18 -5 18 -5 18 -5 18 -6 18 -6 17 -6 18 -6 17 -6 17 -5 16 -5 15 -6 15 -6 15 -5 15 -5 15 -4 15 -3 0 0 0 0 0 0 0 0 0 0 0 0 0 0 0 0 0 0 0 0 0 0 19 -5 19 -3 20 -3 20 -2 21 -1 21 -1 21 0 22 0 22 1 22 1 22 2 22 2 22 2 22 2 22 2 22 2 21 2 22 1 22 1 22 0 22 0 23 0 24 -1 23 -1 23 -1 23 -1 ]
2025-05-21 15:05:08,CSI_DATA,STA,D8:B1:90:DB:E8:90,-56,11,1,7,0,0,1,0,0,0,0,-95,0,2,0,4247931928,0,110,0,0,85852.7,256,[110 96 6 0 22 -7 21 -7 20 -7 20 -7 20 -8 19 -8 18 -8 18 -8 17 -8 17 -9 16 -9 16 -9 16 -9 16 -9 16 -9 15 -9 15 -9 15 -9 15 -8 14 -8 14 -8 14 -7 14 -7 14 -8 14 -7 0 0 0 0 0 0 0 0 0 0 0 0 0 0 0 0 0 0 0 0 0 0 17 -10 17 -9 18 -8 18 -8 18 -7 19 -7 20 -6 20 -6 21 -6 21 -5 22 -5 22 -4 22 -4 21 -4 22 -4 21 -5 21 -5 21 -5 22 -6 22 -5 22 -6 22 -7 22 -7 22 -7 22 -7 23 -7 ]
2025-05-21 15:05:09,CSI_DATA,STA,D8:B1:90:DB:E8:90,-59,11,1,7,0,0,1,1,0,0,1,-95,0,2,0,4248435182,0,110,0,0,85853.2,256,[110 96 6 0 23 -4 22 -3 22 -3 22 -3 21 -3 21 -4 21 -4 20 -4 20 -4 20 -5 20 -5 20 -5 20 -5 20 -5 20 -4 20 -4 20 -4 20 -4 20 -3 20 -3 19 -2 20 -1 19 0 19 1 19 2 0 0 0 0 0 0 0 0 0 0 0 0 0 0 0 0 0 0 0 0 0 0 -3 13 -5 14 -14 21 -16 20 -18 21 -19 20 -10 16 -11 16 -12 16 -13 16 7 3 7 4 7 5 7 5 18 -5 18 -5 19 -5 19 -5 19 -5 20 -5 21 -5 21 -5 22 -5 22 -5 22 -5 23 -5 ]
2025-05-21 15:05:15,CSI_DATA,STA,D8:B1:90:DB:E8:90,-56,11,1,5,0,0,1,0,0,0,1,-95,0,2,0,4254460586,0,110,0,0,85859.2,256,[110 96 6 0 -17 -17 -17 -17 -16 -16 -16 -16 -17 -15 -16 -14 -16 -14 -16 -13 -16 -12 -16 -12 -17 -12 -17 -11 -17 -11 -16 -10 -16 -11 -15 -10 -15 -10 -15 -10 -14 -10 -15 -9 -15 -9 -14 -9 -14 -9 -14 -9 -14 -10 0 0 0 0 0 0 0 0 0 0 0 0 0 0 0 0 0 0 0 0 0 0 -17 -12 -16 -13 -16 -14 -15 -15 -15 -15 -15 -16 -15 -16 -15 -17 -15 -18 -15 -18 -14 -19 -14 -19 -14 -20 -14 -19 -14 -19 -14 -19 -15 -19 -14 -18
2025-05-21 15:05:17,CSI_DATA,STA,D8:B1:90:DB:E8:90,-54,11,1,6,0,0,1,0,0,0,1,-95,0,2,0,4256969700,0,110,0,0,85861.7,256,[110 96 6 0 9 18 8 18 7 17 5 16 4 16 1 16 0 17 -3 18 -4 19 -5 20 -6 22 -5 24 -6 25 -4 25 -4 25 -3 23 -2 22 -3 19 -2 16 -3 13 -4 10 -6 7 -8 3 -11 0 -14 -2 0 0 0 0 0 0 0 0 0 0 0 0 0 0 0 0 0 0 0 0 0 0 18 -12 21 -13 23 -14 25 -16 27 -18 29 -20 29 -21 30 -23 29 -24 29 -25 27 -25 25 -24 22 -23 19 -21 15 -20 12 -16 10 -13 7 -9 5 -6 5 -2 4 2 5 7 5 10 6 13 7 15 8 18 ]
2025-05-21 15:05:25,CSI_DATA,STA,D8:B1:90:DB:E8:90,-54,11,1,6,0,0,1,0,0,0,1,-95,0,2,0,4264981431,0,110,0,0,85869.7,256,[110 96 6 0 -17 12 -17 12 -16 11 -16 11 -17 10 -18 8 -18 7 -20 7 -21 6 -22 6 -24 7 -25 7 -25 8 -25 9 -24 9 -23 9 -21 9 -19 8 -16 6 -14 4 -12 2 -10 -1 -9 -4 -7 -7 -7 -10 0 0 0 0 0 0 0 0 0 0 0 0 0 0 0 0 0 0 0 0 0 0 19 13 21 14 24 16 25 16 28 17 29 16 30 16 31 16 31 16 31 15 30 14 28 13 27 11 24 9 22 7 18 6 14 5 11 4 8 3 4 4 0 4 -3 5 -7 7 -10 7 -12 10 -14 11 ]
2025-05-21 15:05:26,CSI_DATA,STA,D8:B1:90:DB:E8:90,-54,11,1,6,0,0,1,0,0,0,1,-95,0,2,0,4265448872,0,100,0,0,85870.2,256,[100 -64 5 0 21 -4 21 -4 21 -4 20 -3 20 -2 20 0 21 1 21 2 22 3 23 3 25 3 26 3 26 3 26 2 26 1 25 0 23 0 21 -1 18 0 15 1 12 2 9 4 7 7 5 9 3 12 0 0 0 0 0 0 0 0 0 0 0 0 0 0 0 0 0 0 0 0 0 0 -3 -25 -3 -27 -4 -29 -5 -31 -7 -33 -8 -34 -9 -35 -10 -35 -11 -35 -12 -35 -12 -33 -12 -31 -12 -28 -12 -25 -11 -22 -9 -19 -8 -15 -5 -13 -3 -10 -1 -8 3 -6 7 -5 10 -4 13 -3 15 -3 18 -4 ]
2025-05-21 15:05:34,CSI_DATA,STA,D8:B1:90:DB:E8:90,-54,11,1,7,0,0,1,0,0,0,1,-95,0,2,0,4273505046,0,110,0,0,85878.2,256,[110 96 6 0 5 -21 4 -21 5 -20 4 -20 5 -19 6 -19 7 -18 8 -18 9 -18 10 -19 11 -20 11 -21 11 -21 11 -22 10 -22 9 -21 8 -20 7 -19 7 -16 6 -13 7 -11 7 -9 8 -5 10 -3 12 -1 0 0 0 0 0 0 0 0 0 0 0 0 0 0 0 0 0 0 0 0 0 0 -21 -10 -23 -11 -24 -12 -26 -12 -28 -11 -29 -10 -30 -10 -32 -9 -32 -9 -32 -8 -31 -7 -30 -6 -28 -5 -25 -4 -23 -3 -20 -3 -17 -2 -13 -3 -10 -3 -7 -4 -4 -6 -2 -8 1 -10 2 -12 3 -14 4 -17 ]
2025-05-21 15:05:34,CSI_DATA,STA,D8:B1:90:DB:E8:90,-54,11,1,6,0,0,1,0,0,0,1,-95,0,2,0,4274005243,0,110,0,0,85878.7,256,[110 96 6 0 5 22 5 21 5 21 4 20 4 20 3 20 2 21 0 21 0 22 -1 23 -1 24 -2 25 -1 26 0 26 1 25 1 25 2 23 1 21 1 18 0 16 -2 13 -4 11 -7 9 -10 7 -12 6 0 0 0 0 0 0 0 0 0 0 0 0 0 0 0 0 0 0 0 0 0 0 24 -2 27 -2 29 -3 30 -4 32 -5 33 -7 34 -8 34 -9 35 -10 34 -11 32 -10 31 -10 28 -11 25 -10 22 -10 19 -9 16 -7 13 -6 10 -3 8 -1 6 2 5 6 4 9 3 12 3 15 4 18 ]
2025-05-21 15:05:38,CSI_DATA,STA,D8:B1:90:DB:E8:90,-57,11,1,6,0,0,1,0,0,0,1,-95,0,2,0,4278036902,0,110,0,0,85882.8,256,[110 96 6 0 -23 6 -22 6 -21 6 -21 6 -20 7 -19 7 -19 7 -19 8 -18 7 -18 8 -17 8 -17 8 -17 8 -16 9 -16 8 -16 9 -15 8 -15 8 -15 8 -15 8 -15 7 -14 7 -14 7 -14 6 -14 6 0 0 0 0 0 0 0 0 0 0 0 0 0 0 0 0 0 0 0 0 0 0 -19 7 -20 6 -21 5 -21 5 -21 4 -22 4 -23 4 -23 4 -24 3 -24 3 -24 2 -24 2 -24 1 -24 2 -24 1 -24 1 -24 2 -24 2 -23 3 -23 4 -23 4 -23 4 -24 5 -24 5 -24 5 -23 6 ]
2025-05-21 15:05:40,CSI_DATA,STA,D8:B1:90:DB:E8:90,-57,11,1,7,0,0,1,0,0,0,1,-94,0,2,0,4280043519,0,110,0,0,85884.8,256,[110 96 6 0 -11 21 -11 21 -10 21 -9 20 -9 20 -9 19 -8 20 -8 19 -7 18 -6 18 -6 18 -4 19 -4 19 -4 19 -5 18 -4 18 -4 17 -4 17 -4 16 -3 17 -3 17 -3 16 -4 16 -4 16 -5 16 0 0 0 0 0 0 0 0 0 0 0 0 0 0 0 0 0 0 0 0 0 0 -5 20 -6 20 -7 20 -8 19 -9 20 -10 20 -11 20 -11 20 -12 20 -12 20 -13 20 -14 20 -14 19 -13 20 -14 20 -14 20 -14 20 -13 20 -13 20 -13 20 -13 20 -12 20 -12 21 -12 21 -12 22 -12 22 ]
2025-05-21 15:05:44,CSI_DATA,STA,D8:B1:90:DB:E8:90,-59,11,1,7,0,0,1,0,0,0,1,-94,0,2,0,4283596176,0,110,0,0,85888.3,256,[110 96 6 0 -17 14 -17 15 -16 15 -16 15 -16 16 -15 15 -14 15 -15 16 -14 16 -14 17 -13 17 -13 18 -14 19 -13 18 -13 19 -13 18 -13 19 -13 18 -13 18 -13 18 -13 18 -13 17 -14 18 -14 18 -16 17 0 0 0 0 0 0 0 0 0 0 0 0 0 0 0 0 0 0 0 0 0 0 -11 15 -12 14 -12 13 -13 13 -13 12 -14 13 -15 12 -15 11 -15 12 -15 11 -16 11 -16 11 -16 11 -16 11 -16 10 -17 11 -17 11 -17 11 -17 11 -16 11 -16 11 -16 12 -17 13 -1
2025-05-21 15:05:49,CSI_DATA,STA,D8:B1:90:DB:E8:90,-60,11,1,7,0,0,1,0,0,0,1,-94,0,2,0,4289100730,0,110,0,0,85893.8,256,[110 96 6 0 11 18 11 17 12 17 12 17 12 16 13 16 13 15 13 15 13 15 14 14 14 13 15 13 15 13 15 13 16 13 15 13 15 13 15 13 15 13 15 13 15 13 15 13 15 14 15 14 14 14 0 0 0 0 0 0 0 0 0 0 0 0 0 0 0 0 0 0 0 0 0 0 14 11 13 11 12 13 11 14 11 14 11 14 11 15 10 16 10 16 10 16 10 18 10 18 10 18 9 18 9 18 9 18 9 17 9 18 9 18 9 18 10 18 10 19 11 19 11 19 11 19 11 19 ]
2025-05-21 15:05:52,CSI_DATA,STA,D8:B1:90:DB:E8:90,-57,11,1,7,0,0,1,0,0,0,1,-94,0,2,0,4292110125,0,110,0,0,85896.8,256,[110 96 6 0 -16 -17 -16 -16 -16 -16 -16 -15 -17 -15 -17 -14 -17 -14 -17 -12 -18 -12 -18 -12 -18 -12 -20 -12 -20 -11 -20 -11 -20 -11 -21 -11 -21 -11 -21 -10 -21 -11 -21 -11 -21 -11 -21 -12 -21 -13 -21 -14 -20 -15 0 0 0 0 0 0 0 0 0 0 0 0 0 0 0 0 0 0 0 0 0 0 -15 -11 -15 -12 -14 -13 -13 -13 -13 -14 -13 -14 -13 -15 -13 -16 -13 -16 -13 -17 -12 -17 -12 -18 -12 -18 -12 -18 -13 -18 -13 -18 -13 -17 -1
2025-05-21 15:05:53,CSI_DATA,STA,D8:B1:90:DB:E8:90,-57,11,1,7,0,0,1,1,0,0,1,-94,0,2,0,4293111526,0,110,0,0,85897.8,256,[110 96 6 0 -3 -21 -3 -21 -3 -20 -4 -20 -4 -20 -4 -19 -4 -19 -5 -20 -6 -19 -6 -19 -7 -19 -8 -19 -8 -19 -8 -19 -8 -19 -8 -19 -8 -19 -8 -19 -7 -19 -9 -20 -8 -20 -8 -20 -7 -20 -7 -20 -6 -21 0 0 0 0 0 0 0 0 0 0 0 0 0 0 0 0 0 0 0 0 0 0 -7 -16 -6 -16 -5 -17 -5 -18 -4 -18 -4 -18 -3 -19 -3 -20 -2 -20 -2 -21 -1 -20 -1 -20 0 -20 0 -20 0 -20 0 -20 0 -20 0 -20 -1 -20 -1 -20 -1 -21 -1 -21 -2 -21 -2 -21 -
2025-05-21 15:05:54,CSI_DATA,STA,D8:B1:90:DB:E8:90,-57,11,1,7,0,0,1,1,0,0,1,-94,0,2,0,4293623964,0,110,0,0,85898.4,256,[110 96 6 0 20 -1 20 -1 20 -1 20 -2 19 -2 19 -3 19 -3 19 -4 19 -4 18 -5 18 -5 19 -5 18 -6 19 -6 19 -7 19 -7 19 -7 18 -7 18 -7 18 -7 18 -6 18 -6 19 -6 20 -5 21 -4 0 0 0 0 0 0 0 0 0 0 0 0 0 0 0 0 0 0 0 0 0 0 17 -4 17 -3 17 -2 17 -2 17 -1 18 -1 18 0 18 1 19 1 19 2 19 2 19 3 19 3 19 3 19 3 19 2 19 2 19 2 19 1 19 1 19 1 20 1 20 1 20 0 20 0 21 0 ]
2025-05-21 15:05:56,CSI_DATA,STA,D8:B1:90:DB:E8:90,-57,11,1,7,0,0,1,1,0,0,1,-95,0,2,0,683480,0,110,0,0,85900.4,256,[110 96 6 0 -19 14 -18 13 -18 14 -16 13 -16 13 -15 13 -15 14 -14 15 -13 15 -13 15 -12 16 -12 16 -12 16 -12 17 -11 17 -12 18 -12 18 -12 17 -12 17 -12 17 -12 17 -12 17 -13 16 -14 16 -15 15 0 0 0 0 0 0 0 0 0 0 0 0 0 0 0 0 0 0 0 0 0 0 -12 15 -13 14 -14 12 -14 12 -15 12 -15 11 -16 12 -17 12 -18 12 -18 11 -19 11 -19 11 -19 10 -19 10 -19 10 -19 11 -19 10 -19 11 -19 11 -19 11 -19 11 -19 11 -19 11 -19 12
2025-05-21 15:05:59,CSI_DATA,STA,D8:B1:90:DB:E8:90,-57,11,1,7,0,0,1,1,0,0,1,-95,0,2,0,3690823,0,110,0,0,85903.4,256,[110 96 6 0 19 12 19 13 19 12 20 11 20 10 20 10 21 9 20 9 20 8 21 7 21 7 21 7 21 6 21 6 22 6 22 6 23 6 22 6 22 6 23 6 22 6 22 7 22 7 22 8 21 9 0 0 0 0 0 0 0 0 0 0 0 0 0 0 0 0 0 0 0 0 0 0 16 4 16 5 15 6 15 7 15 8 16 8 16 9 16 10 16 10 16 12 16 12 16 13 16 13 16 14 15 13 16 13 16 13 16 13 17 13 17 13 18 13 18 13 19 12 19 13 19 13 20 13 ]
2025-05-21 15:06:00,CSI_DATA,STA,D8:B1:90:DB:E8:90,-58,11,1,7,0,0,1,1,0,0,1,-95,0,2,0,4697121,0,110,0,0,85904.4,256,[110 96 6 0 -6 -23 -6 -22 -7 -22 -7 -21 -7 -21 -8 -21 -8 -20 -10 -19 -10 -19 -11 -19 -11 -18 -12 -18 -12 -18 -13 -18 -13 -18 -15 -18 -15 -18 -15 -18 -14 -18 -14 -17 -14 -18 -14 -18 -13 -18 -13 -18 -12 -20 0 0 0 0 0 0 0 0 0 0 0 0 0 0 0 0 0 0 0 0 0 0 -11 -14 -10 -15 -8 -18 -8 -18 -7 -19 -7 -19 -4 -19 -4 -19 -4 -19 -4 -19 -3 -22 -3 -22 -3 -22 -3 -21 -2 -21 -2 -22 -3 -21 -3 -22 -3 -22 -3 -22 -4 -22
2025-05-21 15:06:04,CSI_DATA,STA,D8:B1:90:DB:E8:90,-56,11,1,7,0,0,1,1,0,0,1,-95,0,2,0,8718404,0,110,0,0,85908.4,256,[110 96 6 0 18 10 18 10 18 9 18 9 18 9 18 8 18 7 18 6 18 5 18 5 19 4 19 3 19 3 20 2 20 3 20 3 20 3 20 3 20 3 19 2 19 2 19 3 19 3 20 4 19 6 0 0 0 0 0 0 0 0 0 0 0 0 0 0 0 0 0 0 0 0 0 0 14 2 14 3 13 5 13 6 14 6 14 6 14 7 14 8 14 8 14 9 15 10 16 11 15 11 15 11 15 11 15 11 15 11 16 11 16 10 16 11 16 10 16 10 17 10 18 10 17 10 17 10 ]
2025-05-21 15:06:04,CSI_DATA,STA,D8:B1:90:DB:E8:90,-59,11,1,7,0,0,1,1,0,0,1,-95,0,2,0,9220841,0,110,0,0,85908.9,256,[110 96 6 0 8 21 8 22 8 21 9 21 9 21 9 21 9 21 8 20 8 20 8 20 8 20 9 17 9 17 9 17 9 17 6 17 6 17 5 17 5 17 5 16 4 16 4 16 3 16 -1 13 -2 13 0 0 0 0 0 0 0 0 0 0 0 0 0 0 0 0 0 0 0 0 0 0 -1 9 -2 10 3 16 3 16 3 16 2 17 2 11 2 11 1 11 0 12 2 18 1 19 1 19 2 19 2 17 2 17 2 17 3 17 7 19 7 19 7 19 8 20 6 20 6 21 6 21 6 21 ]
2025-05-21 15:06:06,CSI_DATA,STA,D8:B1:90:DB:E8:90,-57,11,1,7,0,0,1,1,0,0,1,-95,0,2,0,11242317,0,110,0,0,85910.9,256,[110 96 6 0 -4 20 -4 20 -3 19 -2 20 -1 20 -1 19 0 19 0 20 1 19 1 19 2 19 2 19 3 19 3 19 3 19 5 19 4 20 4 20 4 19 5 20 5 20 5 20 4 20 3 20 2 20 0 0 0 0 0 0 0 0 0 0 0 0 0 0 0 0 0 0 0 0 0 0 2 17 1 17 -1 17 -2 17 -2 17 -3 18 -3 18 -4 18 -4 19 -5 19 -6 19 -6 18 -6 18 -6 18 -7 19 -7 18 -7 19 -6 18 -6 18 -6 18 -5 19 -5 19 -5 19 -5 20 -5 20 -5 21 ]
2025-05-21 15:06:07,CSI_DATA,STA,D8:B1:90:DB:E8:90,-57,11,1,7,0,0,1,1,0,0,1,-95,0,2,0,12237358,0,110,0,0,85911.9,256,[110 96 6 0 -6 20 -5 19 -5 19 -4 18 -4 19 -3 19 -3 18 -2 19 -2 19 -1 19 -1 19 0 19 0 19 0 20 1 19 1 20 1 20 1 20 1 20 1 20 1 20 0 20 -1 20 -1 20 -2 20 0 0 0 0 0 0 0 0 0 0 0 0 0 0 0 0 0 0 0 0 0 0 0 16 -1 15 -2 15 -2 15 -3 16 -3 16 -4 15 -5 16 -5 16 -6 16 -7 17 -8 17 -8 17 -8 17 -8 16 -8 17 -8 17 -8 17 -7 18 -6 18 -6 19 -6 19 -6 19 -6 19 -6 20 -6 19 ]
2025-05-21 15:06:09,CSI_DATA,STA,D8:B1:90:DB:E8:90,-54,11,1,7,0,0,1,1,0,0,1,-95,0,2,0,14245295,0,110,0,0,85913.9,256,[110 96 6 0 9 23 9 23 10 22 10 22 10 22 11 22 11 21 11 20 11 20 12 19 12 20 13 20 14 19 13 20 14 20 14 20 14 20 14 20 14 20 13 21 13 20 12 21 12 21 12 21 11 22 0 0 0 0 0 0 0 0 0 0 0 0 0 0 0 0 0 0 0 0 0 0 12 15 11 16 9 17 8 18 8 19 7 19 7 20 7 21 6 21 6 22 5 21 5 22 4 22 4 22 4 22 4 22 4 22 5 22 5 23 6 23 6 23 6 24 7 22 7 23 7 23 8 23 ]
2025-05-21 15:06:11,CSI_DATA,STA,D8:B1:90:DB:E8:90,-64,11,1,7,0,0,1,1,0,0,1,-95,0,2,0,16262000,0,110,0,0,85916,256,[110 96 6 0 21 -7 21 -7 22 -7 21 -7 20 -7 20 -8 19 -8 18 -8 19 -9 17 -9 17 -9 17 -10 17 -10 17 -10 17 -11 17 -10 17 -11 17 -11 17 -11 17 -11 17 -11 17 -10 18 -9 18 -9 19 -8 0 0 0 0 0 0 0 0 0 0 0 0 0 0 0 0 0 0 0 0 0 0 9 -6 10 -5 9 -5 10 -5 11 -5 11 -6 12 -5 13 -6 14 -6 14 -6 15 -6 16 -6 16 -6 17 -6 17 -7 17 -7 18 -6 17 -7 19 -7 19 -7 20 -7 20 -8 21 -8 21 -8 21 -7 22 -7 ]
2025-05-21 15:06:12,CSI_DATA,STA,D8:B1:90:DB:E8:90,-58,11,1,7,0,0,1,1,0,0,1,-95,0,2,0,17264316,0,110,0,0,85917,256,[110 96 6 0 -4 22 -4 21 -4 21 -3 20 -3 20 -2 19 -2 19 -1 19 0 19 0 19 1 19 2 20 2 20 2 20 2 20 3 19 3 19 2 19 2 19 2 19 2 19 2 19 1 19 1 20 -1 20 0 0 0 0 0 0 0 0 0 0 0 0 0 0 0 0 0 0 0 0 0 0 0 21 -1 21 -3 21 -4 21 -4 21 -5 22 -6 22 -6 22 -7 22 -7 22 -8 22 -9 22 -8 22 -8 22 -8 21 -9 21 -8 21 -8 20 -8 21 -7 21 -7 21 -6 21 -6 21 -6 21 -6 22 -6 22 ]
2025-05-21 15:06:15,CSI_DATA,STA,D8:B1:90:DB:E8:90,-57,11,1,7,0,0,1,1,0,0,1,-95,0,2,0,19770484,0,110,0,0,85919.5,256,[110 96 6 0 -18 12 -17 12 -17 11 -16 12 -16 12 -15 12 -14 12 -14 13 -14 13 -13 13 -13 14 -13 14 -12 15 -13 15 -12 15 -12 15 -12 15 -12 15 -12 14 -12 15 -12 14 -13 14 -13 14 -14 14 -15 13 0 0 0 0 0 0 0 0 0 0 0 0 0 0 0 0 0 0 0 0 0 0 -14 14 -15 12 -16 11 -16 10 -17 11 -17 10 -18 11 -19 10 -20 10 -20 9 -20 9 -20 8 -20 8 -20 8 -19 8 -20 8 -19 8 -19 8 -18 9 -18 10 -18 10 -18 10 -19 11 -18 11 -18 11
2025-05-21 15:06:18,CSI_DATA,STA,D8:B1:90:DB:E8:90,-58,11,1,7,0,0,1,1,0,0,1,-95,0,2,0,22779884,0,110,0,0,85922.5,256,[110 96 6 0 16 13 17 13 16 12 16 12 16 11 16 11 16 10 16 9 16 9 16 8 17 8 17 8 17 7 18 7 18 8 18 8 19 8 19 7 19 8 19 7 19 8 18 8 18 9 18 9 17 10 0 0 0 0 0 0 0 0 0 0 0 0 0 0 0 0 0 0 0 0 0 0 18 11 18 12 17 13 16 14 16 15 16 15 16 15 16 16 16 16 16 17 15 17 15 17 15 17 14 17 14 17 14 17 14 16 14 16 15 15 15 15 15 15 15 15 15 15 16 15 16 15 16 14 ]
2025-05-21 15:06:19,CSI_DATA,STA,D8:B1:90:DB:E8:90,-60,11,1,7,0,0,1,1,0,0,1,-94,0,2,0,24289635,0,110,0,0,85924,256,[110 96 6 0 4 18 4 18 3 17 4 17 4 17 5 16 5 15 5 16 6 15 6 15 7 15 7 15 7 15 8 15 7 15 8 16 8 16 7 16 8 16 8 16 7 16 7 16 6 17 6 17 5 18 0 0 0 0 0 0 0 0 0 0 0 0 0 0 0 0 0 0 0 0 0 0 6 19 5 20 4 20 3 20 3 20 2 21 2 21 1 21 0 22 0 22 0 21 0 21 0 20 -1 20 0 19 0 19 0 19 0 19 1 19 2 19 3 19 2 19 3 18 4 19 3 19 4 18 ]
2025-05-21 15:06:21,CSI_DATA,STA,D8:B1:90:DB:E8:90,-59,11,1,1,0,0,1,0,0,0,0,-94,0,2,0,25795330,0,110,0,0,85925.5,256,[110 96 6 0 -2 -29 -4 -27 -5 -24 -6 -20 -7 -16 -6 -12 -4 -8 -1 -5 3 -3 6 -2 10 -2 14 -3 16 -5 18 -7 19 -9 19 -11 18 -12 15 -13 13 -12 11 -11 8 -8 7 -5 6 -1 6 3 6 8 0 0 0 0 0 0 0 0 0 0 0 0 0 0 0 0 0 0 0 0 0 0 -24 1 -25 0 -26 -1 -28 -1 -28 -1 -29 -2 -30 -3 -31 -3 -30 -4 -30 -5 -28 -6 -27 -6 -24 -6 -22 -6 -19 -5 -16 -5 -13 -6 -9 -6 -5 -8 -2 -10 1 -12 3 -16 4 -19 6 -21 7 -24 5 -27 ]
2025-05-21 15:06:21,CSI_DATA,STA,D8:B1:90:DB:E8:90,-59,11,1,2,0,0,1,0,0,0,0,-94,0,2,0,26293833,0,110,0,0,85926,256,[110 96 6 0 -32 1 -29 4 -26 5 -22 7 -17 7 -12 6 -8 3 -4 0 -2 -4 -1 -8 0 -12 -1 -16 -3 -19 -6 -21 -8 -22 -10 -22 -12 -21 -13 -18 -12 -16 -11 -13 -8 -10 -5 -8 0 -6 4 -5 9 -5 0 0 0 0 0 0 0 0 0 0 0 0 0 0 0 0 0 0 0 0 0 0 6 25 5 26 4 28 4 29 4 31 3 31 2 32 1 32 1 32 -1 31 -2 29 -3 28 -3 25 -3 22 -3 19 -4 16 -5 12 -6 9 -7 5 -10 1 -13 -2 -16 -5 -20 -6 -23 -7 -26 -7 -29 -7 ]
2025-05-21 15:06:24,CSI_DATA,STA,D8:B1:90:DB:E8:90,-59,11,1,3,0,0,1,0,0,0,0,-94,0,2,0,29301324,0,110,0,0,85929,256,[110 96 6 0 -26 -16 -26 -13 -23 -9 -21 -6 -16 -3 -11 -2 -5 -2 -1 -3 3 -6 6 -9 8 -13 9 -17 8 -21 7 -23 5 -26 3 -26 1 -26 -1 -24 -2 -21 -2 -17 0 -14 2 -10 5 -7 9 -4 14 -2 0 0 0 0 0 0 0 0 0 0 0 0 0 0 0 0 0 0 0 0 0 0 -12 21 -14 22 -16 22 -17 23 -18 23 -19 24 -20 23 -20 23 -21 23 -21 21 -21 20 -21 18 -19 16 -17 14 -15 11 -14 8 -12 5 -11 1 -10 -3 -10 -7 -11 -11 -12 -15 -14 -18 -16 -21 -19 -22 -21 -23
2025-05-21 15:06:25,CSI_DATA,STA,D8:B1:90:DB:E8:90,-59,11,1,7,0,0,1,0,0,0,0,-94,0,2,0,30301870,0,110,0,0,85930,256,[110 96 6 0 16 -14 15 -15 15 -15 15 -15 14 -15 14 -15 13 -15 13 -16 12 -17 11 -17 11 -18 11 -18 10 -18 10 -18 10 -18 10 -19 10 -19 10 -19 10 -19 10 -19 11 -19 11 -18 11 -18 11 -18 13 -18 0 0 0 0 0 0 0 0 0 0 0 0 0 0 0 0 0 0 0 0 0 0 13 -16 14 -15 15 -14 15 -14 16 -14 17 -14 17 -13 18 -13 18 -13 18 -13 19 -13 19 -12 18 -12 18 -12 18 -11 18 -11 18 -12 17 -12 17 -13 17 -13 17 -13 17 -13 17 -14 17 -14
2025-05-21 15:06:36,CSI_DATA,STA,D8:B1:90:DB:E8:90,-59,11,1,6,0,0,1,0,0,0,1,-94,0,2,0,40339122,0,110,0,0,85940,256,[110 96 6 0 -17 11 -17 11 -17 11 -16 11 -16 11 -16 11 -15 11 -14 12 -13 13 -12 13 -12 13 -13 14 -12 15 -12 15 -12 15 -11 16 -11 16 -11 16 -12 16 -12 16 -12 16 -12 16 -13 16 -14 15 -15 15 0 0 0 0 0 0 0 0 0 0 0 0 0 0 0 0 0 0 0 0 0 0 -15 13 -16 12 -17 12 -18 11 -18 10 -19 11 -19 10 -19 10 -19 9 -19 9 -21 8 -21 8 -20 8 -20 7 -19 7 -19 6 -19 7 -18 7 -18 9 -18 8 -19 9 -18 9 -18 10 -18 9 -18 10 -18 11
2025-05-21 15:06:38,CSI_DATA,STA,D8:B1:90:DB:E8:90,-58,11,1,6,0,0,1,0,0,0,1,-95,0,2,0,42849763,0,110,0,0,85942.6,256,[110 96 6 0 25 -15 21 -15 18 -14 13 -13 9 -9 5 -6 3 -2 1 4 1 8 2 13 5 17 7 19 11 21 14 21 16 20 18 19 18 16 18 13 16 11 12 9 8 7 4 6 -1 7 -6 8 -11 10 0 0 0 0 0 0 0 0 0 0 0 0 0 0 0 0 0 0 0 0 0 0 -16 -17 -16 -20 -16 -22 -16 -23 -16 -25 -16 -26 -15 -27 -15 -28 -14 -29 -13 -28 -12 -28 -10 -26 -9 -24 -7 -21 -6 -18 -3 -16 0 -12 3 -10 7 -7 10 -5 15 -4 19 -3 23 -4 26 -5 28 -6 30 -8 ]
2025-05-21 15:06:38,CSI_DATA,STA,D8:B1:90:DB:E8:90,-61,11,1,7,0,0,1,1,0,0,1,-95,0,2,0,43350750,0,110,0,0,85943.1,256,[110 96 6 0 7 -23 7 -23 7 -23 6 -23 6 -23 6 -23 5 -22 5 -23 4 -22 3 -22 3 -23 2 -23 2 -23 2 -23 2 -23 2 -23 3 -23 2 -23 2 -23 3 -23 3 -24 4 -23 5 -23 5 -23 7 -23 0 0 0 0 0 0 0 0 0 0 0 0 0 0 0 0 0 0 0 0 0 0 -1 6 0 6 1 -11 2 -11 2 -11 2 -12 2 -13 3 -13 4 -14 4 -15 5 -15 5 -16 5 -16 6 -17 5 -17 6 -17 6 -19 6 -18 6 -19 6 -20 6 -20 6 -21 7 -21 6 -22 7 -22 8 -23 ]
2025-05-21 15:06:45,CSI_DATA,STA,D8:B1:90:DB:E8:90,-58,11,1,5,0,0,1,0,0,0,1,-95,0,2,0,49880167,0,110,0,0,85949.6,256,[110 96 6 0 -14 16 -13 16 -12 15 -11 15 -10 15 -10 14 -9 14 -8 15 -8 15 -8 14 -6 14 -5 14 -4 14 -4 15 -3 14 -3 15 -2 15 -2 14 -2 14 -2 13 -2 13 -2 14 -2 14 -2 14 -3 14 0 0 0 0 0 0 0 0 0 0 0 0 0 0 0 0 0 0 0 0 0 0 -11 22 -13 21 -14 20 -15 20 -16 19 -17 19 -18 19 -19 18 -19 19 -20 17 -20 17 -20 16 -19 16 -19 15 -19 15 -19 16 -18 16 -18 16 -18 16 -17 16 -17 15 -17 16 -16 16 -16 16 -16 16 -14 16 ]
2025-05-21 15:06:51,CSI_DATA,STA,D8:B1:90:DB:E8:90,-62,11,1,7,0,0,1,0,0,0,0,-95,0,2,0,55941979,0,110,0,0,85955.6,256,[110 96 6 0 -8 -18 -8 -17 -8 -16 -9 -15 -9 -14 -9 -15 -10 -13 -10 -13 -10 -12 -11 -11 -12 -11 -13 -10 -13 -10 -13 -9 -14 -9 -15 -9 -15 -9 -16 -9 -16 -9 -17 -8 -17 -9 -18 -9 -18 -9 -18 -10 -18 -11 0 0 0 0 0 0 0 0 0 0 0 0 0 0 0 0 0 0 0 0 0 0 -14 -18 -12 -19 -11 -20 -11 -21 -11 -20 -10 -21 -10 -21 -9 -21 -8 -21 -9 -22 -8 -22 -8 -22 -7 -22 -8 -21 -7 -21 -8 -21 -7 -21 -7 -21 -8 -21 -7 -20 -8 -20 -8
2025-05-21 15:06:52,CSI_DATA,STA,D8:B1:90:DB:E8:90,-62,11,1,7,0,0,1,0,0,0,0,-95,0,2,0,56946668,0,110,0,0,85956.6,256,[110 96 6 0 -19 -1 -18 -1 -18 0 -18 0 -18 0 -17 1 -17 1 -17 3 -17 3 -16 4 -16 5 -17 5 -16 6 -17 6 -17 7 -17 8 -17 9 -18 8 -18 9 -19 9 -19 9 -20 9 -20 9 -21 8 -22 7 0 0 0 0 0 0 0 0 0 0 0 0 0 0 0 0 0 0 0 0 0 0 -22 5 -21 3 -22 3 -22 2 -22 1 -22 1 -23 0 -23 -1 -23 -1 -23 -2 -23 -2 -23 -2 -22 -2 -21 -2 -21 -2 -22 -2 -20 -1 -21 -1 -22 -3 -22 -2 -22 -2 -22 -2 -21 -2 -21 -2 -20 -2 -20 -2 ]
2025-05-21 15:07:05,CSI_DATA,STA,D8:B1:90:DB:E8:90,-65,11,1,7,0,0,1,0,0,0,0,-94,0,2,0,69497612,0,110,0,0,85969.2,256,[110 96 6 0 11 24 11 24 13 22 7 21 8 20 8 20 9 19 10 20 11 19 11 18 12 18 13 15 14 14 13 14 13 14 11 19 11 19 11 19 10 18 12 18 12 17 12 17 12 18 13 19 12 20 0 0 0 0 0 0 0 0 0 0 0 0 0 0 0 0 0 0 0 0 0 0 8 3 8 4 -5 -4 -6 -4 -6 -3 -7 -3 -9 -6 -9 -6 -10 -6 -10 -6 -13 -17 -14 -18 -13 -18 -13 -19 6 13 5 12 5 12 5 12 2 22 1 22 1 22 1 23 12 12 11 12 10 12 9 24 ]
2025-05-21 15:07:12,CSI_DATA,STA,D8:B1:90:DB:E8:90,-63,11,1,7,0,0,1,0,0,0,1,-94,0,2,0,76522488,0,110,0,0,85976.2,256,[110 96 6 0 -3 24 -3 23 -4 23 -4 23 -4 23 -3 23 -3 22 -4 21 -4 21 -4 20 -3 21 -4 20 -3 20 -3 19 -3 19 -3 19 -3 18 -4 18 -4 18 -4 18 -4 18 -4 18 -5 17 -6 18 -7 17 0 0 0 0 0 0 0 0 0 0 0 0 0 0 0 0 0 0 0 0 0 0 4 6 3 6 -9 -3 -10 -3 -10 -4 -10 -4 -1 17 -1 17 -2 19 -2 18 -3 18 -3 19 -2 19 -2 19 -2 19 -3 19 -1 19 -2 21 -1 20 -1 21 -1 21 -1 22 -2 23 -1 23 -1 24 -2 23 ]
2025-05-21 15:07:14,CSI_DATA,STA,D8:B1:90:DB:E8:90,-63,11,1,7,0,0,1,0,0,0,1,-96,0,2,0,78528720,0,110,0,0,85978.2,256,[110 96 6 0 -17 -12 -17 -12 -16 -11 -17 -11 -17 -10 -16 -11 -16 -10 -16 -10 -16 -9 -17 -8 -17 -8 -18 -8 -18 -7 -18 -7 -19 -7 -19 -7 -19 -6 -19 -7 -19 -7 -20 -7 -20 -8 -20 -7 -20 -8 -20 -8 -20 -10 0 0 0 0 0 0 0 0 0 0 0 0 0 0 0 0 0 0 0 0 0 0 -20 -11 -19 -12 -18 -12 -17 -12 -17 -13 -17 -13 -16 -13 -16 -13 -16 -13 -15 -13 -16 -13 -14 -13 -14 -12 -15 -13 -15 -13 -15 -12 -15 -12 -15 -11 -16 -12 -15
2025-05-21 15:07:16,CSI_DATA,STA,D8:B1:90:DB:E8:90,-62,11,1,7,0,0,1,0,0,0,1,-96,0,2,0,80534029,0,110,0,0,85980.2,256,[110 96 6 0 -11 -19 -11 -19 -11 -18 -11 -18 -11 -18 -11 -17 -11 -17 -12 -16 -12 -16 -13 -15 -13 -15 -13 -15 -14 -14 -14 -14 -15 -14 -15 -14 -15 -14 -15 -14 -15 -14 -16 -15 -16 -15 -16 -15 -17 -16 -16 -17 -16 -18 0 0 0 0 0 0 0 0 0 0 0 0 0 0 0 0 0 0 0 0 0 0 -15 -17 -13 -17 -12 -18 -12 -18 -12 -18 -11 -17 -10 -18 -11 -18 -10 -17 -10 -18 -10 -18 -10 -18 -10 -18 -10 -18 -10 -17 -9 -17 -9 -17 -9 -17
2025-05-21 15:07:17,CSI_DATA,STA,D8:B1:90:DB:E8:90,-65,11,1,7,0,0,1,0,0,0,1,-94,0,2,0,82041629,0,110,0,0,85981.7,256,[110 96 6 0 5 23 5 23 5 22 6 22 6 21 7 21 8 20 8 20 9 19 9 19 11 18 12 17 12 18 13 17 14 17 15 18 16 18 16 18 16 19 16 20 17 20 17 21 17 22 16 24 15 27 0 0 0 0 0 0 0 0 0 0 0 0 0 0 0 0 0 0 0 0 0 0 13 -17 14 -15 -1 9 -1 10 -2 11 -1 11 -14 20 -14 20 -15 21 -16 21 -7 15 -7 15 -4 16 -5 16 -4 16 -3 16 -1 16 -1 18 0 18 1 18 2 19 3 19 4 20 4 21 4 22 4 21 ]
2025-05-21 15:07:19,CSI_DATA,STA,D8:B1:90:DB:E8:90,-64,11,1,7,0,0,1,1,0,0,1,-94,0,2,0,84048906,0,110,0,0,85983.8,256,[110 96 6 0 15 -13 15 -13 15 -13 14 -13 14 -14 13 -14 13 -14 13 -14 13 -14 12 -14 11 -15 11 -15 11 -15 11 -16 11 -16 11 -17 11 -17 11 -18 11 -18 11 -18 11 -18 11 -18 12 -18 14 -19 15 -18 0 0 0 0 0 0 0 0 0 0 0 0 0 0 0 0 0 0 0 0 0 0 14 -17 14 -16 14 -16 15 -15 15 -14 15 -14 15 -14 15 -14 15 -14 15 -14 16 -13 16 -12 15 -13 15 -12 15 -13 14 -13 14 -13 14 -13 15 -13 14 -13 14 -13 14 -13 15 -13 14 -
2025-05-21 15:07:23,CSI_DATA,STA,D8:B1:90:DB:E8:90,-62,11,1,7,0,0,1,1,0,0,1,-94,0,2,0,87558808,0,110,0,0,85987.3,256,[110 96 6 0 -24 0 -23 1 -22 0 -22 1 -22 2 -21 3 -21 3 -21 4 -20 5 -20 6 -21 6 -21 6 -21 8 -21 8 -22 8 -22 9 -22 9 -23 9 -23 9 -24 8 -24 8 -25 7 -25 6 -26 5 -27 3 0 0 0 0 0 0 0 0 0 0 0 0 0 0 0 0 0 0 0 0 0 0 10 4 10 5 -11 -2 -11 -2 -12 -2 -12 -1 -13 -1 -13 -1 -14 -2 -15 -1 -16 -2 -16 -2 -17 -2 -17 -3 -18 -2 -18 -2 -19 -2 -19 -2 -20 -1 -21 -1 -21 -1 -22 0 -22 0 -23 0 -23 0 -23 0 ]
2025-05-21 15:07:23,CSI_DATA,STA,D8:B1:90:DB:E8:90,-61,11,1,7,0,0,1,1,0,0,1,-94,0,2,0,88058575,0,110,0,0,85987.8,256,[110 96 6 0 -14 17 -14 16 -14 16 -13 17 -12 17 -11 17 -10 17 -9 17 -9 17 -8 17 -7 18 -7 18 -7 19 -7 18 -7 19 -7 20 -7 20 -8 20 -8 20 -7 20 -8 21 -9 20 -10 21 -11 20 -13 20 0 0 0 0 0 0 0 0 0 0 0 0 0 0 0 0 0 0 0 0 0 0 -8 15 -9 14 -10 14 -11 14 -11 13 -12 13 -13 14 -13 13 -14 13 -14 13 -15 13 -15 13 -15 13 -15 12 -15 13 -15 13 -15 13 -14 13 -15 14 -14 14 -13 15 -15 14 -14 15 -15 16 -14 16 -15 17
2025-05-21 15:07:26,CSI_DATA,STA,D8:B1:90:DB:E8:90,-60,11,1,7,0,0,1,1,0,0,1,-94,0,2,0,91065485,0,110,0,0,85990.8,256,[110 96 6 0 -12 17 -12 17 -12 16 -11 16 -10 17 -10 16 -9 16 -8 16 -8 16 -7 16 -7 16 -7 16 -6 17 -6 16 -6 17 -6 17 -6 17 -6 16 -6 16 -6 17 -7 17 -7 16 -8 16 -9 17 -10 16 0 0 0 0 0 0 0 0 0 0 0 0 0 0 0 0 0 0 0 0 0 0 -9 15 -10 15 -11 14 -11 14 -12 14 -13 14 -13 14 -13 14 -13 14 -14 14 -15 14 -15 14 -15 14 -14 14 -14 14 -14 14 -14 14 -13 14 -13 16 -13 15 -12 16 -12 17 -12 17 -12 17 -12 18 -12 18 ]
2025-05-21 15:07:29,CSI_DATA,STA,D8:B1:90:DB:E8:90,-62,11,1,7,0,0,1,1,0,0,1,-94,0,2,0,94094115,0,110,0,0,85993.8,256,[110 96 6 0 1 23 2 22 2 21 2 20 2 20 3 19 3 19 4 18 5 18 4 18 5 16 5 17 6 17 6 16 6 16 7 16 7 16 6 15 7 15 7 15 7 15 6 15 6 15 6 16 4 16 0 0 0 0 0 0 0 0 0 0 0 0 0 0 0 0 0 0 0 0 0 0 5 21 3 21 2 22 1 22 1 22 0 22 -1 24 -2 24 -2 24 -2 24 -3 24 -3 24 -3 24 -2 23 -3 24 -3 23 -3 23 -2 23 -2 23 -2 23 -1 23 0 23 1 24 1 24 2 24 2 24 ]
2025-05-21 15:07:36,CSI_DATA,STA,D8:B1:90:DB:E8:90,-61,11,1,6,0,0,1,0,0,0,1,-94,0,2,0,101122364,0,110,0,0,86000.8,256,[110 96 6 0 -6 27 -3 25 -2 22 -1 18 -2 14 -4 10 -6 7 -10 4 -13 3 -17 2 -21 3 -23 5 -24 7 -25 9 -24 11 -22 11 -20 12 -17 11 -14 9 -10 7 -8 3 -6 -1 -4 -6 -4 -10 -3 -15 0 0 0 0 0 0 0 0 0 0 0 0 0 0 0 0 0 0 0 0 0 0 19 -22 20 -20 20 -19 21 -18 22 -16 22 -15 24 -13 25 -11 27 -10 27 -9 28 -8 27 -7 27 -8 24 -7 21 -8 16 -8 12 -7 8 -6 3 -4 -2 -1 -5 4 -9 9 -11 13 -11 17 -12 21 -11 25 ]
2025-05-21 15:07:37,CSI_DATA,STA,D8:B1:90:DB:E8:90,-61,11,1,6,0,0,1,0,0,0,1,-94,0,2,0,101620958,0,110,0,0,86001.3,256,[110 96 6 0 22 9 22 9 21 8 21 7 20 7 20 7 20 5 19 5 18 4 18 4 18 3 19 3 18 3 18 3 18 2 18 2 18 2 17 2 16 2 17 1 17 1 16 1 16 1 17 1 17 2 0 0 0 0 0 0 0 0 0 0 0 0 0 0 0 0 0 0 0 0 0 0 21 3 21 4 20 6 21 7 21 8 20 8 21 10 21 10 21 11 21 11 21 11 21 12 21 12 20 12 20 12 20 12 20 12 20 11 20 10 20 11 21 10 21 10 22 9 22 9 22 9 23 8 ]
2025-05-21 15:07:39,CSI_DATA,STA,D8:B1:90:DB:E8:90,-61,11,1,7,0,0,1,0,0,0,0,-94,0,2,0,104162330,0,110,0,0,86003.9,256,[110 96 6 0 -21 7 -22 7 -21 7 -21 7 -20 7 -20 8 -19 8 -20 8 -19 9 -19 9 -18 10 -17 10 -17 10 -17 11 -17 11 -18 11 -18 11 -18 11 -18 11 -18 10 -18 10 -18 10 -18 10 -17 9 -18 8 0 0 0 0 0 0 0 0 0 0 0 0 0 0 0 0 0 0 0 0 0 0 -16 6 -16 5 -17 5 -17 4 -17 3 -18 3 -19 3 -18 3 -19 2 -19 2 -20 1 -20 1 -20 1 -20 1 -19 2 -20 2 -20 3 -19 3 -20 3 -20 3 -20 4 -20 4 -21 4 -21 4 -21 5 -21 5 ]
2025-05-21 15:07:44,CSI_DATA,STA,D8:B1:90:DB:E8:90,-68,11,1,5,0,0,1,0,0,0,1,-94,0,2,0,108673471,0,110,0,0,86008.4,256,[110 96 6 0 26 12 24 12 25 11 4 13 4 14 5 13 4 14 -3 16 -3 16 -2 17 0 17 8 -22 8 -21 6 -21 5 -20 -5 19 -4 17 -4 17 -3 16 14 -16 14 -16 14 -17 13 -17 14 -18 14 -19 0 0 0 0 0 0 0 0 0 0 0 0 0 0 0 0 0 0 0 0 0 0 0 -17 1 -16 3 12 4 12 4 12 5 13 5 35 6 36 6 37 7 37 6 2 5 4 4 4 4 5 2 2 2 3 2 3 1 3 11 0 11 -1 11 -2 11 -2 23 0 23 0 22 0 32 9 ]
2025-05-21 15:07:44,CSI_DATA,STA,D8:B1:90:DB:E8:90,-61,11,1,6,0,0,1,0,0,0,1,-94,0,2,0,109179236,0,110,0,0,86008.9,256,[110 96 6 0 -17 -12 -16 -11 -16 -11 -16 -10 -16 -10 -15 -9 -15 -9 -15 -8 -16 -7 -15 -7 -15 -6 -15 -6 -15 -6 -15 -6 -15 -5 -15 -5 -15 -5 -15 -5 -14 -5 -14 -5 -14 -6 -14 -5 -14 -5 -14 -5 -15 -5 0 0 0 0 0 0 0 0 0 0 0 0 0 0 0 0 0 0 0 0 0 0 -17 -10 -16 -11 -16 -12 -16 -12 -16 -13 -16 -13 -16 -14 -15 -14 -15 -15 -16 -15 -16 -15 -15 -15 -15 -15 -14 -15 -15 -15 -15 -16 -16 -15 -16 -14 -15 -14 -15 -14
2025-05-21 15:07:46,CSI_DATA,STA,D8:B1:90:DB:E8:90,-61,11,1,6,0,0,1,0,0,0,1,-94,0,2,0,111223439,0,110,0,0,86010.9,256,[110 96 6 0 20 -12 19 -12 19 -12 18 -12 18 -13 17 -13 16 -13 16 -13 15 -13 14 -13 13 -13 14 -13 13 -14 13 -13 13 -14 12 -14 11 -14 12 -14 11 -14 12 -14 12 -14 12 -14 12 -13 12 -14 12 -13 0 0 0 0 0 0 0 0 0 0 0 0 0 0 0 0 0 0 0 0 0 0 18 -15 19 -14 20 -13 21 -13 21 -12 22 -12 23 -12 24 -12 23 -11 23 -10 24 -10 23 -10 23 -9 23 -10 23 -9 23 -9 22 -9 23 -10 22 -10 22 -10 22 -11 22 -11 22 -12 22 -12
2025-05-21 15:07:47,CSI_DATA,STA,D8:B1:90:DB:E8:90,-62,11,1,6,0,0,1,0,0,0,1,-94,0,2,0,112222043,0,110,0,0,86011.9,256,[110 96 6 0 15 -15 15 -15 15 -15 13 -15 13 -15 12 -15 10 -15 11 -15 10 -15 10 -15 9 -15 8 -15 8 -15 8 -15 8 -15 8 -15 7 -15 7 -15 7 -15 7 -14 7 -14 7 -14 7 -14 8 -14 9 -13 0 0 0 0 0 0 0 0 0 0 0 0 0 0 0 0 0 0 0 0 0 0 15 -18 16 -17 17 -16 18 -15 18 -14 19 -14 20 -13 19 -13 20 -12 20 -12 21 -11 21 -11 21 -11 21 -10 20 -11 20 -11 19 -11 18 -12 18 -12 18 -12 18 -12 17 -13 17 -13 17 -12 17 -13 17 -
2025-05-21 15:07:48,CSI_DATA,STA,D8:B1:90:DB:E8:90,-68,11,1,7,0,0,1,0,0,0,1,-94,0,2,0,112723715,0,110,0,0,86012.4,256,[110 96 6 0 -10 -23 -10 -24 -9 -23 -1 16 -1 17 0 16 0 17 5 11 6 10 6 10 6 11 0 14 -1 15 -1 14 -2 14 -8 15 -9 15 -10 15 -9 15 6 -3 6 -4 6 -4 7 -4 1 8 0 8 0 0 0 0 0 0 0 0 0 0 0 0 0 0 0 0 0 0 0 0 0 0 14 -6 14 -5 -8 20 -9 21 -10 20 -11 20 -4 18 -4 19 -6 18 -6 16 1 32 1 32 1 32 0 31 15 3 14 3 14 3 14 2 1 5 3 5 3 5 4 5 -13 20 -14 20 -14 19 2 -20 ]
2025-05-21 15:07:51,CSI_DATA,STA,D8:B1:90:DB:E8:90,-61,11,1,7,0,0,1,0,0,0,1,-94,0,2,0,115730723,0,110,0,0,86015.4,256,[110 96 6 0 13 17 12 17 12 16 13 17 13 15 13 15 14 14 13 13 14 12 13 12 14 11 13 11 13 10 13 10 13 11 14 10 14 10 13 9 13 9 13 10 12 10 12 10 11 10 13 9 12 11 0 0 0 0 0 0 0 0 0 0 0 0 0 0 0 0 0 0 0 0 0 0 15 15 14 17 12 17 12 18 12 19 12 19 11 20 11 21 11 21 11 21 10 22 10 22 10 22 10 21 10 21 9 21 10 21 10 20 11 21 12 20 12 20 12 21 12 19 12 19 13 19 13 19 ]
2025-05-21 15:07:54,CSI_DATA,STA,D8:B1:90:DB:E8:90,-60,11,1,7,0,0,1,0,0,0,1,-94,0,2,0,119247781,0,110,0,0,86019,256,[110 96 6 0 16 -11 16 -11 15 -11 15 -11 14 -11 13 -11 13 -11 13 -11 12 -12 12 -12 11 -12 11 -12 11 -12 10 -12 10 -12 10 -11 10 -11 9 -11 9 -11 9 -12 9 -12 8 -11 9 -11 8 -12 9 -11 0 0 0 0 0 0 0 0 0 0 0 0 0 0 0 0 0 0 0 0 0 0 16 -13 17 -12 17 -11 17 -10 18 -10 19 -10 19 -10 20 -9 21 -9 20 -9 21 -8 21 -8 20 -8 21 -8 20 -8 19 -8 19 -8 19 -8 20 -9 19 -9 19 -10 19 -10 19 -10 19 -11 19 -10 19 -10 ]
2025-05-21 15:07:55,CSI_DATA,STA,D8:B1:90:DB:E8:90,-60,11,1,7,0,0,1,0,0,0,1,-94,0,2,0,119748183,0,110,0,0,86019.5,256,[110 96 6 0 -1 -21 -1 -21 -1 -20 -1 -19 -1 -19 -2 -18 -3 -18 -3 -18 -3 -17 -3 -17 -4 -17 -3 -17 -3 -17 -3 -16 -3 -16 -4 -16 -4 -16 -4 -15 -4 -15 -5 -14 -5 -14 -5 -14 -4 -14 -5 -14 -4 -14 0 0 0 0 0 0 0 0 0 0 0 0 0 0 0 0 0 0 0 0 0 0 -5 -21 -4 -21 -3 -21 -2 -21 -2 -21 -1 -22 0 -22 0 -22 1 -23 1 -23 2 -23 2 -23 2 -23 2 -23 3 -22 2 -22 2 -22 2 -21 1 -22 1 -21 0 -22 0 -22 0 -22 0 -22 -1 -22 0 -21 ]
2025-05-21 15:07:55,CSI_DATA,STA,D8:B1:90:DB:E8:90,-60,11,1,6,0,0,1,1,0,0,1,-94,0,2,0,120250925,0,110,0,0,86020,256,[110 96 6 0 9 -19 8 -18 8 -18 7 -17 7 -17 6 -17 6 -17 5 -17 5 -17 4 -17 4 -17 3 -16 3 -16 3 -16 3 -15 3 -16 3 -16 3 -15 3 -15 1 -15 1 -15 2 -14 2 -14 1 -15 2 -15 0 0 0 0 0 0 0 0 0 0 0 0 0 0 0 0 0 0 0 0 0 0 4 -20 6 -20 7 -20 8 -20 8 -20 9 -20 10 -20 11 -20 11 -20 12 -20 13 -20 13 -20 13 -19 13 -19 12 -18 12 -18 12 -18 12 -19 12 -19 11 -19 11 -19 10 -19 10 -19 10 -19 10 -19 10 -19 ]
2025-05-21 15:07:56,CSI_DATA,STA,D8:B1:90:DB:E8:90,-60,11,1,7,0,0,1,1,0,0,1,-94,0,2,0,121253807,0,110,0,0,86021,256,[110 96 6 0 7 -20 6 -19 6 -20 5 -20 5 -20 4 -19 4 -18 3 -19 3 -19 3 -18 2 -18 1 -18 1 -17 0 -17 0 -17 0 -17 0 -17 0 -16 0 -16 0 -16 0 -17 0 -16 1 -16 0 -16 1 -16 0 0 0 0 0 0 0 0 0 0 0 0 0 0 0 0 0 0 0 0 0 0 2 -22 4 -22 4 -22 6 -22 6 -22 7 -22 7 -22 8 -22 7 -22 9 -22 10 -22 11 -21 11 -21 10 -20 10 -21 10 -21 9 -21 9 -21 9 -22 8 -21 8 -22 8 -22 8 -22 8 -21 8 -21 8 -21 ]
2025-05-21 15:07:58,CSI_DATA,STA,D8:B1:90:DB:E8:90,-61,11,1,7,0,0,1,1,0,0,1,-94,0,2,0,122758372,0,110,0,0,86022.5,256,[110 96 6 0 -15 9 -16 10 -14 10 -13 9 -13 9 -13 10 -11 8 -12 8 -11 8 -11 8 -10 9 -11 9 -10 9 -10 9 -10 9 -9 10 -9 10 -9 9 -9 9 -9 10 -8 10 -8 9 -9 10 -8 9 -9 9 0 0 0 0 0 0 0 0 0 0 0 0 0 0 0 0 0 0 0 0 0 0 -11 13 -13 13 -13 12 -15 12 -13 11 -15 12 -15 10 -16 11 -16 11 -16 8 -17 10 -17 9 -17 9 -17 8 -17 9 -17 8 -17 9 -16 9 -17 9 -16 8 -16 9 -16 9 -16 9 -15 9 -16 9 -16 10 ]
2025-05-21 15:07:58,CSI_DATA,STA,D8:B1:90:DB:E8:90,-61,11,1,7,0,0,1,1,0,0,1,-94,0,2,0,122992124,0,100,0,0,86022.7,256,[100 -64 5 0 -14 18 -14 18 -12 17 -12 18 -10 18 -10 17 -9 17 -9 17 -9 17 -8 17 -7 16 -6 17 -6 17 -6 17 -6 16 -7 17 -6 16 -6 16 -6 15 -6 16 -5 15 -5 15 -6 15 -6 15 -6 15 0 0 0 0 0 0 0 0 0 0 0 0 0 0 0 0 0 0 0 0 0 0 -9 20 -11 20 -12 19 -13 19 -13 18 -14 19 -15 19 -16 19 -17 19 -16 19 -17 18 -16 18 -17 17 -17 17 -17 17 -17 17 -16 17 -16 17 -15 18 -15 17 -14 17 -14 17 -14 19 -14 19 -14 19 -15 19 ]
2025-05-21 15:07:59,CSI_DATA,STA,D8:B1:90:DB:E8:90,-60,11,1,7,0,0,1,1,0,0,1,-94,0,2,0,123762388,0,110,0,0,86023.5,256,[110 96 6 0 -9 18 -9 18 -9 17 -8 17 -7 17 -7 16 -6 16 -5 16 -4 16 -4 16 -3 16 -3 16 -3 16 -3 15 -3 15 -3 15 -3 16 -3 15 -3 15 -3 15 -3 15 -2 15 -3 15 -3 15 -4 15 0 0 0 0 0 0 0 0 0 0 0 0 0 0 0 0 0 0 0 0 0 0 -7 19 -8 18 -9 18 -10 18 -10 18 -12 18 -12 18 -13 18 -13 18 -13 18 -14 18 -14 18 -14 18 -14 17 -14 17 -14 17 -14 17 -13 17 -12 18 -12 18 -11 18 -11 18 -11 18 -11 18 -11 18 -11 18 ]
2025-05-21 15:08:02,CSI_DATA,STA,D8:B1:90:DB:E8:90,-62,11,1,7,0,0,1,1,0,0,1,-94,0,2,0,127269467,0,110,0,0,86027,256,[110 96 6 0 -2 -20 -2 -20 -2 -20 -2 -20 -2 -19 -2 -19 -3 -19 -3 -19 -3 -18 -4 -18 -5 -18 -4 -18 -4 -18 -5 -18 -5 -18 -4 -18 -5 -18 -5 -18 -4 -17 -4 -17 -4 -18 -4 -17 -4 -18 -4 -18 -2 -18 0 0 0 0 0 0 0 0 0 0 0 0 0 0 0 0 0 0 0 0 0 0 -3 -20 -2 -20 -1 -20 0 -21 0 -20 1 -20 2 -21 2 -22 2 -21 2 -22 2 -22 2 -22 2 -21 2 -21 2 -20 1 -20 0 -20 1 -20 1 -21 1 -21 -1 -21 0 -21 0 -20 -1 -21 0 -21 -1 -22 ]
2025-05-21 15:08:03,CSI_DATA,STA,D8:B1:90:DB:E8:90,-70,11,1,7,0,0,1,1,0,0,1,-94,0,2,0,127774436,0,110,0,0,86027.5,256,[110 96 6 0 -16 13 -13 11 -13 8 -6 8 -5 7 -3 5 -2 4 4 7 4 5 6 4 8 0 14 4 16 4 16 4 18 1 19 0 19 1 21 0 22 0 27 4 28 3 30 5 30 5 -33 -10 -33 -14 0 0 0 0 0 0 0 0 0 0 0 0 0 0 0 0 0 0 0 0 0 0 -23 31 -25 27 -12 13 -12 10 -12 10 -11 8 -24 7 -24 5 -23 1 -22 -1 -17 -1 -17 -3 -15 -3 -13 -3 -22 23 -21 22 -19 19 -19 17 -8 24 -7 21 -5 21 -5 19 -14 24 -11 24 -12 22 -17 24 ]
2025-05-21 15:08:08,CSI_DATA,STA,D8:B1:90:DB:E8:90,-61,11,1,7,0,0,1,1,0,0,1,-94,0,2,0,133307579,0,110,0,0,86033,256,[110 96 6 0 8 -18 8 -17 8 -17 8 -17 6 -17 6 -17 6 -17 5 -17 5 -17 5 -17 4 -17 4 -18 4 -17 3 -17 3 -17 4 -17 4 -16 4 -17 4 -16 4 -16 4 -16 5 -15 5 -15 6 -15 7 -15 0 0 0 0 0 0 0 0 0 0 0 0 0 0 0 0 0 0 0 0 0 0 6 -18 7 -17 7 -17 8 -16 8 -17 9 -17 9 -16 9 -17 10 -17 10 -17 12 -16 12 -16 11 -16 11 -16 11 -16 11 -16 10 -16 10 -16 11 -17 11 -17 10 -18 10 -18 10 -18 9 -18 10 -18 9 -18 ]
2025-05-21 15:08:15,CSI_DATA,STA,D8:B1:90:DB:E8:90,-61,11,1,7,0,0,1,1,0,0,1,-94,0,2,0,140358342,0,110,0,0,86040.1,256,[110 96 6 0 9 -20 8 -19 8 -19 8 -19 7 -19 7 -19 6 -19 6 -19 5 -19 4 -19 3 -19 4 -19 3 -19 3 -19 3 -18 3 -19 3 -19 3 -18 3 -18 3 -18 3 -18 3 -17 4 -17 5 -17 5 -17 0 0 0 0 0 0 0 0 0 0 0 0 0 0 0 0 0 0 0 0 0 0 6 -20 8 -19 8 -19 9 -19 10 -19 10 -19 12 -19 12 -20 12 -19 13 -20 14 -19 15 -19 14 -19 14 -19 14 -18 14 -19 13 -19 13 -18 13 -19 12 -18 11 -19 12 -19 11 -19 11 -20 11 -20 11 -20 ]
2025-05-21 15:08:20,CSI_DATA,STA,D8:B1:90:DB:E8:90,-60,11,1,7,0,0,1,1,0,0,1,-94,0,2,0,144386357,0,110,0,0,86044.1,256,[110 96 6 0 17 9 17 8 17 8 17 8 17 8 17 6 17 6 16 5 16 5 16 5 16 4 16 6 16 5 16 5 16 5 15 5 15 5 15 5 15 5 14 5 14 5 14 5 14 5 13 6 13 6 0 0 0 0 0 0 0 0 0 0 0 0 0 0 0 0 0 0 0 0 0 0 18 8 17 9 17 9 17 10 17 10 17 11 17 12 18 12 18 12 18 13 17 14 17 14 16 14 16 14 16 14 17 13 17 13 17 12 17 12 17 11 17 11 18 10 18 11 18 11 18 11 18 10 ]
2025-05-21 15:08:20,CSI_DATA,STA,D8:B1:90:DB:E8:90,-60,11,1,6,0,0,1,0,0,0,1,-94,0,2,0,144867902,0,110,0,0,86044.6,256,[110 96 6 0 0 12 -1 11 -3 10 -5 8 -7 8 -10 7 -12 6 -16 6 -18 6 -21 8 -23 10 -25 11 -25 13 -25 14 -24 16 -22 16 -20 16 -18 15 -14 13 -12 11 -9 8 -6 4 -3 1 -2 -3 0 -7 0 0 0 0 0 0 0 0 0 0 0 0 0 0 0 0 0 0 0 0 0 0 -2 -31 0 -33 0 -34 0 -35 0 -35 0 -36 0 -35 0 -35 1 -34 1 -32 2 -30 2 -27 2 -25 2 -21 2 -18 1 -14 0 -10 0 -7 0 -4 -1 0 0 3 -1 6 0 8 0 10 0 12 1 14 ]
2025-05-21 15:08:22,CSI_DATA,STA,D8:B1:90:DB:E8:90,-61,11,1,7,0,0,1,0,0,0,0,-94,0,2,0,147375719,0,110,0,0,86047.1,256,[110 96 6 0 -21 -7 -22 -7 -21 -6 -21 -5 -21 -4 -21 -4 -21 -4 -22 -3 -21 -2 -22 -2 -21 -1 -21 0 -21 0 -21 0 -21 0 -21 0 -21 0 -21 0 -21 0 -21 0 -21 0 -20 0 -20 -1 -20 -1 -20 -2 0 0 0 0 0 0 0 0 0 0 0 0 0 0 0 0 0 0 0 0 0 0 -23 -2 -23 -3 -22 -5 -22 -5 -22 -5 -22 -6 -23 -7 -23 -8 -23 -8 -23 -8 -23 -9 -23 -9 -22 -9 -22 -9 -22 -10 -21 -9 -22 -9 -22 -8 -22 -10 -21 -10 -22 -9 -22 -9 -21 -8 -22 -7 -22
2025-05-21 15:08:23,CSI_DATA,STA,D8:B1:90:DB:E8:90,-61,11,1,6,0,0,1,0,0,0,1,-94,0,2,0,147875909,0,110,0,0,86047.6,256,[110 96 6 0 15 14 15 13 15 12 14 13 15 12 14 12 15 10 14 10 14 10 14 9 14 9 15 10 14 9 14 9 15 9 15 8 15 9 14 8 14 8 14 8 13 8 13 8 13 8 14 9 13 10 0 0 0 0 0 0 0 0 0 0 0 0 0 0 0 0 0 0 0 0 0 0 18 11 17 12 16 12 16 13 15 14 15 14 15 15 15 16 15 16 15 17 15 18 14 18 14 18 14 18 13 17 13 17 13 16 13 16 14 16 14 15 15 15 15 15 15 15 15 16 15 15 15 14 ]
2025-05-21 15:08:28,CSI_DATA,STA,D8:B1:90:DB:E8:90,-61,11,1,5,0,0,1,0,0,0,1,-94,0,2,0,152901013,0,110,0,0,86052.6,256,[110 96 6 0 8 -20 7 -20 7 -20 7 -19 6 -18 6 -18 5 -18 5 -17 4 -18 4 -17 3 -17 2 -18 2 -17 3 -18 3 -17 2 -17 2 -16 2 -17 2 -16 2 -16 2 -17 2 -17 2 -16 2 -16 3 -15 0 0 0 0 0 0 0 0 0 0 0 0 0 0 0 0 0 0 0 0 0 0 3 -21 4 -21 6 -22 7 -21 7 -22 8 -21 9 -21 9 -21 10 -21 10 -21 11 -21 12 -21 12 -21 11 -20 11 -20 11 -20 10 -20 10 -21 10 -19 10 -20 10 -20 9 -20 9 -20 9 -20 9 -19 9 -20 ]
2025-05-21 15:08:31,CSI_DATA,STA,D8:B1:90:DB:E8:90,-61,11,1,7,0,0,1,0,0,0,0,-94,0,2,0,156431697,0,110,0,0,86056.1,256,[110 96 6 0 -7 -20 -8 -20 -7 -19 -8 -19 -8 -19 -8 -18 -9 -17 -7 -18 -8 -16 -9 -16 -8 -16 -9 -16 -9 -15 -8 -15 -9 -15 -10 -15 -10 -15 -10 -15 -9 -14 -10 -13 -10 -14 -10 -13 -9 -13 -10 -14 -9 -14 0 0 0 0 0 0 0 0 0 0 0 0 0 0 0 0 0 0 0 0 0 0 -9 -18 -8 -19 -8 -20 -7 -20 -7 -21 -6 -21 -6 -22 -6 -23 -4 -23 -5 -24 -4 -23 -4 -24 -4 -24 -4 -24 -3 -22 -3 -23 -3 -22 -4 -22 -5 -22 -5 -22 -5 -22 -5 -22 -6
2025-05-21 15:08:32,CSI_DATA,STA,D8:B1:90:DB:E8:90,-59,11,1,7,0,0,1,0,0,0,0,-96,0,2,0,157435193,0,110,0,0,86057.1,256,[110 96 6 0 17 13 17 13 17 12 17 11 17 11 17 10 17 9 17 8 17 8 17 7 17 6 17 6 18 6 18 5 18 5 18 6 18 6 17 5 17 5 16 6 17 6 16 6 16 6 16 6 16 7 0 0 0 0 0 0 0 0 0 0 0 0 0 0 0 0 0 0 0 0 0 0 19 8 18 10 17 11 17 12 17 12 17 12 17 14 16 14 16 15 16 15 17 16 17 16 16 17 16 17 16 17 16 16 16 16 17 15 16 16 17 15 17 15 17 15 16 14 17 13 17 13 17 13 ]
2025-05-21 15:08:35,CSI_DATA,STA,D8:B1:90:DB:E8:90,-61,11,1,7,0,0,1,0,0,0,0,-94,0,2,0,159442041,0,110,0,0,86059.1,256,[110 96 6 0 -8 19 -7 19 -7 18 -7 18 -7 18 -7 18 -6 18 -6 18 -5 17 -4 17 -3 18 -3 18 -3 18 -3 17 -3 18 -3 18 -3 18 -4 17 -3 17 -3 17 -3 17 -3 17 -3 17 -3 17 -5 17 0 0 0 0 0 0 0 0 0 0 0 0 0 0 0 0 0 0 0 0 0 0 -4 19 -4 19 -6 19 -7 18 -7 19 -8 19 -9 19 -10 20 -10 19 -10 19 -12 20 -11 20 -12 20 -11 19 -12 19 -12 19 -11 19 -10 18 -10 19 -10 20 -10 20 -9 19 -9 19 -8 20 -8 20 -9 20 ]
2025-05-21 15:08:36,CSI_DATA,STA,D8:B1:90:DB:E8:90,-61,11,1,7,0,0,1,0,0,0,1,-94,0,2,0,160445679,0,110,0,0,86060.1,256,[110 96 6 0 8 -21 9 -21 8 -21 7 -20 7 -20 7 -20 6 -20 5 -20 5 -20 4 -20 3 -20 3 -20 2 -20 2 -20 1 -20 2 -19 3 -19 2 -19 2 -19 2 -19 2 -19 2 -19 3 -18 4 -19 4 -19 0 0 0 0 0 0 0 0 0 0 0 0 0 0 0 0 0 0 0 0 0 0 6 -20 7 -20 8 -20 9 -20 9 -19 10 -20 11 -20 11 -20 12 -20 12 -20 14 -20 13 -20 14 -20 14 -20 13 -19 13 -20 12 -19 12 -20 12 -20 11 -20 11 -21 11 -21 10 -21 10 -21 10 -21 11 -21 ]
2025-05-21 15:08:38,CSI_DATA,STA,D8:B1:90:DB:E8:90,-61,11,1,7,0,0,1,0,0,0,1,-94,0,2,0,162472210,0,110,0,0,86062.2,256,[110 96 6 0 22 -1 20 -2 21 -2 20 -3 20 -3 19 -4 19 -4 18 -5 18 -5 18 -6 17 -6 17 -6 17 -6 17 -7 16 -6 17 -6 16 -7 16 -6 16 -7 17 -6 17 -6 17 -5 16 -5 16 -4 17 -4 0 0 0 0 0 0 0 0 0 0 0 0 0 0 0 0 0 0 0 0 0 0 20 -6 20 -5 20 -3 20 -3 21 -2 21 -1 22 -1 23 -1 23 0 23 1 23 1 24 1 23 2 23 1 22 2 23 1 22 1 22 1 22 0 22 1 22 -1 22 -1 22 -1 22 -1 22 -1 22 -1 ]
2025-05-21 15:08:41,CSI_DATA,STA,D8:B1:90:DB:E8:90,-60,11,1,7,0,0,1,0,0,0,1,-94,0,2,0,165479785,0,110,0,0,86065.2,256,[110 96 6 0 17 -12 16 -12 17 -12 16 -12 16 -12 15 -13 15 -13 14 -14 13 -13 13 -14 12 -15 13 -14 13 -15 13 -15 13 -15 13 -14 12 -14 12 -14 12 -14 12 -14 12 -14 12 -13 12 -13 13 -13 14 -13 0 0 0 0 0 0 0 0 0 0 0 0 0 0 0 0 0 0 0 0 0 0 12 -13 13 -11 14 -11 14 -11 15 -10 15 -11 16 -10 17 -10 17 -10 17 -10 18 -9 18 -9 18 -9 18 -9 18 -9 19 -9 18 -9 18 -10 18 -10 19 -10 18 -10 18 -11 18 -11 18 -11 18
2025-05-21 15:08:51,CSI_DATA,STA,D8:B1:90:DB:E8:90,-61,11,1,7,0,0,1,0,0,0,1,-94,0,2,0,175590643,0,110,0,0,86075.3,256,[110 96 6 0 -4 -22 -5 -21 -4 -21 -5 -21 -5 -20 -5 -21 -5 -19 -6 -21 -5 -20 -8 -20 -8 -20 -9 -20 -9 -20 -9 -20 -9 -20 -9 -20 -9 -19 -9 -20 -9 -20 -9 -19 -8 -19 -8 -19 -8 -19 -8 -19 -7 -19 0 0 0 0 0 0 0 0 0 0 0 0 0 0 0 0 0 0 0 0 0 0 -7 -13 -7 -14 -6 -16 -5 -16 -6 -15 -5 -17 -4 -15 -3 -17 -3 -17 -4 -18 -1 -18 -1 -17 -2 -18 -1 -18 0 -19 -1 -19 0 -19 -1 -19 -1 -19 -1 -20 -1 -19 -1 -20 -2 -21 -2 -2
2025-05-21 15:08:53,CSI_DATA,STA,D8:B1:90:DB:E8:90,-60,11,1,7,0,0,1,0,0,0,1,-94,0,2,0,177579140,0,110,0,0,86077.3,256,[110 96 6 0 11 18 10 18 11 17 11 17 11 16 11 15 11 15 11 15 11 14 11 14 12 14 12 14 12 13 12 13 12 13 12 13 12 12 12 12 11 12 12 12 11 12 11 12 10 12 10 13 9 13 0 0 0 0 0 0 0 0 0 0 0 0 0 0 0 0 0 0 0 0 0 0 12 12 11 13 10 15 10 15 10 16 10 16 9 16 9 17 8 17 8 17 8 18 7 18 8 19 7 18 8 19 8 19 8 18 9 18 9 20 8 19 9 19 9 20 9 18 10 18 10 18 10 18 ]
2025-05-21 15:08:54,CSI_DATA,STA,D8:B1:90:DB:E8:90,-60,11,1,7,0,0,1,1,0,0,0,-94,0,2,0,179085353,0,110,0,0,86078.8,256,[110 96 6 0 -10 18 -10 17 -9 18 -9 17 -8 17 -8 17 -7 17 -6 17 -6 17 -6 17 -5 17 -5 17 -5 17 -5 17 -4 17 -5 18 -5 17 -5 17 -5 17 -5 16 -5 16 -5 16 -6 16 -6 15 -7 15 0 0 0 0 0 0 0 0 0 0 0 0 0 0 0 0 0 0 0 0 0 0 -5 17 -7 17 -8 16 -8 16 -9 16 -9 16 -10 16 -11 16 -11 16 -12 17 -13 17 -13 17 -13 16 -12 16 -13 17 -13 17 -12 17 -12 17 -12 16 -11 17 -11 17 -11 17 -11 18 -11 18 -11 18 -11 18 ]
2025-05-21 15:08:57,CSI_DATA,STA,D8:B1:90:DB:E8:90,-60,11,1,7,0,0,1,0,0,0,1,-94,0,2,0,181605083,0,110,0,0,86081.3,256,[110 96 6 0 8 20 9 20 10 20 9 20 10 19 10 18 10 18 10 18 10 18 10 16 11 16 12 16 12 16 13 15 12 15 12 15 11 15 11 14 11 14 10 15 10 15 9 14 9 15 9 15 8 16 0 0 0 0 0 0 0 0 0 0 0 0 0 0 0 0 0 0 0 0 0 0 12 16 11 17 10 18 10 18 10 19 9 19 8 20 8 20 8 21 8 21 7 22 6 22 6 22 6 22 6 22 7 22 7 22 7 21 7 21 7 21 8 21 8 21 8 22 8 21 8 21 8 22 ]
2025-05-21 15:08:57,CSI_DATA,STA,D8:B1:90:DB:E8:90,-67,11,1,7,0,0,1,1,0,0,0,-94,0,2,0,182109388,0,110,0,0,86081.8,256,[110 96 6 0 11 9 11 8 11 7 11 6 12 5 12 4 12 3 12 2 12 1 12 0 12 -2 12 -2 12 -3 11 -5 12 -6 12 -6 12 -7 12 -7 12 -8 12 -10 12 -9 13 -10 13 -10 13 -11 15 -10 0 0 0 0 0 0 0 0 0 0 0 0 0 0 0 0 0 0 0 0 0 0 -7 3 -8 3 28 28 26 29 26 30 26 31 -7 15 -7 15 -6 15 -6 15 -5 15 -5 14 -4 14 -3 14 -2 14 0 14 1 13 1 12 3 12 4 13 5 12 6 12 7 12 7 11 8 10 9 11 ]
2025-05-21 15:09:02,CSI_DATA,STA,D8:B1:90:DB:E8:90,-61,11,1,7,0,0,1,0,0,0,1,-94,0,2,0,187133683,0,110,0,0,86086.8,256,[110 96 6 0 8 19 9 19 9 17 9 19 10 18 10 17 11 17 10 16 11 16 11 15 12 15 11 15 11 14 11 14 11 14 11 15 11 14 11 13 11 13 10 13 10 14 10 13 10 13 9 14 9 14 0 0 0 0 0 0 0 0 0 0 0 0 0 0 0 0 0 0 0 0 0 0 12 15 11 15 9 17 10 17 9 18 10 18 8 19 8 20 7 21 7 20 7 22 7 21 6 22 7 21 7 21 6 20 7 21 7 20 7 20 8 20 9 20 8 20 8 20 8 20 9 20 9 20 ]
2025-05-21 15:09:06,CSI_DATA,STA,D8:B1:90:DB:E8:90,-60,11,1,7,0,0,1,0,0,0,1,-94,0,2,0,190650705,0,110,0,0,86090.4,256,[110 96 6 0 16 7 16 7 17 6 16 6 16 6 16 6 16 5 16 4 15 4 16 3 15 3 15 3 15 4 15 3 16 2 16 3 15 3 15 3 15 3 14 3 15 3 14 3 14 3 14 4 14 5 0 0 0 0 0 0 0 0 0 0 0 0 0 0 0 0 0 0 0 0 0 0 16 4 16 4 15 5 15 6 15 7 16 7 16 8 16 8 16 9 16 9 17 10 17 10 17 10 16 10 16 11 16 10 16 10 17 10 16 9 16 9 17 9 17 9 17 8 17 8 17 8 17 8 ]
2025-05-21 15:09:11,CSI_DATA,STA,D8:B1:90:DB:E8:90,-59,11,1,7,0,0,1,1,0,0,1,-96,0,2,0,195681361,0,110,0,0,86095.4,256,[110 96 6 0 19 5 19 4 19 3 19 3 18 3 18 3 18 1 18 1 18 0 18 0 18 0 18 -1 17 -1 18 -1 18 -1 18 -1 18 -1 18 -1 17 -1 17 -1 17 -1 17 -1 16 0 16 0 16 1 0 0 0 0 0 0 0 0 0 0 0 0 0 0 0 0 0 0 0 0 0 0 17 -1 17 0 17 2 17 2 17 2 18 3 19 4 20 5 19 6 20 6 20 7 19 7 19 7 19 7 19 7 19 6 18 7 19 6 21 6 20 7 20 6 20 6 20 6 20 6 20 6 20 5 ]
2025-05-21 15:09:11,CSI_DATA,STA,D8:B1:90:DB:E8:90,-59,11,1,7,0,0,1,1,0,0,1,-96,0,2,0,196181690,0,110,0,0,86095.9,256,[110 96 6 0 2 20 3 20 3 19 3 19 4 19 4 19 5 18 5 17 5 17 6 17 6 16 7 16 7 16 8 16 8 16 8 16 8 16 8 16 8 16 7 15 8 15 7 15 7 14 6 16 5 15 0 0 0 0 0 0 0 0 0 0 0 0 0 0 0 0 0 0 0 0 0 0 7 16 6 16 4 17 4 17 4 18 3 18 3 19 2 19 2 20 1 20 1 21 1 21 1 20 0 21 1 20 1 21 1 21 1 21 1 21 1 21 1 21 2 21 2 21 2 21 2 21 3 21 ]
2025-05-21 15:09:12,CSI_DATA,STA,D8:B1:90:DB:E8:90,-58,11,1,6,0,0,1,0,0,0,1,-96,0,2,0,196681546,0,110,0,0,86096.4,256,[110 96 6 0 -3 5 -2 3 -1 0 0 -3 -1 -7 -1 -9 -2 -14 -2 -17 -4 -19 -7 -21 -9 -23 -11 -24 -13 -25 -13 -24 -14 -23 -15 -22 -14 -20 -14 -18 -12 -15 -9 -13 -6 -10 -3 -8 0 -6 4 -5 7 -3 0 0 0 0 0 0 0 0 0 0 0 0 0 0 0 0 0 0 0 0 0 0 17 -12 19 -13 20 -12 21 -13 23 -12 24 -12 25 -12 25 -13 26 -13 25 -12 24 -10 23 -10 20 -8 18 -7 15 -5 12 -3 9 -2 6 -1 4 1 1 3 0 4 -2 5 -3 8 -4 8 -5 8 -5 9 ]
