2025-05-22 14:47:52,CSI_DATA,STA,D8:B1:90:DB:E8:90,-41,11,1,7,0,0,1,0,0,0,1,-94,0,2,0,3699577594,0,110,0,0,171204,256,[110 96 6 0 24 1 24 0 23 0 23 -1 22 -1 22 -2 21 -2 21 -4 20 -4 20 -5 20 -5 20 -5 20 -5 19 -6 20 -6 19 -5 19 -5 19 -5 19 -5 19 -4 19 -4 18 -3 18 -3 18 -2 18 0 0 0 0 0 0 0 0 0 0 0 0 0 0 0 0 0 0 0 0 0 0 0 18 -4 19 -3 18 -2 19 -2 19 -1 20 0 21 0 21 0 22 1 22 1 22 1 22 2 22 2 23 3 23 2 22 2 23 2 23 1 24 2 23 1 24 1 24 1 24 1 25 0 25 1 24 0 ]
2025-05-22 14:47:52,CSI_DATA,STA,D8:B1:90:DB:E8:90,-43,11,1,7,0,0,1,1,1,0,1,-94,0,2,0,3700078511,0,110,0,0,171204,384,[110 96 6 0 24 32 22 31 19 27 17 21 15 15 13 8 11 0 11 -8 10 -15 10 -21 10 -27 10 -32 10 -35 11 -36 11 -36 11 -35 10 -33 8 -30 6 -26 3 -22 0 -18 -3 -13 -5 -10 -8 -7 -10 -4 0 0 0 0 0 0 0 0 0 0 0 0 0 0 0 0 0 0 0 0 0 0 19 -17 18 -14 16 -12 13 -11 8 -11 3 -10 -2 -11 -7 -13 -12 -15 -16 -18 -19 -21 -20 -24 -21 -25 -21 -27 -18 -27 -14 -26 -11 -24 -6 -20 -1 -16 5 -11 10 -6 16 1 20 8 24 14 26 20 27 26
2025-05-22 14:47:56,CSI_DATA,STA,D8:B1:90:DB:E8:90,-42,11,1,7,0,0,1,0,0,0,1,-94,0,2,0,3704141323,0,110,0,0,171208,256,[110 96 6 0 24 9 24 9 23 8 22 8 22 7 22 7 22 6 21 5 21 4 21 4 21 4 21 3 21 3 21 2 21 3 21 3 21 3 21 3 20 3 19 3 19 3 19 4 18 5 19 6 18 7 0 0 0 0 0 0 0 0 0 0 0 0 0 0 0 0 0 0 0 0 0 0 19 5 18 7 18 7 18 8 18 9 18 9 19 10 20 11 20 11 20 13 19 13 20 13 20 13 20 14 21 13 21 13 21 13 22 12 22 11 23 11 23 10 24 11 23 10 23 10 23 10 24 10 ]
2025-05-22 14:48:01,CSI_DATA,STA,D8:B1:90:DB:E8:90,-41,11,1,7,0,0,1,0,0,0,1,-94,0,2,0,3708687535,0,110,0,0,171213,256,[110 96 6 0 7 24 7 24 7 23 7 22 7 22 7 21 8 21 9 20 9 20 9 20 10 19 10 18 10 18 10 18 9 18 10 18 10 18 9 18 9 18 8 17 7 17 6 17 6 17 5 18 4 18 0 0 0 0 0 0 0 0 0 0 0 0 0 0 0 0 0 0 0 0 0 0 7 17 6 18 5 18 5 19 4 19 4 20 4 21 3 21 3 22 3 22 4 22 4 23 3 23 3 23 4 23 4 23 4 23 4 23 5 23 5 23 5 24 6 24 6 24 6 24 6 24 7 25 ]
2025-05-22 14:48:01,CSI_DATA,STA,D8:B1:90:DB:E8:90,-42,11,1,7,0,0,1,1,1,0,1,-94,0,2,0,3709189905,0,110,0,0,171213,384,[110 96 6 0 7 36 6 35 5 30 5 25 6 18 8 12 9 5 12 -2 14 -8 17 -14 19 -19 21 -22 23 -25 23 -26 24 -26 23 -25 22 -24 18 -21 15 -19 12 -17 7 -15 3 -12 -1 -10 -4 -9 -7 -8 0 0 0 0 0 0 0 0 0 0 0 0 0 0 0 0 0 0 0 0 0 0 22 -6 20 -5 17 -3 13 -4 9 -5 5 -7 1 -10 -3 -13 -6 -17 -9 -21 -9 -25 -10 -28 -10 -29 -8 -30 -7 -29 -4 -27 -1 -24 2 -19 4 -14 7 -7 10 0 12 7 13 15 13 22 12 28 12 33 ]
2025-05-22 14:48:02,CSI_DATA,STA,D8:B1:90:DB:E8:90,-42,11,1,7,0,0,1,1,1,0,1,-94,0,2,0,3710190191,0,110,0,0,171214,384,[110 96 6 0 25 -26 24 -23 21 -20 17 -18 11 -15 5 -14 -1 -11 -8 -10 -14 -9 -20 -8 -25 -8 -29 -8 -32 -8 -32 -8 -33 -8 -32 -8 -30 -7 -27 -6 -23 -4 -19 -2 -15 0 -12 3 -9 5 -6 7 -4 10 0 0 0 0 0 0 0 0 0 0 0 0 0 0 0 0 0 0 0 0 0 0 -18 -14 -15 -13 -12 -12 -11 -9 -9 -5 -9 0 -8 5 -9 10 -10 14 -11 18 -13 21 -15 23 -17 23 -18 22 -19 20 -19 17 -18 13 -15 8 -12 3 -9 -2 -4 -9 1 -14 5 -19 10 -22 15 -25 21 -27
2025-05-22 14:48:04,CSI_DATA,STA,D8:B1:90:DB:E8:90,-42,11,1,7,0,0,1,0,0,0,1,-94,0,2,0,3712195495,0,110,0,0,171216,256,[110 96 6 0 14 18 14 18 14 17 15 17 15 17 15 16 15 16 15 13 15 13 15 13 15 13 15 12 15 13 14 12 15 12 15 13 15 13 14 12 14 13 13 12 13 13 12 13 12 13 11 14 10 15 0 0 0 0 0 0 0 0 0 0 0 0 0 0 0 0 0 0 0 0 0 0 12 12 11 13 11 14 11 15 11 15 10 16 11 16 10 17 11 17 10 18 11 19 11 19 11 20 11 20 11 19 11 19 11 19 11 19 12 19 13 19 13 19 14 19 13 18 13 18 14 19 14 19 ]
2025-05-22 14:48:05,CSI_DATA,STA,D8:B1:90:DB:E8:90,-42,11,1,7,0,0,1,1,1,0,1,-94,0,2,0,3712696253,0,110,0,0,171217,384,[110 96 6 0 -39 14 -36 12 -32 10 -26 9 -19 10 -12 9 -4 10 2 12 10 13 16 15 21 17 25 19 28 20 30 22 30 21 29 21 27 19 24 17 21 14 18 10 15 6 12 2 10 -2 9 -6 8 -9 0 0 0 0 0 0 0 0 0 0 0 0 0 0 0 0 0 0 0 0 0 0 12 21 9 19 7 16 7 12 7 8 8 3 10 -2 12 -7 15 -11 19 -15 22 -17 25 -18 27 -18 27 -17 27 -15 26 -11 23 -8 19 -4 14 0 8 4 1 9 -6 12 -13 15 -20 17 -27 17 -32 17 ]
2025-05-22 14:48:08,CSI_DATA,STA,D8:B1:90:DB:E8:90,-42,11,1,7,0,0,1,0,0,0,1,-94,0,2,0,3715709546,0,110,0,0,171220,256,[110 96 6 0 -22 -12 -22 -11 -21 -11 -21 -10 -21 -10 -21 -9 -20 -9 -20 -7 -19 -7 -20 -7 -20 -6 -20 -6 -20 -6 -20 -6 -20 -6 -19 -6 -19 -6 -19 -7 -18 -7 -18 -7 -18 -7 -17 -7 -17 -8 -16 -9 -16 -10 0 0 0 0 0 0 0 0 0 0 0 0 0 0 0 0 0 0 0 0 0 0 -17 -6 -17 -8 -16 -9 -17 -10 -16 -10 -17 -11 -17 -11 -18 -12 -18 -12 -18 -13 -18 -14 -18 -14 -18 -14 -18 -14 -19 -14 -19 -14 -19 -14 -19 -14 -20 -13 -19 -13 -
2025-05-22 14:48:09,CSI_DATA,STA,D8:B1:90:DB:E8:90,-42,11,1,7,0,0,1,1,1,0,1,-94,0,2,0,3717230971,0,110,0,0,171221,384,[110 96 6 0 8 -41 7 -37 7 -32 4 -27 1 -21 -4 -16 -8 -9 -14 -4 -18 1 -23 6 -27 11 -31 13 -33 15 -35 16 -34 16 -33 16 -30 15 -27 14 -22 13 -18 12 -12 11 -7 10 -2 10 2 10 5 10 0 0 0 0 0 0 0 0 0 0 0 0 0 0 0 0 0 0 0 0 0 0 -24 -7 -20 -8 -17 -7 -14 -5 -11 -1 -8 3 -5 8 -3 14 -3 19 -2 24 -3 28 -4 30 -5 32 -7 32 -9 30 -10 27 -11 22 -11 16 -11 10 -11 2 -10 -6 -8 -14 -7 -21 -4 -28 0 -34 4 -38 ]
2025-05-22 14:48:10,CSI_DATA,STA,D8:B1:90:DB:E8:90,-43,11,1,1,0,0,1,0,0,0,0,-94,0,2,0,3717743938,0,110,0,0,171222,256,[110 96 6 0 19 30 18 35 35 30 8 27 13 9 14 8 14 -22 11 -10 12 -15 14 -21 -5 -25 15 -34 17 -37 20 -31 29 -17 17 -30 20 -27 10 -23 24 -33 1 -24 1 -20 -1 -17 -16 -23 -2 -11 -12 -8 0 0 0 0 0 0 0 0 0 0 0 0 0 0 0 0 0 0 0 0 0 0 18 -18 18 -21 -3 -17 13 -17 3 -9 1 -7 -14 11 -9 -9 -19 -13 -22 -18 -43 -22 -23 -28 -27 -22 -21 -28 -26 -8 -7 -26 -9 -28 -2 -15 -17 -13 10 -5 14 -2 17 9 28 28 23 17 25 20 29 3
2025-05-22 14:48:10,CSI_DATA,STA,D8:B1:90:DB:E8:90,-42,11,1,2,0,0,1,0,0,0,0,-94,0,2,0,3718258897,0,110,0,0,171222,256,[110 96 6 0 -18 -38 -16 -35 -14 -31 -13 -25 -13 -18 -13 -10 -12 -2 -13 6 -14 13 -14 20 -15 26 -16 30 -16 33 -17 35 -16 35 -16 34 -14 31 -12 28 -9 24 -6 20 -2 16 1 12 4 8 8 5 10 3 0 0 0 0 0 0 0 0 0 0 0 0 0 0 0 0 0 0 0 0 0 0 -25 4 -22 2 -19 2 -15 3 -10 4 -5 7 -1 11 3 15 7 19 9 23 10 27 10 30 10 32 9 32 7 31 4 29 0 25 -3 20 -6 14 -10 8 -14 0 -16 -7 -20 -15 -21 -22 -22 -29 -21 -35 ]
2025-05-22 14:48:13,CSI_DATA,STA,D8:B1:90:DB:E8:90,-43,11,1,3,0,0,1,0,0,0,0,-94,0,2,0,3720768504,0,110,0,0,171225,256,[110 96 6 0 -31 28 -30 25 -26 22 -21 19 -14 16 -7 13 0 10 8 8 15 6 22 4 28 3 33 3 36 2 38 2 38 1 37 1 35 0 31 0 26 -2 22 -3 17 -5 12 -6 7 -8 4 -10 0 -11 0 0 0 0 0 0 0 0 0 0 0 0 0 0 0 0 0 0 0 0 0 0 12 23 10 21 8 18 6 14 7 9 7 3 9 -2 11 -8 14 -13 17 -17 20 -20 23 -21 25 -22 27 -21 27 -20 25 -16 23 -12 20 -8 16 -2 11 4 6 10 -1 16 -7 21 -13 24 -20 28 -25 29 ]
2025-05-22 14:48:16,CSI_DATA,STA,D8:B1:90:DB:E8:90,-43,11,1,5,0,0,1,0,0,0,1,-94,0,2,0,3723780975,0,110,0,0,171228,256,[110 96 6 0 -36 -10 -33 -10 -29 -9 -24 -6 -19 -3 -14 1 -9 6 -4 11 0 15 4 20 7 24 9 27 11 30 11 31 11 31 11 30 11 27 10 24 9 20 9 16 8 12 8 7 8 3 8 0 9 -3 0 0 0 0 0 0 0 0 0 0 0 0 0 0 0 0 0 0 0 0 0 0 -7 21 -7 18 -6 15 -4 12 -1 10 2 7 7 5 11 3 16 3 20 3 23 3 26 5 27 6 27 7 26 8 22 9 18 10 14 10 8 10 2 9 -6 8 -13 6 -20 4 -25 2 -30 -2 -34 -5 ]
2025-05-22 14:48:17,CSI_DATA,STA,D8:B1:90:DB:E8:90,-42,11,1,7,0,0,1,0,0,0,1,-94,0,2,0,3725291525,0,110,0,0,171229,256,[110 96 6 0 -23 5 -23 5 -22 5 -22 6 -21 6 -21 6 -20 7 -19 7 -19 7 -19 8 -18 8 -18 8 -18 8 -18 8 -18 8 -18 7 -18 7 -18 7 -17 6 -18 5 -18 5 -18 5 -18 4 -18 3 -18 2 0 0 0 0 0 0 0 0 0 0 0 0 0 0 0 0 0 0 0 0 0 0 -19 5 -19 3 -20 3 -20 3 -20 2 -21 2 -22 1 -22 1 -23 0 -23 0 -23 1 -23 0 -24 1 -23 0 -24 0 -24 0 -24 0 -24 0 -24 1 -24 1 -25 1 -25 2 -24 3 -24 4 -24 4 -23 4 ]
2025-05-22 14:48:19,CSI_DATA,STA,D8:B1:90:DB:E8:90,-41,11,1,7,0,0,1,0,0,0,1,-94,0,2,0,3727299131,0,110,0,0,171231,256,[110 96 6 0 -25 -3 -25 -2 -24 -2 -24 -1 -23 0 -23 0 -23 1 -22 1 -22 2 -22 2 -22 2 -22 3 -22 3 -21 3 -21 3 -20 2 -21 2 -20 2 -20 1 -20 0 -20 0 -19 0 -20 -1 -19 -2 -19 -3 0 0 0 0 0 0 0 0 0 0 0 0 0 0 0 0 0 0 0 0 0 0 -19 -1 -20 -2 -20 -3 -20 -4 -20 -5 -22 -5 -21 -5 -22 -6 -22 -6 -23 -7 -23 -7 -23 -8 -23 -8 -23 -8 -23 -7 -23 -7 -23 -7 -23 -7 -25 -7 -24 -6 -25 -6 -25 -5 -25 -4 -26 -3 -26 -3 -25 -3
2025-05-22 14:48:20,CSI_DATA,STA,D8:B1:90:DB:E8:90,-41,11,1,7,0,0,1,0,0,0,1,-94,0,2,0,3727797675,0,110,0,0,171232,256,[110 96 6 0 10 -26 10 -26 10 -25 9 -25 8 -25 8 -25 7 -25 5 -24 5 -24 4 -24 4 -24 3 -24 3 -24 3 -23 3 -24 3 -23 3 -23 3 -22 4 -22 4 -22 5 -21 5 -21 6 -21 6 -20 8 -20 0 0 0 0 0 0 0 0 0 0 0 0 0 0 0 0 0 0 0 0 0 0 5 -21 7 -20 7 -20 8 -21 9 -21 10 -21 10 -21 11 -22 12 -22 12 -22 13 -23 14 -23 14 -23 14 -23 14 -22 14 -22 14 -22 14 -23 13 -24 13 -24 12 -25 13 -25 12 -27 11 -27 11 -27 10 -26 ]
2025-05-22 14:48:20,CSI_DATA,STA,D8:B1:90:DB:E8:90,-42,11,1,6,0,0,1,0,0,0,1,-94,0,2,0,3728297579,0,110,0,0,171232,256,[110 96 6 0 2 -38 2 -35 2 -31 0 -26 -2 -20 -5 -14 -8 -7 -13 -1 -16 4 -20 9 -23 13 -26 16 -27 19 -28 20 -28 20 -27 20 -25 19 -22 17 -18 15 -14 13 -10 12 -5 10 -1 9 2 8 6 7 0 0 0 0 0 0 0 0 0 0 0 0 0 0 0 0 0 0 0 0 0 0 -23 -6 -20 -7 -17 -6 -13 -4 -10 0 -7 3 -5 8 -3 13 -2 18 -1 22 -2 26 -3 28 -4 30 -5 30 -7 28 -8 25 -9 21 -10 16 -10 9 -11 3 -11 -5 -10 -13 -9 -20 -7 -26 -4 -32 -2 -36 ]
2025-05-22 14:48:23,CSI_DATA,STA,D8:B1:90:DB:E8:90,-42,11,1,7,0,0,1,0,0,0,0,-94,0,2,0,3730843439,0,110,0,0,171235,256,[110 96 6 0 -43 1 -40 1 -34 0 -29 1 -22 4 -16 7 -8 10 -2 14 5 18 10 22 15 25 18 28 21 31 21 31 22 32 21 30 20 28 18 25 16 21 14 16 12 11 11 6 10 2 9 -2 9 -6 0 0 0 0 0 0 0 0 0 0 0 0 0 0 0 0 0 0 0 0 0 0 4 25 2 23 1 19 2 15 4 11 8 7 11 3 16 -1 20 -3 24 -5 28 -6 31 -5 34 -5 33 -3 33 -1 29 2 25 4 19 6 12 8 5 10 -4 11 -12 11 -20 12 -27 11 -34 9 -40 7 ]
2025-05-22 14:48:27,CSI_DATA,STA,D8:B1:90:DB:E8:90,-42,11,1,7,0,0,1,0,0,0,1,-94,0,2,0,3734876655,0,110,0,0,171239,256,[110 96 6 0 -30 -27 -28 -25 -24 -22 -21 -18 -18 -12 -16 -6 -13 1 -12 8 -11 14 -10 20 -10 26 -11 30 -10 33 -11 34 -11 34 -11 33 -10 31 -9 28 -7 24 -4 21 -2 17 1 13 4 10 6 8 9 6 0 0 0 0 0 0 0 0 0 0 0 0 0 0 0 0 0 0 0 0 0 0 -8 22 -8 19 -8 16 -6 14 -2 11 2 9 7 8 12 7 16 7 20 7 23 9 26 11 27 13 26 14 25 15 20 15 16 15 11 13 5 12 -1 9 -8 5 -14 0 -21 -4 -25 -9 -29 -15 -31 -20 ]
2025-05-22 14:48:28,CSI_DATA,STA,D8:B1:90:DB:E8:90,-41,11,1,7,0,0,1,1,0,0,1,-94,0,2,0,3735879141,0,110,0,0,171240,256,[110 96 6 0 -8 -27 -9 -27 -8 -26 -9 -25 -9 -24 -9 -24 -9 -23 -10 -23 -10 -23 -11 -22 -11 -22 -12 -22 -12 -22 -12 -22 -11 -22 -11 -21 -10 -21 -10 -21 -9 -21 -9 -21 -8 -21 -8 -21 -7 -21 -6 -21 -4 -21 0 0 0 0 0 0 0 0 0 0 0 0 0 0 0 0 0 0 0 0 0 0 -8 -19 -6 -20 -5 -21 -5 -22 -4 -22 -4 -22 -3 -23 -2 -24 -2 -24 -2 -25 -3 -26 -2 -26 -2 -26 -2 -27 -3 -26 -3 -27 -3 -26 -3 -27 -4 -27 -4 -27 -5 -27 -5 -27
2025-05-22 14:48:35,CSI_DATA,STA,D8:B1:90:DB:E8:90,-42,11,1,7,0,0,1,0,0,0,1,-94,0,2,0,3742921693,0,110,0,0,171247,256,[110 96 6 0 35 12 33 11 28 10 24 7 19 3 14 -2 9 -8 5 -13 1 -18 -2 -23 -5 -28 -7 -31 -8 -34 -9 -34 -9 -35 -8 -33 -8 -31 -7 -27 -7 -23 -8 -18 -8 -13 -9 -9 -9 -5 -10 -1 -11 2 0 0 0 0 0 0 0 0 0 0 0 0 0 0 0 0 0 0 0 0 0 0 5 -23 6 -20 5 -17 3 -14 0 -11 -4 -8 -9 -6 -14 -5 -19 -4 -23 -5 -26 -6 -28 -7 -30 -8 -29 -10 -27 -11 -24 -12 -20 -13 -14 -12 -7 -12 -1 -11 7 -9 14 -7 20 -4 26 -1 31 3 35 7 ]
2025-05-22 14:48:43,CSI_DATA,STA,D8:B1:90:DB:E8:90,-43,11,1,7,0,0,1,0,0,0,1,-94,0,2,0,3751006307,0,110,0,0,171255,256,[110 96 6 0 12 34 11 33 9 28 9 23 9 17 9 11 11 3 13 -3 14 -10 16 -15 18 -20 19 -24 21 -27 22 -27 23 -28 21 -26 20 -25 18 -22 15 -20 11 -17 7 -15 3 -12 0 -11 -4 -9 -7 -8 0 0 0 0 0 0 0 0 0 0 0 0 0 0 0 0 0 0 0 0 0 0 19 -12 18 -10 15 -8 12 -7 7 -7 3 -8 -2 -10 -6 -12 -10 -15 -13 -18 -15 -21 -15 -24 -16 -26 -14 -27 -13 -26 -9 -25 -6 -22 -2 -18 1 -14 5 -8 9 -1 12 6 14 12 16 18 16 25 16 30 ]
2025-05-22 14:48:44,CSI_DATA,STA,D8:B1:90:DB:E8:90,-41,11,1,7,0,0,1,1,0,0,1,-94,0,2,0,3752025743,0,110,0,0,171256,256,[110 96 6 0 -24 15 -24 15 -23 15 -23 15 -22 15 -22 15 -21 15 -19 16 -19 16 -19 17 -18 17 -18 17 -18 17 -17 17 -18 17 -18 16 -17 16 -18 15 -18 14 -19 14 -19 14 -18 13 -19 12 -19 11 -20 10 0 0 0 0 0 0 0 0 0 0 0 0 0 0 0 0 0 0 0 0 0 0 -17 12 -18 11 -19 10 -20 9 -20 9 -21 9 -21 9 -21 9 -22 9 -23 8 -24 8 -24 8 -24 8 -24 8 -23 9 -24 10 -24 10 -24 10 -24 11 -24 11 -24 12 -24 13 -23 14 -24 14 -24 15 -
2025-05-22 14:48:45,CSI_DATA,STA,D8:B1:90:DB:E8:90,-42,11,1,7,0,0,1,0,0,0,0,-94,0,2,0,3753016621,0,110,0,0,171257,256,[110 96 6 0 37 -6 34 -4 31 -3 25 -4 19 -5 14 -8 7 -10 2 -14 -4 -18 -9 -21 -13 -25 -15 -29 -17 -31 -17 -32 -16 -33 -15 -32 -14 -30 -13 -27 -12 -23 -11 -19 -10 -15 -10 -10 -10 -6 -11 -2 -11 1 0 0 0 0 0 0 0 0 0 0 0 0 0 0 0 0 0 0 0 0 0 0 -17 -17 -14 -16 -11 -15 -10 -11 -10 -7 -10 -3 -11 2 -12 6 -15 10 -18 13 -21 15 -23 16 -25 16 -26 14 -26 12 -25 8 -22 5 -18 2 -13 -2 -7 -5 0 -9 8 -10 14 -12 21 -1
2025-05-22 14:48:46,CSI_DATA,STA,D8:B1:90:DB:E8:90,-43,11,1,6,0,0,1,0,0,0,1,-94,0,2,0,3753517612,0,110,0,0,171258,256,[110 96 6 0 36 -6 33 -5 29 -5 24 -5 18 -6 11 -8 5 -10 -2 -13 -8 -15 -14 -18 -19 -20 -22 -22 -25 -23 -26 -25 -26 -25 -25 -24 -24 -22 -21 -20 -19 -17 -17 -13 -14 -9 -12 -5 -10 -1 -8 2 -7 6 0 0 0 0 0 0 0 0 0 0 0 0 0 0 0 0 0 0 0 0 0 0 -2 -23 0 -21 0 -18 -1 -14 -3 -11 -6 -6 -9 -3 -13 0 -17 3 -21 5 -25 5 -28 5 -29 4 -29 3 -29 1 -26 -1 -22 -3 -18 -5 -12 -7 -6 -9 1 -11 8 -12 15 -13 22 -13 28 -12 33 -
2025-05-22 14:48:58,CSI_DATA,STA,D8:B1:90:DB:E8:90,-42,11,1,7,0,0,1,0,0,0,1,-94,0,2,0,3765567595,0,110,0,0,171270,256,[110 96 6 0 27 -3 26 -3 26 -3 25 -5 24 -5 24 -6 24 -6 23 -6 23 -7 23 -7 22 -7 21 -6 21 -6 21 -7 21 -7 22 -5 21 -5 21 -5 21 -4 21 -3 21 -3 20 -2 20 -1 20 1 20 2 0 0 0 0 0 0 0 0 0 0 0 0 0 0 0 0 0 0 0 0 0 0 19 -4 20 -2 20 -1 20 -1 21 0 21 0 21 -1 22 0 22 1 23 1 24 2 24 3 25 3 25 4 24 3 25 2 25 2 25 2 25 0 25 0 25 -1 26 -1 26 -2 26 -2 27 -2 26 -3 ]
2025-05-22 14:49:02,CSI_DATA,STA,D8:B1:90:DB:E8:90,-41,11,1,7,0,0,1,0,0,0,1,-94,0,2,0,3769587817,0,110,0,0,171274,256,[110 96 6 0 18 15 18 14 18 14 18 13 18 12 18 12 17 11 18 11 18 10 18 10 18 10 18 10 18 10 18 9 18 9 18 10 17 10 17 10 16 10 16 9 15 10 15 10 14 10 14 11 13 12 0 0 0 0 0 0 0 0 0 0 0 0 0 0 0 0 0 0 0 0 0 0 14 10 13 11 13 12 13 13 13 13 13 14 13 15 13 15 13 16 13 16 14 17 14 17 14 18 14 18 14 18 14 17 15 18 15 18 15 17 16 17 16 16 17 17 17 16 18 16 18 16 18 16 ]
2025-05-22 14:49:05,CSI_DATA,STA,D8:B1:90:DB:E8:90,-42,11,1,7,0,0,1,0,0,0,1,-94,0,2,0,3772596624,0,110,0,0,171277,256,[110 96 6 0 -20 -19 -20 -19 -20 -18 -19 -17 -19 -17 -19 -16 -19 -16 -20 -15 -20 -14 -20 -14 -20 -14 -20 -13 -20 -13 -20 -13 -20 -13 -20 -14 -19 -13 -19 -13 -18 -14 -18 -14 -18 -14 -17 -15 -17 -15 -15 -15 -14 -16 0 0 0 0 0 0 0 0 0 0 0 0 0 0 0 0 0 0 0 0 0 0 -16 -14 -16 -15 -15 -16 -15 -16 -15 -18 -15 -18 -15 -18 -15 -20 -15 -20 -15 -21 -15 -20 -15 -20 -15 -21 -15 -21 -15 -21 -16 -21 -16 -21 -16
2025-05-22 14:49:16,CSI_DATA,STA,D8:B1:90:DB:E8:90,-47,11,1,7,0,0,1,0,0,0,1,-94,0,2,0,3783722532,0,110,0,0,171288,256,[110 96 6 0 28 -5 27 -4 28 -3 31 -11 31 -11 30 -11 30 -10 8 -14 8 -14 8 -14 7 -14 -12 9 -12 9 -13 9 -13 9 -4 -18 -3 -18 -4 -18 -3 -18 0 -12 0 -12 0 -12 0 -12 2 -9 2 -9 0 0 0 0 0 0 0 0 0 0 0 0 0 0 0 0 0 0 0 0 0 0 11 13 9 14 5 -12 6 -11 6 -12 6 -12 -1 -2 -1 -2 0 -2 0 -2 13 -22 14 -21 15 -21 15 -21 23 -10 23 -11 23 -10 24 -10 4 17 4 17 4 16 5 16 27 23 27 23 27 23 30 22 ]
2025-05-22 14:49:16,CSI_DATA,STA,D8:B1:90:DB:E8:90,-43,11,1,7,0,0,1,1,1,0,1,-94,0,2,0,3784224909,0,110,0,0,171288,384,[110 96 6 0 -34 16 -32 14 -28 12 -23 11 -17 10 -10 10 -3 10 4 11 11 11 16 12 22 13 25 14 28 14 30 14 30 14 30 14 28 13 25 11 22 8 19 6 16 3 13 0 10 -3 7 -5 5 -8 0 0 0 0 0 0 0 0 0 0 0 0 0 0 0 0 0 0 0 0 0 0 9 20 7 18 5 16 5 12 5 8 7 4 9 -1 11 -5 14 -9 18 -12 21 -14 24 -15 26 -15 26 -14 26 -12 24 -9 21 -6 18 -2 13 1 8 6 1 10 -5 13 -12 16 -18 18 -24 19 -29 19 ]
2025-05-22 14:49:17,CSI_DATA,STA,D8:B1:90:DB:E8:90,-42,11,1,7,0,0,1,1,1,0,1,-94,0,2,0,3784724275,0,110,0,0,171289,384,[110 96 6 0 -37 22 -34 20 -30 17 -24 15 -17 13 -9 12 -1 11 7 11 15 9 22 10 28 10 32 10 36 10 38 10 38 10 36 10 33 9 30 7 26 4 21 2 17 -1 13 -4 8 -7 5 -9 3 -12 0 0 0 0 0 0 0 0 0 0 0 0 0 0 0 0 0 0 0 0 0 0 9 24 7 21 5 18 5 14 6 9 7 3 9 -2 12 -7 16 -11 20 -15 23 -17 26 -19 29 -18 29 -17 29 -15 28 -12 24 -8 20 -4 15 1 9 6 2 11 -5 15 -12 20 -19 22 -25 24 -31 25 ]
2025-05-22 14:49:18,CSI_DATA,STA,D8:B1:90:DB:E8:90,-42,11,1,5,0,0,1,0,0,0,0,-94,0,2,0,3786246773,0,110,0,0,171290,256,[110 96 6 0 37 5 34 5 30 4 25 3 19 -1 14 -4 8 -9 3 -13 -3 -18 -7 -22 -10 -26 -13 -29 -15 -32 -15 -33 -15 -33 -15 -32 -14 -30 -13 -26 -12 -22 -12 -18 -11 -13 -11 -8 -11 -4 -11 0 -11 3 0 0 0 0 0 0 0 0 0 0 0 0 0 0 0 0 0 0 0 0 0 0 -1 -24 0 -22 0 -18 -1 -15 -3 -11 -6 -7 -9 -4 -14 -1 -18 2 -23 2 -26 3 -29 2 -31 1 -31 0 -30 -2 -27 -4 -23 -6 -17 -7 -11 -9 -4 -9 3 -9 11 -9 19 -8 25 -6 31 -3 36 -1 ]
2025-05-22 14:49:21,CSI_DATA,STA,D8:B1:90:DB:E8:90,-41,11,1,7,0,0,1,0,0,0,1,-94,0,2,0,3788765290,0,110,0,0,171293,256,[110 96 6 0 -23 -11 -23 -10 -23 -10 -22 -10 -22 -9 -22 -9 -22 -8 -22 -6 -22 -6 -22 -6 -22 -5 -22 -4 -22 -4 -22 -4 -21 -4 -20 -5 -20 -5 -20 -5 -19 -5 -19 -6 -19 -6 -19 -7 -18 -7 -18 -8 -17 -9 0 0 0 0 0 0 0 0 0 0 0 0 0 0 0 0 0 0 0 0 0 0 -19 -6 -18 -8 -18 -9 -19 -9 -19 -10 -19 -11 -19 -10 -20 -11 -20 -11 -20 -12 -20 -13 -20 -13 -20 -13 -20 -13 -20 -13 -21 -13 -21 -13 -21 -13 -22 -13 -22 -12 -23
2025-05-22 14:49:22,CSI_DATA,STA,D8:B1:90:DB:E8:90,-42,11,1,7,0,0,1,1,1,0,1,-94,0,2,0,3790306369,0,110,0,0,171294,384,[110 96 6 0 -40 2 -37 1 -32 0 -27 1 -22 4 -16 6 -9 9 -4 13 1 17 6 20 10 25 12 28 14 30 14 31 14 32 14 31 13 29 12 26 11 22 10 18 10 13 10 9 10 5 11 2 11 -1 0 0 0 0 0 0 0 0 0 0 0 0 0 0 0 0 0 0 0 0 0 0 14 18 12 17 9 15 8 11 8 8 9 3 11 -2 13 -6 16 -10 19 -13 22 -14 25 -15 27 -14 28 -12 27 -11 25 -8 22 -4 18 -1 12 2 6 5 -2 8 -9 10 -17 11 -24 11 -30 10 -35 8 ]
2025-05-22 14:49:25,CSI_DATA,STA,D8:B1:90:DB:E8:90,-46,11,1,7,0,0,1,0,0,0,1,-94,0,2,0,3792809869,0,110,0,0,171297,256,[110 96 6 0 3 -32 4 -32 5 -32 1 -32 2 -31 3 -31 4 -30 -4 -27 -3 -27 -3 -26 -3 -26 -3 -25 -2 -24 -2 -24 -1 -23 4 -24 5 -23 6 -22 7 -21 9 -19 10 -18 10 -17 11 -16 13 -16 14 -14 0 0 0 0 0 0 0 0 0 0 0 0 0 0 0 0 0 0 0 0 0 0 6 9 5 10 9 16 8 17 7 18 7 19 -3 6 -3 5 -3 6 -4 5 11 -17 12 -16 12 -16 13 -15 14 -17 14 -16 15 -17 15 -16 -14 -14 -14 -15 -14 -15 -14 -16 0 5 0 5 -1 5 5 2 ]
2025-05-22 14:49:29,CSI_DATA,STA,D8:B1:90:DB:E8:90,-43,11,1,5,0,0,1,0,0,0,0,-93,0,2,0,3797328456,0,110,0,0,171301,256,[110 96 6 0 -15 36 -15 34 -13 29 -10 25 -6 20 -1 16 5 11 11 7 17 4 22 1 27 -1 31 -2 35 -3 36 -3 37 -3 35 -3 33 -2 30 -3 26 -3 22 -4 17 -6 13 -7 9 -8 6 -10 3 -11 0 0 0 0 0 0 0 0 0 0 0 0 0 0 0 0 0 0 0 0 0 0 24 -2 22 0 19 0 15 -1 12 -3 9 -7 6 -10 3 -15 2 -19 0 -23 1 -27 2 -30 3 -31 4 -31 6 -30 7 -26 8 -22 9 -16 9 -10 8 -2 7 5 5 13 3 20 0 26 -4 31 -9 35 ]
2025-05-22 14:49:33,CSI_DATA,STA,D8:B1:90:DB:E8:90,-43,11,1,7,0,0,1,0,0,0,1,-93,0,2,0,3801355987,0,110,0,0,171305,256,[110 96 6 0 -13 24 -13 24 -12 23 -11 23 -10 23 -10 23 -9 23 -7 22 -7 22 -7 22 -6 22 -5 22 -5 22 -5 22 -5 22 -6 22 -6 22 -7 22 -7 21 -6 20 -7 20 -8 19 -8 19 -9 18 -11 18 0 0 0 0 0 0 0 0 0 0 0 0 0 0 0 0 0 0 0 0 0 0 -6 18 -8 18 -9 18 -10 19 -10 19 -12 19 -11 19 -12 20 -13 20 -13 20 -14 20 -14 20 -15 20 -15 20 -15 19 -15 20 -15 20 -15 20 -14 22 -14 22 -14 22 -14 22 -13 23 -14 23 -14 23 -12 25 ]
2025-05-22 14:49:37,CSI_DATA,STA,D8:B1:90:DB:E8:90,-42,11,1,7,0,0,1,0,0,0,1,-94,0,2,0,3804909621,0,110,0,0,171309,256,[110 96 6 0 -3 24 -2 24 -2 23 -1 22 -1 22 -1 22 0 21 0 21 1 21 1 21 1 21 2 20 2 20 2 20 1 20 1 19 1 19 0 19 0 18 -1 19 -1 18 -1 18 -2 18 -3 18 -4 18 0 0 0 0 0 0 0 0 0 0 0 0 0 0 0 0 0 0 0 0 0 0 1 17 -1 17 -1 18 -2 18 -2 18 -3 19 -3 19 -3 20 -4 21 -4 21 -4 21 -5 21 -5 21 -5 22 -5 22 -5 22 -5 22 -5 22 -4 22 -4 22 -4 22 -4 23 -2 24 -2 24 -2 24 -2 24 ]
2025-05-22 14:49:38,CSI_DATA,STA,D8:B1:90:DB:E8:90,-42,11,1,7,0,0,1,1,1,0,1,-94,0,2,0,3805409356,0,110,0,0,171309,384,[110 96 6 0 -13 -37 -12 -34 -10 -30 -9 -25 -9 -18 -10 -11 -11 -4 -12 4 -14 10 -15 16 -16 22 -18 26 -18 28 -19 30 -18 30 -17 29 -16 26 -14 24 -10 20 -7 17 -4 14 0 11 3 8 6 6 9 4 0 0 0 0 0 0 0 0 0 0 0 0 0 0 0 0 0 0 0 0 0 0 -24 4 -22 2 -19 1 -15 2 -11 4 -7 6 -3 10 0 13 4 17 6 21 7 25 7 27 7 29 6 29 4 29 2 26 -1 23 -4 18 -7 13 -10 6 -13 -1 -15 -9 -16 -16 -17 -22 -17 -28 -16 -34 ]
2025-05-22 14:49:38,CSI_DATA,STA,D8:B1:90:DB:E8:90,-42,11,1,7,0,0,1,1,1,0,1,-94,0,2,0,3805908370,0,110,0,0,171310,384,[110 96 6 0 -24 37 -22 34 -19 29 -15 25 -9 20 -3 15 4 10 11 6 18 2 24 -1 29 -4 34 -5 36 -7 38 -8 38 -8 37 -8 34 -8 30 -8 25 -8 20 -8 15 -9 9 -10 5 -11 1 -11 -3 -12 0 0 0 0 0 0 0 0 0 0 0 0 0 0 0 0 0 0 0 0 0 0 20 17 17 16 14 13 12 10 10 5 9 -1 9 -6 9 -12 10 -18 12 -23 14 -26 16 -28 18 -29 20 -29 20 -26 20 -23 19 -18 17 -12 15 -6 12 2 8 9 3 17 -2 24 -7 30 -12 34 -17 37 ]
2025-05-22 14:49:39,CSI_DATA,STA,D8:B1:90:DB:E8:90,-48,11,1,7,0,0,1,0,0,0,1,-94,0,2,0,3806907551,0,110,0,0,171311,256,[110 96 6 0 10 -30 11 -28 12 -27 6 -13 6 -12 7 -11 7 -9 -4 -27 -4 -27 -4 -27 -4 -27 3 -10 3 -10 3 -10 2 -10 17 -5 16 -4 17 -3 17 -2 12 -22 13 -22 14 -21 15 -20 9 -11 10 -10 0 0 0 0 0 0 0 0 0 0 0 0 0 0 0 0 0 0 0 0 0 0 17 -7 17 -5 25 -7 25 -5 27 -3 27 -1 23 0 23 1 24 2 24 4 10 -16 11 -15 11 -15 12 -15 -24 26 -25 25 -26 25 -26 25 22 -10 23 -9 24 -9 26 -9 10 -2 11 -1 12 -1 26 7 ]
2025-05-22 14:49:45,CSI_DATA,STA,D8:B1:90:DB:E8:90,-49,11,1,7,0,0,1,0,0,0,1,-93,0,2,0,3812427800,0,110,0,0,171317,256,[110 96 6 0 12 15 12 15 13 14 16 -23 16 -21 15 -20 15 -20 17 -28 17 -28 17 -27 16 -27 16 -28 16 -28 17 -28 17 -27 19 -23 19 -22 19 -20 19 -19 24 -21 24 -20 24 -18 25 -17 23 -16 24 -14 0 0 0 0 0 0 0 0 0 0 0 0 0 0 0 0 0 0 0 0 0 0 4 -10 4 -10 0 -5 0 -5 0 -5 0 -5 3 -3 4 -3 4 -3 4 -4 -18 -26 -18 -26 -17 -27 -17 -28 6 -7 5 -7 5 -7 5 -7 -1 22 -1 22 -1 23 -1 23 19 -1 20 0 19 0 33 18 ]
2025-05-22 14:49:45,CSI_DATA,STA,D8:B1:90:DB:E8:90,-44,11,1,7,0,0,1,1,1,0,1,-93,0,2,0,3812927768,0,110,0,0,171317,384,[110 96 6 0 -36 -23 -33 -22 -29 -19 -25 -15 -20 -9 -16 -3 -12 4 -9 11 -6 17 -4 23 -2 29 -2 33 0 37 0 38 0 38 0 37 0 34 1 30 2 26 3 21 4 16 6 12 7 7 9 4 11 1 0 0 0 0 0 0 0 0 0 0 0 0 0 0 0 0 0 0 0 0 0 0 -11 23 -11 20 -10 16 -7 14 -3 11 2 9 7 8 13 7 18 7 23 9 26 10 28 12 29 14 28 15 27 16 23 16 18 16 13 15 6 13 -1 11 -9 8 -16 3 -23 -1 -29 -6 -33 -12 -36 -16 ]
2025-05-22 14:49:48,CSI_DATA,STA,D8:B1:90:DB:E8:90,-41,11,1,7,0,0,1,0,0,0,1,-94,0,2,0,3815447242,0,110,0,0,171320,256,[110 96 6 0 -25 -6 -24 -5 -24 -5 -24 -4 -23 -3 -23 -3 -23 -2 -23 -2 -22 -1 -22 -1 -22 -1 -22 0 -22 0 -22 0 -22 0 -22 0 -22 0 -21 -1 -21 -1 -20 -2 -20 -2 -20 -3 -20 -3 -19 -4 -19 -5 0 0 0 0 0 0 0 0 0 0 0 0 0 0 0 0 0 0 0 0 0 0 -19 -3 -19 -4 -19 -5 -20 -6 -20 -6 -20 -7 -22 -7 -22 -8 -23 -9 -23 -9 -23 -9 -23 -10 -23 -10 -23 -10 -23 -9 -24 -9 -24 -9 -24 -9 -24 -8 -24 -8 -25 -8 -25 -8 -25 -7 -25 -7
2025-05-22 14:49:49,CSI_DATA,STA,D8:B1:90:DB:E8:90,-42,11,1,7,0,0,1,1,1,0,1,-94,0,2,0,3816448308,0,110,0,0,171321,384,[110 96 6 0 -35 -23 -32 -22 -28 -19 -24 -16 -20 -10 -17 -4 -12 3 -10 10 -8 16 -7 22 -5 28 -5 32 -5 36 -5 36 -6 37 -5 35 -5 33 -4 30 -2 25 -1 22 2 17 4 13 6 10 9 7 11 5 0 0 0 0 0 0 0 0 0 0 0 0 0 0 0 0 0 0 0 0 0 0 -3 24 -4 22 -4 18 -3 15 0 11 4 8 9 6 14 4 19 3 23 3 27 4 30 5 31 6 31 8 29 10 25 11 21 11 15 11 8 10 1 9 -7 6 -15 2 -21 -1 -27 -6 -32 -10 -35 -16 ]
2025-05-22 14:49:49,CSI_DATA,STA,D8:B1:90:DB:E8:90,-41,11,1,7,0,0,1,0,0,0,1,-94,0,2,0,3816947576,0,110,0,0,171321,256,[110 96 6 0 -17 -23 -17 -22 -17 -21 -16 -21 -17 -20 -17 -20 -17 -19 -17 -18 -17 -17 -18 -17 -18 -16 -18 -16 -18 -16 -18 -16 -18 -15 -17 -15 -17 -15 -17 -16 -16 -16 -16 -15 -15 -16 -15 -16 -14 -16 -14 -16 -13 -17 0 0 0 0 0 0 0 0 0 0 0 0 0 0 0 0 0 0 0 0 0 0 -13 -16 -12 -17 -12 -18 -12 -19 -12 -20 -12 -20 -11 -22 -11 -23 -11 -23 -11 -24 -10 -24 -9 -24 -10 -24 -10 -24 -11 -24 -11 -24 -11 -24 -12
2025-05-22 14:49:58,CSI_DATA,STA,D8:B1:90:DB:E8:90,-42,11,1,7,0,0,1,0,0,0,1,-94,0,2,0,3826022040,0,110,0,0,171330,256,[110 96 6 0 -18 -20 -19 -20 -18 -18 -19 -18 -19 -17 -19 -17 -19 -17 -18 -16 -18 -15 -18 -15 -19 -15 -19 -13 -19 -13 -19 -13 -19 -13 -19 -13 -19 -13 -18 -13 -18 -13 -17 -14 -17 -14 -16 -14 -16 -15 -15 -15 -14 -16 0 0 0 0 0 0 0 0 0 0 0 0 0 0 0 0 0 0 0 0 0 0 -16 -12 -15 -14 -15 -14 -15 -15 -15 -15 -15 -17 -15 -17 -15 -17 -15 -18 -15 -19 -15 -20 -15 -20 -15 -20 -15 -21 -16 -20 -16 -20 -16 -20 -16
2025-05-22 14:49:59,CSI_DATA,STA,D8:B1:90:DB:E8:90,-42,11,1,7,0,0,1,1,1,0,1,-94,0,2,0,3827040621,0,110,0,0,171331,384,[110 96 6 0 -20 33 -19 30 -17 26 -13 22 -8 18 -3 14 3 10 10 7 16 5 22 3 27 1 31 1 34 0 36 0 36 0 35 1 33 0 29 0 25 -2 21 -3 17 -5 13 -6 9 -8 6 -10 3 -11 0 0 0 0 0 0 0 0 0 0 0 0 0 0 0 0 0 0 0 0 0 0 23 4 20 5 17 5 14 3 10 0 8 -4 5 -9 4 -13 3 -18 3 -23 4 -26 5 -29 7 -31 9 -30 10 -29 11 -25 11 -21 11 -15 10 -9 9 -2 6 6 3 13 0 19 -5 25 -9 30 -14 33 ]
2025-05-22 14:50:02,CSI_DATA,STA,D8:B1:90:DB:E8:90,-42,11,1,7,0,0,1,0,0,0,1,-94,0,2,0,3829593206,0,110,0,0,171334,256,[110 96 6 0 26 -23 25 -21 23 -18 19 -16 13 -14 7 -13 1 -12 -5 -12 -11 -13 -17 -13 -22 -14 -25 -15 -28 -16 -29 -17 -29 -18 -28 -17 -26 -16 -24 -15 -21 -13 -19 -10 -16 -7 -14 -3 -12 0 -10 3 -9 5 0 0 0 0 0 0 0 0 0 0 0 0 0 0 0 0 0 0 0 0 0 0 -21 -5 -19 -6 -16 -6 -14 -4 -11 -2 -9 2 -8 6 -7 11 -7 15 -8 19 -9 22 -11 24 -12 25 -14 24 -15 22 -15 19 -15 15 -13 10 -11 5 -8 -1 -4 -7 1 -12 5 -17 11 -20 16
2025-05-22 14:50:03,CSI_DATA,STA,D8:B1:90:DB:E8:90,-41,11,1,7,0,0,1,1,0,0,1,-94,0,2,0,3830619321,0,110,0,0,171335,256,[110 96 6 0 -26 6 -25 6 -25 6 -23 7 -23 7 -22 7 -22 8 -20 9 -20 9 -20 9 -20 9 -20 10 -19 10 -19 10 -19 10 -19 10 -19 10 -18 10 -18 9 -18 8 -18 8 -18 7 -18 7 -19 6 -19 5 0 0 0 0 0 0 0 0 0 0 0 0 0 0 0 0 0 0 0 0 0 0 -19 7 -19 6 -20 4 -21 4 -21 3 -22 3 -22 3 -23 3 -23 3 -24 2 -24 2 -24 1 -24 1 -24 1 -24 1 -25 1 -24 2 -25 1 -25 3 -25 3 -25 4 -26 4 -26 4 -26 4 -26 5 -25 6 ]
2025-05-22 14:50:05,CSI_DATA,STA,D8:B1:90:DB:E8:90,-42,11,1,7,0,0,1,0,0,0,1,-94,0,2,0,3833173486,0,110,0,0,171337,256,[110 96 6 0 -41 8 -39 7 -35 6 -28 6 -22 7 -15 9 -8 11 0 14 5 17 11 20 15 24 19 27 21 29 23 30 23 30 22 30 20 27 18 24 16 20 14 16 13 12 12 7 11 3 10 0 10 -4 0 0 0 0 0 0 0 0 0 0 0 0 0 0 0 0 0 0 0 0 0 0 16 21 13 20 11 17 10 13 10 9 11 4 12 -1 15 -5 18 -9 22 -12 25 -14 28 -15 30 -14 30 -13 30 -11 28 -8 24 -5 20 -1 14 3 7 7 0 10 -8 13 -16 14 -24 15 -31 14 -36 13 ]
2025-05-22 14:50:07,CSI_DATA,STA,D8:B1:90:DB:E8:90,-42,11,1,7,0,0,1,0,0,0,1,-94,0,2,0,3835220532,0,110,0,0,171339,256,[110 96 6 0 39 -2 36 -1 32 0 27 -2 21 -4 15 -7 9 -10 3 -14 -2 -18 -6 -23 -10 -27 -13 -30 -15 -32 -15 -34 -15 -34 -14 -33 -13 -31 -12 -28 -11 -23 -11 -19 -11 -15 -10 -10 -11 -6 -11 -3 -12 0 0 0 0 0 0 0 0 0 0 0 0 0 0 0 0 0 0 0 0 0 0 0 -14 -20 -11 -19 -9 -17 -9 -13 -9 -9 -10 -4 -12 0 -14 4 -18 8 -21 10 -24 11 -27 11 -29 11 -29 9 -28 7 -26 5 -23 1 -18 -2 -12 -5 -6 -7 2 -10 10 -11 17 -12 24 -11 31
2025-05-22 14:50:08,CSI_DATA,STA,D8:B1:90:DB:E8:90,-41,11,1,7,0,0,1,1,0,0,1,-94,0,2,0,3835740422,0,110,0,0,171340,256,[110 96 6 0 -11 -23 -11 -22 -11 -22 -11 -21 -11 -20 -11 -20 -11 -20 -12 -18 -11 -18 -12 -18 -12 -17 -13 -17 -13 -17 -13 -17 -13 -16 -13 -17 -12 -17 -12 -17 -11 -17 -11 -17 -11 -17 -10 -17 -9 -17 -8 -17 -7 -18 0 0 0 0 0 0 0 0 0 0 0 0 0 0 0 0 0 0 0 0 0 0 -9 -16 -7 -17 -8 -18 -7 -18 -7 -19 -6 -19 -7 -20 -7 -20 -7 -21 -6 -21 -7 -22 -6 -23 -6 -23 -6 -23 -6 -23 -7 -23 -7 -22 -7 -23 -9 -23 -9 -23 -1
2025-05-22 14:50:12,CSI_DATA,STA,D8:B1:90:DB:E8:90,-42,11,1,7,0,0,1,0,0,0,1,-94,0,2,0,3840289268,0,110,0,0,171344,256,[110 96 6 0 -29 -29 -26 -27 -22 -25 -20 -20 -17 -14 -15 -8 -14 -1 -13 6 -13 13 -14 19 -14 25 -15 28 -16 31 -16 32 -17 32 -16 31 -15 28 -14 26 -11 22 -8 20 -4 17 -1 14 2 12 5 10 7 9 0 0 0 0 0 0 0 0 0 0 0 0 0 0 0 0 0 0 0 0 0 0 -3 25 -5 22 -5 19 -3 16 0 12 4 10 9 8 13 7 18 7 23 7 26 8 28 10 29 12 28 13 26 14 22 14 18 14 12 13 6 11 -1 8 -8 4 -15 -1 -21 -6 -25 -11 -29 -17 -30 -23 ]
2025-05-22 14:50:17,CSI_DATA,STA,D8:B1:90:DB:E8:90,-42,11,1,7,0,0,1,0,0,0,1,-94,0,2,0,3845351143,0,110,0,0,171349,256,[110 96 6 0 -29 -21 -27 -21 -23 -18 -21 -15 -18 -10 -15 -5 -12 1 -11 7 -10 13 -9 18 -8 24 -9 27 -9 30 -10 31 -10 31 -10 30 -10 29 -9 26 -7 22 -5 19 -3 16 0 12 3 9 5 7 7 6 0 0 0 0 0 0 0 0 0 0 0 0 0 0 0 0 0 0 0 0 0 0 0 21 -1 19 -2 16 -1 13 2 11 5 8 8 6 12 4 16 4 20 3 23 4 25 5 27 7 26 8 25 9 21 10 17 11 12 10 7 9 0 8 -7 5 -12 2 -18 -2 -23 -6 -27 -10 -30 -15 ]
2025-05-22 14:50:18,CSI_DATA,STA,D8:B1:90:DB:E8:90,-41,11,1,7,0,0,1,1,0,0,1,-94,0,2,0,3845867732,0,110,0,0,171350,256,[110 96 6 0 -18 -19 -18 -18 -18 -17 -18 -17 -17 -16 -18 -16 -17 -15 -18 -14 -18 -14 -18 -13 -18 -13 -18 -12 -18 -11 -18 -11 -18 -11 -19 -11 -18 -12 -17 -11 -17 -12 -15 -12 -15 -12 -15 -12 -14 -13 -14 -13 -13 -14 0 0 0 0 0 0 0 0 0 0 0 0 0 0 0 0 0 0 0 0 0 0 -16 -12 -15 -13 -15 -15 -15 -15 -15 -16 -14 -17 -14 -16 -14 -17 -14 -18 -14 -19 -14 -20 -14 -20 -14 -20 -14 -20 -14 -20 -15 -20 -15 -20 -15
2025-05-22 14:50:19,CSI_DATA,STA,D8:B1:90:DB:E8:90,-43,11,1,6,0,0,1,0,0,0,1,-94,0,2,0,3846865548,0,110,0,0,171351,256,[110 96 6 0 -33 -25 -30 -24 -27 -21 -23 -17 -19 -11 -16 -5 -13 1 -10 9 -8 15 -6 22 -4 28 -4 32 -4 35 -4 37 -4 37 -4 36 -3 34 -3 31 -2 27 0 22 1 18 3 13 5 9 7 6 9 3 0 0 0 0 0 0 0 0 0 0 0 0 0 0 0 0 0 0 0 0 0 0 -13 23 -13 20 -12 17 -9 14 -5 12 0 10 5 9 10 9 15 10 20 10 24 12 27 14 28 16 27 17 26 18 21 18 17 18 12 16 5 14 -1 11 -8 7 -15 2 -21 -2 -27 -8 -31 -13 -34 -19 ]
2025-05-22 14:50:20,CSI_DATA,STA,D8:B1:90:DB:E8:90,-41,11,1,7,0,0,1,0,0,0,0,-94,0,2,0,3848366532,0,110,0,0,171352,256,[110 96 6 0 25 -9 25 -10 24 -10 22 -10 22 -10 22 -10 21 -10 20 -12 19 -12 19 -12 19 -13 18 -14 18 -14 18 -14 18 -14 18 -12 17 -12 18 -12 17 -12 17 -12 17 -11 17 -11 17 -10 18 -9 19 -8 0 0 0 0 0 0 0 0 0 0 0 0 0 0 0 0 0 0 0 0 0 0 19 -8 20 -7 20 -6 21 -6 22 -5 22 -5 22 -6 23 -6 24 -5 24 -5 25 -5 26 -5 26 -4 26 -4 26 -4 26 -4 26 -4 26 -5 25 -6 25 -6 26 -7 26 -7 26 -8 25 -8 26 -8 26 -8 ]
2025-05-22 14:50:21,CSI_DATA,STA,D8:B1:90:DB:E8:90,-41,11,1,6,0,0,1,0,0,0,1,-94,0,2,0,3848865719,0,110,0,0,171353,256,[110 96 6 0 3 24 3 24 3 23 4 23 4 23 5 22 5 22 6 21 6 21 6 21 7 20 8 19 8 19 8 19 8 19 8 19 7 19 7 18 7 18 6 18 6 18 5 18 4 18 4 18 2 18 0 0 0 0 0 0 0 0 0 0 0 0 0 0 0 0 0 0 0 0 0 0 5 18 3 18 2 18 2 19 1 19 1 20 0 21 0 21 0 22 -1 23 -1 22 -1 23 -1 23 -1 23 0 23 0 24 0 23 0 24 1 24 1 24 1 24 2 24 2 25 2 25 2 25 2 25 ]
2025-05-22 14:50:23,CSI_DATA,STA,D8:B1:90:DB:E8:90,-42,11,1,7,0,0,1,0,0,0,1,-94,0,2,0,3850880279,0,110,0,0,171355,256,[110 96 6 0 -39 2 -36 1 -32 1 -27 1 -21 4 -15 6 -8 9 -2 12 4 16 9 19 13 22 16 25 19 27 20 28 20 28 19 28 18 26 16 23 15 19 13 15 12 11 11 6 10 2 9 -1 9 -4 0 0 0 0 0 0 0 0 0 0 0 0 0 0 0 0 0 0 0 0 0 0 6 23 4 20 3 17 3 14 5 10 7 6 10 2 14 -2 17 -5 22 -7 25 -7 27 -7 29 -7 29 -5 28 -3 26 -1 22 1 17 3 11 6 5 8 -3 10 -10 11 -18 11 -24 11 -31 9 -36 8 ]
2025-05-22 14:50:25,CSI_DATA,STA,D8:B1:90:DB:E8:90,-43,11,1,7,0,0,1,0,0,0,1,-94,0,2,0,3852418160,0,110,0,0,171357,256,[110 96 6 0 30 21 27 20 24 18 21 14 17 9 14 3 11 -3 8 -10 6 -16 4 -21 2 -27 1 -31 1 -33 1 -35 1 -35 1 -34 1 -32 0 -29 -1 -25 -2 -21 -3 -17 -5 -13 -7 -9 -8 -6 -9 -3 0 0 0 0 0 0 0 0 0 0 0 0 0 0 0 0 0 0 0 0 0 0 10 -21 11 -18 9 -15 7 -13 3 -11 -1 -10 -6 -9 -11 -9 -15 -9 -20 -10 -23 -12 -25 -13 -26 -15 -25 -16 -24 -17 -20 -17 -16 -17 -11 -16 -5 -14 1 -10 7 -7 14 -3 19 1 24 6 28 11 31 15 ]
2025-05-22 14:50:26,CSI_DATA,STA,D8:B1:90:DB:E8:90,-42,11,1,7,0,0,1,0,0,0,1,-94,0,2,0,3853959067,0,110,0,0,171358,256,[110 96 6 0 33 21 30 20 27 18 23 14 19 9 16 3 12 -4 9 -10 7 -17 6 -22 4 -28 4 -32 3 -35 3 -36 4 -37 4 -36 4 -34 3 -31 1 -27 0 -23 -2 -19 -4 -15 -6 -11 -8 -8 -10 -6 0 0 0 0 0 0 0 0 0 0 0 0 0 0 0 0 0 0 0 0 0 0 2 -25 3 -22 3 -19 2 -16 -1 -13 -5 -10 -10 -7 -14 -5 -19 -4 -23 -4 -27 -6 -30 -7 -31 -8 -30 -9 -29 -11 -25 -12 -21 -12 -15 -12 -9 -11 -2 -9 6 -7 13 -4 20 0 26 5 30 9 34 14 ]
2025-05-22 14:50:27,CSI_DATA,STA,D8:B1:90:DB:E8:90,-41,11,1,5,0,0,1,0,0,0,1,-94,0,2,0,3854949970,0,110,0,0,171359,256,[110 96 6 0 -29 -4 -28 -4 -28 -4 -27 -3 -27 -3 -27 -2 -26 -2 -25 -1 -25 -1 -25 0 -25 0 -25 2 -25 2 -24 2 -24 2 -24 2 -24 2 -24 1 -23 1 -23 1 -22 0 -23 0 -22 -1 -23 -2 -23 -3 0 0 0 0 0 0 0 0 0 0 0 0 0 0 0 0 0 0 0 0 0 0 -21 -1 -21 -3 -20 -4 -20 -5 -21 -6 -22 -6 -22 -6 -23 -7 -23 -7 -24 -8 -25 -8 -25 -8 -25 -9 -25 -9 -25 -9 -25 -9 -25 -8 -26 -8 -26 -8 -26 -8 -26 -7 -27 -7 -27 -5 -27 -5 -27 -5 -2
2025-05-22 14:50:28,CSI_DATA,STA,D8:B1:90:DB:E8:90,-42,11,1,6,0,0,1,0,0,0,1,-94,0,2,0,3855449730,0,110,0,0,171360,256,[110 96 6 0 36 -15 34 -13 30 -11 24 -10 18 -10 12 -11 4 -12 -3 -14 -9 -16 -15 -18 -20 -20 -24 -22 -26 -24 -27 -25 -27 -25 -26 -24 -25 -23 -23 -20 -20 -17 -18 -13 -16 -9 -14 -5 -13 -2 -12 2 -11 5 0 0 0 0 0 0 0 0 0 0 0 0 0 0 0 0 0 0 0 0 0 0 -19 -17 -16 -17 -13 -15 -11 -12 -10 -7 -10 -2 -11 3 -12 8 -15 12 -17 16 -20 18 -23 20 -25 20 -26 19 -26 17 -25 13 -23 9 -19 5 -14 0 -9 -4 -2 -9 5 -13 11 -16
2025-05-22 14:50:29,CSI_DATA,STA,D8:B1:90:DB:E8:90,-42,11,1,6,0,0,1,0,0,0,1,-94,0,2,0,3856972439,0,110,0,0,171361,256,[110 96 6 0 26 20 24 20 21 17 18 14 16 9 13 3 11 -2 10 -8 9 -14 9 -19 8 -24 9 -27 9 -30 10 -31 10 -31 10 -30 9 -28 8 -25 6 -22 4 -19 2 -16 -1 -13 -3 -10 -6 -8 -8 -6 0 0 0 0 0 0 0 0 0 0 0 0 0 0 0 0 0 0 0 0 0 0 1 -21 2 -19 2 -16 1 -13 -1 -11 -5 -8 -8 -6 -12 -5 -16 -4 -20 -5 -23 -6 -25 -7 -26 -9 -26 -10 -24 -11 -21 -12 -17 -12 -12 -11 -6 -10 0 -8 6 -6 12 -2 17 2 22 6 25 10 27 15 ]
2025-05-22 14:50:30,CSI_DATA,STA,D8:B1:90:DB:E8:90,-42,11,1,6,0,0,1,0,0,0,1,-94,0,2,0,3857477536,0,110,0,0,171362,256,[110 96 6 0 43 -2 39 -1 35 -1 29 -2 22 -5 16 -8 9 -12 3 -17 -3 -21 -7 -26 -11 -31 -14 -34 -15 -36 -16 -38 -15 -38 -15 -36 -13 -33 -12 -30 -11 -25 -12 -20 -11 -15 -12 -10 -12 -5 -13 -2 -14 1 0 0 0 0 0 0 0 0 0 0 0 0 0 0 0 0 0 0 0 0 0 0 -16 -22 -13 -20 -11 -18 -10 -14 -11 -10 -12 -5 -14 0 -17 4 -20 8 -24 11 -27 12 -30 12 -32 12 -32 10 -31 7 -29 4 -25 1 -19 -3 -13 -6 -6 -8 3 -11 12 -12 19 -13 27
2025-05-22 14:50:30,CSI_DATA,STA,D8:B1:90:DB:E8:90,-43,11,1,7,0,0,1,0,0,0,1,-94,0,2,0,3857976630,0,110,0,0,171362,256,[110 96 6 0 31 -27 29 -24 26 -21 20 -18 14 -16 7 -14 0 -13 -8 -12 -15 -11 -21 -11 -27 -11 -32 -11 -35 -11 -36 -12 -36 -12 -35 -12 -32 -11 -29 -9 -26 -7 -22 -5 -18 -1 -14 1 -11 4 -8 6 -6 9 0 0 0 0 0 0 0 0 0 0 0 0 0 0 0 0 0 0 0 0 0 0 -20 -18 -17 -17 -14 -15 -12 -12 -11 -7 -11 -2 -11 3 -12 9 -14 14 -16 18 -19 21 -22 22 -23 23 -25 22 -25 20 -24 16 -22 11 -19 6 -15 1 -10 -5 -5 -11 1 -17 7 -21 14 -
2025-05-22 14:50:31,CSI_DATA,STA,D8:B1:90:DB:E8:90,-43,11,1,6,0,0,1,0,0,0,1,-94,0,2,0,3858977487,0,110,0,0,171363,256,[110 96 6 0 40 -2 37 -1 33 -1 27 -2 20 -4 13 -7 7 -10 0 -14 -6 -18 -11 -22 -16 -25 -19 -28 -21 -30 -22 -31 -22 -31 -22 -30 -20 -28 -18 -25 -17 -21 -15 -16 -13 -12 -12 -7 -11 -3 -10 1 -9 4 0 0 0 0 0 0 0 0 0 0 0 0 0 0 0 0 0 0 0 0 0 0 -4 -26 -2 -23 -1 -20 -2 -16 -4 -12 -7 -8 -11 -4 -15 -1 -19 2 -24 3 -28 3 -31 3 -33 3 -33 1 -31 0 -29 -2 -24 -5 -19 -7 -13 -9 -6 -11 3 -12 10 -12 19 -12 26 -11 32 -
2025-05-22 14:50:35,CSI_DATA,STA,D8:B1:90:DB:E8:90,-41,11,1,6,0,0,1,0,0,0,1,-94,0,2,0,3863007491,0,110,0,0,171367,256,[110 96 6 0 18 17 18 17 18 17 18 14 18 14 18 13 18 13 18 12 18 12 18 11 18 11 18 11 18 12 18 11 18 12 17 12 17 11 16 12 16 12 16 11 15 11 15 12 14 12 14 14 13 15 0 0 0 0 0 0 0 0 0 0 0 0 0 0 0 0 0 0 0 0 0 0 15 10 14 11 14 13 13 13 14 14 13 15 14 16 13 16 14 17 14 18 13 18 13 18 13 19 13 19 14 19 14 19 14 19 14 19 15 19 15 19 16 19 16 19 17 17 17 18 17 18 18 17 ]
2025-05-22 14:50:36,CSI_DATA,STA,D8:B1:90:DB:E8:90,-42,11,1,7,0,0,1,0,0,0,1,-94,0,2,0,3863510533,0,110,0,0,171368,256,[110 96 6 0 16 -17 16 -16 16 -16 15 -17 14 -17 14 -17 14 -17 13 -17 12 -18 12 -17 12 -17 12 -17 12 -17 12 -17 12 -17 11 -17 11 -17 11 -16 11 -16 11 -15 12 -15 12 -14 12 -14 13 -13 13 -12 0 0 0 0 0 0 0 0 0 0 0 0 0 0 0 0 0 0 0 0 0 0 12 -15 13 -14 13 -13 13 -13 14 -13 15 -13 16 -13 17 -13 17 -13 18 -13 18 -12 19 -12 19 -12 19 -12 19 -12 19 -13 19 -13 20 -13 19 -14 19 -14 19 -14 19 -15 18 -15 19
2025-05-22 14:50:36,CSI_DATA,STA,D8:B1:90:DB:E8:90,-43,11,1,6,0,0,1,1,0,0,1,-94,0,2,0,3864010983,0,110,0,0,171368,256,[110 96 6 0 41 -4 38 -3 33 -3 27 -4 20 -5 14 -8 7 -11 0 -15 -6 -18 -12 -22 -17 -26 -20 -29 -22 -31 -23 -32 -23 -32 -22 -31 -21 -28 -19 -25 -17 -22 -16 -17 -14 -13 -13 -7 -12 -3 -11 1 -11 4 0 0 0 0 0 0 0 0 0 0 0 0 0 0 0 0 0 0 0 0 0 0 -8 -25 -5 -22 -4 -19 -5 -15 -6 -10 -8 -6 -11 -1 -15 2 -19 5 -23 7 -27 9 -30 9 -32 8 -33 6 -32 4 -29 1 -25 -2 -19 -4 -13 -7 -6 -8 2 -11 11 -12 18 -13 25 -12 32 -11
2025-05-22 14:50:39,CSI_DATA,STA,D8:B1:90:DB:E8:90,-41,11,1,7,0,0,1,0,0,0,1,-94,0,2,0,3867047614,0,110,0,0,171371,256,[110 96 6 0 -3 27 -3 27 -2 26 -2 26 -1 26 -1 25 0 25 0 24 1 23 1 23 2 23 2 23 2 23 2 23 2 22 2 22 2 22 2 21 1 21 1 20 0 20 0 20 -1 19 -1 20 -3 20 0 0 0 0 0 0 0 0 0 0 0 0 0 0 0 0 0 0 0 0 0 0 0 21 -2 21 -4 21 -5 21 -6 21 -6 21 -6 23 -7 23 -7 24 -8 24 -9 24 -9 24 -9 25 -9 25 -8 25 -8 25 -8 25 -8 26 -7 25 -6 25 -6 26 -6 26 -4 28 -4 28 -4 28 -3 28 ]
2025-05-22 14:50:42,CSI_DATA,STA,D8:B1:90:DB:E8:90,-41,11,1,7,0,0,1,0,0,0,1,-94,0,2,0,3870080662,0,110,0,0,171374,256,[110 96 6 0 -2 -26 -2 -26 -2 -25 -3 -25 -3 -24 -4 -24 -4 -23 -4 -23 -4 -22 -4 -22 -5 -22 -5 -22 -6 -22 -6 -21 -5 -22 -5 -21 -5 -21 -5 -21 -4 -21 -4 -20 -3 -20 -3 -20 -2 -20 -1 -20 0 -20 0 0 0 0 0 0 0 0 0 0 0 0 0 0 0 0 0 0 0 0 0 0 -4 -19 -3 -19 -1 -20 -1 -20 0 -20 0 -21 0 -21 0 -22 1 -22 1 -23 2 -23 3 -23 3 -24 3 -24 2 -24 2 -24 2 -24 1 -25 1 -25 0 -25 0 -25 -1 -25 -1 -25 -1 -26 -1 -26 -1 -26
2025-05-22 14:50:48,CSI_DATA,STA,D8:B1:90:DB:E8:90,-41,11,1,7,0,0,1,0,0,0,1,-94,0,2,0,3876156776,0,110,0,0,171380,256,[110 96 6 0 10 -23 10 -23 10 -23 8 -22 8 -22 7 -22 7 -22 6 -22 6 -22 5 -22 5 -22 4 -22 4 -21 4 -22 4 -21 5 -21 5 -21 5 -21 5 -20 6 -19 6 -19 7 -19 7 -18 8 -18 9 -17 0 0 0 0 0 0 0 0 0 0 0 0 0 0 0 0 0 0 0 0 0 0 5 -18 6 -18 7 -18 8 -18 9 -18 9 -18 9 -19 10 -19 11 -19 11 -20 11 -20 12 -20 12 -20 12 -20 12 -20 12 -20 11 -20 12 -21 11 -22 11 -22 11 -22 11 -23 10 -23 10 -23 10 -23 11 -23 ]
2025-05-22 14:50:49,CSI_DATA,STA,D8:B1:90:DB:E8:90,-43,11,1,7,0,0,1,0,0,0,1,-94,0,2,0,3876668506,0,110,0,0,171381,256,[110 96 6 0 -35 -22 -33 -21 -28 -18 -25 -14 -20 -9 -16 -3 -12 4 -9 10 -6 17 -4 23 -2 28 -1 32 0 36 0 37 0 37 0 36 0 33 1 29 2 25 3 21 4 16 6 12 7 7 9 4 11 1 0 0 0 0 0 0 0 0 0 0 0 0 0 0 0 0 0 0 0 0 0 0 -10 23 -10 20 -9 16 -7 14 -3 11 2 10 7 8 12 8 18 8 22 9 26 10 28 12 30 14 29 15 27 16 22 17 18 16 12 15 6 13 -1 11 -9 8 -16 3 -22 -1 -28 -6 -33 -11 -36 -16 ]
2025-05-22 14:50:51,CSI_DATA,STA,D8:B1:90:DB:E8:90,-42,11,1,6,0,0,1,0,0,0,1,-94,0,2,0,3879203504,0,110,0,0,171383,256,[110 96 6 0 25 28 23 26 20 24 18 19 16 13 14 7 13 0 12 -7 12 -14 12 -19 13 -25 14 -29 15 -31 16 -33 16 -32 16 -32 15 -29 14 -27 11 -24 8 -21 5 -17 2 -14 -2 -12 -5 -10 -7 -8 0 0 0 0 0 0 0 0 0 0 0 0 0 0 0 0 0 0 0 0 0 0 4 -24 6 -22 5 -19 4 -16 0 -13 -4 -11 -8 -9 -13 -9 -17 -8 -21 -9 -25 -11 -27 -12 -28 -14 -27 -15 -25 -16 -22 -17 -17 -16 -12 -15 -6 -12 0 -10 7 -5 13 -1 18 4 23 10 26 16 27 21 ]
2025-05-22 14:50:52,CSI_DATA,STA,D8:B1:90:DB:E8:90,-41,11,1,6,0,0,1,0,0,0,1,-94,0,2,0,3879704302,0,110,0,0,171384,256,[110 96 6 0 0 -29 -1 -28 -1 -27 -1 -27 -2 -26 -2 -26 -2 -25 -4 -24 -5 -24 -5 -24 -5 -23 -5 -23 -6 -23 -6 -23 -5 -23 -5 -23 -4 -23 -4 -23 -3 -22 -2 -22 -2 -22 -1 -22 -1 -22 1 -22 3 -21 0 0 0 0 0 0 0 0 0 0 0 0 0 0 0 0 0 0 0 0 0 0 -1 -21 1 -21 1 -22 2 -22 3 -23 4 -23 3 -23 3 -24 4 -24 4 -24 6 -26 6 -26 6 -26 6 -27 5 -26 5 -27 5 -27 4 -27 3 -26 4 -26 3 -27 3 -28 2 -27 2 -28 2 -28 1 -28 ]
2025-05-22 14:50:53,CSI_DATA,STA,D8:B1:90:DB:E8:90,-42,11,1,7,0,0,1,0,0,0,1,-94,0,2,0,3881208640,0,110,0,0,171385,256,[110 96 6 0 8 25 8 25 8 24 8 23 9 22 9 22 9 22 9 21 9 21 10 20 10 20 9 19 10 19 10 19 9 19 9 20 9 19 8 19 8 19 8 19 7 18 7 18 6 19 5 19 3 19 0 0 0 0 0 0 0 0 0 0 0 0 0 0 0 0 0 0 0 0 0 0 7 18 6 19 5 19 4 20 4 21 4 21 4 22 3 23 3 24 3 24 3 24 2 25 2 25 2 25 2 24 2 25 3 25 3 25 4 25 4 25 5 25 5 26 7 26 8 26 8 26 7 25 ]
2025-05-22 14:50:55,CSI_DATA,STA,D8:B1:90:DB:E8:90,-43,11,1,7,0,0,1,0,0,0,1,-94,0,2,0,3883217179,0,110,0,0,171387,256,[110 96 6 0 39 -3 37 -1 32 -1 27 -2 20 -4 14 -7 8 -11 2 -15 -4 -19 -8 -23 -12 -27 -15 -30 -16 -32 -17 -33 -17 -33 -16 -32 -15 -30 -14 -27 -13 -23 -12 -18 -12 -14 -12 -9 -12 -5 -12 -2 -13 1 0 0 0 0 0 0 0 0 0 0 0 0 0 0 0 0 0 0 0 0 0 0 -14 -22 -11 -20 -9 -18 -8 -14 -8 -10 -10 -5 -12 0 -14 4 -18 7 -21 9 -25 11 -28 11 -30 10 -30 9 -30 7 -27 3 -24 0 -19 -3 -13 -6 -6 -8 2 -11 10 -12 18 -13 25 -12 31
2025-05-22 14:50:57,CSI_DATA,STA,D8:B1:90:DB:E8:90,-42,11,1,6,0,0,1,0,0,0,1,-94,0,2,0,3884728518,0,110,0,0,171389,256,[110 96 6 0 21 31 19 29 16 25 14 20 13 14 11 8 11 1 11 -6 11 -13 10 -19 10 -25 11 -29 12 -31 12 -33 12 -33 12 -32 10 -29 9 -27 7 -23 4 -20 1 -17 -2 -13 -5 -10 -7 -8 -9 -5 0 0 0 0 0 0 0 0 0 0 0 0 0 0 0 0 0 0 0 0 0 0 17 -14 16 -11 14 -10 10 -9 6 -9 1 -9 -3 -10 -8 -12 -12 -14 -16 -17 -18 -19 -19 -22 -19 -24 -18 -25 -16 -25 -13 -24 -9 -21 -4 -18 0 -14 5 -9 10 -3 14 3 18 9 21 15 23 21 23 26 ]
2025-05-22 14:51:00,CSI_DATA,STA,D8:B1:90:DB:E8:90,-41,11,1,6,0,0,1,0,0,0,1,-94,0,2,0,3888243587,0,110,0,0,171392,256,[110 96 6 0 16 21 16 21 16 20 17 20 17 19 17 18 17 18 17 17 17 16 17 16 17 15 17 15 18 15 18 14 18 15 17 14 17 15 16 14 16 14 16 15 15 15 15 15 14 16 13 16 12 17 0 0 0 0 0 0 0 0 0 0 0 0 0 0 0 0 0 0 0 0 0 0 12 16 11 17 10 18 10 19 9 19 9 20 10 21 10 22 10 22 10 23 10 23 10 24 10 24 10 24 11 24 11 24 11 24 11 24 12 24 13 23 14 23 14 24 14 23 15 24 15 24 15 22 ]
2025-05-22 14:51:06,CSI_DATA,STA,D8:B1:90:DB:E8:90,-41,11,1,7,0,0,1,0,0,0,1,-94,0,2,0,3894286680,0,110,0,0,171398,256,[110 96 6 0 -24 8 -23 8 -23 8 -22 9 -21 9 -21 9 -20 9 -19 10 -19 10 -19 10 -18 10 -18 10 -18 10 -18 10 -18 10 -18 10 -18 10 -18 10 -18 9 -18 8 -17 8 -18 7 -18 7 -18 6 -18 5 0 0 0 0 0 0 0 0 0 0 0 0 0 0 0 0 0 0 0 0 0 0 -17 7 -18 6 -19 5 -19 4 -20 4 -20 3 -21 4 -21 4 -22 3 -23 3 -23 3 -23 2 -23 2 -23 2 -23 3 -24 3 -24 3 -24 4 -24 5 -24 6 -24 6 -24 6 -24 6 -24 7 -24 7 -24 7 ]
2025-05-22 14:51:09,CSI_DATA,STA,D8:B1:90:DB:E8:90,-42,11,1,7,0,0,1,0,0,0,1,-94,0,2,0,3896826378,0,110,0,0,171401,256,[110 96 6 0 26 27 25 26 21 22 19 18 16 13 14 7 12 -1 12 -7 11 -14 10 -20 10 -26 11 -30 12 -33 13 -33 14 -34 13 -32 13 -31 11 -28 9 -24 6 -21 3 -18 0 -15 -3 -12 -6 -10 -9 -9 0 0 0 0 0 0 0 0 0 0 0 0 0 0 0 0 0 0 0 0 0 0 4 -24 5 -22 5 -18 3 -16 0 -13 -4 -10 -8 -8 -13 -7 -18 -7 -22 -7 -26 -9 -28 -10 -29 -12 -29 -13 -27 -15 -23 -16 -19 -15 -13 -14 -7 -12 0 -9 6 -6 12 -1 18 4 23 9 27 14 29 19 ]
2025-05-22 14:51:10,CSI_DATA,STA,D8:B1:90:DB:E8:90,-43,11,1,6,0,0,1,0,0,0,1,-94,0,2,0,3897338421,0,110,0,0,171401,256,[110 96 6 0 26 -31 26 -28 23 -25 18 -22 12 -18 6 -15 -2 -13 -9 -11 -16 -9 -22 -9 -28 -8 -33 -8 -37 -8 -37 -8 -38 -8 -36 -8 -34 -7 -30 -6 -27 -4 -23 -2 -19 0 -15 3 -11 6 -8 8 -6 10 0 0 0 0 0 0 0 0 0 0 0 0 0 0 0 0 0 0 0 0 0 0 -24 -12 -21 -13 -17 -11 -15 -9 -12 -4 -11 0 -10 6 -9 11 -11 17 -12 20 -13 24 -16 27 -18 28 -19 27 -20 25 -20 21 -19 17 -17 11 -15 5 -11 -2 -7 -9 -1 -16 4 -21 9 -26 15 -30
2025-05-22 14:51:10,CSI_DATA,STA,D8:B1:90:DB:E8:90,-41,11,1,6,0,0,1,0,0,0,1,-94,0,2,0,3897858575,0,110,0,0,171402,256,[110 96 6 0 24 8 24 8 24 8 24 5 23 5 23 5 23 4 21 3 21 3 21 3 21 2 21 2 21 2 21 2 21 2 20 3 20 3 19 3 19 4 18 4 18 5 18 5 18 6 17 7 17 8 0 0 0 0 0 0 0 0 0 0 0 0 0 0 0 0 0 0 0 0 0 0 18 3 18 5 18 5 18 6 19 6 19 7 19 7 20 8 20 9 20 10 20 10 20 11 20 11 20 11 21 11 21 11 21 11 22 11 22 10 23 11 23 10 23 10 24 9 24 9 24 9 24 8 ]
2025-05-22 14:51:12,CSI_DATA,STA,D8:B1:90:DB:E8:90,-48,11,1,7,0,0,1,0,0,0,1,-94,0,2,0,3899382715,0,110,0,0,171403,256,[110 96 6 0 -14 -14 -13 -14 -12 -14 -15 -34 -14 -34 -13 -34 -12 -34 5 -15 5 -15 6 -15 7 -14 0 -31 2 -31 4 -31 6 -30 -4 -11 -3 -11 -3 -11 -2 -12 14 -4 14 -4 14 -2 14 -1 5 -2 5 -2 0 0 0 0 0 0 0 0 0 0 0 0 0 0 0 0 0 0 0 0 0 0 -13 -29 -10 -31 2 -13 3 -12 4 -13 6 -13 -29 -18 -29 -20 -28 -22 -27 -24 -14 8 -15 7 -16 7 -17 7 26 -8 27 -7 27 -6 29 -6 13 -9 14 -9 15 -8 17 -8 12 -27 13 -26 15 -26 7 -11 ]
2025-05-22 14:51:12,CSI_DATA,STA,D8:B1:90:DB:E8:90,-42,11,1,7,0,0,1,0,0,0,1,-94,0,2,0,3899865475,0,110,0,0,171404,256,[110 96 6 0 -19 15 -18 15 -18 15 -16 15 -16 15 -15 15 -14 15 -14 15 -14 15 -13 15 -13 15 -13 15 -13 15 -13 16 -13 15 -13 16 -13 15 -13 15 -13 14 -14 13 -14 13 -14 13 -14 12 -15 11 -16 10 0 0 0 0 0 0 0 0 0 0 0 0 0 0 0 0 0 0 0 0 0 0 -13 12 -14 11 -15 11 -15 11 -16 11 -16 11 -17 10 -18 10 -18 9 -19 9 -20 10 -20 10 -20 9 -20 10 -20 10 -21 10 -20 10 -21 11 -20 11 -20 12 -19 12 -20 12 -20 13 -19 14
2025-05-22 14:51:12,CSI_DATA,STA,D8:B1:90:DB:E8:90,-42,11,1,6,0,0,1,1,0,0,1,-94,0,2,0,3900369831,0,110,0,0,171404,256,[110 96 6 0 30 -18 28 -16 26 -14 21 -13 15 -12 10 -12 3 -12 -3 -13 -9 -15 -14 -16 -18 -18 -21 -20 -23 -21 -24 -22 -24 -23 -23 -22 -22 -21 -19 -19 -17 -16 -15 -13 -13 -9 -12 -5 -11 -1 -10 2 -9 5 0 0 0 0 0 0 0 0 0 0 0 0 0 0 0 0 0 0 0 0 0 0 -20 -8 -17 -8 -15 -8 -13 -5 -11 -3 -10 2 -9 6 -9 10 -10 14 -11 17 -13 20 -15 22 -17 22 -18 21 -18 19 -18 16 -17 11 -15 7 -11 2 -7 -2 -3 -8 3 -12 8 -16 14 -18
2025-05-22 14:51:15,CSI_DATA,STA,D8:B1:90:DB:E8:90,-42,11,1,7,0,0,1,0,0,0,1,-94,0,2,0,3902875573,0,110,0,0,171407,256,[110 96 6 0 -30 20 -27 18 -25 15 -20 13 -15 12 -9 10 -2 9 4 9 11 9 16 9 21 9 25 10 28 10 30 11 30 11 29 11 27 9 25 8 21 6 18 4 15 1 12 -1 8 -4 6 -7 4 -9 0 0 0 0 0 0 0 0 0 0 0 0 0 0 0 0 0 0 0 0 0 0 15 16 12 15 10 13 8 10 8 6 7 2 8 -2 9 -7 11 -12 13 -15 15 -18 17 -19 20 -20 21 -19 21 -18 20 -15 18 -11 16 -7 12 -3 8 2 3 7 -2 11 -8 16 -14 18 -19 21 -24 21 ]
2025-05-22 14:51:18,CSI_DATA,STA,D8:B1:90:DB:E8:90,-43,11,1,6,0,0,1,0,0,0,1,-94,0,2,0,3905423301,0,110,0,0,171410,256,[110 96 6 0 -22 35 -21 33 -18 28 -14 24 -8 20 -3 16 4 11 11 8 17 4 23 2 28 0 32 -1 36 -3 37 -3 38 -3 36 -3 34 -3 30 -3 25 -4 21 -5 16 -6 11 -7 7 -9 3 -10 0 -12 0 0 0 0 0 0 0 0 0 0 0 0 0 0 0 0 0 0 0 0 0 0 23 10 20 10 17 9 14 6 12 2 10 -2 8 -8 7 -13 8 -18 8 -22 10 -26 11 -29 13 -30 15 -29 15 -28 16 -24 16 -19 14 -14 13 -7 11 0 8 7 4 15 0 21 -5 27 -10 32 -15 35 ]
2025-05-22 14:51:18,CSI_DATA,STA,D8:B1:90:DB:E8:90,-41,11,1,6,0,0,1,0,0,0,1,-94,0,2,0,3905936007,0,110,0,0,171410,256,[110 96 6 0 4 -25 4 -25 3 -25 2 -23 1 -23 1 -23 0 -23 -1 -23 -1 -22 -1 -22 -2 -22 -2 -22 -2 -21 -2 -21 -2 -21 -2 -22 -2 -22 -1 -21 -1 -21 -1 -20 0 -20 0 -20 1 -19 1 -20 3 -20 0 0 0 0 0 0 0 0 0 0 0 0 0 0 0 0 0 0 0 0 0 0 -1 -19 0 -19 1 -20 2 -20 3 -21 3 -21 4 -20 5 -21 5 -22 6 -22 6 -22 6 -22 7 -23 7 -23 6 -23 7 -23 6 -23 6 -24 6 -24 6 -24 5 -25 5 -25 5 -25 5 -25 5 -26 5 -25 ]
2025-05-22 14:51:20,CSI_DATA,STA,D8:B1:90:DB:E8:90,-49,11,1,7,0,0,1,0,0,0,1,-94,0,2,0,3907471253,0,110,0,0,171412,256,[110 96 6 0 -2 10 -3 9 -3 8 -13 8 -14 7 -15 5 -14 3 -10 -1 -9 -3 -8 -4 -8 -6 -30 -22 -28 -25 -25 -27 -22 -29 -35 22 -36 18 -37 14 -37 10 2 20 -1 20 -4 19 -7 18 -11 -22 -8 -22 0 0 0 0 0 0 0 0 0 0 0 0 0 0 0 0 0 0 0 0 0 0 -14 12 -16 10 -23 3 -24 0 -25 -2 -25 -5 0 3 0 3 -1 3 -2 3 -12 -8 -12 -9 -11 -10 -11 -11 -15 3 -16 1 -16 0 -17 -2 -36 -15 -35 -17 -35 -19 -34 -23 -9 -9 -10 -10 -10 -11 -10 24 ]
2025-05-22 14:51:22,CSI_DATA,STA,D8:B1:90:DB:E8:90,-42,11,1,7,0,0,1,0,0,0,1,-94,0,2,0,3909477962,0,110,0,0,171414,256,[110 96 6 0 37 5 34 5 30 4 25 2 19 0 14 -4 8 -8 2 -12 -4 -16 -8 -20 -13 -24 -16 -27 -18 -29 -18 -30 -19 -30 -18 -29 -17 -27 -16 -24 -15 -20 -14 -16 -13 -11 -12 -7 -11 -3 -10 1 -10 4 0 0 0 0 0 0 0 0 0 0 0 0 0 0 0 0 0 0 0 0 0 0 4 -23 5 -21 5 -17 3 -14 0 -11 -4 -8 -8 -5 -13 -3 -18 -2 -22 -2 -26 -2 -29 -2 -31 -3 -31 -5 -29 -6 -27 -8 -22 -9 -17 -10 -11 -10 -4 -10 3 -10 11 -9 18 -8 25 -6 30 -4 35 -
2025-05-22 14:51:23,CSI_DATA,STA,D8:B1:90:DB:E8:90,-42,11,1,6,0,0,1,0,0,0,1,-94,0,2,0,3910489368,0,110,0,0,171415,256,[110 96 6 0 13 36 12 34 9 29 9 24 9 18 10 12 11 4 13 -2 15 -9 17 -14 19 -20 20 -23 22 -26 23 -27 24 -27 23 -26 22 -25 19 -22 15 -20 12 -18 8 -15 3 -13 0 -12 -4 -11 -7 -10 0 0 0 0 0 0 0 0 0 0 0 0 0 0 0 0 0 0 0 0 0 0 17 -15 17 -12 14 -10 11 -9 7 -9 2 -9 -3 -11 -7 -13 -11 -15 -15 -18 -17 -21 -18 -24 -18 -26 -17 -26 -15 -26 -11 -25 -8 -23 -3 -18 1 -14 5 -8 9 -2 12 5 15 12 17 19 17 25 17 31 ]
2025-05-22 14:51:28,CSI_DATA,STA,D8:B1:90:DB:E8:90,-42,11,1,6,0,0,1,0,0,0,1,-94,0,2,0,3915527829,0,110,0,0,171420,256,[110 96 6 0 -17 21 -16 22 -15 21 -13 22 -12 22 -12 22 -11 22 -9 21 -9 21 -9 21 -8 21 -9 21 -8 21 -8 21 -8 21 -8 20 -8 20 -8 20 -8 19 -9 19 -9 19 -10 18 -11 17 -11 17 -12 16 0 0 0 0 0 0 0 0 0 0 0 0 0 0 0 0 0 0 0 0 0 0 -11 17 -12 16 -13 16 -14 16 -14 16 -15 17 -16 17 -17 17 -18 17 -18 17 -19 17 -19 17 -20 17 -20 17 -18 17 -18 17 -18 18 -18 18 -19 19 -18 19 -18 20 -18 20 -17 20 -18 21 -18 21 -17
2025-05-22 14:51:31,CSI_DATA,STA,D8:B1:90:DB:E8:90,-42,11,1,7,0,0,1,0,0,0,1,-93,0,2,0,3918532188,0,110,0,0,171423,256,[110 96 6 0 -20 20 -19 20 -18 20 -17 19 -16 19 -16 19 -15 19 -15 20 -14 20 -14 20 -14 20 -13 20 -13 20 -13 20 -13 20 -13 20 -13 19 -14 19 -13 18 -13 18 -13 17 -13 17 -14 16 -15 16 -16 15 0 0 0 0 0 0 0 0 0 0 0 0 0 0 0 0 0 0 0 0 0 0 -14 16 -15 15 -16 14 -17 14 -17 14 -18 14 -18 15 -19 15 -20 15 -20 15 -21 15 -22 15 -22 15 -22 15 -22 15 -22 16 -22 16 -22 16 -21 17 -21 18 -21 18 -21 19 -20 19 -21
2025-05-22 14:51:32,CSI_DATA,STA,D8:B1:90:DB:E8:90,-42,11,1,7,0,0,1,0,0,0,1,-94,0,2,0,3919543357,0,110,0,0,171424,256,[110 96 6 0 -8 39 -8 36 -7 31 -5 26 -1 20 3 15 8 9 13 4 18 -1 22 -4 27 -7 30 -9 33 -11 34 -11 35 -11 33 -11 31 -10 27 -10 23 -10 18 -10 13 -10 9 -10 5 -11 2 -12 -1 -13 0 0 0 0 0 0 0 0 0 0 0 0 0 0 0 0 0 0 0 0 0 0 23 -5 21 -3 17 -2 14 -3 10 -5 6 -8 2 -11 -1 -15 -4 -20 -5 -23 -5 -27 -4 -30 -3 -32 -2 -32 0 -30 2 -27 4 -23 6 -18 7 -11 8 -4 8 4 7 12 6 19 4 26 1 32 -2 36 ]
2025-05-22 14:51:34,CSI_DATA,STA,D8:B1:90:DB:E8:90,-43,11,1,7,0,0,1,0,0,0,1,-94,0,2,0,3921545985,0,110,0,0,171426,256,[110 96 6 0 -21 34 -20 32 -17 27 -14 23 -9 19 -2 15 4 11 10 8 17 5 23 2 28 0 32 -1 35 -2 36 -2 37 -2 36 -2 33 -2 30 -2 26 -3 21 -4 16 -5 11 -6 7 -8 4 -9 0 -10 0 0 0 0 0 0 0 0 0 0 0 0 0 0 0 0 0 0 0 0 0 0 22 10 19 11 16 9 13 7 11 2 10 -2 8 -7 8 -13 8 -17 9 -22 11 -25 12 -28 14 -29 15 -28 16 -26 16 -22 16 -18 15 -13 14 -6 11 1 8 8 4 15 0 22 -5 27 -10 32 -14 35 ]
2025-05-22 14:51:36,CSI_DATA,STA,D8:B1:90:DB:E8:90,-43,11,1,6,0,0,1,0,0,0,1,-94,0,2,0,3923551180,0,110,0,0,171428,256,[110 96 6 0 -29 -30 -26 -28 -23 -25 -20 -20 -18 -14 -15 -7 -13 0 -12 8 -11 14 -11 20 -11 26 -12 30 -12 33 -12 35 -12 35 -12 34 -11 32 -9 29 -7 25 -5 21 -2 17 1 14 4 11 6 8 8 6 0 0 0 0 0 0 0 0 0 0 0 0 0 0 0 0 0 0 0 0 0 0 -12 23 -12 19 -10 16 -8 14 -4 12 1 10 6 9 11 9 17 10 21 12 24 14 26 16 27 17 26 19 24 19 20 19 15 18 11 16 4 13 -2 9 -9 5 -15 -1 -21 -6 -25 -12 -28 -18 -30 -24 ]
2025-05-22 14:51:36,CSI_DATA,STA,D8:B1:90:DB:E8:90,-41,11,1,6,0,0,1,0,0,0,1,-94,0,2,0,3924055139,0,110,0,0,171428,256,[110 96 6 0 -25 -8 -25 -7 -24 -7 -24 -7 -23 -6 -23 -6 -23 -5 -23 -4 -22 -4 -22 -3 -22 -3 -22 -3 -22 -3 -21 -3 -22 -3 -21 -2 -21 -3 -21 -3 -20 -4 -20 -4 -19 -4 -19 -4 -19 -5 -19 -6 -18 -7 0 0 0 0 0 0 0 0 0 0 0 0 0 0 0 0 0 0 0 0 0 0 -19 -3 -19 -5 -19 -6 -20 -7 -19 -7 -20 -8 -21 -8 -21 -9 -21 -10 -22 -10 -22 -10 -22 -10 -22 -10 -22 -10 -23 -11 -22 -11 -23 -11 -23 -11 -23 -10 -23 -10 -24 -9 -24 -
2025-05-22 14:51:43,CSI_DATA,STA,D8:B1:90:DB:E8:90,-42,11,1,7,0,0,1,0,0,0,1,-94,0,2,0,3930659773,0,110,0,0,171435,256,[110 96 6 0 -14 -21 -14 -21 -14 -20 -13 -19 -13 -18 -13 -17 -13 -17 -14 -16 -14 -15 -14 -15 -15 -15 -15 -14 -15 -14 -15 -14 -15 -14 -15 -14 -15 -13 -15 -14 -14 -14 -14 -13 -13 -13 -13 -13 -12 -14 -11 -14 -11 -15 0 0 0 0 0 0 0 0 0 0 0 0 0 0 0 0 0 0 0 0 0 0 -13 -14 -12 -15 -11 -16 -11 -17 -10 -17 -10 -18 -11 -19 -10 -19 -10 -20 -10 -21 -9 -20 -9 -21 -9 -21 -9 -21 -10 -21 -10 -21 -11 -21 -10 -21
2025-05-22 14:51:46,CSI_DATA,STA,D8:B1:90:DB:E8:90,-43,11,1,7,0,0,1,0,0,0,1,-94,0,2,0,3933666311,0,110,0,0,171438,256,[110 96 6 0 35 -22 33 -19 29 -17 23 -15 17 -14 10 -14 2 -13 -6 -14 -13 -14 -19 -15 -25 -16 -29 -17 -32 -18 -33 -18 -33 -19 -32 -18 -30 -17 -27 -15 -24 -12 -21 -9 -18 -5 -15 -2 -12 2 -10 4 -8 7 0 0 0 0 0 0 0 0 0 0 0 0 0 0 0 0 0 0 0 0 0 0 -19 -19 -16 -18 -13 -16 -12 -12 -11 -7 -11 -2 -12 3 -13 8 -15 13 -18 16 -21 19 -24 20 -26 21 -27 19 -27 17 -25 13 -23 9 -19 4 -15 -1 -10 -6 -4 -11 4 -16 10 -2
2025-05-22 14:51:47,CSI_DATA,STA,D8:B1:90:DB:E8:90,-41,11,1,7,0,0,1,0,0,0,1,-94,0,2,0,3934697630,0,110,0,0,171439,256,[110 96 6 0 18 16 18 16 18 15 18 14 18 13 17 13 18 12 17 11 17 11 17 10 17 10 18 9 18 9 18 9 18 9 18 9 18 9 17 9 17 9 15 9 15 10 14 10 14 10 14 11 13 12 0 0 0 0 0 0 0 0 0 0 0 0 0 0 0 0 0 0 0 0 0 0 15 10 14 11 13 11 13 12 13 13 13 14 14 14 14 15 14 16 13 16 13 16 13 17 13 17 13 17 13 18 13 17 13 18 13 17 16 17 15 17 16 17 16 17 17 16 17 16 18 16 18 16 ]
2025-05-22 14:51:55,CSI_DATA,STA,D8:B1:90:DB:E8:90,-42,11,1,7,0,0,1,0,0,0,1,-93,0,2,0,3943288340,0,110,0,0,171447,256,[110 96 6 0 -11 22 -11 22 -10 21 -10 21 -9 21 -9 21 -8 21 -8 20 -7 20 -7 20 -7 20 -5 19 -5 20 -5 19 -5 19 -5 19 -5 19 -5 18 -5 18 -6 18 -6 18 -6 17 -7 17 -8 16 -9 16 0 0 0 0 0 0 0 0 0 0 0 0 0 0 0 0 0 0 0 0 0 0 -6 17 -7 17 -7 17 -8 17 -9 17 -9 18 -10 18 -11 18 -12 19 -12 19 -12 19 -12 19 -13 19 -13 19 -12 19 -13 19 -13 20 -12 20 -12 21 -12 21 -12 21 -12 22 -11 22 -11 22 -11 22 -11 22 ]
2025-05-22 14:52:00,CSI_DATA,STA,D8:B1:90:DB:E8:90,-42,11,1,6,0,0,1,0,0,0,1,-94,0,2,0,3947807642,0,110,0,0,171452,256,[110 96 6 0 4 -39 4 -36 4 -32 2 -27 -1 -21 -4 -16 -8 -11 -13 -5 -18 -1 -22 3 -27 6 -30 8 -33 10 -34 10 -35 10 -34 10 -32 9 -29 8 -25 8 -21 8 -16 7 -12 8 -8 9 -5 9 -1 10 0 0 0 0 0 0 0 0 0 0 0 0 0 0 0 0 0 0 0 0 0 0 -24 9 -22 7 -19 5 -15 5 -11 6 -7 8 -3 11 1 14 4 18 6 21 7 25 7 28 6 30 5 30 3 29 0 27 -2 23 -4 18 -6 12 -8 5 -9 -3 -9 -10 -9 -18 -7 -25 -5 -31 -2 -35 ]
2025-05-22 14:52:00,CSI_DATA,STA,D8:B1:90:DB:E8:90,-41,11,1,6,0,0,1,0,0,0,1,-94,0,2,0,3948308420,0,110,0,0,171452,256,[110 96 6 0 -13 21 -13 21 -12 20 -12 20 -11 20 -11 20 -10 20 -9 20 -9 19 -8 19 -8 19 -8 19 -8 19 -7 19 -7 19 -7 19 -8 19 -8 19 -8 18 -8 18 -8 17 -9 17 -9 17 -10 16 -11 16 0 0 0 0 0 0 0 0 0 0 0 0 0 0 0 0 0 0 0 0 0 0 -8 17 -10 16 -11 16 -12 16 -12 16 -13 16 -13 17 -14 17 -14 17 -15 17 -15 18 -15 18 -15 18 -15 18 -15 18 -15 18 -15 19 -15 19 -15 19 -15 19 -15 20 -15 20 -14 20 -14 20 -14 21 -14 21
2025-05-22 14:52:01,CSI_DATA,STA,D8:B1:90:DB:E8:90,-42,11,1,7,0,0,1,0,0,0,1,-94,0,2,0,3948813397,0,110,0,0,171453,256,[110 96 6 0 -23 30 -22 28 -19 24 -15 21 -10 17 -4 14 2 11 9 8 15 5 21 4 26 3 30 2 33 2 34 2 35 2 33 3 31 2 28 2 24 0 20 -1 15 -3 11 -5 7 -7 4 -9 2 -10 0 0 0 0 0 0 0 0 0 0 0 0 0 0 0 0 0 0 0 0 0 0 21 9 19 9 15 8 13 5 11 2 9 -3 8 -7 7 -12 8 -17 9 -21 10 -25 12 -27 13 -28 14 -27 15 -26 16 -22 15 -17 14 -12 12 -6 9 0 6 7 2 14 -2 19 -7 24 -12 29 -16 32 ]
2025-05-22 14:52:02,CSI_DATA,STA,D8:B1:90:DB:E8:90,-42,11,1,7,0,0,1,0,0,0,1,-94,0,2,0,3950319615,0,110,0,0,171454,256,[110 96 6 0 6 24 7 24 7 23 8 24 7 23 8 23 8 22 9 21 9 21 9 20 10 20 9 20 9 20 10 19 10 20 9 19 9 20 8 19 8 19 8 19 7 19 6 19 5 19 4 19 3 20 0 0 0 0 0 0 0 0 0 0 0 0 0 0 0 0 0 0 0 0 0 0 8 17 7 18 6 18 6 19 6 19 5 20 5 21 4 22 4 22 3 23 3 23 3 23 3 23 3 24 3 24 3 24 4 24 4 24 4 25 4 25 5 25 5 25 6 25 6 25 6 26 6 25 ]
2025-05-22 14:52:09,CSI_DATA,STA,D8:B1:90:DB:E8:90,-42,11,1,6,0,0,1,0,0,0,1,-94,0,2,0,3956408027,0,110,0,0,171460,256,[110 96 6 0 11 -38 10 -36 10 -31 7 -27 3 -22 -1 -16 -6 -11 -12 -7 -17 -3 -23 1 -27 4 -31 5 -34 7 -35 7 -36 7 -34 7 -32 7 -29 7 -25 7 -21 7 -16 7 -11 8 -7 9 -4 10 -1 11 0 0 0 0 0 0 0 0 0 0 0 0 0 0 0 0 0 0 0 0 0 0 -25 0 -23 -1 -20 -2 -16 -1 -13 2 -9 5 -6 9 -4 13 -2 18 -1 22 -1 26 -2 29 -3 30 -5 30 -6 29 -8 25 -9 21 -10 16 -10 10 -10 3 -9 -5 -7 -13 -6 -20 -3 -27 0 -32 4 -37 ]
2025-05-22 14:52:10,CSI_DATA,STA,D8:B1:90:DB:E8:90,-41,11,1,6,0,0,1,0,0,0,1,-94,0,2,0,3958096924,0,100,0,0,171462,256,[100 -64 5 0 -4 24 -3 23 -3 23 -2 22 -2 22 -2 21 -1 21 -1 20 0 20 0 20 0 20 0 19 0 19 0 19 0 19 0 20 0 19 0 19 0 18 -1 18 -1 18 -1 18 -2 17 -3 17 -4 17 0 0 0 0 0 0 0 0 0 0 0 0 0 0 0 0 0 0 0 0 0 0 -2 18 -3 18 -4 19 -5 19 -5 19 -6 19 -7 20 -7 20 -8 21 -8 21 -7 21 -8 22 -8 21 -8 22 -8 23 -8 23 -8 23 -8 23 -7 22 -7 22 -6 23 -6 23 -5 23 -5 23 -5 24 -4 24 ]
2025-05-22 14:52:15,CSI_DATA,STA,D8:B1:90:DB:E8:90,-42,11,1,7,0,0,1,0,0,0,1,-94,0,2,0,3962427734,0,110,0,0,171467,256,[110 96 6 0 1 -40 1 -37 2 -32 0 -27 -3 -21 -6 -14 -9 -7 -13 -1 -16 5 -20 10 -23 15 -25 18 -27 21 -28 21 -28 22 -27 21 -25 20 -22 18 -18 16 -13 15 -9 13 -4 11 0 10 3 8 7 7 0 0 0 0 0 0 0 0 0 0 0 0 0 0 0 0 0 0 0 0 0 0 -24 -5 -21 -6 -18 -5 -14 -3 -11 0 -8 4 -5 9 -3 14 -2 19 0 23 -1 27 -2 30 -2 31 -4 31 -5 30 -8 26 -9 22 -10 16 -11 10 -11 3 -12 -5 -11 -12 -11 -20 -9 -27 -7 -33 -4 -38 ]
2025-05-22 14:52:15,CSI_DATA,STA,D8:B1:90:DB:E8:90,-41,11,1,7,0,0,1,0,0,0,1,-94,0,2,0,3962501404,0,100,0,0,171467,256,[100 -64 5 0 1 -26 0 -26 0 -25 0 -23 -1 -23 -1 -23 -1 -22 -2 -23 -3 -22 -3 -22 -4 -22 -4 -21 -4 -21 -4 -21 -3 -21 -3 -21 -2 -21 -2 -20 -2 -20 -2 -19 -1 -19 -1 -19 0 -19 1 -20 2 -19 0 0 0 0 0 0 0 0 0 0 0 0 0 0 0 0 0 0 0 0 0 0 -1 -19 0 -19 1 -19 1 -19 2 -20 2 -20 2 -21 3 -22 3 -22 3 -23 4 -23 5 -23 5 -23 4 -23 4 -23 4 -23 3 -23 3 -24 3 -24 3 -24 2 -24 2 -25 1 -25 1 -25 1 -25 1 -26 ]
2025-05-22 14:52:17,CSI_DATA,STA,D8:B1:90:DB:E8:90,-43,11,1,6,0,0,1,0,0,0,1,-94,0,2,0,3964959001,0,110,0,0,171469,256,[110 96 6 0 -4 39 -5 37 -4 32 -3 27 0 21 4 16 8 9 13 4 17 -1 22 -5 26 -9 29 -11 32 -13 33 -13 34 -13 33 -13 31 -12 27 -11 23 -10 19 -9 14 -10 9 -10 5 -10 1 -10 -2 -11 0 0 0 0 0 0 0 0 0 0 0 0 0 0 0 0 0 0 0 0 0 0 24 -7 22 -5 19 -4 15 -5 11 -6 8 -9 4 -12 1 -16 -2 -20 -3 -23 -4 -27 -3 -30 -3 -31 -1 -31 0 -30 3 -28 4 -24 6 -18 8 -12 9 -5 10 3 10 10 9 18 7 25 5 31 2 36 ]
2025-05-22 14:52:19,CSI_DATA,STA,D8:B1:90:DB:E8:90,-41,11,1,6,0,0,1,0,0,0,1,-94,0,2,0,3966464602,0,110,0,0,171471,256,[110 96 6 0 0 -25 0 -24 0 -24 -2 -24 -2 -23 -2 -23 -2 -22 -4 -21 -5 -21 -5 -21 -5 -21 -5 -20 -5 -20 -5 -20 -5 -20 -5 -20 -4 -19 -4 -19 -3 -19 -3 -18 -3 -19 -2 -18 -2 -19 -1 -18 0 -18 0 0 0 0 0 0 0 0 0 0 0 0 0 0 0 0 0 0 0 0 0 0 -3 -19 -1 -19 0 -19 0 -20 1 -20 1 -20 1 -20 1 -21 2 -21 2 -22 4 -23 4 -24 4 -24 4 -24 3 -23 3 -24 3 -24 3 -24 2 -24 2 -24 1 -24 1 -25 0 -24 1 -25 1 -25 1 -25 ]
2025-05-22 14:52:21,CSI_DATA,STA,D8:B1:90:DB:E8:90,-42,11,1,7,0,0,1,0,0,0,1,-93,0,2,0,3968470757,0,110,0,0,171473,256,[110 96 6 0 -22 -13 -22 -13 -21 -13 -22 -11 -21 -10 -21 -10 -21 -9 -21 -8 -21 -8 -20 -8 -21 -8 -20 -8 -20 -7 -20 -7 -20 -7 -19 -7 -19 -7 -19 -7 -18 -8 -18 -8 -17 -8 -17 -9 -17 -10 -16 -10 -15 -11 0 0 0 0 0 0 0 0 0 0 0 0 0 0 0 0 0 0 0 0 0 0 -18 -9 -17 -10 -17 -11 -17 -12 -17 -13 -17 -13 -17 -13 -17 -14 -17 -15 -17 -16 -18 -15 -18 -16 -18 -16 -18 -16 -18 -16 -19 -16 -19 -16 -19 -16 -20 -16 -20
2025-05-22 14:52:21,CSI_DATA,STA,D8:B1:90:DB:E8:90,-42,11,1,7,0,0,1,0,0,0,1,-93,0,2,0,3968974065,0,110,0,0,171473,256,[110 96 6 0 -5 23 -5 24 -4 23 -4 23 -3 22 -3 22 -2 22 -2 22 -1 21 -1 21 -1 21 0 21 0 21 0 20 0 20 -1 20 0 20 -1 20 -1 19 -2 19 -2 19 -3 18 -3 18 -4 18 -6 18 0 0 0 0 0 0 0 0 0 0 0 0 0 0 0 0 0 0 0 0 0 0 0 17 -2 17 -3 18 -4 18 -4 18 -5 19 -5 19 -5 19 -6 20 -6 20 -7 21 -7 21 -7 21 -8 21 -7 21 -7 21 -7 22 -7 22 -6 23 -6 23 -5 23 -6 23 -5 23 -5 23 -5 24 -4 24 ]
2025-05-22 14:52:23,CSI_DATA,STA,D8:B1:90:DB:E8:90,-41,11,1,7,0,0,1,0,0,0,1,-95,0,2,0,3970505038,0,110,0,0,171475,256,[110 96 6 0 -33 -22 -31 -21 -27 -19 -23 -15 -19 -10 -16 -4 -12 2 -10 9 -8 15 -6 21 -5 27 -4 31 -4 35 -4 35 -4 36 -4 34 -4 32 -3 29 -1 25 0 21 2 17 4 13 6 9 8 6 10 3 0 0 0 0 0 0 0 0 0 0 0 0 0 0 0 0 0 0 0 0 0 0 -6 23 -7 21 -7 17 -4 14 -1 11 3 9 8 8 13 6 18 6 22 6 26 8 28 10 29 11 29 12 28 14 23 14 19 14 13 13 7 12 0 9 -7 7 -14 2 -21 -1 -26 -6 -30 -11 -33 -16 ]
2025-05-22 14:52:26,CSI_DATA,STA,D8:B1:90:DB:E8:90,-42,11,1,6,0,0,1,0,0,0,1,-95,0,2,0,3974057487,0,110,0,0,171478,256,[110 96 6 0 -36 3 -34 2 -29 2 -24 2 -19 4 -13 6 -7 8 -1 11 5 14 9 16 14 19 17 21 19 23 20 24 20 24 20 23 19 22 17 19 16 16 14 12 13 9 11 5 9 2 8 -1 7 -4 0 0 0 0 0 0 0 0 0 0 0 0 0 0 0 0 0 0 0 0 0 0 5 22 3 20 2 17 3 14 4 10 6 6 9 3 12 -1 16 -3 19 -5 23 -6 25 -6 27 -6 27 -4 27 -3 24 -1 21 1 16 3 11 6 5 8 -2 9 -9 10 -16 11 -22 11 -28 9 -32 8 ]
