2025-05-22 09:47:20,CSI_DATA,STA,D8:B1:90:DB:E8:90,-41,11,1,7,0,0,1,0,0,0,1,-95,0,2,0,2847916536,0,110,0,0,153172,256,[110 96 6 0 -21 -19 -21 -18 -21 -18 -20 -17 -20 -16 -21 -16 -21 -15 -21 -13 -22 -13 -21 -12 -22 -12 -22 -12 -22 -12 -22 -12 -22 -12 -22 -12 -21 -12 -21 -12 -20 -12 -20 -12 -20 -12 -19 -13 -19 -13 -18 -15 -17 -16 0 0 0 0 0 0 0 0 0 0 0 0 0 0 0 0 0 0 0 0 0 0 -16 -14 -15 -15 -14 -16 -14 -16 -14 -17 -14 -18 -14 -18 -15 -19 -14 -20 -15 -21 -15 -20 -15 -21 -15 -21 -15 -20 -15 -21 -16 -21 -16 -20 -16
2025-05-22 09:47:21,CSI_DATA,STA,D8:B1:90:DB:E8:90,-42,11,1,7,0,0,1,1,1,0,1,-95,0,2,0,2848413595,0,110,0,0,153173,384,[110 96 6 0 -12 -37 -10 -35 -9 -31 -9 -26 -9 -19 -10 -13 -11 -6 -14 1 -16 7 -19 13 -21 18 -23 22 -25 25 -26 26 -26 27 -25 26 -24 24 -22 22 -18 19 -15 17 -10 15 -6 12 -2 11 2 9 6 8 0 0 0 0 0 0 0 0 0 0 0 0 0 0 0 0 0 0 0 0 0 0 -22 12 -21 9 -19 7 -15 6 -11 6 -7 7 -2 9 3 11 7 14 10 17 12 21 13 23 14 26 13 27 11 27 7 25 4 23 0 18 -3 13 -7 7 -10 1 -13 -7 -15 -14 -16 -20 -16 -27 -15 -33 ]
2025-05-22 09:47:23,CSI_DATA,STA,D8:B1:90:DB:E8:90,-41,11,1,7,0,0,1,0,0,0,1,-95,0,2,0,2850923062,0,110,0,0,153175,256,[110 96 6 0 23 2 23 2 23 2 22 1 21 1 21 0 21 0 20 0 20 -1 20 -1 20 -1 20 -1 20 -2 20 -1 20 -1 20 -1 20 -1 20 0 20 0 20 0 19 1 19 1 19 2 19 3 19 4 0 0 0 0 0 0 0 0 0 0 0 0 0 0 0 0 0 0 0 0 0 0 17 0 17 1 17 2 18 3 18 4 18 4 19 5 20 5 20 6 20 6 20 6 20 7 20 7 20 7 21 6 21 6 21 5 21 5 22 4 22 4 22 4 23 4 23 3 23 3 23 4 23 2 ]
2025-05-22 09:47:24,CSI_DATA,STA,D8:B1:90:DB:E8:90,-42,11,1,7,0,0,1,1,1,0,1,-95,0,2,0,2851433906,0,110,0,0,153176,384,[110 96 6 0 37 -6 35 -5 31 -4 26 -5 19 -6 12 -8 5 -10 -2 -13 -8 -16 -14 -19 -19 -21 -23 -23 -27 -24 -28 -25 -29 -25 -28 -24 -26 -23 -25 -20 -22 -17 -19 -13 -16 -9 -14 -5 -11 -1 -9 3 -8 6 0 0 0 0 0 0 0 0 0 0 0 0 0 0 0 0 0 0 0 0 0 0 0 -25 2 -23 2 -20 2 -17 -1 -13 -4 -9 -7 -5 -11 -1 -16 2 -21 3 -25 3 -29 4 -31 3 -32 2 -31 0 -29 -2 -25 -4 -20 -6 -15 -9 -8 -10 0 -12 8 -13 15 -13 23 -12 29 -11 35 -
2025-05-22 09:47:25,CSI_DATA,STA,D8:B1:90:DB:E8:90,-42,11,1,7,0,0,1,1,1,0,1,-95,0,2,0,2852459149,0,110,0,0,153177,384,[110 96 6 0 23 -31 21 -28 19 -25 15 -22 9 -18 4 -15 -3 -12 -10 -10 -16 -8 -23 -6 -28 -5 -32 -3 -35 -3 -37 -3 -37 -3 -36 -3 -34 -2 -31 -2 -27 -1 -23 0 -19 2 -13 4 -9 6 -6 7 -2 9 0 0 0 0 0 0 0 0 0 0 0 0 0 0 0 0 0 0 0 0 0 0 -21 -14 -18 -15 -15 -13 -13 -11 -11 -7 -10 -3 -9 3 -9 8 -9 13 -11 17 -13 21 -15 24 -17 25 -18 24 -19 22 -19 19 -18 15 -17 10 -14 4 -11 -2 -7 -9 -3 -15 2 -21 7 -25 12 -28 18 -
2025-05-22 09:47:26,CSI_DATA,STA,D8:B1:90:DB:E8:90,-41,11,1,7,0,0,1,0,0,0,1,-95,0,2,0,2853971877,0,110,0,0,153178,256,[110 96 6 0 9 -24 8 -24 8 -23 6 -23 5 -23 5 -23 4 -23 3 -22 2 -22 2 -22 1 -22 1 -22 1 -22 1 -22 1 -22 1 -22 2 -22 2 -22 2 -22 2 -21 3 -21 3 -21 4 -20 5 -20 6 -20 0 0 0 0 0 0 0 0 0 0 0 0 0 0 0 0 0 0 0 0 0 0 4 -18 5 -18 6 -18 7 -18 8 -18 8 -18 9 -19 9 -20 10 -20 10 -20 11 -20 11 -21 11 -21 11 -21 11 -21 11 -21 11 -21 11 -22 10 -22 10 -22 9 -22 9 -23 9 -23 9 -23 9 -24 9 -24 ]
2025-05-22 09:47:27,CSI_DATA,STA,D8:B1:90:DB:E8:90,-42,11,1,7,0,0,1,1,1,0,1,-95,0,2,0,2854472611,0,110,0,0,153179,384,[110 96 6 0 -40 -8 -36 -7 -32 -7 -27 -4 -21 -1 -15 3 -8 7 -3 11 4 16 9 19 14 23 17 26 20 28 22 29 23 29 23 29 21 26 20 23 18 19 16 15 13 11 12 6 9 1 8 -3 6 -7 0 0 0 0 0 0 0 0 0 0 0 0 0 0 0 0 0 0 0 0 0 0 -15 20 -15 17 -14 15 -11 12 -7 10 -3 8 2 7 8 5 14 5 19 6 23 7 27 9 29 10 28 11 27 12 24 13 20 14 15 14 9 13 2 12 -6 11 -13 9 -21 7 -27 3 -33 0 -37 -3 ]
2025-05-22 09:47:29,CSI_DATA,STA,D8:B1:90:DB:E8:90,-41,11,1,7,0,0,1,0,0,0,1,-95,0,2,0,2856981067,0,110,0,0,153181,256,[110 96 6 0 26 13 26 12 26 12 25 10 25 10 25 9 25 9 25 7 26 7 25 6 26 5 25 6 25 5 26 5 25 5 25 6 25 7 24 7 24 7 23 8 23 8 23 9 22 10 22 11 21 12 0 0 0 0 0 0 0 0 0 0 0 0 0 0 0 0 0 0 0 0 0 0 20 6 19 7 20 9 19 10 20 11 20 12 21 12 21 13 21 14 21 14 21 15 21 15 21 16 21 16 22 16 23 16 23 15 24 16 23 14 24 14 24 14 25 14 26 13 26 14 27 14 26 13 ]
2025-05-22 09:47:31,CSI_DATA,STA,D8:B1:90:DB:E8:90,-41,11,1,7,0,0,1,0,0,0,1,-95,0,2,0,2859005360,0,110,0,0,153183,256,[110 96 6 0 10 -25 10 -25 9 -25 8 -24 8 -24 7 -25 7 -24 7 -24 6 -24 5 -24 4 -25 4 -24 4 -24 4 -23 4 -24 4 -23 4 -23 5 -23 5 -22 5 -22 6 -21 6 -21 7 -21 8 -21 9 -20 0 0 0 0 0 0 0 0 0 0 0 0 0 0 0 0 0 0 0 0 0 0 6 -19 8 -19 9 -19 10 -19 11 -19 11 -19 12 -20 13 -20 14 -20 14 -21 14 -21 14 -21 14 -21 15 -21 13 -21 13 -21 13 -21 13 -22 12 -23 12 -23 11 -24 12 -24 11 -24 11 -25 11 -25 11 -26 ]
2025-05-22 09:47:35,CSI_DATA,STA,D8:B1:90:DB:E8:90,-41,11,1,7,0,0,1,0,0,0,1,-95,0,2,0,2862517204,0,110,0,0,153187,256,[110 96 6 0 -22 -16 -23 -15 -22 -15 -22 -14 -23 -13 -22 -13 -22 -12 -22 -12 -22 -11 -23 -11 -23 -10 -22 -11 -23 -10 -22 -10 -22 -10 -22 -10 -22 -10 -21 -10 -21 -10 -21 -11 -21 -12 -20 -12 -20 -12 -19 -13 -18 -14 0 0 0 0 0 0 0 0 0 0 0 0 0 0 0 0 0 0 0 0 0 0 -17 -12 -17 -14 -16 -14 -16 -15 -16 -15 -16 -16 -17 -16 -17 -17 -16 -18 -17 -19 -16 -19 -17 -19 -16 -20 -17 -19 -17 -18 -17 -19 -18 -18 -18
2025-05-22 09:47:35,CSI_DATA,STA,D8:B1:90:DB:E8:90,-41,11,1,7,0,0,1,1,1,0,1,-95,0,2,0,2863017159,0,110,0,0,153187,384,[110 96 6 0 -34 20 -32 19 -28 16 -23 15 -16 14 -9 12 -2 11 5 10 13 10 19 10 26 9 30 9 33 9 36 9 36 9 35 8 34 8 31 6 26 4 22 3 17 0 13 -2 8 -5 5 -7 1 -9 0 0 0 0 0 0 0 0 0 0 0 0 0 0 0 0 0 0 0 0 0 0 6 24 3 23 2 20 2 16 3 12 5 7 7 2 11 -2 14 -6 18 -9 22 -12 25 -12 28 -13 29 -12 29 -10 27 -7 24 -4 21 0 16 4 10 8 3 12 -4 16 -11 19 -17 21 -24 23 -29 23 ]
2025-05-22 09:47:36,CSI_DATA,STA,D8:B1:90:DB:E8:90,-42,11,1,7,0,0,1,1,1,0,1,-95,0,2,0,2863516416,0,110,0,0,153188,384,[110 96 6 0 3 -41 3 -38 2 -33 0 -28 -3 -22 -6 -16 -10 -9 -14 -2 -18 4 -22 10 -25 15 -27 19 -29 22 -30 24 -30 25 -29 25 -27 23 -25 22 -21 19 -17 17 -12 15 -7 12 -3 10 1 8 5 6 0 0 0 0 0 0 0 0 0 0 0 0 0 0 0 0 0 0 0 0 0 0 -24 -13 -21 -14 -18 -13 -15 -10 -12 -7 -10 -3 -8 3 -6 8 -6 14 -6 19 -7 24 -9 27 -10 29 -11 30 -13 29 -14 26 -15 22 -15 17 -15 10 -14 4 -14 -5 -12 -13 -10 -20 -8 -27 -5 -33 -1 -3
2025-05-22 09:47:40,CSI_DATA,STA,D8:B1:90:DB:E8:90,-47,11,1,7,0,0,1,0,0,0,1,-95,0,2,0,2868038230,0,110,0,0,153192,256,[110 96 6 0 17 13 17 13 15 12 8 -5 7 -6 6 -7 6 -7 10 -8 9 -9 9 -10 8 -10 10 -6 10 -5 11 -5 11 -4 11 -4 10 -3 10 -3 9 -2 3 4 2 4 2 5 1 5 17 -11 18 -9 0 0 0 0 0 0 0 0 0 0 0 0 0 0 0 0 0 0 0 0 0 0 24 7 24 10 24 9 23 10 24 11 24 13 23 16 24 17 23 18 23 19 18 16 17 17 17 17 18 17 9 -6 9 -6 9 -7 10 -7 26 -1 26 -1 26 -2 27 -3 34 -4 35 -4 35 -4 31 -7 ]
2025-05-22 09:47:43,CSI_DATA,STA,D8:B1:90:DB:E8:90,-47,11,1,7,0,0,1,0,0,0,1,-95,0,2,0,2871056717,0,110,0,0,153195,256,[110 96 6 0 -28 0 -28 -1 -27 -1 -5 -12 -5 -13 -5 -13 -4 -14 -2 2 -2 1 -2 1 -1 0 -6 26 -6 25 -6 25 -6 25 1 10 2 9 1 9 1 8 16 17 15 17 15 17 14 17 -9 -14 -8 -14 0 0 0 0 0 0 0 0 0 0 0 0 0 0 0 0 0 0 0 0 0 0 17 15 16 17 16 17 15 19 15 20 14 20 15 20 14 21 14 22 13 23 -17 -24 -17 -24 -16 -25 -16 -26 -12 -4 -13 -4 -13 -4 -14 -4 -27 -13 -27 -13 -27 -14 -28 -14 -29 -10 -29 -9 -29 -10 -31 -6 ]
2025-05-22 09:47:44,CSI_DATA,STA,D8:B1:90:DB:E8:90,-42,11,1,7,0,0,1,1,1,0,1,-95,0,2,0,2871557589,0,110,0,0,153196,384,[110 96 6 0 37 -4 34 -3 31 -3 25 -4 19 -6 13 -8 7 -11 0 -14 -6 -17 -11 -20 -16 -24 -19 -26 -22 -28 -23 -29 -24 -30 -23 -29 -22 -27 -20 -24 -18 -21 -16 -17 -14 -13 -12 -8 -10 -4 -9 0 -8 4 0 0 0 0 0 0 0 0 0 0 0 0 0 0 0 0 0 0 0 0 0 0 -3 -25 -1 -23 0 -21 -1 -17 -2 -13 -4 -10 -8 -6 -12 -3 -16 0 -20 2 -24 3 -27 3 -30 2 -30 1 -30 -1 -28 -3 -24 -5 -19 -7 -14 -9 -7 -11 0 -12 8 -13 15 -13 22 -13 29 -11
2025-05-22 09:47:46,CSI_DATA,STA,D8:B1:90:DB:E8:90,-41,11,1,7,0,0,1,0,0,0,1,-95,0,2,0,2874066732,0,110,0,0,153198,256,[110 96 6 0 -23 3 -23 3 -23 3 -22 5 -22 5 -22 5 -21 6 -20 6 -20 7 -20 7 -20 7 -21 7 -20 7 -20 7 -20 7 -20 7 -20 7 -20 6 -20 6 -20 6 -20 5 -20 5 -20 4 -20 3 -20 1 0 0 0 0 0 0 0 0 0 0 0 0 0 0 0 0 0 0 0 0 0 0 -17 5 -17 4 -18 4 -18 3 -19 3 -19 2 -20 3 -21 2 -21 2 -22 1 -21 1 -22 1 -22 1 -22 0 -22 1 -22 1 -22 1 -22 2 -23 2 -23 2 -23 2 -23 2 -23 3 -23 3 -24 3 -23 3 ]
2025-05-22 09:47:47,CSI_DATA,STA,D8:B1:90:DB:E8:90,-42,11,1,7,0,0,1,1,1,0,1,-95,0,2,0,2874567093,0,110,0,0,153199,384,[110 96 6 0 -16 31 -16 29 -13 25 -10 22 -6 17 0 13 5 9 10 5 15 0 20 -3 24 -7 28 -9 31 -11 32 -12 33 -12 32 -12 30 -12 27 -11 23 -11 19 -10 14 -10 9 -9 5 -8 1 -8 -3 -7 0 0 0 0 0 0 0 0 0 0 0 0 0 0 0 0 0 0 0 0 0 0 13 18 11 17 9 15 7 12 7 9 7 4 6 -1 7 -6 9 -11 11 -15 13 -18 15 -21 17 -22 19 -22 19 -21 19 -18 19 -14 17 -10 15 -5 12 1 9 7 5 13 2 19 -3 24 -7 28 -11 31 ]
2025-05-22 09:47:50,CSI_DATA,STA,D8:B1:90:DB:E8:90,-41,11,1,7,0,0,1,0,0,0,1,-95,0,2,0,2878076849,0,110,0,0,153202,256,[110 96 6 0 -5 -26 -5 -26 -5 -25 -6 -26 -6 -25 -6 -25 -7 -24 -7 -24 -8 -23 -8 -23 -8 -23 -10 -23 -10 -23 -10 -23 -9 -23 -9 -23 -8 -22 -8 -22 -7 -22 -7 -22 -6 -22 -6 -22 -5 -21 -4 -22 -2 -22 0 0 0 0 0 0 0 0 0 0 0 0 0 0 0 0 0 0 0 0 0 0 -6 -18 -4 -19 -4 -20 -3 -20 -3 -21 -2 -21 -2 -22 -2 -23 -1 -23 -1 -24 -1 -23 0 -24 0 -24 0 -24 -1 -24 -2 -24 -2 -24 -2 -25 -3 -25 -3 -25 -4 -26 -3 -26 -4 -26 -5
2025-05-22 09:47:51,CSI_DATA,STA,D8:B1:90:DB:E8:90,-42,11,1,7,0,0,1,1,1,0,1,-95,0,2,0,2878577347,0,110,0,0,153203,384,[110 96 6 0 -1 37 -1 34 -1 30 1 25 3 19 5 13 8 7 12 0 15 -6 18 -11 21 -16 24 -19 25 -22 27 -24 27 -25 26 -24 24 -23 22 -21 19 -19 15 -17 10 -15 6 -12 2 -10 -2 -8 -6 -7 0 0 0 0 0 0 0 0 0 0 0 0 0 0 0 0 0 0 0 0 0 0 23 6 21 7 17 6 14 5 11 2 8 -1 5 -6 3 -11 1 -15 0 -20 0 -24 1 -28 2 -30 3 -30 5 -30 7 -27 8 -23 9 -18 10 -12 11 -6 11 2 11 9 10 17 9 23 6 29 4 34 ]
2025-05-22 09:47:51,CSI_DATA,STA,D8:B1:90:DB:E8:90,-42,11,1,7,0,0,1,1,1,0,1,-95,0,2,0,2879077379,0,110,0,0,153203,384,[110 96 6 0 15 -34 15 -32 13 -28 10 -24 5 -20 0 -16 -5 -11 -11 -8 -17 -5 -22 -2 -27 0 -31 2 -34 4 -36 4 -36 4 -35 4 -34 4 -30 4 -26 4 -22 4 -17 5 -12 5 -8 6 -4 7 0 8 0 0 0 0 0 0 0 0 0 0 0 0 0 0 0 0 0 0 0 0 0 0 -22 -10 -20 -11 -17 -10 -14 -8 -12 -5 -10 -1 -8 4 -7 8 -7 13 -7 17 -9 21 -10 24 -12 25 -13 25 -14 24 -15 21 -15 17 -15 12 -14 6 -12 0 -10 -7 -6 -14 -3 -20 1 -25 6 -29 11 -33 ]
2025-05-22 09:48:03,CSI_DATA,STA,D8:B1:90:DB:E8:90,-41,11,1,7,0,0,1,0,0,0,1,-95,0,2,0,2890676059,0,110,0,0,153215,256,[110 96 6 0 -27 -5 -27 -4 -26 -4 -26 -4 -25 -3 -25 -2 -25 -2 -24 -1 -24 -1 -24 0 -24 0 -24 0 -24 0 -24 0 -24 0 -24 0 -23 0 -23 -1 -22 -1 -23 -1 -23 -2 -22 -2 -22 -3 -22 -4 -21 -6 0 0 0 0 0 0 0 0 0 0 0 0 0 0 0 0 0 0 0 0 0 0 -20 0 -20 -1 -20 -3 -20 -4 -21 -4 -21 -5 -21 -7 -22 -7 -22 -8 -22 -8 -23 -9 -23 -9 -23 -10 -24 -10 -24 -9 -25 -9 -24 -9 -25 -8 -25 -8 -25 -8 -25 -7 -26 -7 -26 -7 -26 -7 -26
2025-05-22 09:48:03,CSI_DATA,STA,D8:B1:90:DB:E8:90,-43,11,1,7,0,0,1,1,1,0,1,-95,0,2,0,2891179035,0,110,0,0,153215,384,[110 96 6 0 -34 -7 -33 -7 -28 -6 -24 -4 -19 -1 -14 3 -9 7 -4 11 1 15 4 19 8 23 10 26 13 29 13 30 14 31 13 30 13 28 11 25 11 21 10 17 10 13 9 8 8 4 9 1 9 -3 0 0 0 0 0 0 0 0 0 0 0 0 0 0 0 0 0 0 0 0 0 0 -4 21 -5 19 -6 17 -5 14 -2 11 1 8 4 6 8 4 13 2 17 2 21 2 24 3 26 3 26 5 26 6 23 8 20 9 15 9 10 10 4 10 -4 10 -10 8 -17 7 -22 4 -28 2 -32 -2 ]
2025-05-22 09:48:08,CSI_DATA,STA,D8:B1:90:DB:E8:90,-41,11,1,7,0,0,1,0,0,0,1,-95,0,2,0,2896186638,0,110,0,0,153220,256,[110 96 6 0 -24 9 -24 9 -23 10 -22 10 -22 10 -21 10 -21 11 -20 12 -20 12 -19 12 -19 13 -19 13 -19 13 -19 13 -19 13 -19 13 -18 12 -19 12 -18 12 -18 11 -19 11 -18 10 -19 10 -19 8 -20 7 0 0 0 0 0 0 0 0 0 0 0 0 0 0 0 0 0 0 0 0 0 0 -18 8 -19 7 -19 6 -19 6 -20 5 -21 5 -21 6 -22 5 -22 5 -23 5 -23 5 -23 4 -23 4 -24 4 -24 4 -24 5 -24 5 -24 5 -25 6 -25 7 -25 7 -26 7 -24 7 -25 8 -25 8 -24 9 ]
2025-05-22 09:48:09,CSI_DATA,STA,D8:B1:90:DB:E8:90,-42,11,1,7,0,0,1,1,1,0,1,-95,0,2,0,2897191864,0,110,0,0,153221,384,[110 96 6 0 15 -38 15 -35 14 -31 10 -27 5 -22 0 -18 -6 -13 -13 -9 -19 -5 -25 -2 -31 0 -35 2 -39 3 -40 4 -41 4 -40 4 -38 4 -34 4 -30 4 -25 5 -20 5 -15 6 -10 8 -6 9 -3 11 0 0 0 0 0 0 0 0 0 0 0 0 0 0 0 0 0 0 0 0 0 0 -27 -6 -25 -7 -21 -7 -18 -6 -15 -3 -11 1 -9 5 -6 10 -5 16 -5 20 -5 25 -6 28 -8 31 -10 31 -11 30 -13 27 -14 23 -14 17 -13 11 -12 4 -11 -4 -8 -12 -4 -20 -1 -26 4 -32 9 -37 ]
2025-05-22 09:48:15,CSI_DATA,STA,D8:B1:90:DB:E8:90,-41,11,1,7,0,0,1,0,0,0,1,-95,0,2,0,2903214937,0,110,0,0,153227,256,[110 96 6 0 -19 -17 -19 -17 -18 -16 -18 -15 -18 -14 -18 -14 -18 -13 -18 -13 -18 -13 -18 -12 -18 -12 -18 -11 -18 -11 -18 -11 -18 -11 -19 -12 -18 -12 -18 -12 -17 -12 -16 -12 -16 -13 -15 -13 -15 -14 -14 -14 -13 -15 0 0 0 0 0 0 0 0 0 0 0 0 0 0 0 0 0 0 0 0 0 0 -14 -12 -13 -13 -13 -14 -12 -15 -12 -15 -12 -16 -12 -16 -12 -17 -12 -17 -12 -18 -12 -18 -12 -18 -12 -19 -12 -19 -14 -19 -15 -19 -14 -19 -15
2025-05-22 09:48:23,CSI_DATA,STA,D8:B1:90:DB:E8:90,-41,11,1,7,0,0,1,0,0,0,1,-95,0,2,0,2910747275,0,110,0,0,153235,256,[110 96 6 0 19 -17 19 -17 18 -17 18 -18 17 -17 17 -18 16 -18 16 -18 15 -19 14 -19 14 -20 14 -19 14 -19 14 -19 14 -20 14 -19 14 -19 14 -19 14 -18 14 -18 15 -17 15 -16 15 -16 15 -16 16 -14 0 0 0 0 0 0 0 0 0 0 0 0 0 0 0 0 0 0 0 0 0 0 13 -13 14 -12 15 -12 15 -12 16 -11 17 -11 17 -12 18 -12 19 -12 19 -12 21 -10 21 -10 21 -10 21 -11 21 -11 21 -12 21 -12 21 -12 20 -13 20 -13 20 -14 21 -14 20 -15 20
2025-05-22 09:48:26,CSI_DATA,STA,D8:B1:90:DB:E8:90,-41,11,1,7,0,0,1,0,0,0,1,-95,0,2,0,2913756310,0,110,0,0,153238,256,[110 96 6 0 -5 22 -4 22 -4 22 -3 23 -3 23 -2 23 -2 22 -1 22 -1 22 -1 21 -1 21 -1 21 -1 21 0 22 0 21 -1 21 -1 21 -1 21 -1 21 -2 20 -2 19 -3 19 -4 19 -5 19 -6 19 0 0 0 0 0 0 0 0 0 0 0 0 0 0 0 0 0 0 0 0 0 0 -2 17 -4 17 -4 17 -5 17 -5 18 -6 18 -6 18 -7 19 -7 19 -8 19 -9 20 -9 20 -9 20 -9 20 -9 21 -9 21 -9 21 -8 21 -8 22 -7 22 -7 23 -6 23 -6 23 -6 23 -6 23 -5 23 ]
2025-05-22 09:48:28,CSI_DATA,STA,D8:B1:90:DB:E8:90,-42,11,1,7,0,0,1,0,0,0,1,-95,0,2,0,2915778859,0,110,0,0,153240,256,[110 96 6 0 -24 -8 -25 -7 -24 -7 -24 -6 -23 -5 -24 -5 -23 -4 -23 -4 -23 -3 -23 -3 -24 -3 -23 -3 -23 -2 -22 -2 -23 -2 -23 -2 -23 -2 -22 -3 -22 -3 -22 -4 -22 -4 -21 -5 -21 -5 -20 -6 -20 -8 0 0 0 0 0 0 0 0 0 0 0 0 0 0 0 0 0 0 0 0 0 0 -18 -4 -18 -5 -18 -7 -19 -8 -19 -8 -20 -9 -20 -9 -20 -10 -20 -10 -21 -11 -21 -11 -21 -11 -21 -12 -21 -11 -21 -11 -21 -11 -21 -11 -21 -11 -23 -10 -23 -10 -23 -9 -24
2025-05-22 09:48:28,CSI_DATA,STA,D8:B1:90:DB:E8:90,-42,11,1,7,0,0,1,1,1,0,1,-95,0,2,0,2916279143,0,110,0,0,153240,384,[110 96 6 0 -33 -16 -30 -16 -27 -14 -23 -11 -19 -6 -15 -2 -11 4 -8 10 -4 15 -2 21 1 26 3 30 4 33 5 35 5 36 5 36 4 34 4 31 4 27 4 23 4 18 4 13 5 8 6 4 7 0 0 0 0 0 0 0 0 0 0 0 0 0 0 0 0 0 0 0 0 0 0 0 -10 21 -11 18 -10 15 -8 13 -5 11 -1 9 4 7 9 6 14 6 18 7 22 8 25 9 27 11 27 12 26 13 23 14 19 14 14 14 8 12 2 10 -5 8 -11 4 -17 2 -23 -2 -27 -7 -31 -11 ]
2025-05-22 09:48:29,CSI_DATA,STA,D8:B1:90:DB:E8:90,-42,11,1,7,0,0,1,1,1,0,1,-95,0,2,0,2916783618,0,110,0,0,153241,384,[110 96 6 0 13 37 12 34 11 30 11 24 10 18 10 10 11 2 11 -6 11 -14 11 -21 11 -28 12 -32 12 -37 12 -39 12 -40 11 -39 11 -37 9 -34 7 -30 6 -26 3 -21 1 -16 -2 -10 -4 -6 -6 -2 0 0 0 0 0 0 0 0 0 0 0 0 0 0 0 0 0 0 0 0 0 0 25 6 22 7 19 7 15 5 12 1 8 -2 5 -7 2 -12 -1 -18 -3 -23 -3 -28 -3 -32 -3 -34 -1 -35 0 -34 2 -32 4 -28 6 -23 9 -17 11 -10 13 -3 15 5 16 13 17 21 17 27 17 33 ]
2025-05-22 09:48:30,CSI_DATA,STA,D8:B1:90:DB:E8:90,-48,11,1,7,0,0,1,0,0,0,1,-95,0,2,0,2917782892,0,110,0,0,153242,256,[110 96 6 0 -26 10 -27 10 -26 9 -21 20 -20 21 -20 21 -19 21 -18 28 -17 28 -17 28 -17 29 -28 13 -28 14 -27 14 -27 14 8 -20 8 -21 7 -21 7 -21 -6 10 -6 10 -6 9 -7 9 11 1 11 2 0 0 0 0 0 0 0 0 0 0 0 0 0 0 0 0 0 0 0 0 0 0 1 -22 2 -22 9 -15 10 -15 10 -16 11 -16 7 -14 7 -14 7 -14 8 -15 19 -15 19 -15 19 -16 20 -16 -3 -13 -3 -14 -4 -14 -4 -15 -18 -15 -18 -15 -19 -15 -19 -15 -21 -6 -22 -7 -23 -7 -16 -6
2025-05-22 09:48:31,CSI_DATA,STA,D8:B1:90:DB:E8:90,-42,11,1,7,0,0,1,1,1,0,1,-95,0,2,0,2918283645,0,110,0,0,153242,384,[110 96 6 0 -31 -19 -29 -19 -25 -17 -22 -13 -18 -8 -15 -3 -12 3 -10 9 -7 15 -5 20 -3 26 -2 30 -2 34 -1 35 -1 37 -2 36 -2 34 -2 31 -1 28 0 24 1 19 2 14 4 10 6 7 7 3 0 0 0 0 0 0 0 0 0 0 0 0 0 0 0 0 0 0 0 0 0 0 -8 22 -9 19 -8 16 -7 14 -4 11 0 9 4 7 9 6 14 6 19 6 22 7 25 9 27 10 27 11 26 13 23 14 19 14 14 13 9 12 2 10 -4 8 -11 4 -17 1 -22 -3 -27 -8 -29 -13 ]
2025-05-22 09:48:36,CSI_DATA,STA,D8:B1:90:DB:E8:90,-41,11,1,7,0,0,1,0,0,0,1,-95,0,2,0,2923791721,0,110,0,0,153248,256,[110 96 6 0 -18 20 -18 20 -17 20 -16 20 -15 20 -14 20 -13 20 -13 20 -12 20 -12 21 -12 20 -12 20 -12 21 -12 21 -12 21 -11 21 -12 20 -12 20 -12 20 -12 18 -12 19 -12 18 -13 18 -15 17 -15 15 0 0 0 0 0 0 0 0 0 0 0 0 0 0 0 0 0 0 0 0 0 0 -13 14 -14 14 -15 13 -16 13 -16 13 -17 13 -18 13 -19 13 -20 13 -20 13 -20 13 -20 13 -20 13 -20 13 -20 14 -20 14 -20 14 -20 14 -20 16 -19 16 -19 17 -19 17 -19 18 -19
2025-05-22 09:48:38,CSI_DATA,STA,D8:B1:90:DB:E8:90,-41,11,1,7,0,0,1,0,0,0,1,-95,0,2,0,2925802270,0,110,0,0,153250,256,[110 96 6 0 -5 -27 -5 -27 -5 -26 -5 -25 -6 -25 -6 -25 -7 -24 -7 -24 -7 -24 -7 -24 -8 -24 -8 -23 -8 -23 -8 -23 -8 -23 -8 -23 -8 -23 -8 -23 -7 -23 -6 -23 -6 -23 -5 -23 -4 -23 -4 -23 -2 -24 0 0 0 0 0 0 0 0 0 0 0 0 0 0 0 0 0 0 0 0 0 0 -5 -19 -3 -20 -2 -20 -1 -21 -1 -21 0 -22 -1 -22 -1 -24 0 -24 1 -24 1 -25 1 -26 1 -26 2 -26 0 -26 0 -26 -1 -26 -1 -26 -3 -26 -4 -25 -4 -26 -4 -27 -5 -27 -5 -27 -5 -2
2025-05-22 09:48:39,CSI_DATA,STA,D8:B1:90:DB:E8:90,-43,11,1,7,0,0,1,1,1,0,1,-93,0,2,0,2926817351,0,110,0,0,153251,384,[110 96 6 0 4 -34 4 -31 4 -28 1 -24 -1 -18 -4 -13 -7 -8 -12 -3 -15 2 -19 6 -23 10 -25 13 -27 15 -29 15 -29 16 -28 15 -27 14 -24 13 -21 12 -17 10 -13 9 -8 8 -3 7 0 6 4 6 0 0 0 0 0 0 0 0 0 0 0 0 0 0 0 0 0 0 0 0 0 0 -22 -4 -19 -5 -17 -5 -14 -4 -11 -1 -8 2 -6 6 -3 10 -2 14 -1 18 -1 22 -2 25 -3 26 -4 26 -5 26 -7 23 -8 19 -8 15 -9 10 -9 4 -9 -3 -8 -10 -8 -17 -6 -22 -4 -27 -1 -31 ]
2025-05-22 09:48:41,CSI_DATA,STA,D8:B1:90:DB:E8:90,-41,11,1,7,0,0,1,0,0,0,1,-95,0,2,0,2928809944,0,110,0,0,153253,256,[110 96 6 0 15 -18 15 -18 15 -18 14 -18 13 -18 13 -18 12 -18 11 -18 11 -18 11 -19 10 -19 10 -19 9 -19 10 -20 10 -20 9 -19 10 -18 10 -18 10 -18 11 -18 11 -17 11 -17 12 -16 13 -16 14 -15 0 0 0 0 0 0 0 0 0 0 0 0 0 0 0 0 0 0 0 0 0 0 10 -15 12 -15 12 -14 13 -14 14 -14 15 -14 15 -14 15 -14 16 -14 16 -13 17 -13 17 -13 17 -13 18 -13 18 -14 18 -14 18 -15 17 -15 17 -15 17 -15 17 -15 17 -16 16 -17 16 -1
2025-05-22 09:48:46,CSI_DATA,STA,D8:B1:90:DB:E8:90,-42,11,1,7,0,0,1,0,0,0,1,-95,0,2,0,2933824772,0,110,0,0,153258,256,[110 96 6 0 -23 12 -22 12 -22 12 -20 13 -19 13 -19 13 -19 14 -18 15 -17 15 -17 15 -17 16 -17 15 -17 15 -17 15 -17 15 -17 14 -16 14 -17 13 -17 13 -18 13 -18 13 -18 12 -18 12 -19 10 -20 8 0 0 0 0 0 0 0 0 0 0 0 0 0 0 0 0 0 0 0 0 0 0 -15 11 -16 10 -17 9 -18 9 -19 9 -19 8 -20 8 -20 8 -21 8 -22 8 -22 7 -22 7 -22 6 -23 6 -22 8 -23 8 -23 8 -23 9 -22 9 -22 9 -22 10 -22 10 -22 11 -22 12 -22 12 -22 12 ]
2025-05-22 09:48:47,CSI_DATA,STA,D8:B1:90:DB:E8:90,-42,11,1,7,0,0,1,1,1,0,1,-95,0,2,0,2934328968,0,110,0,0,153259,384,[110 96 6 0 10 -35 9 -32 9 -28 7 -25 2 -20 -1 -16 -6 -12 -12 -8 -17 -5 -22 -2 -27 0 -31 1 -34 2 -36 3 -37 2 -36 2 -34 1 -32 1 -28 1 -24 2 -20 3 -16 4 -12 5 -8 7 -6 8 0 0 0 0 0 0 0 0 0 0 0 0 0 0 0 0 0 0 0 0 0 0 -22 7 -21 5 -19 3 -16 3 -12 4 -9 6 -5 9 -2 12 1 16 2 19 3 23 3 27 2 28 1 29 0 28 -3 26 -5 23 -6 18 -7 12 -8 6 -8 -1 -7 -9 -6 -15 -3 -22 0 -27 4 -32 ]
2025-05-22 09:48:49,CSI_DATA,STA,D8:B1:90:DB:E8:90,-41,11,1,7,0,0,1,0,0,0,1,-95,0,2,0,2936331735,0,110,0,0,153261,256,[110 96 6 0 22 -15 22 -15 21 -15 20 -17 19 -17 19 -17 19 -17 18 -17 17 -18 17 -18 17 -18 16 -19 16 -19 16 -19 16 -19 16 -18 16 -18 16 -17 17 -17 16 -16 16 -16 17 -15 17 -14 18 -13 19 -12 0 0 0 0 0 0 0 0 0 0 0 0 0 0 0 0 0 0 0 0 0 0 15 -14 16 -13 17 -13 18 -13 18 -12 19 -12 19 -12 21 -12 21 -11 22 -11 22 -11 23 -11 23 -10 23 -10 24 -11 23 -11 23 -11 23 -12 23 -12 22 -12 22 -13 23 -13 23 -14 23
2025-05-22 09:48:49,CSI_DATA,STA,D8:B1:90:DB:E8:90,-42,11,1,7,0,0,1,1,1,0,1,-95,0,2,0,2936832521,0,110,0,0,153261,384,[110 96 6 0 24 29 22 28 19 25 17 21 15 15 13 9 13 2 14 -5 14 -11 16 -16 17 -22 19 -25 21 -28 22 -28 23 -28 22 -27 21 -25 19 -23 16 -20 13 -18 8 -16 4 -14 0 -13 -3 -13 -6 -12 0 0 0 0 0 0 0 0 0 0 0 0 0 0 0 0 0 0 0 0 0 0 -3 -26 -1 -24 0 -21 0 -18 -2 -14 -5 -10 -8 -8 -12 -5 -17 -4 -21 -3 -25 -4 -28 -6 -29 -7 -29 -9 -27 -10 -24 -12 -20 -12 -14 -12 -8 -10 -1 -7 5 -4 12 1 17 5 22 11 25 17 27 22 ]
2025-05-22 09:48:50,CSI_DATA,STA,D8:B1:90:DB:E8:90,-42,11,1,7,0,0,1,1,1,0,1,-95,0,2,0,2937332444,0,110,0,0,153262,384,[110 96 6 0 33 15 30 13 27 11 22 8 18 4 14 -2 9 -7 5 -13 0 -18 -3 -23 -6 -28 -8 -31 -10 -34 -10 -35 -10 -35 -10 -35 -9 -32 -9 -29 -8 -24 -8 -20 -7 -14 -7 -9 -7 -4 -8 0 -9 4 0 0 0 0 0 0 0 0 0 0 0 0 0 0 0 0 0 0 0 0 0 0 12 -20 12 -17 11 -15 8 -12 5 -11 0 -9 -5 -8 -9 -9 -14 -9 -19 -10 -22 -11 -24 -13 -26 -14 -25 -16 -23 -16 -20 -17 -16 -16 -12 -16 -5 -14 1 -12 7 -9 14 -6 21 -2 26 2 30 6 33 9 ]
2025-05-22 09:48:50,CSI_DATA,STA,D8:B1:90:DB:E8:90,-42,11,1,7,0,0,1,1,1,0,1,-95,0,2,0,2937832329,0,110,0,0,153262,384,[110 96 6 0 18 -38 17 -35 15 -31 11 -26 6 -21 0 -16 -6 -11 -13 -6 -19 -1 -24 2 -30 6 -34 9 -37 11 -38 12 -39 12 -38 12 -35 11 -32 10 -27 9 -22 8 -16 8 -10 8 -4 7 1 7 6 8 0 0 0 0 0 0 0 0 0 0 0 0 0 0 0 0 0 0 0 0 0 0 -19 -19 -16 -18 -14 -16 -12 -13 -11 -8 -10 -3 -10 2 -10 8 -11 13 -13 18 -15 22 -17 24 -19 25 -20 25 -20 23 -21 20 -20 15 -18 10 -16 4 -13 -3 -10 -10 -5 -17 -1 -24 4 -29 8 -34 14 -38
2025-05-22 09:48:51,CSI_DATA,STA,D8:B1:90:DB:E8:90,-41,11,1,7,0,0,1,0,0,0,1,-95,0,2,0,2938331712,0,110,0,0,153263,256,[110 96 6 0 -23 14 -23 15 -22 14 -20 15 -20 15 -20 15 -19 15 -19 15 -18 15 -18 15 -18 16 -17 15 -18 15 -17 15 -17 15 -18 15 -17 15 -18 14 -18 14 -19 13 -19 12 -19 12 -19 12 -20 10 -21 9 0 0 0 0 0 0 0 0 0 0 0 0 0 0 0 0 0 0 0 0 0 0 -15 11 -17 10 -18 10 -18 9 -19 9 -20 9 -20 8 -21 9 -22 8 -22 8 -23 9 -24 9 -24 9 -24 9 -23 8 -24 9 -23 9 -24 9 -23 11 -23 11 -23 12 -24 12 -23 13 -23 14 -23 14 -22 1
2025-05-22 09:48:55,CSI_DATA,STA,D8:B1:90:DB:E8:90,-41,11,1,7,0,0,1,0,0,0,1,-95,0,2,0,2942840899,0,110,0,0,153267,256,[110 96 6 0 -24 -1 -23 -1 -23 0 -22 0 -22 1 -22 1 -21 2 -21 2 -21 2 -21 3 -21 2 -21 4 -21 4 -21 4 -21 4 -20 4 -20 4 -20 3 -19 3 -19 3 -19 2 -19 2 -19 1 -19 0 -20 -1 0 0 0 0 0 0 0 0 0 0 0 0 0 0 0 0 0 0 0 0 0 0 -17 0 -18 -1 -19 -1 -19 -2 -19 -2 -20 -3 -19 -3 -20 -3 -20 -4 -21 -5 -21 -4 -22 -5 -22 -5 -22 -5 -22 -6 -23 -6 -23 -5 -23 -5 -22 -5 -23 -4 -23 -4 -23 -4 -23 -3 -23 -3 -24 -3 -23 -2 ]
2025-05-22 09:48:56,CSI_DATA,STA,D8:B1:90:DB:E8:90,-42,11,1,7,0,0,1,1,1,0,1,-95,0,2,0,2943846666,0,110,0,0,153268,384,[110 96 6 0 37 -18 34 -16 30 -15 24 -14 16 -13 9 -13 1 -12 -7 -11 -15 -11 -22 -10 -29 -10 -34 -9 -37 -8 -40 -8 -41 -8 -40 -7 -38 -7 -35 -5 -30 -4 -25 -3 -20 -1 -15 1 -9 2 -5 3 0 5 0 0 0 0 0 0 0 0 0 0 0 0 0 0 0 0 0 0 0 0 0 0 8 -26 8 -23 8 -20 5 -16 2 -13 -2 -9 -7 -6 -13 -3 -18 -1 -23 0 -28 1 -31 1 -34 0 -35 -1 -34 -2 -32 -4 -28 -6 -23 -8 -17 -11 -11 -13 -3 -15 5 -17 13 -19 20 -20 27 -20 33 -20
2025-05-22 09:49:03,CSI_DATA,STA,D8:B1:90:DB:E8:90,-41,11,1,7,0,0,1,0,0,0,1,-95,0,2,0,2950879307,0,110,0,0,153275,256,[110 96 6 0 4 24 4 24 4 23 5 23 6 23 6 23 7 22 7 22 8 21 8 21 9 21 9 20 9 20 9 19 9 20 9 20 9 20 9 19 8 19 7 20 7 20 6 20 6 20 5 21 3 22 0 0 0 0 0 0 0 0 0 0 0 0 0 0 0 0 0 0 0 0 0 0 6 16 5 17 4 18 3 19 2 19 2 20 2 20 2 21 1 22 1 22 0 22 0 23 0 23 0 23 0 23 0 23 0 23 0 23 2 24 2 24 3 24 3 25 4 24 4 24 4 24 4 24 ]
2025-05-22 09:49:06,CSI_DATA,STA,D8:B1:90:DB:E8:90,-41,11,1,7,0,0,1,0,0,0,1,-95,0,2,0,2953887913,0,110,0,0,153278,256,[110 96 6 0 13 18 13 18 13 17 13 17 14 17 14 16 14 15 14 15 14 14 15 14 15 14 15 13 16 13 15 13 15 13 16 14 15 14 15 14 15 14 13 14 13 13 12 14 12 14 12 16 11 16 0 0 0 0 0 0 0 0 0 0 0 0 0 0 0 0 0 0 0 0 0 0 11 11 10 13 10 13 10 14 9 15 10 16 9 16 10 17 9 17 10 18 8 19 9 19 8 19 8 19 9 18 9 19 9 19 9 18 11 18 11 18 12 18 12 18 12 18 12 19 13 18 13 18 ]
2025-05-22 09:49:10,CSI_DATA,STA,D8:B1:90:DB:E8:90,-41,11,1,7,0,0,1,0,0,0,1,-95,0,2,0,2957408394,0,110,0,0,153282,256,[110 96 6 0 13 22 13 22 13 21 14 20 14 20 14 19 14 18 15 16 15 16 16 16 16 16 15 15 15 15 16 15 16 15 16 16 15 16 15 16 15 16 14 15 13 15 12 16 12 16 12 17 10 18 0 0 0 0 0 0 0 0 0 0 0 0 0 0 0 0 0 0 0 0 0 0 11 15 10 16 10 16 9 17 9 17 9 18 9 19 9 20 9 21 8 21 8 21 7 22 7 22 7 22 8 22 9 22 9 22 9 22 10 22 10 22 11 22 12 22 12 22 12 23 12 23 13 22 ]
2025-05-22 09:49:11,CSI_DATA,STA,D8:B1:90:DB:E8:90,-42,11,1,7,0,0,1,1,1,0,1,-95,0,2,0,2958412514,0,110,0,0,153283,384,[110 96 6 0 29 -20 27 -18 25 -16 21 -14 15 -13 10 -13 3 -12 -4 -13 -10 -14 -15 -15 -20 -16 -25 -18 -28 -19 -29 -20 -30 -21 -30 -21 -28 -20 -26 -19 -23 -16 -21 -14 -18 -11 -15 -7 -13 -4 -11 0 -9 2 0 0 0 0 0 0 0 0 0 0 0 0 0 0 0 0 0 0 0 0 0 0 -21 -11 -19 -12 -16 -12 -14 -10 -12 -7 -10 -3 -10 2 -10 6 -10 11 -12 15 -14 19 -16 21 -18 23 -20 22 -21 21 -21 18 -20 15 -18 10 -16 5 -11 0 -7 -5 -1 -10 4
2025-05-22 09:49:11,CSI_DATA,STA,D8:B1:90:DB:E8:90,-41,11,1,7,0,0,1,0,0,0,1,-95,0,2,0,2958911968,0,110,0,0,153283,256,[110 96 6 0 3 -27 3 -26 3 -26 1 -25 0 -25 0 -25 0 -25 -1 -24 -1 -24 -1 -24 -2 -24 -2 -24 -2 -24 -2 -24 -2 -24 -1 -24 -1 -23 -1 -23 -1 -23 -1 -22 0 -23 1 -22 2 -22 3 -23 5 -22 0 0 0 0 0 0 0 0 0 0 0 0 0 0 0 0 0 0 0 0 0 0 0 -19 2 -19 2 -20 3 -20 4 -20 4 -20 4 -21 4 -21 5 -22 5 -22 6 -23 6 -23 7 -23 7 -23 6 -23 6 -23 6 -23 6 -24 5 -25 5 -25 4 -25 4 -26 4 -26 4 -26 4 -27 3 -26 ]
2025-05-22 09:49:12,CSI_DATA,STA,D8:B1:90:DB:E8:90,-42,11,1,7,0,0,1,1,1,0,1,-95,0,2,0,2959412396,0,110,0,0,153284,384,[110 96 6 0 32 -23 30 -20 28 -18 22 -17 16 -15 10 -14 3 -14 -5 -14 -12 -15 -18 -15 -24 -16 -29 -17 -32 -18 -35 -18 -36 -19 -36 -19 -34 -18 -32 -17 -28 -15 -25 -12 -21 -9 -18 -5 -14 -2 -11 1 -9 4 0 0 0 0 0 0 0 0 0 0 0 0 0 0 0 0 0 0 0 0 0 0 -20 -17 -17 -17 -15 -16 -13 -13 -12 -9 -10 -4 -11 1 -12 6 -13 11 -16 16 -18 19 -22 21 -24 22 -25 22 -26 20 -26 18 -24 14 -22 9 -18 4 -13 -1 -8 -7 -2 -12 5 -
2025-05-22 09:49:12,CSI_DATA,STA,D8:B1:90:DB:E8:90,-43,11,1,7,0,0,1,1,1,0,1,-95,0,2,0,2959914700,0,110,0,0,153284,384,[110 96 6 0 36 1 35 2 30 1 26 0 20 -3 15 -6 9 -9 3 -13 -3 -17 -7 -21 -12 -25 -15 -28 -18 -31 -19 -32 -20 -33 -19 -33 -19 -32 -17 -29 -16 -25 -15 -22 -14 -17 -12 -13 -11 -9 -10 -5 -9 -1 0 0 0 0 0 0 0 0 0 0 0 0 0 0 0 0 0 0 0 0 0 0 -2 -25 -1 -23 0 -21 0 -18 -2 -14 -5 -10 -8 -6 -12 -3 -17 0 -21 1 -25 2 -29 2 -32 2 -33 0 -32 -1 -30 -3 -27 -5 -22 -7 -17 -9 -10 -9 -3 -11 5 -11 13 -10 20 -9 26 -7 32
2025-05-22 09:49:18,CSI_DATA,STA,D8:B1:90:DB:E8:90,-41,11,1,7,0,0,1,0,0,0,1,-95,0,2,0,2965943216,0,110,0,0,153290,256,[110 96 6 0 -12 -24 -12 -24 -12 -22 -12 -22 -12 -21 -13 -21 -13 -20 -13 -20 -14 -19 -14 -19 -15 -19 -14 -18 -15 -18 -14 -18 -15 -18 -14 -17 -14 -17 -14 -17 -14 -17 -14 -17 -13 -18 -13 -18 -13 -18 -10 -19 -9 -19 0 0 0 0 0 0 0 0 0 0 0 0 0 0 0 0 0 0 0 0 0 0 -10 -16 -8 -17 -8 -18 -8 -19 -7 -19 -7 -20 -6 -21 -7 -21 -6 -22 -6 -22 -7 -23 -6 -23 -6 -23 -6 -24 -7 -23 -7 -23 -7 -23 -7 -23 -8 -24 -8 -24
2025-05-22 09:49:20,CSI_DATA,STA,D8:B1:90:DB:E8:90,-41,11,1,7,0,0,1,0,0,0,1,-95,0,2,0,2967947042,0,110,0,0,153292,256,[110 96 6 0 -18 18 -18 18 -17 19 -16 18 -16 18 -15 18 -14 18 -14 18 -13 18 -13 18 -13 18 -13 18 -13 18 -13 18 -13 18 -13 18 -12 18 -13 18 -13 18 -13 17 -13 17 -14 16 -14 16 -15 15 -16 14 0 0 0 0 0 0 0 0 0 0 0 0 0 0 0 0 0 0 0 0 0 0 -12 14 -13 14 -15 12 -16 12 -16 12 -17 12 -18 13 -19 13 -19 13 -20 13 -21 13 -21 13 -21 13 -22 12 -20 13 -20 13 -20 14 -20 14 -19 15 -19 16 -19 17 -19 17 -19 18 -19
2025-05-22 09:49:22,CSI_DATA,STA,D8:B1:90:DB:E8:90,-42,11,1,7,0,0,1,1,1,0,1,-95,0,2,0,2969447427,0,110,0,0,153294,384,[110 96 6 0 -14 -37 -13 -35 -11 -31 -11 -25 -11 -19 -11 -12 -11 -4 -11 4 -11 11 -11 18 -11 25 -11 30 -11 34 -10 36 -10 37 -10 37 -9 36 -8 32 -6 28 -5 24 -3 19 -1 15 1 10 3 5 5 1 0 0 0 0 0 0 0 0 0 0 0 0 0 0 0 0 0 0 0 0 0 0 -24 -10 -22 -11 -19 -10 -16 -8 -12 -5 -10 0 -7 5 -4 9 -2 15 -1 20 0 25 0 29 0 31 -1 33 -3 32 -5 30 -7 27 -8 22 -10 16 -12 10 -14 2 -16 -6 -17 -13 -18 -20 -17 -27 -17 -33 ]
2025-05-22 09:49:23,CSI_DATA,STA,D8:B1:90:DB:E8:90,-42,11,1,7,0,0,1,0,0,0,1,-95,0,2,0,2970448191,0,110,0,0,153295,256,[110 96 6 0 -23 11 -22 12 -22 12 -21 12 -20 12 -20 12 -19 12 -19 14 -18 14 -18 15 -18 15 -16 16 -16 15 -16 15 -17 15 -17 15 -17 15 -17 14 -17 13 -18 13 -18 12 -18 12 -18 11 -18 11 -19 9 0 0 0 0 0 0 0 0 0 0 0 0 0 0 0 0 0 0 0 0 0 0 -14 12 -15 11 -16 10 -17 10 -18 9 -18 9 -19 9 -20 9 -21 9 -21 9 -22 8 -22 8 -22 8 -23 8 -22 8 -22 8 -22 9 -22 9 -23 9 -23 10 -23 10 -23 10 -23 11 -23 11 -23 11 -23 1
2025-05-22 09:49:26,CSI_DATA,STA,D8:B1:90:DB:E8:90,-41,11,1,7,0,0,1,0,0,0,1,-95,0,2,0,2973956696,0,110,0,0,153298,256,[110 96 6 0 20 -10 20 -10 20 -10 19 -11 19 -11 18 -11 18 -12 17 -12 17 -12 17 -13 16 -13 16 -13 17 -13 16 -13 17 -13 17 -12 17 -12 17 -11 17 -11 16 -11 17 -10 16 -9 17 -9 17 -8 18 -7 0 0 0 0 0 0 0 0 0 0 0 0 0 0 0 0 0 0 0 0 0 0 14 -10 15 -9 15 -8 16 -8 16 -7 17 -7 17 -7 18 -7 19 -7 19 -7 19 -7 20 -6 20 -6 20 -6 20 -7 20 -7 20 -7 20 -7 20 -8 20 -8 20 -8 20 -9 20 -10 21 -10 21 -10 21 -10 ]
2025-05-22 09:49:34,CSI_DATA,STA,D8:B1:90:DB:E8:90,-41,11,1,7,0,0,1,0,0,0,1,-95,0,2,0,2981476848,0,110,0,0,153306,256,[110 96 6 0 -27 -3 -26 -2 -25 -2 -25 -1 -24 -1 -24 0 -24 0 -24 1 -23 2 -23 2 -23 3 -24 3 -24 3 -24 4 -24 4 -24 3 -23 3 -23 2 -23 2 -23 2 -23 2 -22 1 -22 1 -22 -1 -22 -3 0 0 0 0 0 0 0 0 0 0 0 0 0 0 0 0 0 0 0 0 0 0 -20 -1 -20 -3 -19 -3 -19 -4 -20 -4 -20 -5 -21 -6 -22 -6 -22 -7 -23 -8 -23 -7 -23 -8 -23 -8 -23 -8 -23 -7 -24 -7 -23 -6 -24 -7 -24 -6 -25 -6 -25 -5 -26 -5 -26 -5 -26 -4 -26 -4 -25 -3
2025-05-22 09:49:35,CSI_DATA,STA,D8:B1:90:DB:E8:90,-41,11,1,7,0,0,1,0,0,0,1,-95,0,2,0,2982977697,0,110,0,0,153307,256,[110 96 6 0 -10 24 -9 25 -9 24 -7 24 -7 24 -7 24 -6 24 -6 23 -5 23 -4 23 -4 23 -4 24 -4 24 -4 24 -3 24 -4 23 -4 23 -5 23 -5 22 -5 22 -6 21 -6 22 -6 21 -8 21 -9 21 0 0 0 0 0 0 0 0 0 0 0 0 0 0 0 0 0 0 0 0 0 0 -5 19 -7 19 -8 19 -9 19 -9 19 -10 19 -11 19 -12 20 -13 19 -13 20 -13 21 -13 21 -14 21 -14 21 -14 21 -14 21 -14 21 -14 21 -12 22 -12 22 -12 23 -12 23 -11 23 -11 24 -11 24 -10 24 ]
2025-05-22 09:49:36,CSI_DATA,STA,D8:B1:90:DB:E8:90,-42,11,1,7,0,0,1,1,1,0,1,-95,0,2,0,2983481131,0,110,0,0,153308,384,[110 96 6 0 -35 9 -32 8 -28 7 -23 7 -17 8 -11 8 -4 9 3 10 9 11 14 13 20 14 24 16 28 16 30 17 30 17 30 17 28 16 26 14 23 12 20 9 16 6 13 3 9 0 6 -3 4 -5 0 0 0 0 0 0 0 0 0 0 0 0 0 0 0 0 0 0 0 0 0 0 0 23 -2 21 -2 18 -1 15 0 12 3 8 6 4 10 1 14 -2 19 -4 22 -6 25 -5 28 -5 29 -4 28 -3 27 -1 23 1 19 3 14 6 9 8 2 10 -5 12 -12 13 -18 14 -25 13 -29 13 ]
2025-05-22 09:49:39,CSI_DATA,STA,D8:B1:90:DB:E8:90,-41,11,1,7,0,0,1,0,0,0,1,-95,0,2,0,2986485944,0,110,0,0,153311,256,[110 96 6 0 25 -3 25 -3 24 -4 24 -4 24 -5 24 -5 23 -5 22 -6 21 -7 21 -8 21 -8 22 -8 22 -8 21 -8 22 -8 22 -7 22 -7 22 -7 22 -6 21 -6 21 -5 21 -5 21 -5 21 -3 21 -1 0 0 0 0 0 0 0 0 0 0 0 0 0 0 0 0 0 0 0 0 0 0 18 -4 19 -2 19 -1 20 -1 20 0 21 0 20 1 21 2 22 2 22 2 23 2 23 2 23 2 23 2 23 3 23 3 23 2 23 2 24 1 24 1 25 0 25 0 25 -1 25 -1 25 -1 25 -2 ]
2025-05-22 09:49:39,CSI_DATA,STA,D8:B1:90:DB:E8:90,-42,11,1,7,0,0,1,1,1,0,1,-95,0,2,0,2986986347,0,110,0,0,153311,384,[110 96 6 0 30 -26 29 -24 25 -21 21 -19 14 -17 8 -16 0 -13 -7 -13 -15 -12 -21 -11 -28 -11 -33 -11 -37 -11 -38 -11 -40 -12 -39 -11 -38 -11 -35 -10 -31 -8 -27 -7 -22 -4 -17 -2 -12 0 -9 3 -5 6 0 0 0 0 0 0 0 0 0 0 0 0 0 0 0 0 0 0 0 0 0 0 -18 -21 -16 -21 -13 -18 -12 -16 -11 -11 -11 -6 -11 -1 -12 5 -14 10 -17 14 -20 17 -23 20 -25 21 -26 20 -27 19 -26 15 -25 12 -22 7 -18 2 -13 -3 -9 -9 -2 -14 4 -19
2025-05-22 09:49:40,CSI_DATA,STA,D8:B1:90:DB:E8:90,-42,11,1,7,0,0,1,1,1,0,1,-95,0,2,0,2987486570,0,110,0,0,153312,384,[110 96 6 0 32 19 30 18 26 16 23 12 18 7 14 1 10 -5 6 -11 2 -17 -2 -23 -6 -28 -8 -32 -10 -35 -11 -37 -12 -38 -12 -37 -11 -35 -11 -32 -10 -28 -9 -24 -9 -19 -8 -14 -8 -8 -7 -4 -7 1 0 0 0 0 0 0 0 0 0 0 0 0 0 0 0 0 0 0 0 0 0 0 20 -15 19 -13 17 -11 14 -10 9 -9 5 -9 -1 -9 -6 -10 -11 -12 -16 -15 -20 -17 -22 -19 -24 -22 -24 -23 -22 -24 -19 -23 -15 -22 -11 -20 -6 -17 1 -14 7 -10 14 -5 19 -1 25 4 29 9
2025-05-22 09:49:40,CSI_DATA,STA,D8:B1:90:DB:E8:90,-42,11,1,7,0,0,1,0,0,0,1,-95,0,2,0,2987985693,0,110,0,0,153312,256,[110 96 6 0 -25 -9 -24 -8 -24 -8 -24 -7 -24 -6 -24 -6 -23 -6 -23 -5 -23 -5 -23 -4 -23 -4 -23 -5 -22 -5 -23 -4 -22 -5 -23 -5 -22 -5 -22 -5 -22 -5 -21 -6 -21 -7 -21 -7 -21 -7 -20 -9 -19 -10 0 0 0 0 0 0 0 0 0 0 0 0 0 0 0 0 0 0 0 0 0 0 -19 -5 -18 -6 -19 -7 -18 -8 -19 -9 -19 -9 -20 -9 -21 -10 -21 -11 -21 -11 -22 -11 -22 -12 -22 -12 -22 -13 -21 -13 -21 -13 -21 -12 -22 -12 -22 -11 -22 -11 -23 -11 -2
2025-05-22 09:49:41,CSI_DATA,STA,D8:B1:90:DB:E8:90,-42,11,1,7,0,0,1,1,1,0,1,-95,0,2,0,2988487455,0,110,0,0,153313,384,[110 96 6 0 14 36 12 34 11 29 11 24 10 17 10 9 10 2 10 -6 9 -14 9 -21 9 -27 8 -32 8 -36 8 -38 7 -39 7 -39 7 -37 5 -34 4 -30 3 -25 0 -20 -2 -15 -3 -10 -5 -6 -7 -1 0 0 0 0 0 0 0 0 0 0 0 0 0 0 0 0 0 0 0 0 0 0 24 8 21 8 18 8 15 6 11 3 8 -1 5 -6 2 -11 0 -17 -2 -22 -2 -27 -2 -30 -2 -33 -1 -34 0 -33 2 -31 4 -28 6 -23 8 -17 11 -10 13 -3 15 5 16 13 17 20 17 26 17 32 ]
2025-05-22 09:49:43,CSI_DATA,STA,D8:B1:90:DB:E8:90,-41,11,1,7,0,0,1,0,0,0,1,-95,0,2,0,2990994500,0,110,0,0,153315,256,[110 96 6 0 -17 21 -17 22 -16 21 -15 21 -13 21 -13 21 -12 21 -11 21 -10 21 -10 22 -10 22 -10 22 -10 23 -10 22 -10 23 -10 22 -10 21 -11 21 -11 21 -11 21 -11 20 -11 20 -12 19 -13 18 -14 17 0 0 0 0 0 0 0 0 0 0 0 0 0 0 0 0 0 0 0 0 0 0 -10 17 -11 17 -13 16 -13 16 -14 16 -15 16 -16 16 -17 17 -18 17 -18 17 -18 17 -18 17 -18 17 -18 17 -18 17 -19 17 -19 18 -18 18 -18 19 -18 19 -18 20 -18 20 -17 21 -17
2025-05-22 09:49:46,CSI_DATA,STA,D8:B1:90:DB:E8:90,-42,11,1,7,0,0,1,0,0,0,1,-95,0,2,0,2994002726,0,110,0,0,153318,256,[110 96 6 0 -18 -19 -17 -18 -17 -18 -17 -17 -17 -16 -18 -16 -17 -15 -17 -14 -17 -14 -18 -14 -18 -14 -18 -14 -18 -13 -18 -13 -18 -13 -18 -14 -17 -13 -17 -13 -17 -14 -16 -14 -16 -15 -16 -15 -15 -15 -13 -16 -12 -17 0 0 0 0 0 0 0 0 0 0 0 0 0 0 0 0 0 0 0 0 0 0 -14 -12 -13 -13 -13 -15 -12 -15 -12 -16 -12 -16 -12 -17 -12 -18 -12 -18 -12 -19 -12 -20 -12 -20 -11 -20 -11 -21 -11 -20 -13 -21 -12 -20 -13
2025-05-22 09:49:50,CSI_DATA,STA,D8:B1:90:DB:E8:90,-41,11,1,7,0,0,1,0,0,0,1,-95,0,2,0,2998013162,0,110,0,0,153322,256,[110 96 6 0 -14 -19 -13 -19 -13 -18 -14 -18 -14 -17 -15 -17 -15 -16 -15 -15 -15 -15 -15 -15 -16 -15 -15 -15 -16 -14 -15 -14 -16 -14 -15 -14 -15 -14 -15 -14 -14 -14 -15 -15 -14 -15 -14 -15 -13 -16 -12 -16 -11 -17 0 0 0 0 0 0 0 0 0 0 0 0 0 0 0 0 0 0 0 0 0 0 -12 -13 -11 -14 -10 -15 -10 -16 -10 -16 -10 -16 -10 -17 -10 -18 -9 -18 -9 -19 -10 -20 -9 -21 -9 -21 -9 -21 -9 -21 -9 -21 -10 -21 -10 -20 -1
2025-05-22 09:49:55,CSI_DATA,STA,D8:B1:90:DB:E8:90,-41,11,1,7,0,0,1,0,0,0,1,-95,0,2,0,3003028687,0,110,0,0,153327,256,[110 96 6 0 24 9 24 9 23 8 23 7 23 6 23 5 23 4 23 4 22 3 23 3 22 3 22 2 22 2 22 2 22 2 22 2 22 2 21 2 21 2 21 3 21 4 20 4 20 5 20 5 20 7 0 0 0 0 0 0 0 0 0 0 0 0 0 0 0 0 0 0 0 0 0 0 18 5 18 6 17 7 17 8 17 9 18 10 18 10 19 10 19 11 19 12 19 13 19 13 19 13 19 13 20 13 19 13 20 13 20 12 21 12 22 11 22 11 23 11 22 10 23 11 23 10 23 10 ]
2025-05-22 09:49:56,CSI_DATA,STA,D8:B1:90:DB:E8:90,-42,11,1,7,0,0,1,1,1,0,1,-95,0,2,0,3003528574,0,110,0,0,153328,384,[110 96 6 0 -22 -31 -19 -28 -17 -26 -15 -20 -14 -14 -13 -8 -12 -1 -12 6 -12 13 -12 19 -12 24 -13 29 -13 31 -14 34 -14 34 -14 33 -13 31 -13 28 -10 24 -8 21 -5 16 -2 12 1 8 4 5 8 2 0 0 0 0 0 0 0 0 0 0 0 0 0 0 0 0 0 0 0 0 0 0 -19 15 -18 12 -17 10 -13 9 -9 8 -5 8 0 9 5 10 9 13 13 15 15 18 17 21 18 23 17 24 15 24 12 23 8 21 5 19 -1 14 -5 9 -10 4 -14 -2 -18 -8 -21 -14 -23 -20 -23 -26 ]
2025-05-22 09:49:59,CSI_DATA,STA,D8:B1:90:DB:E8:90,-49,11,1,7,0,0,1,0,0,0,1,-95,0,2,0,3007036692,0,110,0,0,153331,256,[110 96 6 0 16 -23 17 -23 18 -23 -2 29 -2 29 -2 28 -3 28 10 8 10 8 10 8 9 8 8 12 7 12 6 11 5 11 29 -10 30 -10 29 -9 29 -9 32 4 31 5 31 6 30 7 -29 -28 -27 -30 0 0 0 0 0 0 0 0 0 0 0 0 0 0 0 0 0 0 0 0 0 0 1 -10 2 -10 6 -17 7 -17 8 -17 9 -17 2 -9 3 -9 4 -10 4 -10 1 -18 1 -18 2 -19 3 -20 14 -14 14 -14 14 -14 15 -15 4 -12 5 -12 5 -13 5 -13 7 -24 8 -24 8 -24 -1 -8 ]
2025-05-22 09:50:00,CSI_DATA,STA,D8:B1:90:DB:E8:90,-42,11,1,7,0,0,1,1,1,0,1,-95,0,2,0,3007537795,0,110,0,0,153332,384,[110 96 6 0 -37 -7 -34 -7 -30 -7 -26 -5 -21 -1 -16 2 -10 7 -6 12 -1 17 2 21 6 26 8 30 9 33 9 34 9 35 9 35 8 33 7 30 7 26 6 22 6 17 6 13 7 8 7 4 9 1 0 0 0 0 0 0 0 0 0 0 0 0 0 0 0 0 0 0 0 0 0 0 6 23 3 22 2 19 2 15 3 12 5 7 8 4 12 0 16 -2 20 -5 23 -5 27 -5 29 -5 30 -3 29 -1 26 1 23 3 18 5 12 6 5 7 -2 8 -10 7 -17 7 -24 5 -29 2 -34 -1 ]
2025-05-22 09:50:02,CSI_DATA,STA,D8:B1:90:DB:E8:90,-43,11,1,7,0,0,1,0,0,0,0,-95,0,2,0,3010045607,0,110,0,0,153334,256,[110 96 6 0 -61 -12 -62 -11 -53 -12 -46 -7 -39 -6 -29 5 -24 10 -14 21 -10 28 -1 38 -1 50 6 53 5 63 7 62 11 68 4 66 7 64 -1 58 6 50 0 47 6 34 5 31 8 18 10 18 11 7 0 0 0 0 0 0 0 0 0 0 0 0 0 0 0 0 0 0 0 0 0 0 19 38 17 36 10 35 10 27 10 22 12 13 17 9 21 -2 30 -4 34 -11 43 -13 44 -13 52 -12 53 -8 52 -8 47 0 44 0 36 6 22 9 16 10 -1 13 -11 11 -27 13 -36 5 -49 4 -59 -3 ]
2025-05-22 09:50:03,CSI_DATA,STA,D8:B1:90:DB:E8:90,-42,11,1,6,0,0,1,0,0,0,1,-95,0,2,0,3011052029,0,110,0,0,153335,256,[110 96 6 0 34 20 30 19 27 16 23 11 19 6 15 0 11 -6 7 -13 3 -19 0 -25 -4 -30 -6 -34 -8 -37 -8 -39 -9 -39 -9 -39 -8 -36 -8 -32 -8 -28 -7 -23 -7 -18 -7 -12 -7 -7 -7 -3 -7 2 0 0 0 0 0 0 0 0 0 0 0 0 0 0 0 0 0 0 0 0 0 0 20 -16 19 -13 17 -12 13 -10 9 -10 4 -9 -2 -10 -7 -11 -12 -13 -17 -16 -20 -18 -22 -21 -24 -23 -23 -25 -21 -25 -18 -25 -14 -23 -9 -21 -3 -18 3 -14 10 -10 16 -5 22 0 27 5 31 10 33 15
2025-05-22 09:50:05,CSI_DATA,STA,D8:B1:90:DB:E8:90,-46,11,1,7,0,0,1,0,0,0,1,-95,0,2,0,3012560913,0,110,0,0,153337,256,[110 96 6 0 -21 6 -21 6 -19 5 5 -6 5 -7 4 -7 5 -8 25 -10 25 -11 24 -12 24 -13 24 -15 24 -16 24 -17 24 -17 23 -17 23 -17 22 -17 23 -17 22 -17 22 -17 22 -16 22 -16 23 -13 24 -11 0 0 0 0 0 0 0 0 0 0 0 0 0 0 0 0 0 0 0 0 0 0 1 -17 2 -17 0 -19 1 -19 2 -20 3 -20 0 0 0 0 -1 0 -1 -1 2 19 2 19 2 20 2 20 7 4 7 4 7 4 7 3 12 9 13 9 14 10 14 10 -33 -17 -34 -18 -35 -17 15 10 ]
2025-05-22 09:50:09,CSI_DATA,STA,D8:B1:90:DB:E8:90,-41,11,1,7,0,0,1,0,0,0,1,-95,0,2,0,3016578299,0,110,0,0,153341,256,[110 96 6 0 15 19 15 19 15 17 15 17 16 17 16 16 16 16 16 15 16 14 16 14 17 14 16 14 17 14 16 13 16 14 16 13 16 13 16 13 15 13 15 14 14 14 14 14 13 15 12 15 11 16 0 0 0 0 0 0 0 0 0 0 0 0 0 0 0 0 0 0 0 0 0 0 11 13 10 14 10 15 10 15 10 16 9 17 9 17 10 18 9 18 10 19 10 19 10 19 10 19 10 19 10 19 10 19 11 19 11 19 12 20 12 19 13 19 13 20 14 19 14 19 15 19 15 19 ]
2025-05-22 09:50:11,CSI_DATA,STA,D8:B1:90:DB:E8:90,-42,11,1,7,0,0,1,0,0,0,1,-95,0,2,0,3019088769,0,110,0,0,153343,256,[110 96 6 0 -23 33 -21 30 -19 27 -14 23 -9 19 -2 15 4 11 11 7 17 4 23 1 28 -2 32 -4 35 -5 38 -6 38 -7 37 -6 34 -6 31 -6 26 -6 22 -6 16 -7 11 -7 6 -8 1 -8 -3 -9 0 0 0 0 0 0 0 0 0 0 0 0 0 0 0 0 0 0 0 0 0 0 16 19 14 18 11 16 10 12 9 8 9 3 9 -2 10 -7 12 -13 14 -17 16 -20 18 -22 20 -23 22 -23 22 -21 21 -17 20 -13 18 -8 15 -2 12 4 7 10 2 17 -3 23 -8 27 -13 31 -18 34 ]
2025-05-22 09:50:14,CSI_DATA,STA,D8:B1:90:DB:E8:90,-42,11,1,7,0,0,1,0,0,0,1,-95,0,2,0,3022096847,0,110,0,0,153346,256,[110 96 6 0 10 -34 10 -32 8 -28 5 -24 2 -19 -3 -14 -7 -8 -12 -3 -16 2 -20 6 -24 11 -27 14 -29 16 -30 18 -31 18 -30 18 -28 18 -25 16 -21 15 -17 13 -13 11 -8 10 -4 8 0 7 4 6 0 0 0 0 0 0 0 0 0 0 0 0 0 0 0 0 0 0 0 0 0 0 -17 -17 -14 -17 -12 -15 -10 -12 -9 -8 -8 -4 -7 2 -8 7 -8 12 -9 16 -11 20 -13 23 -15 25 -16 24 -17 23 -18 20 -17 17 -16 12 -15 7 -13 1 -11 -6 -7 -13 -5 -19 -2 -24 2 -29 5 -33 ]
2025-05-22 09:50:16,CSI_DATA,STA,D8:B1:90:DB:E8:90,-41,11,1,7,0,0,1,1,0,0,1,-95,0,2,0,3023608633,0,110,0,0,153348,256,[110 96 6 0 -17 19 -17 19 -16 19 -15 19 -15 19 -14 19 -14 19 -13 19 -13 19 -13 20 -12 20 -12 20 -12 20 -12 20 -12 20 -12 19 -12 19 -12 18 -12 18 -13 18 -13 18 -14 17 -14 16 -15 15 -16 14 0 0 0 0 0 0 0 0 0 0 0 0 0 0 0 0 0 0 0 0 0 0 -12 15 -13 14 -14 14 -14 14 -15 14 -16 14 -17 14 -17 14 -18 14 -19 14 -19 13 -19 13 -19 13 -19 13 -19 14 -19 15 -19 15 -19 15 -19 15 -19 16 -19 16 -19 17 -19 19 -19
2025-05-22 09:50:20,CSI_DATA,STA,D8:B1:90:DB:E8:90,-42,11,1,7,0,0,1,0,0,0,1,-95,0,2,0,3027620806,0,110,0,0,153352,256,[110 96 6 0 -35 23 -33 21 -30 18 -24 17 -17 15 -10 15 -2 14 5 14 12 14 19 15 25 16 30 17 33 18 35 19 36 19 34 19 33 18 30 16 26 13 22 10 18 6 14 2 11 -2 9 -5 7 -9 0 0 0 0 0 0 0 0 0 0 0 0 0 0 0 0 0 0 0 0 0 0 20 17 17 17 14 15 12 12 11 8 10 3 10 -2 11 -8 13 -12 15 -17 18 -20 21 -22 23 -23 25 -22 25 -20 24 -16 23 -12 19 -7 15 -1 10 4 4 10 -3 15 -10 20 -16 23 -23 25 -29 25 ]
2025-05-22 09:50:23,CSI_DATA,STA,D8:B1:90:DB:E8:90,-42,11,1,7,0,0,1,0,0,0,1,-95,0,2,0,3030626867,0,110,0,0,153355,256,[110 96 6 0 -9 40 -9 37 -8 32 -5 27 -1 21 4 16 9 10 14 5 20 1 25 -3 30 -7 34 -9 37 -10 38 -10 39 -11 37 -10 36 -9 32 -9 27 -8 22 -8 16 -8 11 -9 6 -10 1 -11 -2 -13 0 0 0 0 0 0 0 0 0 0 0 0 0 0 0 0 0 0 0 0 0 0 25 -4 24 -2 20 -1 17 -2 13 -4 9 -6 6 -10 3 -14 0 -19 -1 -23 -1 -27 -1 -30 0 -32 2 -32 3 -31 5 -27 7 -23 8 -18 10 -11 10 -4 10 5 9 13 7 21 5 28 1 34 -2 38 ]
2025-05-22 09:50:25,CSI_DATA,STA,D8:B1:90:DB:E8:90,-42,11,1,7,0,0,1,0,0,0,1,-95,0,2,0,3033175226,0,110,0,0,153357,256,[110 96 6 0 -37 14 -34 13 -30 11 -24 11 -18 10 -12 11 -4 11 3 13 10 13 16 15 22 16 26 17 30 18 31 19 32 20 31 19 29 18 26 16 23 13 19 10 16 6 12 2 8 -2 6 -5 4 -9 0 0 0 0 0 0 0 0 0 0 0 0 0 0 0 0 0 0 0 0 0 0 7 23 5 21 3 18 3 14 4 10 6 6 9 2 12 -3 16 -6 19 -9 22 -11 25 -11 28 -11 29 -9 28 -8 26 -4 23 -1 19 2 13 5 7 8 0 12 -7 14 -14 17 -20 18 -27 18 -32 18 ]
2025-05-22 09:50:29,CSI_DATA,STA,D8:B1:90:DB:E8:90,-42,11,1,7,0,0,1,0,0,0,1,-95,0,2,0,3037145859,0,110,0,0,153361,256,[110 96 6 0 -39 5 -36 4 -32 3 -26 4 -20 6 -14 8 -6 10 0 13 6 15 12 18 17 21 21 23 23 25 26 26 26 26 25 26 24 24 21 21 19 18 16 14 13 10 11 5 9 1 7 -3 6 -7 0 0 0 0 0 0 0 0 0 0 0 0 0 0 0 0 0 0 0 0 0 0 2 23 1 21 0 19 1 15 3 11 5 8 9 4 12 1 17 -2 21 -3 25 -4 27 -4 29 -3 30 -2 29 0 26 2 22 4 18 6 12 8 5 10 -3 11 -10 12 -18 13 -25 12 -31 11 -35 9 ]
2025-05-22 09:50:32,CSI_DATA,STA,D8:B1:90:DB:E8:90,-42,11,1,7,0,0,1,0,0,0,1,-95,0,2,0,3039147301,0,110,0,0,153363,256,[110 96 6 0 -42 3 -39 2 -34 2 -29 3 -22 5 -16 8 -8 11 -2 15 4 19 9 22 15 27 18 29 20 32 21 33 21 34 20 33 19 31 17 28 15 24 13 19 12 14 11 8 9 3 9 -1 10 -6 0 0 0 0 0 0 0 0 0 0 0 0 0 0 0 0 0 0 0 0 0 0 10 24 8 22 6 19 6 16 7 12 8 7 11 4 15 0 18 -4 22 -6 26 -8 29 -8 31 -7 31 -6 30 -4 27 -1 24 2 18 5 12 7 5 10 -3 12 -11 12 -19 13 -27 13 -33 11 -38 9 ]
2025-05-22 09:50:35,CSI_DATA,STA,D8:B1:90:DB:E8:90,-43,11,1,7,0,0,1,0,0,0,1,-95,0,2,0,3042672741,0,110,0,0,153367,256,[110 96 6 0 -16 35 -16 33 -14 28 -10 24 -5 19 0 15 6 10 12 6 18 2 23 -1 28 -3 32 -5 35 -6 37 -7 37 -7 36 -6 33 -6 30 -5 26 -5 21 -5 16 -6 10 -7 5 -7 1 -8 -3 -9 0 0 0 0 0 0 0 0 0 0 0 0 0 0 0 0 0 0 0 0 0 0 23 8 20 9 18 8 15 6 13 2 10 -1 9 -6 8 -11 8 -16 9 -20 9 -24 11 -26 12 -27 14 -27 15 -25 16 -21 15 -17 15 -12 14 -6 12 1 9 8 6 16 2 22 -1 28 -6 32 -11 36 ]
2025-05-22 09:50:36,CSI_DATA,STA,D8:B1:90:DB:E8:90,-41,11,1,7,0,0,1,1,0,0,1,-95,0,2,0,3043696428,0,110,0,0,153368,256,[110 96 6 0 -18 20 -18 20 -17 20 -16 19 -15 20 -15 20 -14 20 -13 20 -13 20 -12 19 -12 20 -12 20 -12 20 -11 20 -11 20 -11 20 -11 20 -11 19 -12 19 -12 19 -12 18 -13 18 -13 17 -14 16 -16 15 0 0 0 0 0 0 0 0 0 0 0 0 0 0 0 0 0 0 0 0 0 0 -12 15 -13 15 -14 15 -14 15 -15 15 -16 15 -16 14 -17 15 -18 15 -18 15 -20 16 -20 15 -20 15 -20 15 -19 15 -19 15 -19 16 -19 16 -19 17 -18 17 -18 17 -19 18 -19 19 -19
2025-05-22 09:50:37,CSI_DATA,STA,D8:B1:90:DB:E8:90,-42,11,1,6,0,0,1,0,0,0,1,-95,0,2,0,3044179772,0,110,0,0,153368,256,[110 96 6 0 40 -7 38 -6 34 -5 28 -6 21 -7 14 -10 7 -13 0 -16 -6 -20 -11 -24 -16 -27 -20 -31 -22 -32 -23 -34 -24 -34 -22 -34 -21 -32 -19 -28 -16 -24 -15 -20 -14 -14 -11 -9 -11 -4 -10 0 -10 5 0 0 0 0 0 0 0 0 0 0 0 0 0 0 0 0 0 0 0 0 0 0 -14 -23 -12 -22 -10 -20 -9 -16 -10 -12 -11 -7 -12 -3 -15 1 -19 5 -22 8 -26 9 -29 10 -31 9 -32 8 -31 6 -29 3 -25 0 -20 -4 -14 -7 -7 -10 1 -13 9 -15 17 -15 25 -15
2025-05-22 09:50:37,CSI_DATA,STA,D8:B1:90:DB:E8:90,-41,11,1,7,0,0,1,0,0,0,0,-95,0,2,0,3044680585,0,110,0,0,153369,256,[110 96 6 0 -5 -25 -5 -24 -5 -24 -6 -23 -7 -23 -7 -22 -7 -22 -8 -21 -9 -21 -9 -21 -9 -21 -10 -19 -10 -19 -10 -19 -10 -19 -10 -21 -9 -20 -9 -20 -8 -20 -9 -20 -8 -20 -7 -20 -7 -20 -6 -20 -5 -20 0 0 0 0 0 0 0 0 0 0 0 0 0 0 0 0 0 0 0 0 0 0 -5 -18 -4 -19 -4 -19 -3 -19 -3 -20 -3 -20 -3 -21 -2 -22 -2 -22 -1 -23 -1 -23 0 -23 -1 -23 0 -23 -1 -23 -1 -23 -2 -23 -2 -24 -3 -24 -3 -24 -3 -25 -4 -25 -4 -24
2025-05-22 09:50:39,CSI_DATA,STA,D8:B1:90:DB:E8:90,-41,11,1,6,0,0,1,0,0,0,1,-95,0,2,0,3046683208,0,110,0,0,153371,256,[110 96 6 0 23 -6 23 -6 23 -6 22 -7 21 -7 21 -8 20 -8 20 -8 20 -9 20 -9 19 -10 19 -9 19 -9 19 -10 19 -10 20 -9 20 -9 20 -8 20 -8 19 -7 19 -7 19 -6 19 -5 19 -4 20 -3 0 0 0 0 0 0 0 0 0 0 0 0 0 0 0 0 0 0 0 0 0 0 18 -5 18 -3 18 -2 19 -1 19 -1 20 0 20 -1 20 0 21 0 21 0 22 1 22 1 22 1 22 1 22 1 22 0 22 0 22 0 23 -2 23 -2 23 -3 23 -3 23 -4 23 -4 23 -4 23 -5 ]
2025-05-22 09:50:40,CSI_DATA,STA,D8:B1:90:DB:E8:90,-42,11,1,7,0,0,1,0,0,0,1,-95,0,2,0,3047968556,0,100,0,0,153372,256,[100 -64 5 0 6 38 5 35 4 30 5 25 7 18 8 12 10 5 13 -2 16 -8 19 -13 21 -18 24 -22 24 -25 26 -26 26 -26 26 -26 24 -24 22 -22 17 -19 14 -17 9 -14 5 -12 1 -9 -4 -8 -8 -7 0 0 0 0 0 0 0 0 0 0 0 0 0 0 0 0 0 0 0 0 0 0 23 -6 21 -4 19 -4 15 -4 12 -5 7 -7 3 -10 0 -14 -3 -17 -5 -21 -6 -25 -6 -28 -6 -30 -4 -30 -3 -29 0 -27 2 -23 4 -19 7 -13 9 -6 12 1 13 8 14 16 13 23 12 29 10 34 ]
2025-05-22 09:50:42,CSI_DATA,STA,D8:B1:90:DB:E8:90,-42,11,1,7,0,0,1,0,0,0,1,-95,0,2,0,3049198266,0,110,0,0,153373,256,[110 96 6 0 -34 11 -32 10 -28 9 -22 8 -17 9 -10 9 -3 11 3 12 9 13 15 15 20 16 23 17 26 18 28 19 28 19 27 19 25 18 23 16 20 13 17 10 13 6 10 3 7 -2 5 -4 4 -8 0 0 0 0 0 0 0 0 0 0 0 0 0 0 0 0 0 0 0 0 0 0 6 21 4 19 3 17 3 14 4 11 6 7 9 3 12 0 15 -3 19 -5 22 -7 25 -7 26 -7 26 -5 26 -4 24 -2 20 1 17 4 12 7 6 10 -1 12 -8 14 -15 16 -21 16 -26 16 -31 15 ]
2025-05-22 09:50:48,CSI_DATA,STA,D8:B1:90:DB:E8:90,-42,11,1,7,0,0,1,0,0,0,1,-95,0,2,0,3055206740,0,110,0,0,153379,256,[110 96 6 0 14 33 13 32 11 26 11 22 10 15 10 8 10 1 10 -6 10 -13 11 -19 11 -25 11 -29 12 -33 12 -34 12 -35 11 -33 11 -32 9 -28 7 -24 4 -20 1 -16 -1 -12 -4 -8 -6 -5 -9 -2 0 0 0 0 0 0 0 0 0 0 0 0 0 0 0 0 0 0 0 0 0 0 23 -2 21 -1 18 0 15 -1 11 -3 8 -5 4 -9 0 -12 -2 -16 -4 -20 -5 -24 -6 -27 -6 -29 -5 -29 -3 -29 -1 -26 2 -23 4 -19 7 -14 10 -7 13 -1 15 6 17 13 18 19 18 25 18 30 ]
2025-05-22 09:50:51,CSI_DATA,STA,D8:B1:90:DB:E8:90,-41,11,1,7,0,0,1,0,0,0,1,-95,0,2,0,3058217061,0,110,0,0,153382,256,[110 96 6 0 -27 -2 -26 -2 -26 -2 -25 -1 -25 0 -25 0 -24 0 -23 1 -23 1 -23 2 -22 2 -23 3 -22 3 -23 4 -22 3 -23 3 -22 3 -22 2 -22 2 -22 2 -22 1 -22 1 -22 0 -21 -1 -21 -2 0 0 0 0 0 0 0 0 0 0 0 0 0 0 0 0 0 0 0 0 0 0 -20 0 -20 -2 -20 -3 -20 -3 -21 -4 -21 -4 -22 -4 -22 -5 -23 -6 -23 -6 -23 -6 -23 -6 -23 -7 -24 -7 -24 -6 -25 -6 -24 -5 -24 -5 -25 -5 -25 -5 -25 -4 -26 -4 -26 -4 -26 -4 -26 -3 -25 -3 ]
2025-05-22 09:50:51,CSI_DATA,STA,D8:B1:90:DB:E8:90,-42,11,1,7,0,0,1,1,1,0,1,-95,0,2,0,3058719752,0,110,0,0,153383,384,[110 96 6 0 12 33 11 32 9 27 9 22 9 16 9 9 10 2 12 -5 13 -11 15 -17 16 -22 18 -26 19 -30 20 -30 20 -31 19 -29 19 -28 16 -26 13 -23 10 -20 6 -17 2 -14 -1 -12 -5 -10 -8 -8 0 0 0 0 0 0 0 0 0 0 0 0 0 0 0 0 0 0 0 0 0 0 20 -13 19 -10 16 -8 13 -7 9 -7 5 -7 0 -9 -5 -11 -9 -14 -12 -17 -14 -20 -15 -23 -16 -25 -15 -27 -13 -27 -10 -25 -7 -23 -3 -19 1 -14 5 -8 9 -2 12 5 14 11 16 18 16 24 16 30 ]
2025-05-22 09:50:53,CSI_DATA,STA,D8:B1:90:DB:E8:90,-41,11,1,7,0,0,1,0,0,0,1,-95,0,2,0,3060224716,0,110,0,0,153384,256,[110 96 6 0 -9 -24 -9 -24 -8 -23 -9 -23 -9 -22 -9 -22 -9 -22 -11 -21 -10 -21 -11 -21 -11 -20 -12 -19 -12 -20 -12 -19 -12 -20 -13 -20 -12 -20 -12 -20 -11 -20 -10 -20 -10 -20 -9 -19 -8 -20 -8 -20 -7 -21 0 0 0 0 0 0 0 0 0 0 0 0 0 0 0 0 0 0 0 0 0 0 -7 -18 -6 -19 -5 -19 -5 -20 -4 -20 -4 -21 -5 -22 -4 -23 -4 -24 -3 -24 -3 -24 -3 -24 -3 -24 -3 -25 -4 -24 -4 -24 -5 -24 -5 -24 -7 -24 -7 -24 -7 -24 -8
2025-05-22 09:50:54,CSI_DATA,STA,D8:B1:90:DB:E8:90,-42,11,1,7,0,0,1,1,1,0,1,-95,0,2,0,3061726715,0,110,0,0,153386,384,[110 96 6 0 4 -38 4 -35 4 -30 1 -25 -2 -19 -5 -13 -9 -6 -13 -1 -16 5 -20 11 -23 15 -25 18 -27 21 -28 22 -28 22 -27 22 -24 21 -21 19 -18 17 -14 15 -9 13 -4 12 0 10 3 9 6 8 0 0 0 0 0 0 0 0 0 0 0 0 0 0 0 0 0 0 0 0 0 0 -24 -9 -21 -10 -18 -10 -14 -8 -11 -4 -8 0 -6 4 -4 9 -3 15 -2 20 -3 24 -4 27 -5 28 -6 28 -8 27 -10 23 -11 19 -11 14 -11 8 -11 1 -11 -7 -9 -14 -8 -21 -6 -27 -3 -33 -1 -37 ]
2025-05-22 09:50:58,CSI_DATA,STA,D8:B1:90:DB:E8:90,-41,11,1,7,0,0,1,0,0,0,1,-95,0,2,0,3065737704,0,110,0,0,153390,256,[110 96 6 0 -27 -1 -26 0 -26 0 -26 1 -26 1 -26 2 -25 2 -25 3 -24 3 -24 4 -24 4 -24 3 -23 4 -24 4 -23 4 -24 4 -23 3 -23 3 -23 3 -24 2 -23 2 -23 1 -23 1 -23 -1 -23 -2 0 0 0 0 0 0 0 0 0 0 0 0 0 0 0 0 0 0 0 0 0 0 -20 0 -20 -1 -21 -2 -21 -3 -22 -3 -22 -4 -22 -3 -23 -4 -23 -5 -24 -5 -25 -6 -25 -6 -25 -6 -25 -6 -24 -5 -25 -5 -25 -5 -25 -4 -26 -4 -26 -4 -27 -3 -27 -3 -28 -2 -27 -1 -28 -1 -27 -1 ]
2025-05-22 09:51:07,CSI_DATA,STA,D8:B1:90:DB:E8:90,-41,11,1,7,0,0,1,0,0,0,1,-95,0,2,0,3074250843,0,110,0,0,153398,256,[110 96 6 0 -24 -12 -24 -12 -23 -11 -23 -11 -23 -9 -23 -9 -23 -8 -22 -7 -22 -6 -22 -6 -22 -6 -23 -6 -24 -5 -23 -5 -23 -6 -23 -5 -23 -5 -23 -5 -22 -5 -22 -5 -21 -6 -21 -7 -21 -7 -20 -8 -20 -10 0 0 0 0 0 0 0 0 0 0 0 0 0 0 0 0 0 0 0 0 0 0 -19 -7 -19 -8 -19 -9 -19 -10 -19 -10 -20 -11 -20 -12 -21 -12 -21 -13 -21 -14 -20 -13 -20 -14 -20 -14 -20 -14 -20 -14 -20 -14 -21 -14 -21 -14 -22 -14 -22 -13 -2
2025-05-22 09:51:08,CSI_DATA,STA,D8:B1:90:DB:E8:90,-42,11,1,7,0,0,1,1,1,0,1,-95,0,2,0,3075251514,0,110,0,0,153399,384,[110 96 6 0 -28 -31 -26 -30 -22 -26 -19 -21 -16 -14 -14 -7 -10 0 -9 8 -6 15 -5 21 -2 28 -1 33 -1 36 0 38 0 39 1 38 1 36 1 32 2 27 3 23 5 18 6 12 8 8 9 4 11 0 0 0 0 0 0 0 0 0 0 0 0 0 0 0 0 0 0 0 0 0 0 0 -25 11 -24 9 -21 7 -17 6 -13 6 -7 6 -2 8 4 10 9 12 14 15 17 19 19 22 20 24 20 26 18 26 15 25 11 23 6 20 1 16 -4 11 -10 5 -16 -1 -21 -8 -25 -14 -27 -20 -29 -26 ]
2025-05-22 09:51:11,CSI_DATA,STA,D8:B1:90:DB:E8:90,-41,11,1,7,0,0,1,0,0,0,1,-95,0,2,0,3078769868,0,110,0,0,153403,256,[110 96 6 0 -25 -10 -25 -9 -24 -9 -24 -8 -24 -8 -24 -7 -24 -7 -23 -5 -23 -5 -23 -4 -23 -4 -23 -3 -23 -3 -23 -3 -23 -3 -23 -3 -23 -3 -23 -4 -22 -4 -22 -5 -22 -5 -21 -6 -21 -6 -20 -8 -19 -9 0 0 0 0 0 0 0 0 0 0 0 0 0 0 0 0 0 0 0 0 0 0 -20 -5 -19 -7 -19 -8 -19 -9 -19 -9 -20 -10 -21 -10 -21 -11 -21 -12 -22 -13 -21 -13 -21 -13 -21 -14 -21 -14 -22 -14 -22 -14 -22 -13 -22 -13 -23 -12 -23 -12 -24 -11
2025-05-22 09:51:18,CSI_DATA,STA,D8:B1:90:DB:E8:90,-42,11,1,7,0,0,1,0,0,0,1,-95,0,2,0,3085286639,0,110,0,0,153410,256,[110 96 6 0 -23 -16 -23 -15 -23 -14 -22 -13 -22 -12 -22 -12 -22 -12 -23 -10 -23 -10 -23 -9 -23 -9 -24 -9 -23 -9 -24 -9 -23 -9 -24 -9 -23 -8 -23 -9 -22 -9 -22 -9 -22 -10 -21 -10 -21 -11 -20 -12 -19 -13 0 0 0 0 0 0 0 0 0 0 0 0 0 0 0 0 0 0 0 0 0 0 -19 -10 -18 -11 -18 -12 -18 -13 -18 -13 -18 -14 -18 -15 -18 -16 -18 -16 -18 -17 -19 -17 -19 -18 -19 -18 -19 -18 -19 -19 -20 -19 -20 -18 -20 -18 -21 -1
2025-05-22 09:51:19,CSI_DATA,STA,D8:B1:90:DB:E8:90,-42,11,1,7,0,0,1,1,1,0,1,-95,0,2,0,3086287504,0,110,0,0,153411,384,[110 96 6 0 32 -25 30 -23 27 -20 22 -18 15 -16 8 -15 1 -14 -7 -14 -14 -14 -20 -15 -26 -16 -31 -17 -34 -18 -35 -18 -36 -19 -35 -19 -33 -18 -30 -16 -26 -13 -23 -10 -20 -7 -16 -3 -13 1 -11 4 -10 8 0 0 0 0 0 0 0 0 0 0 0 0 0 0 0 0 0 0 0 0 0 0 -26 -11 -23 -12 -20 -12 -17 -10 -14 -6 -12 -2 -11 3 -10 9 -10 14 -12 18 -14 22 -16 25 -18 26 -19 25 -20 24 -20 20 -19 16 -17 10 -14 4 -10 -2 -6 -8 1 -14 7 -2
2025-05-22 09:51:20,CSI_DATA,STA,D8:B1:90:DB:E8:90,-41,11,1,7,0,0,1,0,0,0,1,-95,0,2,0,3087794752,0,110,0,0,153412,256,[110 96 6 0 -14 -22 -14 -22 -14 -21 -15 -21 -15 -20 -15 -20 -15 -19 -15 -18 -15 -18 -16 -18 -16 -17 -17 -17 -17 -17 -17 -17 -17 -17 -16 -17 -16 -17 -16 -17 -15 -17 -15 -17 -14 -17 -13 -17 -13 -17 -13 -18 -11 -19 0 0 0 0 0 0 0 0 0 0 0 0 0 0 0 0 0 0 0 0 0 0 -13 -15 -12 -17 -11 -17 -11 -18 -11 -19 -11 -20 -11 -20 -10 -21 -10 -22 -10 -22 -10 -23 -10 -23 -10 -24 -10 -24 -10 -25 -10 -24 -10 -25 -10
2025-05-22 09:51:34,CSI_DATA,STA,D8:B1:90:DB:E8:90,-42,11,1,7,0,0,1,0,0,0,1,-94,0,2,0,3101335773,0,110,0,0,153426,256,[110 96 6 0 -23 -14 -23 -14 -23 -13 -23 -13 -23 -11 -23 -11 -23 -10 -23 -9 -23 -9 -23 -9 -23 -8 -23 -8 -23 -7 -23 -7 -22 -7 -23 -7 -23 -7 -22 -8 -22 -8 -21 -8 -21 -9 -21 -9 -20 -10 -19 -11 -19 -12 0 0 0 0 0 0 0 0 0 0 0 0 0 0 0 0 0 0 0 0 0 0 -18 -10 -17 -12 -17 -12 -17 -13 -17 -14 -17 -14 -17 -15 -18 -16 -18 -17 -18 -17 -18 -18 -18 -18 -18 -19 -18 -19 -18 -18 -19 -18 -19 -18 -19 -18 -20 -17 -2
2025-05-22 09:51:34,CSI_DATA,STA,D8:B1:90:DB:E8:90,-42,11,1,7,0,0,1,1,1,0,1,-94,0,2,0,3101441665,0,100,0,0,153426,384,[100 -64 5 0 -40 18 -37 16 -32 13 -26 13 -19 12 -11 12 -3 12 5 13 13 14 19 15 26 16 31 18 34 19 36 19 37 20 35 19 34 18 31 16 27 13 23 9 18 6 14 2 10 -2 7 -6 5 -9 0 0 0 0 0 0 0 0 0 0 0 0 0 0 0 0 0 0 0 0 0 0 13 25 10 23 8 20 7 16 7 12 9 6 10 1 14 -4 17 -9 21 -13 24 -15 27 -16 30 -16 31 -16 31 -14 29 -10 26 -6 22 -2 16 2 10 7 2 12 -5 15 -13 19 -21 21 -28 22 -34 21 ]
2025-05-22 09:51:34,CSI_DATA,STA,D8:B1:90:DB:E8:90,-42,11,1,7,0,0,1,1,1,0,1,-94,0,2,0,3101842382,0,110,0,0,153426,384,[110 96 6 0 -25 -31 -23 -29 -20 -26 -18 -20 -16 -14 -14 -8 -12 -1 -11 6 -10 13 -10 19 -9 25 -10 30 -10 33 -10 35 -10 35 -10 35 -9 33 -8 30 -6 26 -4 22 -2 17 1 13 4 9 6 6 9 3 0 0 0 0 0 0 0 0 0 0 0 0 0 0 0 0 0 0 0 0 0 0 -18 18 -18 15 -16 13 -13 11 -9 10 -4 9 1 9 6 10 12 12 16 14 19 16 21 19 22 21 21 22 19 22 16 22 12 20 7 18 2 14 -4 9 -9 4 -15 -2 -20 -7 -23 -14 -25 -19 -27 -25 ]
2025-05-22 09:51:37,CSI_DATA,STA,D8:B1:90:DB:E8:90,-41,11,1,7,0,0,1,0,0,0,1,-94,0,2,0,3104355765,0,110,0,0,153429,256,[110 96 6 0 26 2 27 2 26 1 27 1 26 1 26 1 26 0 24 -2 24 -2 24 -2 24 -2 24 -3 24 -3 24 -3 24 -3 23 -2 24 -1 23 -1 23 -1 22 0 22 0 21 1 21 2 22 3 22 5 0 0 0 0 0 0 0 0 0 0 0 0 0 0 0 0 0 0 0 0 0 0 19 -1 20 0 19 0 20 1 20 2 21 3 21 3 22 4 23 4 23 5 23 5 24 5 24 6 24 6 24 6 24 5 25 5 24 5 26 4 26 4 26 4 27 4 27 2 28 3 28 2 28 2 ]
2025-05-22 09:51:38,CSI_DATA,STA,D8:B1:90:DB:E8:90,-42,11,1,7,0,0,1,1,1,0,1,-94,0,2,0,3105357983,0,110,0,0,153430,384,[110 96 6 0 -31 21 -30 20 -26 17 -21 16 -14 14 -8 13 0 12 7 12 13 12 19 13 25 13 29 15 32 15 33 16 34 16 32 16 30 15 27 13 24 11 20 8 16 5 12 1 9 -3 6 -6 4 -9 0 0 0 0 0 0 0 0 0 0 0 0 0 0 0 0 0 0 0 0 0 0 17 16 14 15 12 14 10 11 9 7 9 2 9 -3 10 -8 12 -12 14 -16 17 -19 19 -21 21 -21 22 -20 23 -18 22 -15 20 -11 17 -6 13 -1 9 4 3 10 -3 14 -9 18 -15 21 -20 23 -26 24 ]
2025-05-22 09:51:41,CSI_DATA,STA,D8:B1:90:DB:E8:90,-42,11,1,7,0,0,1,0,0,0,1,-94,0,2,0,3108365735,0,110,0,0,153433,256,[110 96 6 0 10 -24 9 -24 10 -24 9 -23 8 -23 7 -23 7 -23 6 -23 6 -23 6 -23 5 -23 5 -23 5 -23 5 -23 5 -23 5 -22 6 -22 6 -22 6 -21 7 -21 7 -21 8 -20 8 -20 9 -19 10 -18 0 0 0 0 0 0 0 0 0 0 0 0 0 0 0 0 0 0 0 0 0 0 7 -18 9 -18 9 -18 10 -18 11 -17 12 -17 11 -19 12 -20 13 -20 14 -20 14 -20 15 -19 15 -19 15 -20 14 -20 14 -20 14 -20 14 -21 12 -22 12 -22 12 -22 12 -23 11 -24 11 -24 11 -24 10 -24 ]
2025-05-22 09:51:42,CSI_DATA,STA,D8:B1:90:DB:E8:90,-42,11,1,7,0,0,1,1,1,0,1,-94,0,2,0,3109366476,0,110,0,0,153434,384,[110 96 6 0 2 -40 2 -36 2 -32 0 -27 -2 -21 -5 -14 -8 -7 -11 0 -14 6 -17 12 -19 18 -20 23 -22 26 -23 29 -23 29 -22 30 -21 28 -19 26 -15 23 -12 20 -8 16 -5 12 -1 9 2 5 5 2 0 0 0 0 0 0 0 0 0 0 0 0 0 0 0 0 0 0 0 0 0 0 -18 -18 -15 -18 -13 -16 -11 -12 -9 -8 -8 -4 -7 2 -7 8 -6 14 -8 19 -9 23 -11 26 -12 27 -13 27 -14 26 -15 24 -15 20 -15 15 -14 9 -14 2 -12 -6 -11 -13 -9 -20 -7 -26 -4 -32 -1 -37 ]
2025-05-22 09:51:42,CSI_DATA,STA,D8:B1:90:DB:E8:90,-41,11,1,7,0,0,1,0,0,0,1,-94,0,2,0,3109866239,0,110,0,0,153434,256,[110 96 6 0 12 -21 12 -21 12 -21 11 -21 10 -20 10 -21 9 -21 8 -21 8 -21 8 -21 7 -21 6 -20 6 -20 6 -20 6 -21 6 -21 7 -20 7 -20 7 -20 7 -19 8 -19 8 -19 9 -18 9 -18 10 -17 0 0 0 0 0 0 0 0 0 0 0 0 0 0 0 0 0 0 0 0 0 0 7 -17 8 -17 9 -16 10 -16 11 -16 11 -16 12 -17 13 -17 13 -17 14 -17 14 -17 15 -17 15 -17 15 -16 14 -17 14 -17 14 -17 14 -17 14 -19 14 -19 13 -19 14 -20 13 -21 13 -21 13 -21 13 -21 ]
2025-05-22 09:51:43,CSI_DATA,STA,D8:B1:90:DB:E8:90,-43,11,1,7,0,0,1,1,1,0,1,-94,0,2,0,3110366383,0,110,0,0,153435,384,[110 96 6 0 34 13 31 12 27 11 23 8 19 3 14 -1 10 -6 5 -12 1 -17 -2 -22 -5 -27 -7 -31 -8 -33 -8 -35 -9 -36 -8 -34 -8 -33 -7 -29 -7 -25 -6 -20 -6 -15 -6 -10 -7 -5 -7 -1 -8 3 0 0 0 0 0 0 0 0 0 0 0 0 0 0 0 0 0 0 0 0 0 0 8 -22 9 -19 8 -17 5 -14 2 -12 -2 -10 -6 -8 -11 -7 -16 -7 -20 -7 -23 -8 -26 -10 -27 -11 -27 -12 -26 -13 -22 -14 -18 -14 -13 -13 -8 -13 -1 -11 6 -9 13 -6 19 -3 25 0 30 4 33 7 ]
2025-05-22 09:51:44,CSI_DATA,STA,D8:B1:90:DB:E8:90,-42,11,1,7,0,0,1,0,0,0,1,-94,0,2,0,3111874990,0,110,0,0,153436,256,[110 96 6 0 10 21 10 21 10 20 10 20 10 19 10 18 11 18 12 17 12 17 12 17 13 16 12 16 12 16 13 16 12 16 12 16 12 16 11 16 11 15 10 16 10 16 9 16 9 16 8 17 7 18 0 0 0 0 0 0 0 0 0 0 0 0 0 0 0 0 0 0 0 0 0 0 9 14 8 15 7 16 6 16 6 17 5 18 6 18 6 19 6 19 6 20 4 20 4 21 4 21 4 21 5 21 5 21 5 21 5 21 6 20 6 21 7 21 7 21 9 21 9 21 9 21 10 21 ]
2025-05-22 09:51:46,CSI_DATA,STA,D8:B1:90:DB:E8:90,-43,11,1,7,0,0,1,1,1,0,1,-94,0,2,0,3113377388,0,110,0,0,153438,384,[110 96 6 0 -3 39 -3 37 -2 31 0 27 2 20 5 13 9 6 13 -1 15 -7 19 -13 22 -19 24 -23 26 -26 27 -27 28 -28 26 -27 25 -26 22 -24 18 -21 14 -18 10 -15 5 -11 1 -8 -3 -6 -7 -4 0 0 0 0 0 0 0 0 0 0 0 0 0 0 0 0 0 0 0 0 0 0 21 13 19 13 16 11 13 8 11 4 9 -1 8 -6 6 -11 6 -17 6 -22 7 -26 8 -29 9 -31 11 -31 12 -30 13 -26 14 -22 14 -17 13 -11 13 -3 13 4 11 12 10 19 8 26 5 32 2 37 ]
2025-05-22 09:51:46,CSI_DATA,STA,D8:B1:90:DB:E8:90,-42,11,1,7,0,0,1,0,0,0,1,-94,0,2,0,3113876756,0,110,0,0,153438,256,[110 96 6 0 -26 -5 -26 -5 -25 -5 -26 -4 -25 -3 -25 -3 -25 -2 -25 -1 -25 -1 -25 -1 -25 0 -24 0 -24 0 -24 0 -24 0 -24 0 -24 0 -24 0 -23 -1 -23 -2 -23 -2 -23 -3 -23 -3 -22 -5 -22 -6 0 0 0 0 0 0 0 0 0 0 0 0 0 0 0 0 0 0 0 0 0 0 -20 -3 -20 -4 -20 -6 -20 -7 -20 -7 -21 -8 -21 -8 -22 -8 -22 -9 -22 -9 -22 -9 -22 -10 -22 -10 -22 -10 -22 -10 -23 -10 -23 -10 -23 -10 -24 -8 -24 -8 -25 -8 -25 -8 -25 -6 -26
2025-05-22 09:51:47,CSI_DATA,STA,D8:B1:90:DB:E8:90,-43,11,1,7,0,0,1,1,1,0,1,-94,0,2,0,3114377419,0,110,0,0,153439,384,[110 96 6 0 13 38 12 35 10 30 10 24 10 17 10 10 10 2 11 -6 12 -13 12 -20 13 -26 14 -31 14 -35 15 -36 15 -37 14 -36 13 -34 11 -30 9 -26 6 -22 3 -17 0 -12 -3 -8 -6 -4 -9 -1 0 0 0 0 0 0 0 0 0 0 0 0 0 0 0 0 0 0 0 0 0 0 25 2 23 3 19 3 16 1 12 -1 8 -4 4 -8 1 -13 -1 -18 -4 -22 -5 -26 -5 -30 -5 -32 -4 -33 -2 -32 0 -29 3 -26 5 -21 8 -15 11 -8 14 -1 15 7 17 15 18 22 18 29 17 34 ]
