2025-05-20 15:55:45,CSI_DATA,STA,D8:B1:90:DB:E8:90,-54,11,1,5,0,0,1,0,0,0,1,-94,0,2,0,2489594464,0,110,0,0,2489.95,256,[110 96 6 0 -7 -18 -6 -14 -5 -10 -5 -4 -5 1 -5 7 -5 14 -6 19 -7 24 -8 28 -9 32 -10 35 -11 36 -12 38 -12 36 -13 35 -12 31 -11 27 -9 23 -7 19 -4 15 -1 11 2 7 5 4 8 2 0 0 0 0 0 0 0 0 0 0 0 0 0 0 0 0 0 0 0 0 0 0 -4 -5 -1 -6 1 -7 5 -7 9 -8 12 -8 17 -8 21 -7 25 -7 28 -4 30 -2 32 0 32 1 31 2 29 3 27 3 23 2 19 0 15 -2 11 -4 7 -7 3 -11 0 -14 -3 -16 -5 -19 -6 -20 ]
2025-05-20 15:55:47,CSI_DATA,STA,D8:B1:90:DB:E8:90,-54,11,1,5,0,0,1,0,0,0,1,-94,0,2,0,2491593677,0,110,0,0,2491.95,256,[110 96 6 0 -20 4 -16 4 -11 4 -6 5 1 6 7 8 13 10 17 14 22 16 25 19 28 21 29 24 29 26 28 27 27 29 24 27 22 27 19 24 16 19 14 16 12 11 11 6 11 2 11 -2 12 -5 0 0 0 0 0 0 0 0 0 0 0 0 0 0 0 0 0 0 0 0 0 0 -2 5 -5 3 -8 1 -10 -1 -13 -4 -16 -8 -17 -12 -18 -15 -19 -19 -18 -23 -18 -26 -16 -27 -15 -28 -13 -28 -12 -26 -11 -23 -11 -21 -11 -16 -12 -13 -14 -8 -15 -4 -18 -1 -20 2 -22 4 -24 5 -25 5 ]
2025-05-20 15:55:48,CSI_DATA,STA,D8:B1:90:DB:E8:90,-53,11,1,5,0,0,1,0,0,0,1,-94,0,2,0,2492093760,0,110,0,0,2492.45,256,[110 96 6 0 12 -12 9 -11 5 -10 1 -10 -4 -10 -8 -11 -13 -12 -18 -14 -21 -16 -24 -18 -26 -20 -28 -22 -29 -24 -28 -25 -27 -26 -24 -26 -22 -25 -19 -23 -17 -20 -15 -17 -13 -13 -12 -9 -12 -6 -12 -3 -13 0 0 0 0 0 0 0 0 0 0 0 0 0 0 0 0 0 0 0 0 0 0 0 0 -3 3 -3 5 -4 8 -3 11 -3 15 -2 18 0 21 1 25 4 26 6 28 10 28 12 27 14 26 16 24 17 21 15 19 14 17 11 16 8 14 5 14 1 13 -3 14 -6 15 -8 15 -11 16 -12 ]
2025-05-20 15:55:51,CSI_DATA,STA,D8:B1:90:DB:E8:90,-55,11,1,7,0,0,1,0,0,0,1,-94,0,2,0,2495120951,0,110,0,0,2495.48,256,[110 96 6 0 14 -25 14 -25 14 -25 13 -25 13 -25 13 -25 12 -25 12 -25 11 -25 10 -25 10 -25 9 -24 9 -24 10 -24 9 -23 10 -24 10 -23 10 -22 10 -22 10 -21 9 -20 9 -19 10 -19 10 -18 11 -17 0 0 0 0 0 0 0 0 0 0 0 0 0 0 0 0 0 0 0 0 0 0 3 -13 4 -14 6 -15 6 -15 7 -15 8 -15 9 -15 10 -16 11 -16 11 -17 12 -17 13 -16 13 -17 13 -17 14 -18 14 -19 14 -18 14 -19 14 -21 14 -21 14 -22 14 -23 13 -23 13 -24 13 -25
2025-05-20 15:55:53,CSI_DATA,STA,D8:B1:90:DB:E8:90,-54,11,1,7,0,0,1,0,0,0,0,-94,0,2,0,2497619788,0,110,0,0,2497.98,256,[110 96 6 0 7 -10 4 -8 1 -3 -3 0 -8 5 -12 7 -16 12 -20 14 -25 16 -26 18 -31 19 -32 20 -34 20 -33 19 -32 18 -30 16 -28 14 -24 13 -20 11 -15 10 -10 10 -6 9 -3 9 1 9 4 10 0 0 0 0 0 0 0 0 0 0 0 0 0 0 0 0 0 0 0 0 0 0 4 -8 7 -7 10 -5 12 -3 15 -1 18 1 20 4 22 6 24 10 24 12 24 15 24 16 23 17 22 16 21 15 18 13 17 11 15 8 15 4 14 0 12 -4 12 -8 11 -11 10 -13 11 -15 12 -15 ]
2025-05-20 15:55:54,CSI_DATA,STA,D8:B1:90:DB:E8:90,-55,11,1,6,0,0,1,0,0,0,1,-94,0,2,0,2498119850,0,110,0,0,2498.48,256,[110 96 6 0 7 -12 5 -8 2 -4 -1 0 -5 5 -9 9 -13 13 -17 16 -20 19 -23 21 -26 23 -28 23 -29 23 -29 22 -28 20 -27 19 -24 17 -21 15 -17 14 -12 12 -8 10 -4 10 0 9 3 9 6 10 0 0 0 0 0 0 0 0 0 0 0 0 0 0 0 0 0 0 0 0 0 0 3 -9 6 -7 9 -6 11 -4 14 -3 17 -1 19 2 22 4 23 7 25 9 25 12 24 13 24 14 22 13 21 12 19 10 17 8 15 4 14 1 13 -3 11 -6 11 -10 10 -14 9 -16 10 -17 10 -17 ]
2025-05-20 15:55:56,CSI_DATA,STA,D8:B1:90:DB:E8:90,-54,11,1,6,0,0,1,0,0,0,1,-94,0,2,0,2500132842,0,110,0,0,2500.49,256,[110 96 6 0 -16 -7 -12 -5 -6 -3 -1 0 5 4 9 8 14 12 18 17 21 20 23 23 25 26 25 28 25 29 24 29 22 28 20 26 18 23 15 19 14 14 12 10 11 5 10 0 11 -3 11 -7 12 -10 0 0 0 0 0 0 0 0 0 0 0 0 0 0 0 0 0 0 0 0 0 0 -10 -1 -9 -4 -8 -8 -8 -11 -7 -14 -5 -18 -2 -22 0 -27 2 -26 4 -28 7 -30 9 -29 9 -29 9 -27 9 -26 7 -23 5 -21 2 -18 -2 -15 -6 -13 -10 -10 -15 -10 -17 -9 -19 -9 -22 -8 -23 -8 ]
2025-05-20 15:55:56,CSI_DATA,STA,D8:B1:90:DB:E8:90,-54,11,1,6,0,0,1,0,0,0,1,-94,0,2,0,2500630766,0,110,0,0,2500.99,256,[110 96 6 0 9 -19 7 -15 4 -9 0 -4 -4 2 -8 7 -14 12 -17 17 -22 21 -26 23 -29 26 -31 27 -33 27 -33 27 -32 25 -31 24 -27 21 -24 18 -18 16 -13 13 -8 11 -3 10 1 10 6 9 10 10 0 0 0 0 0 0 0 0 0 0 0 0 0 0 0 0 0 0 0 0 0 0 0 -9 4 -8 7 -6 10 -4 14 -1 17 2 20 6 22 9 24 13 25 17 24 20 24 22 23 22 22 22 19 19 18 17 15 13 14 9 12 4 11 -2 10 -7 10 -13 10 -17 10 -21 10 -23 11 -24 ]
2025-05-20 15:56:00,CSI_DATA,STA,D8:B1:90:DB:E8:90,-55,11,1,6,0,0,1,0,0,0,1,-94,0,2,0,2504139824,0,110,0,0,2504.5,256,[110 96 6 0 -4 -18 -3 -13 -1 -7 -1 -1 -2 6 -3 12 -3 18 -5 23 -6 28 -7 32 -9 35 -10 37 -11 38 -12 38 -13 37 -12 35 -11 32 -10 29 -7 25 -5 22 -2 19 1 15 4 12 7 10 10 9 0 0 0 0 0 0 0 0 0 0 0 0 0 0 0 0 0 0 0 0 0 0 -11 -5 -9 -9 -5 -12 -2 -14 1 -16 5 -18 8 -18 12 -20 16 -19 19 -20 21 -19 23 -18 24 -17 23 -17 22 -16 19 -16 17 -15 13 -16 10 -17 6 -19 3 -20 -1 -22 -3 -23 -4 -25 -5 -26 -4 -25 ]
2025-05-20 15:56:03,CSI_DATA,STA,D8:B1:90:DB:E8:90,-55,11,1,5,0,0,1,0,0,0,1,-94,0,2,0,2507145189,0,110,0,0,2507.5,256,[110 96 6 0 -29 -6 -28 -6 -28 -5 -27 -5 -27 -4 -27 -4 -26 -4 -27 -4 -26 -4 -26 -3 -26 -3 -26 -2 -25 -2 -25 -2 -25 -2 -24 -2 -24 -2 -23 -2 -22 -3 -23 -3 -22 -3 -22 -3 -21 -4 -21 -4 -21 -5 0 0 0 0 0 0 0 0 0 0 0 0 0 0 0 0 0 0 0 0 0 0 -16 0 -15 -1 -16 -2 -16 -3 -17 -3 -18 -4 -18 -4 -18 -4 -19 -6 -19 -6 -20 -6 -21 -6 -21 -7 -21 -8 -21 -8 -22 -8 -22 -8 -22 -8 -22 -7 -22 -6 -23 -6 -24 -6 -27 -6 -27
2025-05-20 15:56:04,CSI_DATA,STA,D8:B1:90:DB:E8:90,-53,11,1,7,0,0,1,0,0,0,1,-94,0,2,0,2508144128,0,110,0,0,2508.5,256,[110 96 6 0 -3 12 -1 10 2 5 5 2 8 -1 12 -4 16 -7 20 -10 23 -12 27 -14 30 -15 32 -15 33 -15 34 -13 34 -12 33 -10 30 -9 26 -7 23 -6 19 -6 14 -6 10 -6 6 -7 3 -9 0 -10 0 0 0 0 0 0 0 0 0 0 0 0 0 0 0 0 0 0 0 0 0 0 -2 4 -4 4 -7 4 -9 4 -12 4 -15 4 -18 4 -21 2 -24 1 -26 0 -27 -2 -28 -4 -28 -5 -28 -6 -26 -7 -24 -6 -21 -5 -19 -4 -16 -1 -14 2 -12 4 -10 8 -8 11 -7 13 -6 15 -6 15 ]
2025-05-20 15:56:05,CSI_DATA,STA,D8:B1:90:DB:E8:90,-54,11,1,7,0,0,1,0,0,0,1,-94,0,2,0,2509154279,0,110,0,0,2509.51,256,[110 96 6 0 13 -3 9 -2 3 -2 -3 -1 -9 -1 -15 -1 -21 -1 -26 -2 -31 -2 -35 -3 -38 -4 -40 -5 -41 -5 -40 -6 -38 -6 -36 -5 -32 -5 -28 -4 -24 -2 -20 0 -15 2 -11 4 -8 7 -5 9 -2 11 0 0 0 0 0 0 0 0 0 0 0 0 0 0 0 0 0 0 0 0 0 0 7 -4 8 0 8 3 9 7 9 11 9 14 9 19 7 22 6 26 4 28 3 30 1 31 0 30 -1 29 -1 26 -1 23 1 20 3 16 5 12 8 8 11 4 14 2 16 -2 19 -3 20 -4 20 -4 ]
2025-05-20 15:56:08,CSI_DATA,STA,D8:B1:90:DB:E8:90,-55,11,1,7,0,0,1,0,0,0,1,-94,0,2,0,2512659529,0,110,0,0,2513.02,256,[110 96 6 0 12 11 9 8 5 3 2 -2 -1 -7 -3 -13 -6 -19 -8 -24 -9 -29 -10 -33 -10 -37 -9 -40 -9 -41 -7 -41 -6 -40 -5 -37 -4 -34 -4 -30 -4 -25 -5 -21 -6 -16 -8 -12 -10 -8 -12 -5 -14 -3 0 0 0 0 0 0 0 0 0 0 0 0 0 0 0 0 0 0 0 0 0 0 7 -1 7 3 6 6 4 9 2 13 0 16 -2 19 -6 22 -10 25 -13 25 -15 26 -17 26 -19 24 -19 23 -18 21 -16 19 -13 17 -9 15 -5 14 -1 14 4 13 8 14 12 13 15 14 16 15 17 15 ]
2025-05-20 15:56:09,CSI_DATA,STA,D8:B1:90:DB:E8:90,-54,11,1,7,0,0,1,0,0,0,1,-94,0,2,0,2513667659,0,110,0,0,2514.02,256,[110 96 6 0 -20 -8 -16 -6 -11 -4 -8 -1 -3 4 1 8 7 12 10 17 14 20 16 25 18 28 19 31 20 33 19 34 18 34 17 33 15 31 13 28 12 24 10 19 9 14 9 10 8 4 9 0 11 -3 0 0 0 0 0 0 0 0 0 0 0 0 0 0 0 0 0 0 0 0 0 0 -4 5 -5 2 -6 -2 -5 -6 -5 -10 -3 -14 -1 -19 0 -23 4 -26 7 -28 10 -30 13 -31 15 -31 15 -29 15 -27 14 -24 11 -21 8 -18 4 -16 0 -14 -5 -11 -10 -10 -15 -9 -18 -9 -21 -9 -23 -9 ]
2025-05-20 15:56:14,CSI_DATA,STA,D8:B1:90:DB:E8:90,-55,11,1,6,0,0,1,0,0,0,1,-94,0,2,0,2518675548,0,110,0,0,2519.03,256,[110 96 6 0 -18 22 -17 22 -17 22 -17 23 -17 22 -16 22 -16 22 -15 22 -14 22 -14 23 -13 22 -13 22 -13 22 -12 21 -12 21 -13 22 -13 21 -12 20 -12 20 -12 19 -12 18 -12 18 -12 18 -13 16 -13 16 0 0 0 0 0 0 0 0 0 0 0 0 0 0 0 0 0 0 0 0 0 0 -9 11 -10 10 -10 11 -10 11 -11 12 -12 12 -12 12 -12 12 -13 13 -14 13 -15 13 -16 13 -16 13 -16 14 -15 12 -15 12 -14 13 -15 13 -17 17 -17 18 -17 19 -17 19 -18 18 -17
2025-05-20 15:56:15,CSI_DATA,STA,D8:B1:90:DB:E8:90,-56,11,1,7,0,0,1,0,0,0,1,-94,0,2,0,2519175589,0,110,0,0,2519.53,256,[110 96 6 0 -1 -27 -1 -27 -1 -26 -2 -27 -2 -27 -2 -27 -3 -26 -4 -26 -4 -25 -4 -26 -5 -25 -5 -25 -6 -24 -5 -24 -5 -24 -5 -23 -4 -23 -4 -22 -4 -22 -3 -21 -3 -21 -3 -21 -2 -20 -1 -20 0 -20 0 0 0 0 0 0 0 0 0 0 0 0 0 0 0 0 0 0 0 0 0 0 -3 -13 -2 -14 -2 -15 -1 -15 -1 -15 0 -17 0 -16 1 -17 1 -18 1 -18 2 -19 3 -19 3 -20 3 -20 2 -21 2 -20 2 -21 2 -21 0 -23 0 -24 -1 -24 -1 -24 -1 -24 -1 -26 -1 -26 0 -2
2025-05-20 15:56:15,CSI_DATA,STA,D8:B1:90:DB:E8:90,-55,11,1,7,0,0,1,1,1,0,1,-94,0,2,0,2519681197,0,110,0,0,2520.04,384,[110 96 6 0 -19 -1 -15 -1 -8 -2 -2 -3 5 -2 11 -2 18 -2 24 0 28 0 33 0 36 1 38 2 39 3 39 3 38 4 35 4 31 4 26 2 22 1 17 -1 12 -4 7 -6 4 -9 0 -11 -2 -14 0 0 0 0 0 0 0 0 0 0 0 0 0 0 0 0 0 0 0 0 0 0 -9 2 -10 -2 -9 -6 -8 -9 -7 -13 -6 -17 -4 -20 -3 -24 0 -27 1 -29 3 -30 5 -31 6 -30 6 -29 5 -27 4 -24 2 -21 -2 -18 -5 -14 -9 -11 -12 -7 -16 -5 -19 -2 -22 -1 -24 0 -24 0 ]
2025-05-20 15:56:19,CSI_DATA,STA,D8:B1:90:DB:E8:90,-54,11,1,7,0,0,1,0,0,0,1,-94,0,2,0,2523187026,0,110,0,0,2523.54,256,[110 96 6 0 4 29 4 29 4 28 4 27 4 27 4 26 5 26 6 26 6 25 6 25 7 25 7 24 7 24 7 23 7 24 7 24 6 23 5 23 5 22 5 22 5 21 4 21 4 21 4 20 2 20 0 0 0 0 0 0 0 0 0 0 0 0 0 0 0 0 0 0 0 0 0 0 4 14 2 15 2 15 2 16 1 17 1 17 0 18 0 18 0 19 -1 20 -1 20 -1 21 -1 22 -1 22 0 23 -1 23 0 24 0 24 1 25 1 25 2 26 2 27 2 27 3 27 3 28 3 29 ]
2025-05-20 15:56:19,CSI_DATA,STA,D8:B1:90:DB:E8:90,-54,11,1,7,0,0,1,1,1,0,1,-94,0,2,0,2523687499,0,110,0,0,2524.04,384,[110 96 6 0 -19 -16 -15 -12 -11 -9 -6 -5 -1 1 4 6 9 12 13 16 17 21 21 24 23 28 25 30 26 33 27 33 26 33 24 31 22 28 19 24 17 20 14 15 11 10 9 4 7 0 6 -5 5 -10 0 0 0 0 0 0 0 0 0 0 0 0 0 0 0 0 0 0 0 0 0 0 -8 -4 -5 -6 -2 -8 2 -9 6 -11 11 -12 16 -13 20 -13 25 -13 29 -11 32 -11 34 -9 35 -7 33 -6 31 -5 27 -6 22 -5 17 -6 11 -7 6 -8 -1 -9 -7 -12 -12 -13 -16 -15 -19 -16 -21 -18 ]
2025-05-20 15:56:21,CSI_DATA,STA,D8:B1:90:DB:E8:90,-56,11,1,7,0,0,1,0,0,0,1,-94,0,2,0,2525185740,0,110,0,0,2525.54,256,[110 96 6 0 -18 -21 -19 -22 -20 -20 -19 -21 -18 -20 -17 -20 -18 -20 -19 -18 -19 -18 -19 -18 -19 -17 -19 -17 -19 -16 -19 -16 -19 -16 -18 -16 -18 -16 -17 -16 -17 -15 -16 -15 -15 -15 -15 -14 -14 -14 -13 -15 -12 -15 0 0 0 0 0 0 0 0 0 0 0 0 0 0 0 0 0 0 0 0 0 0 -11 -10 -12 -10 -11 -11 -11 -13 -10 -14 -11 -15 -10 -15 -11 -16 -11 -16 -12 -17 -11 -18 -13 -18 -12 -19 -12 -18 -10 -20 -13 -20 -12 -19 -1
2025-05-20 15:56:23,CSI_DATA,STA,D8:B1:90:DB:E8:90,-56,11,1,7,0,0,1,0,0,0,1,-94,0,2,0,2527687323,0,110,0,0,2528.04,256,[110 96 6 0 -15 22 -15 23 -14 22 -14 22 -13 22 -13 22 -12 22 -12 22 -11 22 -11 22 -10 22 -11 21 -11 21 -11 21 -11 21 -10 21 -10 20 -11 19 -10 19 -10 18 -10 18 -10 17 -10 16 -11 16 -12 15 0 0 0 0 0 0 0 0 0 0 0 0 0 0 0 0 0 0 0 0 0 0 -6 12 -7 12 -7 12 -7 12 -8 12 -9 13 -10 13 -11 13 -12 14 -12 14 -13 14 -14 15 -14 15 -14 14 -15 15 -15 15 -15 16 -15 16 -11 15 -11 15 -11 16 -11 16 -15 20 -15 21 -
2025-05-20 15:56:27,CSI_DATA,STA,D8:B1:90:DB:E8:90,-54,11,1,7,0,0,1,0,0,0,1,-94,0,2,0,2531201714,0,110,0,0,2531.56,256,[110 96 6 0 13 -27 13 -27 13 -27 12 -26 12 -26 12 -26 11 -26 9 -26 9 -25 9 -26 8 -25 8 -25 8 -25 7 -25 7 -24 8 -25 8 -24 8 -23 8 -22 7 -21 7 -21 7 -20 8 -20 8 -19 9 -18 0 0 0 0 0 0 0 0 0 0 0 0 0 0 0 0 0 0 0 0 0 0 4 -16 6 -16 6 -16 7 -16 7 -16 8 -16 9 -17 10 -18 10 -18 11 -18 13 -18 13 -19 14 -19 14 -20 13 -20 13 -21 13 -21 13 -22 13 -22 13 -22 12 -23 13 -24 13 -24 13 -25 13 -26 14 -27 ]
2025-05-20 15:56:27,CSI_DATA,STA,D8:B1:90:DB:E8:90,-54,11,1,7,0,0,1,1,1,0,1,-94,0,2,0,2531703498,0,110,0,0,2532.06,384,[110 96 6 0 -20 5 -15 4 -11 3 -5 3 1 3 7 4 13 5 19 6 25 6 29 7 33 8 36 9 37 10 38 11 37 11 35 11 33 10 29 9 24 7 21 5 17 1 12 -1 9 -4 7 -7 5 -10 0 0 0 0 0 0 0 0 0 0 0 0 0 0 0 0 0 0 0 0 0 0 -5 6 -6 4 -8 0 -8 -4 -9 -8 -10 -13 -9 -18 -8 -23 -7 -27 -4 -31 -2 -33 1 -35 3 -34 3 -33 4 -31 4 -28 2 -24 1 -20 -2 -15 -5 -11 -9 -7 -13 -3 -16 0 -19 2 -22 3 -24 3 ]
2025-05-20 15:56:29,CSI_DATA,STA,D8:B1:90:DB:E8:90,-55,11,1,7,0,0,1,0,0,0,1,-94,0,2,0,2533209796,0,110,0,0,2533.57,256,[110 96 6 0 23 6 23 5 23 5 24 5 23 4 23 4 23 3 21 3 21 3 21 2 21 1 22 1 21 2 21 2 21 1 21 1 20 1 20 2 19 2 19 2 18 2 18 2 17 2 17 3 16 4 0 0 0 0 0 0 0 0 0 0 0 0 0 0 0 0 0 0 0 0 0 0 13 0 13 1 13 2 14 3 14 4 15 4 15 3 16 4 16 4 17 5 18 5 18 6 18 6 19 7 19 7 20 7 19 6 20 7 20 7 20 7 21 6 22 6 21 6 22 5 23 6 23 6 ]
2025-05-20 15:56:29,CSI_DATA,STA,D8:B1:90:DB:E8:90,-54,11,1,7,0,0,1,1,1,0,1,-94,0,2,0,2533710201,0,110,0,0,2534.07,384,[110 96 6 0 -16 10 -13 7 -8 5 -3 2 3 -1 9 -4 16 -7 21 -9 26 -11 30 -12 34 -13 36 -15 38 -14 39 -15 38 -14 36 -13 33 -12 29 -11 24 -11 20 -10 15 -10 9 -10 5 -10 1 -11 -3 -12 0 0 0 0 0 0 0 0 0 0 0 0 0 0 0 0 0 0 0 0 0 0 -4 7 -7 4 -9 1 -11 -3 -13 -7 -14 -11 -15 -17 -15 -21 -15 -26 -14 -31 -12 -34 -11 -35 -9 -35 -8 -35 -6 -32 -7 -30 -6 -25 -6 -20 -8 -14 -9 -9 -12 -4 -14 1 -16 5 -18 9 -19 11 -21 1
2025-05-20 15:56:31,CSI_DATA,STA,D8:B1:90:DB:E8:90,-55,11,1,7,0,0,1,0,0,0,1,-94,0,2,0,2535218686,0,110,0,0,2535.58,256,[110 96 6 0 21 18 21 17 20 17 21 16 21 16 21 16 21 15 21 15 20 14 21 14 20 14 20 13 20 13 20 13 20 13 20 13 19 12 19 13 18 12 17 13 16 12 16 12 15 12 14 13 14 14 0 0 0 0 0 0 0 0 0 0 0 0 0 0 0 0 0 0 0 0 0 0 13 7 13 8 13 9 13 9 13 10 14 10 14 12 13 12 14 13 14 14 14 15 14 16 14 16 14 16 15 16 15 16 15 15 17 16 16 17 17 17 17 16 17 18 19 17 21 17 21 17 21 17 ]
2025-05-20 15:56:32,CSI_DATA,STA,D8:B1:90:DB:E8:90,-54,11,1,7,0,0,1,1,1,0,1,-94,0,2,0,2536223549,0,110,0,0,2536.58,384,[110 96 6 0 14 -13 11 -10 7 -7 2 -4 -4 0 -9 3 -15 7 -20 9 -25 12 -29 14 -33 16 -35 17 -38 18 -38 17 -37 17 -36 15 -33 14 -30 13 -25 12 -20 10 -15 10 -9 9 -4 9 0 9 4 10 0 0 0 0 0 0 0 0 0 0 0 0 0 0 0 0 0 0 0 0 0 0 2 -8 5 -6 7 -3 9 0 12 4 14 9 15 14 16 18 16 23 16 27 15 30 13 32 12 32 10 31 10 29 8 26 8 23 8 17 9 12 10 7 11 1 13 -4 14 -9 16 -12 17 -15 18 -16 ]
2025-05-20 15:56:33,CSI_DATA,STA,D8:B1:90:DB:E8:90,-56,11,1,5,0,0,1,0,0,0,1,-93,0,2,0,2537727219,0,110,0,0,2538.08,256,[110 96 6 0 -17 6 -14 5 -9 4 -4 3 2 1 7 0 14 -1 19 -2 25 -3 29 -4 33 -4 35 -4 37 -4 38 -4 37 -4 36 -3 33 -2 29 -2 24 -2 20 -3 14 -4 10 -4 5 -6 1 -7 -3 -9 0 0 0 0 0 0 0 0 0 0 0 0 0 0 0 0 0 0 0 0 0 0 -7 4 -8 0 -8 -3 -8 -7 -7 -11 -7 -15 -5 -19 -3 -24 -2 -27 1 -30 3 -32 5 -32 6 -32 6 -30 7 -28 6 -26 4 -22 1 -18 -2 -15 -5 -10 -7 -7 -11 -2 -14 1 -17 4 -19 6 -20 7 ]
2025-05-20 15:56:36,CSI_DATA,STA,D8:B1:90:DB:E8:90,-54,11,1,7,0,0,1,0,0,0,1,-94,0,2,0,2540733612,0,110,0,0,2541.09,256,[110 96 6 0 -30 -4 -30 -3 -29 -3 -28 -4 -28 -3 -28 -3 -28 -2 -27 -2 -26 -1 -26 -1 -26 -1 -26 -1 -26 -1 -26 0 -26 0 -25 -1 -24 -1 -23 -1 -23 -2 -23 -2 -22 -2 -22 -2 -22 -3 -22 -3 -22 -4 0 0 0 0 0 0 0 0 0 0 0 0 0 0 0 0 0 0 0 0 0 0 -17 0 -17 -1 -18 -3 -18 -3 -18 -4 -19 -3 -19 -3 -20 -4 -20 -5 -21 -6 -22 -5 -22 -6 -23 -7 -23 -6 -23 -6 -24 -6 -24 -5 -25 -5 -25 -5 -25 -4 -26 -4 -27 -4 -29 -4 -29 -
2025-05-20 15:56:37,CSI_DATA,STA,D8:B1:90:DB:E8:90,-54,11,1,7,0,0,1,0,0,0,1,-94,0,2,0,2541733722,0,110,0,0,2542.09,256,[110 96 6 0 11 -28 11 -28 11 -27 10 -26 10 -26 10 -26 9 -26 9 -26 8 -26 8 -26 7 -26 6 -26 6 -26 6 -26 7 -25 7 -24 7 -24 7 -23 7 -23 7 -22 7 -21 8 -21 8 -20 9 -20 10 -19 0 0 0 0 0 0 0 0 0 0 0 0 0 0 0 0 0 0 0 0 0 0 5 -15 7 -15 6 -16 6 -16 7 -16 8 -16 8 -17 10 -17 10 -18 11 -18 11 -19 11 -20 12 -20 12 -20 12 -21 13 -21 12 -21 13 -22 11 -23 11 -23 11 -24 11 -25 11 -25 11 -26 11 -26 11 -26 ]
2025-05-20 15:56:38,CSI_DATA,STA,D8:B1:90:DB:E8:90,-55,11,1,7,0,0,1,0,0,0,1,-94,0,2,0,2542235177,0,110,0,0,2542.59,256,[110 96 6 0 23 15 22 14 22 14 22 13 22 14 22 13 22 12 22 12 22 11 23 10 22 10 22 10 22 9 22 9 22 9 21 9 20 9 20 10 19 10 19 10 18 10 18 10 17 10 17 11 16 11 0 0 0 0 0 0 0 0 0 0 0 0 0 0 0 0 0 0 0 0 0 0 13 4 13 5 13 6 13 6 13 7 14 7 15 9 15 10 15 10 16 11 15 12 15 13 15 13 15 14 16 14 16 14 17 14 17 14 18 14 19 14 19 14 20 14 20 13 21 14 21 14 22 14 ]
2025-05-20 15:56:39,CSI_DATA,STA,D8:B1:90:DB:E8:90,-54,11,1,7,0,0,1,0,0,0,0,-94,0,2,0,2543742707,0,110,0,0,2544.1,256,[110 96 6 0 -16 0 -13 1 -8 2 -4 4 1 7 6 9 10 12 15 15 19 18 22 20 24 23 25 25 26 27 26 28 24 28 23 28 20 25 17 22 15 19 13 15 11 11 9 6 8 2 8 -2 9 -6 0 0 0 0 0 0 0 0 0 0 0 0 0 0 0 0 0 0 0 0 0 0 -4 3 -6 0 -7 -3 -8 -6 -8 -10 -9 -14 -9 -18 -8 -23 -6 -27 -5 -30 -3 -32 0 -33 2 -33 3 -32 3 -31 3 -29 2 -25 0 -22 -2 -18 -5 -15 -8 -12 -11 -9 -14 -6 -16 -4 -19 -3 -20 -2 ]
2025-05-20 15:56:40,CSI_DATA,STA,D8:B1:90:DB:E8:90,-54,11,1,6,0,0,1,0,0,0,1,-94,0,2,0,2544242801,0,110,0,0,2544.6,256,[110 96 6 0 -2 -13 -4 -11 -6 -7 -9 -4 -12 0 -15 3 -19 7 -23 9 -25 12 -29 13 -32 15 -34 15 -36 15 -35 14 -37 13 -34 11 -33 10 -30 7 -26 7 -23 6 -19 6 -15 6 -11 7 -8 8 -5 9 0 0 0 0 0 0 0 0 0 0 0 0 0 0 0 0 0 0 0 0 0 0 -3 -5 0 -7 2 -8 5 -10 7 -11 11 -14 14 -14 18 -15 22 -15 25 -15 28 -14 30 -12 32 -10 32 -9 32 -8 29 -5 28 -6 24 -5 22 -7 18 -8 14 -10 11 -12 9 -13 6 -14 4 -16 3 -17 ]
2025-05-20 15:56:43,CSI_DATA,STA,D8:B1:90:DB:E8:90,-54,11,1,6,0,0,1,0,0,0,1,-94,0,2,0,2547258074,0,110,0,0,2547.61,256,[110 96 6 0 -6 11 -3 8 0 6 4 3 8 0 13 -3 17 -5 21 -7 25 -8 28 -9 31 -10 33 -10 34 -10 35 -9 34 -8 33 -7 30 -5 27 -4 23 -4 19 -4 14 -4 10 -5 5 -5 2 -6 -1 -8 0 0 0 0 0 0 0 0 0 0 0 0 0 0 0 0 0 0 0 0 0 0 -2 5 -4 5 -8 3 -11 2 -14 0 -17 -2 -20 -4 -23 -8 -25 -10 -26 -13 -26 -16 -26 -18 -26 -19 -25 -20 -22 -19 -20 -17 -18 -15 -18 -12 -16 -9 -14 -5 -13 0 -12 3 -12 7 -11 9 -11 11 -11 12 ]
2025-05-20 15:56:47,CSI_DATA,STA,D8:B1:90:DB:E8:90,-57,11,1,7,0,0,1,0,0,0,0,-94,0,2,0,2551280745,0,110,0,0,2551.64,256,[110 96 6 0 11 -23 11 -24 11 -23 11 -23 10 -23 10 -23 9 -22 9 -23 8 -22 8 -23 7 -23 7 -22 7 -22 8 -22 8 -22 8 -21 8 -21 7 -20 7 -20 7 -19 7 -19 7 -18 7 -18 8 -18 9 -17 0 0 0 0 0 0 0 0 0 0 0 0 0 0 0 0 0 0 0 0 0 0 3 -14 4 -14 5 -14 6 -14 6 -14 7 -14 7 -15 8 -16 9 -16 9 -16 10 -17 10 -17 10 -17 11 -17 11 -17 11 -18 11 -18 11 -19 10 -19 10 -19 10 -20 10 -21 11 -22 11 -22 11 -23 12 -23 ]
2025-05-20 15:56:52,CSI_DATA,STA,D8:B1:90:DB:E8:90,-57,11,1,6,0,0,1,0,0,0,1,-94,0,2,0,2556792900,0,110,0,0,2557.15,256,[110 96 6 0 -15 -21 -15 -21 -15 -21 -16 -20 -16 -20 -16 -20 -16 -19 -16 -18 -16 -18 -16 -17 -17 -17 -17 -17 -17 -16 -17 -16 -17 -16 -17 -16 -16 -16 -16 -15 -15 -15 -15 -15 -14 -14 -14 -14 -13 -14 -13 -15 -12 -16 0 0 0 0 0 0 0 0 0 0 0 0 0 0 0 0 0 0 0 0 0 0 -11 -8 -11 -9 -10 -11 -10 -11 -10 -12 -10 -12 -10 -13 -10 -14 -10 -15 -10 -16 -10 -16 -10 -17 -10 -18 -10 -18 -11 -18 -11 -18 -12 -18 -12
2025-05-20 15:56:53,CSI_DATA,STA,D8:B1:90:DB:E8:90,-54,11,1,7,0,0,1,0,0,0,1,-94,0,2,0,2557294372,0,110,0,0,2557.65,256,[110 96 6 0 13 2 11 0 8 -3 5 -6 2 -10 -1 -14 -4 -18 -5 -23 -7 -26 -9 -29 -9 -32 -9 -36 -10 -37 -8 -37 -8 -37 -6 -36 -6 -33 -4 -30 -3 -26 -4 -22 -4 -17 -4 -13 -5 -9 -7 -5 -10 -2 0 0 0 0 0 0 0 0 0 0 0 0 0 0 0 0 0 0 0 0 0 0 5 -2 6 1 6 4 6 8 6 11 6 15 5 19 3 23 1 26 -2 28 -4 30 -6 30 -9 30 -10 29 -10 28 -9 25 -8 22 -5 20 -3 17 0 15 4 12 8 11 10 9 12 8 15 8 16 7 ]
2025-05-20 15:56:54,CSI_DATA,STA,D8:B1:90:DB:E8:90,-55,11,1,5,0,0,1,0,0,0,1,-94,0,2,0,2558295833,0,110,0,0,2558.65,256,[110 96 6 0 26 5 26 4 26 4 25 3 25 3 25 2 24 2 25 1 25 0 24 1 24 0 24 -1 23 -1 23 -1 23 -2 23 -1 23 -1 22 -1 22 -1 21 0 21 0 20 0 20 1 19 2 19 3 0 0 0 0 0 0 0 0 0 0 0 0 0 0 0 0 0 0 0 0 0 0 13 -2 13 -1 14 0 14 1 15 1 16 2 16 2 17 2 18 3 18 4 19 4 19 5 19 5 20 5 19 6 19 6 19 6 20 6 21 6 21 5 22 5 23 5 24 5 25 6 25 5 25 4 ]
2025-05-20 15:56:54,CSI_DATA,STA,D8:B1:90:DB:E8:90,-54,11,1,7,0,0,1,0,0,0,1,-94,0,2,0,2558795375,0,110,0,0,2559.15,256,[110 96 6 0 10 -11 7 -11 3 -11 -1 -11 -6 -11 -10 -12 -15 -12 -20 -14 -23 -15 -27 -16 -30 -17 -32 -19 -33 -20 -33 -20 -32 -21 -30 -22 -27 -21 -24 -20 -21 -17 -18 -15 -15 -12 -12 -8 -10 -4 -9 0 -8 4 0 0 0 0 0 0 0 0 0 0 0 0 0 0 0 0 0 0 0 0 0 0 1 -5 4 -4 6 -3 9 -1 13 1 16 4 18 7 20 10 22 14 22 17 22 21 21 23 20 24 18 24 17 24 14 22 13 19 12 16 12 12 11 8 11 4 12 -1 13 -4 14 -7 14 -9 16 -10 ]
2025-05-20 15:56:55,CSI_DATA,STA,D8:B1:90:DB:E8:90,-54,11,1,7,0,0,1,0,0,0,1,-94,0,2,0,2559796955,0,110,0,0,2560.15,256,[110 96 6 0 10 -15 7 -13 3 -12 -2 -10 -8 -8 -13 -7 -19 -6 -24 -5 -28 -5 -33 -5 -36 -4 -39 -5 -41 -5 -41 -6 -41 -7 -39 -8 -36 -9 -32 -8 -28 -7 -23 -6 -19 -5 -14 -2 -9 1 -5 4 -2 8 0 0 0 0 0 0 0 0 0 0 0 0 0 0 0 0 0 0 0 0 0 0 1 -6 4 -5 7 -4 10 -1 13 2 17 5 19 8 22 12 23 16 23 19 23 23 22 25 20 26 19 26 17 25 15 23 13 20 12 16 11 11 11 6 11 1 11 -4 12 -8 12 -11 13 -14 14 -15 ]
2025-05-20 15:56:56,CSI_DATA,STA,D8:B1:90:DB:E8:90,-54,11,1,7,0,0,1,0,0,0,1,-94,0,2,0,2560818828,0,110,0,0,2561.18,256,[110 96 6 0 -10 12 -7 11 -3 10 1 10 6 10 11 10 16 9 20 11 25 10 28 11 32 12 34 14 35 15 34 17 34 17 32 17 29 17 26 16 22 14 19 12 15 9 12 5 9 2 6 -3 5 -6 0 0 0 0 0 0 0 0 0 0 0 0 0 0 0 0 0 0 0 0 0 0 -2 4 -4 3 -8 2 -11 0 -13 -2 -17 -4 -19 -8 -22 -11 -24 -15 -25 -18 -24 -22 -24 -24 -22 -25 -20 -25 -18 -25 -16 -23 -14 -21 -13 -17 -13 -13 -12 -9 -12 -5 -12 -1 -12 3 -13 6 -14 9 -14 10 ]
2025-05-20 15:56:57,CSI_DATA,STA,D8:B1:90:DB:E8:90,-55,11,1,7,0,0,1,0,0,0,1,-94,0,2,0,2561309861,0,110,0,0,2561.67,256,[110 96 6 0 23 -12 23 -13 23 -12 23 -12 23 -13 22 -13 22 -13 20 -13 20 -13 20 -14 19 -15 19 -15 19 -15 19 -15 19 -15 19 -15 19 -14 18 -14 18 -13 17 -14 17 -14 17 -13 18 -12 18 -12 18 -11 0 0 0 0 0 0 0 0 0 0 0 0 0 0 0 0 0 0 0 0 0 0 10 -9 11 -8 12 -8 13 -8 13 -8 14 -8 15 -8 16 -8 16 -8 17 -8 18 -8 18 -8 18 -8 18 -8 19 -9 20 -9 20 -10 21 -11 20 -11 20 -11 20 -12 20 -12 22 -13 23 -13 23 -13 23 -
2025-05-20 15:56:58,CSI_DATA,STA,D8:B1:90:DB:E8:90,-55,11,1,7,0,0,1,1,1,0,1,-93,0,2,0,2562818268,0,110,0,0,2563.18,384,[110 96 6 0 -18 2 -15 3 -12 5 -8 6 -3 10 0 13 5 16 8 20 10 23 12 27 14 30 14 33 15 34 14 35 13 35 12 35 10 32 8 30 6 26 5 22 5 16 4 11 5 7 7 3 9 -1 0 0 0 0 0 0 0 0 0 0 0 0 0 0 0 0 0 0 0 0 0 0 -4 3 -6 1 -7 -2 -9 -6 -10 -9 -11 -13 -11 -17 -11 -21 -10 -25 -8 -28 -5 -31 -3 -32 -1 -32 0 -32 1 -30 1 -27 1 -24 -1 -20 -2 -17 -5 -14 -8 -10 -11 -7 -14 -5 -17 -3 -19 -2 -19 -1 ]
2025-05-20 15:56:59,CSI_DATA,STA,D8:B1:90:DB:E8:90,-56,11,1,7,0,0,1,0,0,0,1,-93,0,2,0,2563319350,0,110,0,0,2563.68,256,[110 96 6 0 -27 -8 -27 -7 -26 -7 -26 -7 -26 -6 -26 -5 -25 -5 -26 -4 -25 -4 -25 -4 -26 -3 -25 -4 -25 -3 -25 -3 -25 -3 -24 -3 -24 -4 -23 -3 -23 -4 -23 -3 -23 -4 -22 -4 -22 -4 -21 -5 -21 -6 0 0 0 0 0 0 0 0 0 0 0 0 0 0 0 0 0 0 0 0 0 0 -14 0 -15 -1 -14 -3 -16 -3 -16 -4 -17 -4 -18 -5 -18 -5 -19 -6 -19 -6 -19 -8 -19 -8 -19 -9 -20 -8 -20 -9 -21 -9 -22 -8 -22 -8 -23 -8 -24 -7 -25 -6 -25 -7 -25 -6 -26
2025-05-20 15:57:00,CSI_DATA,STA,D8:B1:90:DB:E8:90,-54,11,1,7,0,0,1,1,1,0,1,-95,0,2,0,2564826333,0,110,0,0,2565.18,384,[110 96 6 0 -16 5 -13 5 -8 4 -3 4 3 4 9 4 15 4 21 4 26 4 30 4 34 5 37 5 39 6 39 7 38 7 37 7 34 7 30 7 26 6 21 5 16 3 11 0 5 -2 1 -5 -3 -8 0 0 0 0 0 0 0 0 0 0 0 0 0 0 0 0 0 0 0 0 0 0 -8 1 -9 -2 -8 -5 -8 -9 -7 -12 -6 -17 -5 -21 -3 -25 -1 -29 1 -32 4 -33 6 -34 7 -34 7 -33 7 -31 6 -28 5 -24 3 -21 0 -17 -3 -13 -6 -9 -10 -5 -13 -2 -16 1 -18 3 -20 4 ]
2025-05-20 15:57:05,CSI_DATA,STA,D8:B1:90:DB:E8:90,-53,11,1,7,0,0,1,0,0,0,1,-95,0,2,0,2569341961,0,110,0,0,2569.7,256,[110 96 6 0 -1 -29 -1 -29 -1 -28 -1 -27 -2 -27 -2 -27 -2 -26 -3 -26 -4 -26 -4 -26 -5 -25 -4 -26 -4 -25 -4 -25 -4 -24 -4 -25 -4 -25 -3 -23 -3 -23 -3 -22 -2 -22 -2 -21 -2 -21 -2 -21 0 -21 0 0 0 0 0 0 0 0 0 0 0 0 0 0 0 0 0 0 0 0 0 0 -4 -15 -3 -16 -2 -16 -1 -17 -1 -18 -1 -18 0 -19 0 -20 1 -20 1 -21 1 -21 2 -21 2 -22 2 -22 2 -23 2 -24 1 -24 2 -25 1 -24 0 -25 -1 -25 0 -26 0 -27 0 -27 0 -27 0 -28 ]
2025-05-20 15:57:05,CSI_DATA,STA,D8:B1:90:DB:E8:90,-53,11,1,7,0,0,1,1,1,0,1,-95,0,2,0,2569842882,0,110,0,0,2570.2,384,[110 96 6 0 16 -6 12 -6 9 -5 4 -6 -2 -6 -8 -6 -13 -7 -19 -7 -24 -8 -28 -9 -32 -11 -35 -11 -37 -12 -37 -13 -36 -14 -34 -14 -31 -13 -28 -12 -23 -10 -19 -8 -15 -5 -11 -2 -7 1 -4 5 -2 9 0 0 0 0 0 0 0 0 0 0 0 0 0 0 0 0 0 0 0 0 0 0 3 -4 4 -2 5 1 6 4 6 8 6 12 6 16 5 21 5 25 2 28 0 30 -2 31 -4 32 -5 30 -5 29 -5 26 -4 23 -3 19 0 15 3 11 6 7 10 3 12 0 15 -2 18 -4 19 -5 ]
2025-05-20 15:57:07,CSI_DATA,STA,D8:B1:90:DB:E8:90,-62,11,1,7,0,0,1,0,0,0,1,-95,0,2,0,2571359262,0,110,0,0,2571.72,256,[110 96 6 0 -9 16 -8 16 -7 17 -14 3 -13 4 -12 4 -12 5 -16 10 -16 10 -15 11 -13 12 12 14 13 14 14 12 14 11 15 11 16 9 16 8 17 6 17 6 17 5 17 4 17 3 17 3 18 3 0 0 0 0 0 0 0 0 0 0 0 0 0 0 0 0 0 0 0 0 0 0 -9 -20 -8 -20 -2 0 -2 -1 -2 -1 -2 -1 5 9 6 9 7 9 6 9 19 23 19 23 20 22 22 21 -1 23 0 23 1 24 2 23 -8 19 -7 20 -7 21 -6 21 -10 15 -10 16 -10 17 -11 17 ]
2025-05-20 15:57:08,CSI_DATA,STA,D8:B1:90:DB:E8:90,-55,11,1,7,0,0,1,1,1,0,1,-93,0,2,0,2572355940,0,110,0,0,2572.71,384,[110 96 6 0 -2 22 -1 18 0 14 2 8 5 3 7 -3 10 -9 13 -15 16 -20 18 -24 20 -29 23 -31 24 -32 26 -33 26 -32 26 -31 25 -28 22 -24 19 -21 15 -17 10 -13 5 -10 0 -7 -5 -5 -9 -4 0 0 0 0 0 0 0 0 0 0 0 0 0 0 0 0 0 0 0 0 0 0 3 5 0 5 -3 4 -7 3 -11 1 -15 -1 -19 -4 -22 -7 -26 -11 -29 -14 -29 -18 -29 -20 -29 -22 -27 -22 -25 -21 -23 -20 -20 -17 -17 -13 -14 -8 -12 -3 -9 2 -7 7 -6 13 -4 17 -4 21 -4 23 ]
2025-05-20 15:57:08,CSI_DATA,STA,D8:B1:90:DB:E8:90,-55,11,1,7,0,0,1,1,1,0,1,-93,0,2,0,2572860845,0,110,0,0,2573.22,384,[110 96 6 0 -21 1 -18 2 -14 2 -9 3 -3 5 3 5 8 7 14 9 19 10 24 12 27 14 30 16 32 17 33 18 32 18 31 19 27 18 24 16 21 13 16 11 12 8 9 4 5 -1 3 -5 1 -9 0 0 0 0 0 0 0 0 0 0 0 0 0 0 0 0 0 0 0 0 0 0 -6 4 -6 1 -6 -2 -6 -5 -5 -9 -3 -13 -2 -18 0 -21 3 -25 5 -28 9 -29 11 -30 12 -29 13 -28 13 -26 12 -24 9 -21 7 -18 4 -14 -1 -11 -5 -8 -10 -5 -14 -3 -17 -1 -21 -1 -23 1 ]
2025-05-20 15:57:09,CSI_DATA,STA,D8:B1:90:DB:E8:90,-54,11,1,7,0,0,1,0,0,0,0,-94,0,2,0,2573358403,0,110,0,0,2573.72,256,[110 96 6 0 12 -19 9 -16 6 -13 1 -9 -5 -5 -11 -2 -16 2 -22 5 -27 7 -33 9 -38 11 -41 11 -43 12 -45 11 -45 10 -43 8 -40 7 -36 5 -30 4 -25 3 -18 4 -12 4 -6 5 -1 7 3 9 0 0 0 0 0 0 0 0 0 0 0 0 0 0 0 0 0 0 0 0 0 0 -2 -7 2 -6 5 -4 9 -2 11 1 15 5 18 9 21 13 23 18 24 22 23 27 23 29 21 31 20 31 19 29 17 27 15 23 14 18 13 13 13 7 12 1 12 -5 13 -9 14 -13 15 -17 16 -19 ]
2025-05-20 15:57:09,CSI_DATA,STA,D8:B1:90:DB:E8:90,-54,11,1,6,0,0,1,0,0,0,1,-94,0,2,0,2573856284,0,110,0,0,2574.21,256,[110 96 6 0 10 -17 8 -14 4 -10 0 -6 -5 -1 -10 4 -15 9 -20 14 -24 17 -29 20 -32 24 -35 26 -37 27 -37 26 -37 25 -36 24 -33 21 -30 18 -25 15 -20 12 -14 9 -8 7 -2 5 3 4 9 3 0 0 0 0 0 0 0 0 0 0 0 0 0 0 0 0 0 0 0 0 0 0 4 -7 6 -4 8 -1 9 3 12 7 13 11 14 17 15 21 15 25 14 29 13 33 12 35 11 36 11 35 10 33 8 29 8 25 8 21 8 15 8 9 9 3 9 -3 10 -8 11 -13 12 -16 13 -18 ]
2025-05-20 15:57:10,CSI_DATA,STA,D8:B1:90:DB:E8:90,-54,11,1,7,0,0,1,0,0,0,1,-94,0,2,0,2574356281,0,110,0,0,2574.71,256,[110 96 6 0 -6 -32 -6 -31 -6 -30 -5 -31 -6 -30 -6 -30 -6 -29 -7 -29 -8 -28 -8 -28 -9 -28 -8 -27 -8 -28 -8 -27 -8 -27 -8 -26 -7 -26 -7 -25 -6 -25 -6 -24 -6 -24 -5 -23 -4 -24 -4 -23 -2 -23 0 0 0 0 0 0 0 0 0 0 0 0 0 0 0 0 0 0 0 0 0 0 -5 -16 -4 -17 -4 -18 -3 -18 -3 -19 -2 -20 -3 -21 -2 -22 -2 -23 -2 -23 -1 -23 -1 -24 -2 -24 -2 -25 -1 -26 -1 -26 -1 -26 -1 -27 -3 -27 -3 -28 -4 -29 -5 -29 -4 -30 -5
2025-05-20 15:57:12,CSI_DATA,STA,D8:B1:90:DB:E8:90,-54,11,1,7,0,0,1,0,0,0,1,-94,0,2,0,2576375332,0,110,0,0,2576.73,256,[110 96 6 0 -29 2 -29 3 -28 3 -28 3 -27 3 -27 4 -26 4 -27 4 -26 5 -26 5 -26 5 -26 5 -25 6 -25 6 -25 5 -26 6 -25 5 -24 5 -23 4 -23 4 -22 3 -22 3 -22 3 -22 2 -22 1 0 0 0 0 0 0 0 0 0 0 0 0 0 0 0 0 0 0 0 0 0 0 -14 4 -15 3 -16 2 -16 1 -17 1 -17 1 -18 1 -19 1 -20 0 -21 0 -22 0 -23 0 -23 -1 -23 -1 -23 -1 -25 0 -24 0 -26 -1 -25 0 -25 0 -25 1 -26 1 -27 2 -28 2 -28 2 -28 2 ]
2025-05-20 15:57:14,CSI_DATA,STA,D8:B1:90:DB:E8:90,-54,11,1,7,0,0,1,0,0,0,1,-94,0,2,0,2578375271,0,110,0,0,2578.73,256,[110 96 6 0 -1 28 0 28 0 27 1 26 2 26 2 26 3 26 2 26 3 25 3 25 4 25 3 25 3 25 4 25 3 25 4 24 4 23 4 23 3 22 3 22 2 21 2 21 1 21 1 21 -1 20 0 0 0 0 0 0 0 0 0 0 0 0 0 0 0 0 0 0 0 0 0 0 2 14 2 15 1 15 0 16 0 16 0 17 -1 17 -1 18 -1 19 -2 19 -2 20 -3 21 -3 21 -4 21 -2 22 -3 22 -2 23 -2 23 -2 24 -2 24 -2 24 -2 26 -1 26 -1 27 -1 27 -1 27 ]
2025-05-20 15:57:17,CSI_DATA,STA,D8:B1:90:DB:E8:90,-53,11,1,7,0,0,1,0,0,0,1,-95,0,2,0,2581393725,0,110,0,0,2581.75,256,[110 96 6 0 16 7 13 5 9 3 4 1 -1 -2 -6 -5 -12 -8 -17 -11 -22 -14 -25 -16 -29 -18 -32 -20 -33 -22 -33 -22 -32 -23 -30 -23 -27 -21 -24 -19 -20 -16 -16 -13 -12 -8 -9 -4 -6 1 -3 5 -2 9 0 0 0 0 0 0 0 0 0 0 0 0 0 0 0 0 0 0 0 0 0 0 8 2 6 4 3 7 1 9 -2 12 -5 14 -9 17 -12 18 -17 20 -20 21 -22 21 -24 21 -26 20 -25 20 -24 18 -22 16 -18 15 -14 14 -10 12 -5 12 0 10 6 10 10 9 14 8 17 8 19 8 ]
2025-05-20 15:57:19,CSI_DATA,STA,D8:B1:90:DB:E8:90,-55,11,1,5,0,0,1,0,0,0,0,-93,0,2,0,2583404510,0,110,0,0,2583.76,256,[110 96 6 0 1 21 1 18 2 12 3 8 4 2 6 -4 8 -10 9 -16 11 -22 13 -26 15 -30 17 -33 18 -35 19 -35 20 -34 20 -33 19 -30 17 -26 15 -22 12 -18 8 -14 4 -10 0 -7 -5 -5 -9 -3 0 0 0 0 0 0 0 0 0 0 0 0 0 0 0 0 0 0 0 0 0 0 4 4 1 4 -2 4 -7 4 -10 3 -14 2 -19 0 -23 -2 -26 -4 -29 -7 -31 -10 -31 -12 -32 -14 -30 -15 -29 -14 -26 -13 -23 -11 -20 -9 -16 -4 -12 0 -9 4 -6 9 -4 13 -1 17 0 20 0 23 ]
2025-05-20 15:57:20,CSI_DATA,STA,D8:B1:90:DB:E8:90,-53,11,1,7,0,0,1,1,0,0,1,-95,0,2,0,2584409462,0,110,0,0,2584.77,256,[110 96 6 0 -1 -29 -1 -29 0 -28 0 -28 -1 -28 -1 -28 -2 -27 -3 -26 -3 -26 -3 -26 -4 -26 -4 -26 -5 -25 -4 -25 -4 -25 -4 -25 -3 -24 -4 -24 -3 -23 -2 -23 -2 -23 -1 -22 -1 -22 0 -21 1 -21 0 0 0 0 0 0 0 0 0 0 0 0 0 0 0 0 0 0 0 0 0 0 -3 -14 -2 -15 -2 -16 -1 -17 -1 -18 -1 -18 0 -18 1 -19 2 -20 1 -21 2 -21 3 -22 3 -22 3 -23 3 -23 3 -23 2 -24 2 -24 2 -25 1 -25 1 -26 2 -27 0 -26 0 -27 0 -28 0 -28 ]
2025-05-20 15:57:23,CSI_DATA,STA,D8:B1:90:DB:E8:90,-55,11,1,5,0,0,1,0,0,0,0,-93,0,2,0,2587430523,0,110,0,0,2587.79,256,[110 96 6 0 13 -17 10 -14 7 -12 2 -9 -3 -7 -8 -4 -14 -2 -20 1 -26 1 -31 1 -35 2 -38 2 -40 2 -42 2 -41 1 -40 -1 -37 -2 -33 -2 -28 -3 -23 -2 -18 -1 -13 1 -8 3 -4 6 0 9 0 0 0 0 0 0 0 0 0 0 0 0 0 0 0 0 0 0 0 0 0 0 -2 -6 1 -5 4 -3 6 -1 10 2 13 5 16 9 18 12 20 17 20 20 20 25 19 27 18 28 17 28 15 27 14 25 12 22 12 18 11 13 11 8 10 2 11 -3 12 -8 13 -12 15 -14 16 -16 ]
2025-05-20 15:57:23,CSI_DATA,STA,D8:B1:90:DB:E8:90,-63,11,1,7,0,0,1,1,0,0,1,-93,0,2,0,2587938200,0,110,0,0,2588.3,256,[110 96 6 0 11 -1 11 -3 9 -5 11 3 11 1 10 -1 10 -3 17 -5 15 -8 14 -10 11 -12 -20 31 -14 34 -8 35 -2 36 -13 -3 -13 0 -12 2 -11 5 -23 -24 -25 -20 -27 -16 -29 -12 4 -16 3 -16 0 0 0 0 0 0 0 0 0 0 0 0 0 0 0 0 0 0 0 0 0 0 -10 -16 -12 -16 -2 -1 -3 -1 -3 -1 -4 0 10 2 11 0 11 -1 9 -3 19 -1 19 -4 19 -7 18 -10 17 13 19 10 20 7 21 4 12 10 13 8 16 5 17 4 14 7 16 5 17 3 19 1 ]
2025-05-20 15:57:24,CSI_DATA,STA,D8:B1:90:DB:E8:90,-55,11,1,7,0,0,1,1,0,0,1,-93,0,2,0,2588429547,0,110,0,0,2588.79,256,[110 96 6 0 29 -6 29 -7 29 -7 28 -7 27 -7 27 -7 27 -7 27 -9 26 -9 25 -11 25 -10 25 -11 25 -10 25 -11 25 -10 24 -10 24 -9 23 -9 23 -9 23 -8 22 -8 22 -7 22 -7 21 -6 21 -5 0 0 0 0 0 0 0 0 0 0 0 0 0 0 0 0 0 0 0 0 0 0 13 -7 14 -6 15 -5 16 -5 17 -4 18 -4 17 -4 18 -4 19 -4 19 -4 21 -4 21 -3 21 -4 21 -4 23 -3 23 -3 24 -4 25 -4 26 -3 26 -3 27 -3 27 -3 28 -4 28 -4 29 -5 29 -5 ]
2025-05-20 15:57:25,CSI_DATA,STA,D8:B1:90:DB:E8:90,-54,11,1,5,0,0,1,0,0,0,0,-94,0,2,0,2589936925,0,110,0,0,2590.29,256,[110 96 6 0 14 -13 11 -12 8 -9 3 -7 -2 -5 -7 -2 -13 0 -19 1 -24 4 -29 5 -33 7 -36 7 -39 7 -39 6 -39 5 -37 4 -35 3 -31 2 -26 1 -22 1 -16 2 -11 2 -5 4 -1 5 3 7 0 0 0 0 0 0 0 0 0 0 0 0 0 0 0 0 0 0 0 0 0 0 1 -6 3 -4 4 -1 6 2 8 5 9 10 10 14 11 18 12 23 10 26 10 29 8 31 7 32 6 32 5 30 4 28 4 24 4 20 5 15 6 10 8 5 10 0 11 -5 13 -9 15 -11 16 -14 ]
2025-05-20 15:57:29,CSI_DATA,STA,D8:B1:90:DB:E8:90,-55,11,1,5,0,0,1,0,0,0,0,-93,0,2,0,2593463589,0,110,0,0,2593.82,256,[110 96 6 0 -5 -23 -5 -19 -4 -13 -5 -7 -7 -1 -8 5 -10 13 -12 19 -14 24 -16 29 -19 34 -21 36 -23 39 -23 39 -24 38 -25 35 -22 33 -21 30 -17 23 -15 20 -10 15 -5 11 -1 8 4 6 9 4 0 0 0 0 0 0 0 0 0 0 0 0 0 0 0 0 0 0 0 0 0 0 -5 -4 -3 -5 1 -5 5 -6 9 -6 14 -7 19 -6 24 -5 29 -3 33 -1 36 2 37 5 38 6 37 8 35 8 31 8 28 6 23 4 19 0 15 -2 10 -6 7 -11 2 -15 -1 -19 -2 -22 -3 -26 ]
2025-05-20 15:57:31,CSI_DATA,STA,D8:B1:90:DB:E8:90,-53,11,1,5,0,0,1,0,0,0,0,-95,0,2,0,2595956470,0,110,0,0,2596.31,256,[110 96 6 0 -11 16 -9 14 -6 11 -2 7 4 4 9 0 14 -3 20 -5 24 -8 29 -10 33 -12 37 -12 39 -12 40 -11 40 -11 39 -9 36 -7 32 -6 28 -4 23 -4 17 -4 11 -4 6 -5 1 -7 -3 -9 0 0 0 0 0 0 0 0 0 0 0 0 0 0 0 0 0 0 0 0 0 0 0 5 -2 4 -5 2 -8 0 -11 -2 -14 -5 -17 -10 -19 -13 -22 -18 -22 -21 -23 -25 -22 -27 -21 -28 -20 -29 -18 -28 -16 -26 -15 -23 -13 -19 -12 -14 -12 -9 -11 -4 -12 2 -11 7 -12 11 -13 14 -14 17 ]
2025-05-20 15:57:32,CSI_DATA,STA,D8:B1:90:DB:E8:90,-53,11,1,7,0,0,1,1,0,0,1,-95,0,2,0,2596456197,0,110,0,0,2596.81,256,[110 96 6 0 14 -24 14 -25 14 -24 14 -24 13 -24 13 -24 12 -24 10 -24 9 -23 9 -24 9 -24 8 -24 8 -23 9 -24 9 -23 9 -23 9 -23 9 -22 9 -21 10 -21 9 -20 9 -19 10 -19 10 -18 11 -17 0 0 0 0 0 0 0 0 0 0 0 0 0 0 0 0 0 0 0 0 0 0 5 -13 6 -13 7 -13 8 -13 8 -13 9 -14 10 -14 10 -14 11 -14 11 -15 12 -16 13 -16 13 -16 13 -17 13 -17 14 -17 14 -18 14 -18 14 -19 14 -19 13 -20 14 -21 14 -22 14 -22 14 -24 15 -23
2025-05-20 15:57:36,CSI_DATA,STA,D8:B1:90:DB:E8:90,-55,11,1,5,0,0,1,0,0,0,0,-94,0,2,0,2599968691,0,110,0,0,2600.33,256,[110 96 6 0 21 -4 17 -4 12 -4 6 -4 0 -5 -6 -6 -12 -7 -19 -10 -24 -10 -30 -12 -34 -13 -36 -15 -38 -17 -37 -18 -38 -19 -35 -19 -32 -18 -28 -17 -24 -15 -19 -12 -15 -9 -11 -4 -7 0 -4 5 -3 9 0 0 0 0 0 0 0 0 0 0 0 0 0 0 0 0 0 0 0 0 0 0 3 -6 5 -2 5 1 5 5 6 9 5 13 4 18 3 22 1 26 0 29 -2 32 -3 32 -6 33 -6 32 -6 30 -6 27 -4 24 -2 19 1 16 4 12 8 7 12 4 15 1 19 -2 22 -3 24 -4 ]
2025-05-20 15:57:41,CSI_DATA,STA,D8:B1:90:DB:E8:90,-53,11,1,5,0,0,1,0,0,0,0,-95,0,2,0,2605474348,0,110,0,0,2605.83,256,[110 96 6 0 18 10 16 8 12 5 8 1 4 -4 -1 -8 -5 -13 -9 -18 -13 -23 -15 -27 -18 -31 -20 -35 -21 -37 -19 -38 -19 -39 -16 -37 -15 -35 -13 -32 -11 -27 -9 -22 -7 -16 -6 -10 -6 -5 -6 0 -7 5 0 0 0 0 0 0 0 0 0 0 0 0 0 0 0 0 0 0 0 0 0 0 6 -2 5 1 3 4 1 7 -2 10 -5 14 -9 17 -12 19 -17 21 -21 22 -24 22 -27 22 -28 21 -28 19 -27 18 -25 16 -22 14 -17 12 -13 12 -7 11 -1 11 4 10 10 10 14 11 18 12 20 12 ]
2025-05-20 15:57:41,CSI_DATA,STA,D8:B1:90:DB:E8:90,-53,11,1,7,0,0,1,1,0,0,1,-95,0,2,0,2605974302,0,110,0,0,2606.33,256,[110 96 6 0 27 8 27 7 27 7 26 7 26 6 26 6 25 6 25 5 25 4 25 4 25 3 25 3 25 3 25 3 25 3 25 4 24 4 23 4 23 5 21 4 21 4 20 5 20 5 19 6 19 7 0 0 0 0 0 0 0 0 0 0 0 0 0 0 0 0 0 0 0 0 0 0 15 0 15 1 15 2 15 2 16 3 16 4 17 4 17 5 19 6 19 6 19 6 20 7 20 7 20 8 20 7 21 7 21 7 22 7 23 6 24 7 25 7 26 7 26 6 26 6 27 6 27 7 ]
2025-05-20 15:57:42,CSI_DATA,STA,D8:B1:90:DB:E8:90,-53,11,1,7,0,0,1,1,0,0,1,-95,0,2,0,2606474268,0,110,0,0,2606.83,256,[110 96 6 0 24 -17 24 -17 23 -17 23 -17 22 -17 21 -17 21 -18 20 -18 19 -18 19 -18 19 -18 18 -19 17 -19 17 -19 17 -19 17 -18 16 -18 16 -18 16 -17 16 -16 16 -15 16 -14 16 -14 16 -13 17 -12 0 0 0 0 0 0 0 0 0 0 0 0 0 0 0 0 0 0 0 0 0 0 11 -10 12 -10 12 -9 13 -9 14 -9 14 -9 15 -9 17 -9 17 -9 18 -9 18 -10 18 -10 18 -10 19 -10 20 -10 21 -10 20 -11 22 -11 21 -12 21 -12 21 -13 22 -14 22 -14 23 -15 23
2025-05-20 15:57:44,CSI_DATA,STA,D8:B1:90:DB:E8:90,-53,11,1,5,0,0,1,0,0,0,0,-95,0,2,0,2608487534,0,110,0,0,2608.84,256,[110 96 6 0 -20 1 -16 2 -12 2 -7 4 -2 7 4 9 9 12 14 15 19 18 23 21 26 24 27 26 28 28 29 30 28 30 26 30 23 28 20 25 17 22 13 18 11 13 9 8 7 3 7 -2 7 -7 0 0 0 0 0 0 0 0 0 0 0 0 0 0 0 0 0 0 0 0 0 0 -3 3 -4 0 -5 -3 -6 -6 -6 -10 -6 -15 -5 -19 -4 -24 -2 -28 1 -32 3 -34 6 -35 8 -35 9 -34 9 -32 8 -30 8 -26 5 -23 3 -19 -1 -15 -5 -12 -9 -8 -13 -6 -17 -3 -20 -2 -22 -1 ]
2025-05-20 15:57:45,CSI_DATA,STA,D8:B1:90:DB:E8:90,-54,11,1,7,0,0,1,1,0,0,1,-95,0,2,0,2608984399,0,110,0,0,2609.34,256,[110 96 6 0 -27 6 -27 6 -26 6 -26 7 -26 7 -25 7 -25 7 -24 8 -24 9 -23 8 -23 9 -23 9 -23 10 -23 9 -23 9 -22 9 -21 9 -21 8 -21 7 -21 7 -20 7 -20 6 -20 6 -20 5 -20 3 0 0 0 0 0 0 0 0 0 0 0 0 0 0 0 0 0 0 0 0 0 0 -13 6 -13 6 -14 5 -15 5 -15 4 -16 4 -17 4 -18 4 -19 4 -20 3 -20 2 -21 2 -21 1 -21 2 -22 2 -23 3 -23 3 -23 3 -24 2 -24 2 -25 3 -25 3 -26 4 -26 5 -27 5 -27 5 ]
2025-05-20 15:57:50,CSI_DATA,STA,D8:B1:90:DB:E8:90,-53,11,1,7,0,0,1,0,0,0,1,-95,0,2,0,2614503666,0,110,0,0,2614.86,256,[110 96 6 0 6 -16 4 -14 1 -10 -3 -7 -7 -3 -11 1 -16 5 -21 9 -26 11 -29 13 -34 16 -36 17 -38 17 -39 16 -39 15 -38 13 -35 11 -31 9 -27 7 -23 6 -17 5 -11 5 -6 6 -1 7 3 8 0 0 0 0 0 0 0 0 0 0 0 0 0 0 0 0 0 0 0 0 0 0 -1 -6 2 -5 5 -4 8 -2 12 -1 15 1 19 4 22 7 25 11 27 14 27 17 28 20 28 21 26 22 25 21 22 20 20 18 18 14 16 10 14 5 12 1 12 -4 10 -8 10 -12 10 -15 10 -17 ]
2025-05-20 15:57:52,CSI_DATA,STA,D8:B1:90:DB:E8:90,-53,11,1,7,0,0,1,1,0,0,1,-95,0,2,0,2616013493,0,110,0,0,2616.37,256,[110 96 6 0 24 13 24 12 24 12 23 12 23 12 23 11 23 11 24 10 23 9 24 9 23 9 24 8 24 8 24 7 24 8 24 8 23 8 22 8 22 8 21 8 21 7 20 8 19 8 19 9 18 10 0 0 0 0 0 0 0 0 0 0 0 0 0 0 0 0 0 0 0 0 0 0 13 5 13 6 12 6 12 7 13 7 13 8 14 9 15 9 15 10 15 11 16 11 16 12 16 12 17 12 17 13 18 13 18 12 18 13 20 13 20 12 21 12 22 12 21 13 22 13 23 14 23 13 ]
2025-05-20 15:57:56,CSI_DATA,STA,D8:B1:90:DB:E8:90,-52,11,1,5,0,0,1,0,0,0,0,-95,0,2,0,2620533960,0,110,0,0,2620.89,256,[110 96 6 0 -1 16 0 14 2 9 4 5 6 1 9 -4 12 -9 15 -13 17 -17 20 -21 23 -24 25 -25 27 -26 29 -26 29 -25 29 -23 27 -21 25 -18 22 -16 18 -13 13 -11 8 -8 4 -7 -1 -6 -6 -6 0 0 0 0 0 0 0 0 0 0 0 0 0 0 0 0 0 0 0 0 0 0 2 3 0 3 -4 4 -7 4 -10 4 -14 3 -18 2 -22 0 -26 -2 -29 -4 -31 -7 -32 -10 -32 -11 -31 -12 -29 -12 -27 -12 -24 -11 -21 -8 -18 -5 -15 -2 -12 2 -9 6 -7 10 -5 13 -4 16 -4 17 ]
2025-05-20 15:58:00,CSI_DATA,STA,D8:B1:90:DB:E8:90,-52,11,1,5,0,0,1,0,0,0,0,-95,0,2,0,2624033448,0,110,0,0,2624.39,256,[110 96 6 0 -15 -10 -14 -7 -12 -4 -11 0 -9 4 -8 9 -7 14 -6 19 -5 22 -6 27 -6 31 -7 34 -9 36 -10 36 -11 36 -12 34 -13 32 -13 28 -12 24 -11 21 -8 16 -6 13 -2 9 1 7 4 5 0 0 0 0 0 0 0 0 0 0 0 0 0 0 0 0 0 0 0 0 0 0 -2 -1 -2 -3 -3 -6 -2 -9 -1 -12 0 -16 1 -19 3 -22 6 -25 8 -27 11 -29 14 -30 16 -29 17 -28 18 -26 17 -24 15 -22 12 -19 10 -18 6 -16 2 -14 -2 -14 -6 -12 -10 -12 -12 -13 -14 -13 ]
2025-05-20 15:58:01,CSI_DATA,STA,D8:B1:90:DB:E8:90,-52,11,1,7,0,0,1,0,0,0,1,-95,0,2,0,2625540594,0,110,0,0,2625.9,256,[110 96 6 0 -16 -4 -14 -2 -11 1 -8 4 -5 8 -2 11 1 16 3 20 6 23 8 27 9 30 9 33 10 36 9 36 8 37 7 35 5 34 4 31 3 27 2 23 2 18 2 13 3 9 4 5 6 1 0 0 0 0 0 0 0 0 0 0 0 0 0 0 0 0 0 0 0 0 0 0 -4 0 -4 -3 -4 -6 -4 -9 -3 -12 -3 -16 -1 -19 0 -23 4 -25 6 -28 8 -30 10 -30 13 -30 14 -29 14 -28 13 -25 12 -23 9 -20 7 -18 4 -16 0 -13 -3 -11 -8 -10 -11 -9 -13 -8 -15 -8 ]
2025-05-20 15:58:04,CSI_DATA,STA,D8:B1:90:DB:E8:90,-53,11,1,7,0,0,1,0,0,0,1,-95,0,2,0,2628058404,0,110,0,0,2628.42,256,[110 96 6 0 7 13 6 11 4 6 1 2 0 -3 -3 -8 -6 -14 -9 -19 -12 -23 -14 -27 -16 -31 -17 -34 -17 -36 -17 -37 -17 -37 -15 -35 -14 -32 -13 -29 -10 -25 -9 -20 -7 -15 -6 -10 -6 -5 -5 0 -5 5 0 0 0 0 0 0 0 0 0 0 0 0 0 0 0 0 0 0 0 0 0 0 1 7 -1 7 -4 7 -8 7 -11 7 -15 6 -19 6 -23 5 -27 4 -30 2 -32 1 -34 0 -34 -2 -35 -2 -33 -2 -30 -2 -27 -1 -23 0 -20 2 -15 4 -10 7 -6 9 -1 11 2 12 5 15 6 15 ]
2025-05-20 15:58:06,CSI_DATA,STA,D8:B1:90:DB:E8:90,-53,11,1,7,0,0,1,0,0,0,1,-94,0,2,0,2630065425,0,110,0,0,2630.42,256,[110 96 6 0 -1 -17 -2 -15 -3 -11 -5 -6 -7 -1 -10 3 -13 8 -16 13 -18 17 -21 20 -24 24 -27 26 -29 27 -30 28 -31 26 -30 25 -29 22 -26 19 -23 16 -19 13 -14 10 -9 8 -4 7 1 6 5 6 0 0 0 0 0 0 0 0 0 0 0 0 0 0 0 0 0 0 0 0 0 0 -1 -4 1 -5 4 -5 7 -5 10 -5 14 -4 18 -2 22 -1 26 1 30 3 32 6 33 9 33 10 33 11 32 12 29 12 26 10 23 9 20 6 16 2 13 -1 10 -5 7 -8 5 -12 4 -15 4 -17 ]
2025-05-20 15:58:08,CSI_DATA,STA,D8:B1:90:DB:E8:90,-54,11,1,7,0,0,1,0,0,0,1,-94,0,2,0,2632071722,0,110,0,0,2632.43,256,[110 96 6 0 -18 -1 -14 0 -8 0 -4 1 2 3 8 3 14 5 19 7 25 7 29 8 33 9 36 11 38 12 38 13 38 14 36 14 33 13 29 12 25 10 21 8 16 5 12 2 8 -1 4 -5 2 -8 0 0 0 0 0 0 0 0 0 0 0 0 0 0 0 0 0 0 0 0 0 0 -9 1 -8 -2 -8 -5 -7 -9 -6 -12 -5 -16 -3 -20 -1 -23 2 -27 4 -30 7 -31 9 -32 11 -31 11 -31 11 -29 10 -27 9 -24 6 -21 2 -18 -1 -15 -5 -12 -9 -9 -13 -6 -16 -5 -18 -3 -20 -2 ]
2025-05-20 15:58:13,CSI_DATA,STA,D8:B1:90:DB:E8:90,-53,11,1,7,0,0,1,0,0,0,1,-95,0,2,0,2637588748,0,110,0,0,2637.95,256,[110 96 6 0 10 12 8 9 6 5 4 1 0 -4 -3 -9 -6 -14 -10 -19 -12 -24 -15 -27 -17 -31 -19 -34 -19 -36 -19 -38 -18 -38 -16 -37 -15 -34 -13 -31 -10 -26 -8 -22 -7 -15 -6 -10 -5 -4 -5 0 -5 5 0 0 0 0 0 0 0 0 0 0 0 0 0 0 0 0 0 0 0 0 0 0 3 6 1 7 -2 8 -6 9 -8 10 -12 11 -16 11 -21 12 -25 12 -28 11 -31 10 -33 9 -34 8 -34 7 -32 6 -30 6 -27 6 -22 6 -18 7 -13 8 -9 9 -4 11 1 11 5 13 8 14 10 14 ]
2025-05-20 15:58:14,CSI_DATA,STA,D8:B1:90:DB:E8:90,-54,11,1,7,0,0,1,1,0,0,1,-95,0,2,0,2638593230,0,110,0,0,2638.95,256,[110 96 6 0 -28 -8 -28 -8 -27 -7 -27 -8 -27 -8 -27 -8 -26 -7 -27 -6 -26 -5 -26 -5 -26 -4 -27 -4 -26 -4 -25 -3 -26 -3 -25 -4 -25 -4 -24 -4 -23 -5 -22 -5 -22 -4 -21 -4 -21 -5 -22 -5 -21 -7 0 0 0 0 0 0 0 0 0 0 0 0 0 0 0 0 0 0 0 0 0 0 -15 -2 -15 -3 -16 -4 -16 -4 -16 -5 -17 -6 -17 -7 -18 -8 -18 -8 -19 -8 -20 -9 -20 -10 -20 -10 -21 -10 -20 -10 -21 -9 -21 -9 -21 -10 -23 -10 -23 -9 -24 -9 -25 -9 -26
2025-05-20 15:58:17,CSI_DATA,STA,D8:B1:90:DB:E8:90,-54,11,1,7,0,0,1,0,0,0,1,-94,0,2,0,2641595639,0,110,0,0,2641.95,256,[110 96 6 0 21 -1 17 -2 13 -2 7 -3 1 -4 -5 -6 -12 -7 -19 -9 -25 -11 -30 -13 -35 -15 -38 -17 -41 -18 -41 -19 -40 -20 -39 -20 -36 -20 -32 -18 -28 -16 -23 -13 -18 -10 -13 -6 -9 -1 -5 3 -2 8 0 0 0 0 0 0 0 0 0 0 0 0 0 0 0 0 0 0 0 0 0 0 8 -3 7 0 6 3 5 7 4 11 2 15 -1 20 -3 24 -5 27 -9 30 -12 31 -14 33 -16 32 -17 32 -17 29 -15 27 -13 25 -9 21 -6 18 -1 15 3 12 9 9 13 6 17 5 20 3 24 2 ]
2025-05-20 15:58:18,CSI_DATA,STA,D8:B1:90:DB:E8:90,-55,11,1,7,0,0,1,1,0,0,1,-94,0,2,0,2642097418,0,110,0,0,2642.45,256,[110 96 6 0 -24 -20 -23 -19 -24 -19 -23 -20 -23 -19 -23 -19 -23 -18 -23 -16 -23 -16 -24 -15 -24 -14 -22 -16 -22 -16 -22 -16 -22 -15 -23 -15 -22 -15 -21 -15 -21 -15 -20 -15 -20 -15 -19 -15 -19 -14 -17 -15 -16 -16 0 0 0 0 0 0 0 0 0 0 0 0 0 0 0 0 0 0 0 0 0 0 -13 -9 -12 -10 -12 -11 -12 -12 -13 -13 -13 -13 -13 -14 -13 -15 -13 -16 -13 -16 -13 -17 -14 -17 -14 -17 -14 -17 -13 -19 -14 -19 -15 -19 -15
2025-05-20 15:58:18,CSI_DATA,STA,D8:B1:90:DB:E8:90,-55,11,1,7,0,0,1,1,0,0,1,-94,0,2,0,2642600112,0,110,0,0,2642.96,256,[110 96 6 0 28 0 29 0 28 -1 28 -1 28 -2 27 -2 27 -3 26 -3 25 -3 25 -4 25 -4 26 -5 26 -5 26 -5 26 -4 25 -4 25 -4 24 -4 23 -4 23 -3 23 -3 22 -2 22 -2 22 0 21 1 0 0 0 0 0 0 0 0 0 0 0 0 0 0 0 0 0 0 0 0 0 0 13 -4 14 -3 14 -2 15 -2 15 -2 16 -1 17 0 18 0 19 1 19 0 20 2 20 3 21 3 21 2 21 2 22 1 22 1 23 1 24 1 25 1 25 0 26 0 26 0 27 0 27 0 28 0 ]
2025-05-20 15:58:31,CSI_DATA,STA,D8:B1:90:DB:E8:90,-54,11,1,7,0,0,1,0,0,0,1,-94,0,2,0,2655142535,0,110,0,0,2655.5,256,[110 96 6 0 4 16 3 13 2 8 0 3 -1 -2 -2 -8 -4 -14 -5 -19 -7 -24 -8 -29 -9 -32 -10 -35 -10 -37 -11 -38 -10 -38 -9 -36 -8 -34 -8 -31 -7 -26 -6 -21 -6 -16 -6 -11 -6 -7 -6 -2 -7 3 0 0 0 0 0 0 0 0 0 0 0 0 0 0 0 0 0 0 0 0 0 0 2 8 -1 8 -4 8 -7 7 -10 6 -14 6 -18 5 -22 4 -26 2 -29 -1 -31 -2 -32 -4 -34 -6 -33 -6 -31 -6 -29 -6 -26 -5 -23 -3 -19 0 -14 2 -10 6 -6 9 -2 11 0 15 3 17 4 18 ]
2025-05-20 15:58:43,CSI_DATA,STA,D8:B1:90:DB:E8:90,-55,11,1,7,0,0,1,0,0,0,1,-94,0,2,0,2667688378,0,110,0,0,2668.05,256,[110 96 6 0 -6 16 -4 13 -2 8 1 4 4 -1 6 -6 10 -11 13 -16 16 -20 20 -24 22 -27 25 -29 27 -30 28 -30 28 -30 28 -27 26 -25 23 -22 20 -19 15 -16 11 -13 6 -10 2 -9 -3 -8 -8 -8 0 0 0 0 0 0 0 0 0 0 0 0 0 0 0 0 0 0 0 0 0 0 2 9 -1 8 -5 7 -8 7 -12 5 -16 3 -21 2 -24 -2 -28 -5 -30 -8 -32 -11 -32 -14 -31 -15 -31 -15 -30 -16 -27 -14 -24 -13 -22 -9 -19 -5 -17 -2 -15 3 -13 7 -11 11 -10 14 -9 18 -9 19 ]
2025-05-20 15:58:45,CSI_DATA,STA,D8:B1:90:DB:E8:90,-55,11,1,7,0,0,1,0,0,0,1,-94,0,2,0,2669702312,0,110,0,0,2670.06,256,[110 96 6 0 13 14 11 11 7 8 3 4 -1 1 -6 -4 -11 -8 -16 -12 -20 -15 -23 -19 -27 -21 -29 -23 -30 -24 -31 -25 -30 -26 -29 -24 -26 -23 -23 -20 -19 -16 -15 -13 -11 -8 -8 -4 -4 1 -1 6 1 11 0 0 0 0 0 0 0 0 0 0 0 0 0 0 0 0 0 0 0 0 0 0 4 9 1 9 -2 9 -5 9 -9 9 -12 10 -16 10 -20 9 -24 9 -27 7 -29 6 -31 5 -31 4 -30 4 -29 3 -26 4 -23 5 -19 6 -14 7 -9 9 -3 10 2 11 6 13 10 14 13 16 15 16 ]
2025-05-20 15:58:46,CSI_DATA,STA,D8:B1:90:DB:E8:90,-61,11,1,7,0,0,1,1,0,0,1,-94,0,2,0,2670196575,0,110,0,0,2670.55,256,[110 96 6 0 -15 -26 -16 -26 -16 -25 -6 -6 -7 -6 -7 -6 -7 -5 -21 3 -20 3 -20 4 -20 5 10 -17 9 -17 10 -17 10 -17 -1 17 0 17 0 17 0 16 20 5 20 4 19 5 18 5 2 2 2 2 0 0 0 0 0 0 0 0 0 0 0 0 0 0 0 0 0 0 0 0 0 0 2 6 2 7 -3 -14 -3 -14 -2 -15 -2 -16 1 -19 1 -21 1 -21 2 -22 5 -20 4 -21 4 -22 4 -22 10 -26 9 -27 9 -27 8 -29 8 -12 8 -13 7 -13 7 -14 -17 -11 -17 -12 -17 -12 -16 -23 ]
2025-05-20 15:58:47,CSI_DATA,STA,D8:B1:90:DB:E8:90,-55,11,1,7,0,0,1,0,0,0,1,-93,0,2,0,2671697888,0,110,0,0,2672.05,256,[110 96 6 0 10 16 9 13 7 9 6 4 4 -2 3 -9 2 -15 1 -21 -1 -26 -1 -32 -1 -37 -1 -40 0 -42 1 -43 2 -43 4 -41 4 -38 5 -34 4 -29 3 -24 1 -18 -2 -12 -5 -8 -8 -4 -12 -1 0 0 0 0 0 0 0 0 0 0 0 0 0 0 0 0 0 0 0 0 0 0 6 3 3 5 0 8 -3 9 -6 11 -10 13 -15 15 -20 17 -24 17 -29 17 -32 16 -35 15 -37 14 -36 12 -35 11 -33 9 -29 9 -26 8 -21 9 -16 10 -11 11 -5 13 0 14 4 16 7 17 9 19 ]
2025-05-20 15:58:53,CSI_DATA,STA,D8:B1:90:DB:E8:90,-56,11,1,5,0,0,1,0,0,0,0,-93,0,2,0,2677714865,0,110,0,0,2678.07,256,[110 96 6 0 -21 2 -17 3 -12 2 -7 2 -2 2 4 3 11 4 17 5 22 5 28 6 32 6 35 7 37 9 38 10 37 11 35 11 32 11 28 11 24 9 19 7 14 4 10 1 5 -3 2 -6 -1 -10 0 0 0 0 0 0 0 0 0 0 0 0 0 0 0 0 0 0 0 0 0 0 -5 3 -5 1 -5 -2 -6 -6 -6 -9 -5 -14 -5 -18 -3 -22 -1 -27 0 -30 2 -33 4 -35 5 -35 6 -35 8 -33 7 -31 5 -28 3 -24 1 -20 -3 -16 -6 -11 -10 -8 -14 -4 -17 -1 -20 0 -23 2 ]
2025-05-20 15:58:54,CSI_DATA,STA,D8:B1:90:DB:E8:90,-56,11,1,7,0,0,1,1,0,0,1,-94,0,2,0,2678216154,0,110,0,0,2678.57,256,[110 96 6 0 18 -19 17 -18 18 -18 17 -18 17 -18 16 -19 16 -19 16 -19 16 -19 15 -19 15 -18 14 -18 14 -18 14 -18 14 -18 14 -18 14 -17 13 -17 13 -16 13 -16 13 -15 13 -15 13 -14 13 -14 13 -13 0 0 0 0 0 0 0 0 0 0 0 0 0 0 0 0 0 0 0 0 0 0 7 -12 8 -11 9 -11 9 -11 10 -12 11 -11 12 -12 13 -12 14 -12 15 -12 15 -12 15 -12 16 -12 16 -12 16 -12 16 -13 16 -13 17 -14 16 -14 16 -15 16 -15 17 -16 18 -17 18 -18
2025-05-20 15:58:57,CSI_DATA,STA,D8:B1:90:DB:E8:90,-54,11,1,7,0,0,1,0,0,0,1,-94,0,2,0,2681235523,0,110,0,0,2681.59,256,[110 96 6 0 -7 16 -5 13 -4 8 -2 3 0 -2 2 -8 5 -14 7 -19 8 -24 9 -28 10 -33 12 -36 12 -38 13 -38 13 -38 13 -36 12 -33 11 -30 10 -25 7 -20 5 -15 2 -10 -1 -6 -4 -1 -7 2 0 0 0 0 0 0 0 0 0 0 0 0 0 0 0 0 0 0 0 0 0 0 -6 7 -8 5 -10 2 -12 0 -13 -4 -15 -7 -16 -11 -18 -16 -19 -20 -20 -22 -19 -25 -19 -27 -19 -27 -18 -27 -17 -26 -16 -22 -15 -20 -14 -16 -13 -10 -12 -6 -12 -1 -11 4 -10 9 -9 13 -9 16 -9 18
2025-05-20 15:58:57,CSI_DATA,STA,D8:B1:90:DB:E8:90,-55,11,1,7,0,0,1,1,0,0,1,-94,0,2,0,2681735437,0,110,0,0,2682.09,256,[110 96 6 0 18 -21 18 -20 19 -21 18 -21 18 -21 17 -21 17 -21 15 -20 15 -21 14 -21 13 -21 14 -21 13 -21 14 -21 13 -21 14 -20 14 -20 14 -19 13 -19 13 -18 13 -18 13 -17 13 -16 14 -16 14 -15 0 0 0 0 0 0 0 0 0 0 0 0 0 0 0 0 0 0 0 0 0 0 7 -13 8 -12 9 -13 9 -12 10 -13 11 -13 13 -12 13 -13 14 -13 15 -13 16 -13 16 -13 17 -13 16 -13 17 -14 18 -14 17 -14 18 -15 17 -15 18 -16 18 -17 18 -18 19 -19 18 -19
2025-05-20 15:58:58,CSI_DATA,STA,D8:B1:90:DB:E8:90,-55,11,1,7,0,0,1,1,0,0,1,-94,0,2,0,2682237559,0,110,0,0,2682.59,256,[110 96 6 0 17 22 18 22 18 21 17 20 17 20 18 19 18 19 18 18 18 18 18 18 18 17 17 18 18 17 18 17 18 17 18 17 17 16 16 16 16 15 16 16 15 16 14 16 13 16 13 16 12 16 0 0 0 0 0 0 0 0 0 0 0 0 0 0 0 0 0 0 0 0 0 0 11 8 11 9 10 10 10 10 10 11 11 12 11 13 12 14 12 14 12 15 11 16 12 17 12 17 12 17 12 17 12 18 13 18 14 18 15 19 15 19 16 19 16 19 16 20 16 21 16 20 17 21 ]
2025-05-20 15:58:58,CSI_DATA,STA,D8:B1:90:DB:E8:90,-54,11,1,7,0,0,1,1,0,0,1,-94,0,2,0,2682736241,0,110,0,0,2683.09,256,[110 96 6 0 7 25 8 25 8 24 8 24 8 23 8 23 8 22 10 21 10 20 10 20 10 20 11 21 11 21 10 20 10 20 10 20 9 20 9 20 8 19 8 18 7 18 7 17 6 18 6 18 5 18 0 0 0 0 0 0 0 0 0 0 0 0 0 0 0 0 0 0 0 0 0 0 7 10 7 10 6 11 6 13 6 13 6 14 5 16 6 16 5 17 5 17 5 18 5 19 4 19 5 20 5 20 5 20 5 21 5 20 6 21 6 22 6 22 7 23 7 22 8 23 8 23 9 24 ]
2025-05-20 15:58:59,CSI_DATA,STA,D8:B1:90:DB:E8:90,-54,11,1,6,0,0,1,0,0,0,1,-94,0,2,0,2683234530,0,110,0,0,2683.59,256,[110 96 6 0 17 0 13 0 9 -1 3 -2 -3 -4 -8 -5 -14 -7 -20 -8 -24 -11 -28 -12 -32 -14 -34 -15 -36 -16 -36 -17 -35 -18 -33 -17 -30 -17 -27 -15 -23 -13 -19 -10 -14 -7 -11 -3 -8 0 -5 4 -3 8 0 0 0 0 0 0 0 0 0 0 0 0 0 0 0 0 0 0 0 0 0 0 7 -4 7 0 7 3 6 6 6 10 4 14 3 18 1 22 -1 26 -4 27 -7 29 -9 30 -10 29 -10 29 -10 27 -9 25 -7 22 -4 20 -1 16 2 14 6 10 10 8 13 6 16 4 19 3 21 3 ]
2025-05-20 15:59:04,CSI_DATA,STA,D8:B1:90:DB:E8:90,-54,11,1,7,0,0,1,0,0,0,0,-94,0,2,0,2688763169,0,110,0,0,2689.12,256,[110 96 6 0 -25 -17 -25 -16 -25 -16 -25 -15 -25 -14 -26 -14 -25 -13 -25 -13 -25 -12 -24 -11 -25 -12 -25 -12 -26 -11 -26 -11 -24 -11 -24 -11 -24 -11 -23 -11 -22 -11 -22 -11 -21 -11 -20 -11 -20 -11 -19 -12 -18 -13 0 0 0 0 0 0 0 0 0 0 0 0 0 0 0 0 0 0 0 0 0 0 -15 -6 -15 -7 -14 -8 -14 -9 -15 -9 -15 -10 -15 -12 -16 -12 -16 -13 -17 -14 -17 -15 -17 -16 -17 -16 -17 -17 -18 -17 -18 -17 -19 -16 -19 -16
2025-05-20 15:59:08,CSI_DATA,STA,D8:B1:90:DB:E8:90,-55,11,1,6,0,0,1,0,0,0,1,-93,0,2,0,2692777914,0,110,0,0,2693.13,256,[110 96 6 0 -25 18 -24 17 -24 17 -23 17 -22 17 -22 17 -21 17 -21 18 -20 17 -20 17 -19 17 -19 18 -18 17 -18 18 -18 17 -18 18 -18 17 -17 16 -17 15 -16 15 -16 15 -16 14 -16 13 -16 12 -17 11 0 0 0 0 0 0 0 0 0 0 0 0 0 0 0 0 0 0 0 0 0 0 -12 11 -12 11 -14 11 -14 10 -15 11 -16 12 -17 11 -16 10 -17 10 -18 11 -20 12 -20 12 -21 11 -22 11 -22 12 -22 13 -22 13 -23 14 -21 13 -22 13 -21 14 -22 14 -23 15 -2
2025-05-20 15:59:09,CSI_DATA,STA,D8:B1:90:DB:E8:90,-55,11,1,7,0,0,1,0,0,0,1,-93,0,2,0,2693280394,0,110,0,0,2693.64,256,[110 96 6 0 -5 -18 -6 -14 -4 -9 -4 -4 -4 2 -4 7 -4 14 -5 19 -5 25 -5 29 -5 33 -6 36 -7 38 -8 39 -8 38 -10 37 -9 34 -9 30 -8 25 -6 21 -4 15 -2 11 1 6 5 3 8 0 0 0 0 0 0 0 0 0 0 0 0 0 0 0 0 0 0 0 0 0 0 0 -5 -7 -2 -8 1 -9 5 -9 9 -10 13 -9 18 -8 22 -8 26 -6 29 -5 32 -2 33 -1 35 1 33 2 32 2 29 2 26 1 22 0 19 -3 15 -5 10 -8 7 -11 3 -14 0 -16 -2 -18 -2 -20 ]
2025-05-20 15:59:09,CSI_DATA,STA,D8:B1:90:DB:E8:90,-56,11,1,7,0,0,1,1,0,0,1,-93,0,2,0,2693779033,0,110,0,0,2694.14,256,[110 96 6 0 15 -24 15 -23 15 -22 16 -22 15 -23 14 -23 14 -22 13 -23 13 -23 12 -23 11 -23 12 -23 11 -23 11 -22 11 -22 11 -21 11 -21 11 -21 11 -20 10 -20 10 -19 10 -18 11 -18 11 -17 12 -17 0 0 0 0 0 0 0 0 0 0 0 0 0 0 0 0 0 0 0 0 0 0 6 -14 7 -14 7 -14 8 -14 9 -14 10 -15 11 -16 12 -16 13 -16 13 -16 14 -16 15 -16 15 -16 16 -16 16 -16 16 -17 16 -17 16 -18 15 -19 16 -19 15 -20 16 -20 16 -21 16 -22
2025-05-20 15:59:10,CSI_DATA,STA,D8:B1:90:DB:E8:90,-55,11,1,6,0,0,1,0,0,0,1,-93,0,2,0,2694280350,0,110,0,0,2694.64,256,[110 96 6 0 -9 -16 -8 -13 -7 -9 -5 -4 -4 1 -4 6 -2 12 -1 17 -1 22 0 26 0 30 0 33 0 35 0 36 -1 36 -1 35 -2 32 -2 28 -2 24 -2 19 -1 14 1 9 2 5 4 0 7 -3 0 0 0 0 0 0 0 0 0 0 0 0 0 0 0 0 0 0 0 0 0 0 -4 -6 -1 -7 2 -7 5 -7 9 -8 12 -8 17 -7 20 -7 24 -6 28 -4 30 -2 32 0 33 1 32 2 31 2 29 2 26 1 22 0 18 -2 14 -4 9 -6 5 -8 1 -11 -2 -13 -5 -15 -6 -17 ]
2025-05-20 15:59:10,CSI_DATA,STA,D8:B1:90:DB:E8:90,-54,11,1,6,0,0,1,0,0,0,1,-94,0,2,0,2694782032,0,110,0,0,2695.14,256,[110 96 6 0 12 -14 9 -12 6 -9 2 -7 -4 -5 -8 -3 -14 0 -19 1 -24 3 -28 4 -32 6 -35 6 -37 6 -38 5 -38 4 -36 3 -33 2 -30 1 -25 1 -20 1 -15 1 -9 2 -5 4 0 6 3 8 0 0 0 0 0 0 0 0 0 0 0 0 0 0 0 0 0 0 0 0 0 0 2 -6 4 -4 6 -2 8 2 10 4 12 9 13 13 14 17 15 21 15 25 14 28 13 30 12 31 10 31 10 30 7 27 7 24 7 20 7 16 8 11 8 5 10 1 10 -4 12 -7 13 -10 14 -13 ]
2025-05-20 15:59:12,CSI_DATA,STA,D8:B1:90:DB:E8:90,-54,11,1,6,0,0,1,0,0,0,1,-94,0,2,0,2696287188,0,110,0,0,2696.64,256,[110 96 6 0 3 -17 1 -14 0 -10 -1 -6 -4 -1 -7 4 -9 9 -12 14 -15 18 -17 22 -19 26 -21 28 -22 29 -23 30 -23 28 -23 27 -21 24 -19 21 -16 17 -13 14 -9 9 -5 7 0 4 4 2 8 0 0 0 0 0 0 0 0 0 0 0 0 0 0 0 0 0 0 0 0 0 0 0 1 -6 4 -5 6 -3 8 -1 11 2 14 4 17 8 18 11 21 15 22 18 22 21 22 23 21 24 20 24 19 23 17 21 15 19 14 14 12 10 11 7 9 1 8 -3 7 -8 6 -12 5 -15 5 -17 ]
2025-05-20 15:59:13,CSI_DATA,STA,D8:B1:90:DB:E8:90,-55,11,1,5,0,0,1,0,0,0,0,-93,0,2,0,2697796631,0,110,0,0,2698.15,256,[110 96 6 0 -15 11 -11 9 -8 7 -4 6 2 5 7 4 13 3 18 3 23 3 27 3 31 3 34 4 36 5 37 6 36 7 34 8 31 8 28 7 23 7 19 5 15 2 11 -1 7 -3 5 -7 3 -10 0 0 0 0 0 0 0 0 0 0 0 0 0 0 0 0 0 0 0 0 0 0 -2 5 -4 3 -6 1 -9 -1 -11 -4 -14 -8 -15 -11 -18 -15 -19 -20 -19 -23 -19 -26 -18 -29 -17 -30 -15 -30 -14 -30 -13 -29 -11 -26 -11 -22 -11 -17 -10 -14 -11 -9 -13 -3 -14 0 -15 4 -16 7 -18 9 ]
2025-05-20 15:59:15,CSI_DATA,STA,D8:B1:90:DB:E8:90,-54,11,1,6,0,0,1,0,0,0,1,-95,0,2,0,2699803532,0,110,0,0,2700.16,256,[110 96 6 0 16 -4 13 -4 7 -4 2 -3 -4 -4 -10 -5 -16 -5 -21 -6 -27 -7 -31 -8 -35 -9 -38 -10 -40 -11 -39 -12 -39 -12 -36 -13 -33 -12 -29 -11 -25 -9 -19 -7 -15 -4 -11 -1 -6 2 -3 6 -1 10 0 0 0 0 0 0 0 0 0 0 0 0 0 0 0 0 0 0 0 0 0 0 5 -3 6 0 6 4 6 7 6 10 5 15 5 20 4 24 2 28 0 31 -2 34 -4 35 -6 35 -7 33 -7 32 -7 29 -6 27 -4 22 -1 19 2 15 5 10 9 7 12 4 15 1 17 -1 19 -2 ]
2025-05-20 15:59:18,CSI_DATA,STA,D8:B1:90:DB:E8:90,-57,11,1,6,0,0,1,0,0,0,1,-93,0,2,0,2702804791,0,110,0,0,2703.16,256,[110 96 6 0 26 10 25 9 25 10 25 8 24 8 24 7 25 7 25 7 25 6 24 6 24 5 24 6 23 5 24 5 23 5 24 4 23 4 22 5 22 4 21 5 20 5 20 5 19 5 19 6 19 7 0 0 0 0 0 0 0 0 0 0 0 0 0 0 0 0 0 0 0 0 0 0 14 1 14 2 14 4 14 4 15 5 16 5 17 6 17 6 18 7 18 9 17 9 17 9 18 9 18 10 19 11 19 10 19 10 20 11 20 9 21 10 22 10 22 9 24 10 25 9 25 10 25 10 ]
2025-05-20 15:59:19,CSI_DATA,STA,D8:B1:90:DB:E8:90,-56,11,1,7,0,0,1,0,0,0,1,-93,0,2,0,2703308771,0,110,0,0,2703.67,256,[110 96 6 0 15 -25 14 -24 15 -25 14 -24 14 -24 13 -24 13 -24 12 -24 11 -24 11 -24 10 -24 10 -24 10 -23 10 -23 10 -23 11 -22 10 -21 10 -21 10 -20 10 -20 10 -20 10 -20 11 -19 11 -18 12 -17 0 0 0 0 0 0 0 0 0 0 0 0 0 0 0 0 0 0 0 0 0 0 5 -15 6 -14 8 -15 9 -14 10 -14 10 -15 11 -15 12 -15 12 -15 14 -16 14 -16 14 -16 14 -17 14 -17 14 -18 15 -18 14 -18 15 -20 13 -20 14 -21 14 -22 13 -22 15 -23 15 -24
2025-05-20 15:59:25,CSI_DATA,STA,D8:B1:90:DB:E8:90,-62,11,1,7,0,0,1,0,0,0,1,-95,0,2,0,2709824828,0,100,0,0,2710.18,256,[100 -64 5 0 -18 -18 -19 -17 -19 -16 -20 -17 -20 -16 -20 -16 -20 -15 -21 -13 -22 -13 -22 -13 -22 -13 -18 -11 -18 -10 -19 -11 -19 -11 -21 -14 -20 -15 -20 -15 -20 -15 -19 -13 -19 -13 -19 -13 -19 -14 -20 -15 -19 -16 0 0 0 0 0 0 0 0 0 0 0 0 0 0 0 0 0 0 0 0 0 0 10 -4 9 -3 15 14 15 14 15 16 16 17 23 15 23 15 24 16 23 17 20 14 20 14 19 14 20 14 15 7 16 7 16 7 16 6 -11 -8 -12 -8 -11 -9 -12 -9 -9 -17
2025-05-20 15:59:28,CSI_DATA,STA,D8:B1:90:DB:E8:90,-54,11,1,7,0,0,1,0,0,0,1,-95,0,2,0,2711828432,0,110,0,0,2712.19,256,[110 96 6 0 12 -27 11 -27 11 -27 11 -26 10 -26 10 -26 9 -26 9 -26 9 -26 8 -26 8 -26 7 -25 6 -26 7 -25 7 -25 7 -24 7 -24 7 -23 7 -22 7 -22 7 -21 7 -20 7 -20 8 -20 9 -20 0 0 0 0 0 0 0 0 0 0 0 0 0 0 0 0 0 0 0 0 0 0 3 -15 3 -15 4 -16 5 -16 6 -16 7 -17 8 -17 8 -18 9 -19 10 -19 11 -19 11 -19 12 -19 12 -19 12 -20 12 -21 12 -21 12 -22 11 -22 11 -23 11 -24 12 -24 11 -24 11 -25 11 -25 12 -25 ]
2025-05-20 15:59:29,CSI_DATA,STA,D8:B1:90:DB:E8:90,-54,11,1,7,0,0,1,0,0,0,1,-95,0,2,0,2713834794,0,110,0,0,2714.19,256,[110 96 6 0 29 -6 29 -6 28 -6 28 -6 27 -6 27 -7 26 -7 26 -8 26 -8 25 -9 25 -9 25 -9 25 -9 25 -10 24 -9 24 -8 23 -8 23 -8 22 -7 22 -7 22 -6 21 -6 21 -5 21 -5 21 -4 0 0 0 0 0 0 0 0 0 0 0 0 0 0 0 0 0 0 0 0 0 0 14 -6 15 -5 16 -4 16 -4 17 -3 18 -3 19 -3 19 -2 20 -2 20 -2 21 -1 22 -1 22 0 22 0 23 0 23 -1 23 -1 24 -2 24 -3 25 -3 25 -4 27 -4 26 -4 27 -4 28 -4 28 -5 ]
2025-05-20 15:59:30,CSI_DATA,STA,D8:B1:90:DB:E8:90,-55,11,1,7,0,0,1,1,0,0,1,-93,0,2,0,2714334595,0,110,0,0,2714.69,256,[110 96 6 0 28 -9 27 -10 27 -10 27 -11 26 -11 26 -11 25 -11 25 -11 24 -11 24 -11 24 -12 24 -10 23 -11 23 -11 23 -10 24 -10 23 -9 23 -9 22 -9 22 -9 21 -8 21 -8 20 -7 20 -7 20 -6 0 0 0 0 0 0 0 0 0 0 0 0 0 0 0 0 0 0 0 0 0 0 13 -9 14 -8 15 -7 16 -6 17 -6 17 -6 18 -5 19 -6 19 -5 21 -5 22 -5 22 -4 22 -4 22 -4 23 -3 23 -3 23 -4 24 -4 23 -6 24 -6 24 -7 25 -7 26 -8 26 -8 27 -9 27 -9 ]
2025-05-20 15:59:33,CSI_DATA,STA,D8:B1:90:DB:E8:90,-55,11,1,7,0,0,1,1,0,0,1,-93,0,2,0,2717363388,0,110,0,0,2717.72,256,[110 96 6 0 -28 11 -29 11 -27 11 -26 11 -25 12 -26 11 -25 11 -25 13 -25 12 -24 13 -24 13 -24 13 -23 13 -23 12 -23 13 -23 12 -23 11 -22 11 -22 10 -21 10 -21 9 -20 9 -21 8 -20 7 -21 6 0 0 0 0 0 0 0 0 0 0 0 0 0 0 0 0 0 0 0 0 0 0 -14 9 -14 8 -15 7 -16 7 -17 7 -18 7 -19 7 -20 7 -21 6 -21 6 -22 6 -22 6 -22 5 -22 6 -22 6 -23 6 -24 7 -23 7 -25 8 -25 9 -25 9 -26 10 -26 10 -27 10 -27 11 -27 10 ]
2025-05-20 15:59:33,CSI_DATA,STA,D8:B1:90:DB:E8:90,-55,11,1,7,0,0,1,1,0,0,1,-93,0,2,0,2717864021,0,110,0,0,2718.22,256,[110 96 6 0 -4 29 -4 29 -3 28 -2 27 -2 28 -1 27 -1 27 0 27 0 27 1 26 2 26 2 26 2 26 2 25 1 25 2 25 2 24 1 24 1 24 1 23 0 22 0 22 0 22 -1 21 -3 20 0 0 0 0 0 0 0 0 0 0 0 0 0 0 0 0 0 0 0 0 0 0 2 15 1 15 0 16 -1 17 -1 17 -1 18 -2 18 -3 19 -4 19 -4 20 -5 21 -5 22 -5 22 -5 22 -5 22 -7 22 -6 23 -5 23 -5 25 -4 25 -4 26 -5 26 -4 27 -3 28 -3 28 -3 27 ]
2025-05-20 15:59:35,CSI_DATA,STA,D8:B1:90:DB:E8:90,-56,11,1,7,0,0,1,1,0,0,1,-93,0,2,0,2719372535,0,110,0,0,2719.73,256,[110 96 6 0 -11 -28 -11 -27 -11 -27 -12 -25 -12 -25 -12 -25 -12 -25 -13 -25 -13 -24 -14 -24 -14 -24 -14 -23 -14 -22 -13 -23 -14 -22 -14 -22 -13 -21 -13 -21 -12 -20 -12 -20 -11 -20 -11 -19 -10 -19 -10 -20 -9 -20 0 0 0 0 0 0 0 0 0 0 0 0 0 0 0 0 0 0 0 0 0 0 -9 -13 -8 -14 -8 -15 -8 -15 -7 -16 -7 -17 -7 -18 -7 -19 -6 -20 -7 -21 -6 -21 -5 -22 -5 -22 -6 -23 -6 -23 -6 -24 -6 -23 -6 -24 -7 -25 -7 -24
2025-05-20 15:59:41,CSI_DATA,STA,D8:B1:90:DB:E8:90,-54,11,1,7,0,0,1,0,0,0,0,-95,0,2,0,2725405383,0,110,0,0,2725.76,256,[110 96 6 0 -29 -3 -28 -2 -29 -2 -27 -2 -28 -1 -28 -1 -27 0 -27 0 -27 0 -26 1 -26 2 -26 2 -26 2 -26 2 -25 2 -25 2 -24 2 -24 2 -24 2 -23 1 -23 1 -22 0 -22 0 -22 -1 -21 -2 0 0 0 0 0 0 0 0 0 0 0 0 0 0 0 0 0 0 0 0 0 0 -15 2 -15 1 -16 0 -16 -1 -17 -1 -17 -2 -18 -1 -19 -2 -20 -3 -20 -3 -21 -4 -22 -5 -22 -5 -22 -5 -22 -5 -23 -5 -24 -4 -24 -4 -24 -4 -25 -4 -26 -4 -26 -3 -27 -3 -28 -3 -28 -3 -29 -3 ]
2025-05-20 15:59:43,CSI_DATA,STA,D8:B1:90:DB:E8:90,-61,11,1,6,0,0,1,0,0,0,1,-93,0,2,0,2727931094,0,110,0,0,2728.29,256,[110 96 6 0 25 -2 26 -1 25 -1 25 0 24 1 24 1 23 1 23 2 22 2 22 2 22 2 21 3 21 3 20 3 21 4 20 4 19 5 19 5 19 5 18 6 17 6 17 7 17 7 18 8 16 10 0 0 0 0 0 0 0 0 0 0 0 0 0 0 0 0 0 0 0 0 0 0 -17 10 -19 9 -1 9 -2 9 -3 9 -4 10 13 6 12 6 12 7 11 8 16 -6 17 -5 17 -5 18 -6 18 -5 17 -6 18 -6 18 -6 19 -6 20 -6 21 -6 21 -6 22 -6 22 -6 23 -5 25 -4 ]
2025-05-20 15:59:45,CSI_DATA,STA,D8:B1:90:DB:E8:90,-54,11,1,6,0,0,1,0,0,0,1,-93,0,2,0,2729921201,0,110,0,0,2730.28,256,[110 96 6 0 20 5 18 3 16 1 14 -2 10 -6 8 -10 6 -14 3 -19 1 -24 -1 -28 -2 -33 -1 -36 -1 -38 -1 -41 1 -41 3 -41 4 -39 6 -36 6 -32 6 -27 5 -22 3 -17 1 -13 -2 -9 -6 -6 0 0 0 0 0 0 0 0 0 0 0 0 0 0 0 0 0 0 0 0 0 0 -1 -3 1 -2 1 1 2 4 4 8 4 12 4 16 2 21 1 26 -2 29 -4 32 -8 33 -10 33 -12 33 -13 31 -13 29 -12 26 -10 23 -7 20 -4 17 0 14 4 12 8 10 12 9 16 8 18 7 ]
2025-05-20 15:59:52,CSI_DATA,STA,D8:B1:90:DB:E8:90,-55,11,1,5,0,0,1,0,0,0,1,-94,0,2,0,2736444974,0,110,0,0,2736.8,256,[110 96 6 0 29 -3 29 -3 29 -3 28 -4 28 -4 27 -5 27 -5 27 -5 26 -6 26 -6 26 -6 25 -7 25 -7 25 -6 25 -7 25 -7 25 -7 24 -6 23 -6 23 -5 22 -5 22 -4 22 -4 22 -2 23 -1 0 0 0 0 0 0 0 0 0 0 0 0 0 0 0 0 0 0 0 0 0 0 14 -5 15 -4 15 -2 15 -2 16 -1 17 -1 17 -1 19 -1 19 0 20 0 20 2 21 2 21 2 21 3 23 2 23 1 23 1 24 0 24 -1 25 -1 25 -1 26 -2 28 -2 28 -2 28 -2 29 -3 ]
2025-05-20 15:59:54,CSI_DATA,STA,D8:B1:90:DB:E8:90,-54,11,1,3,0,0,1,0,0,0,0,-94,0,2,0,2738471239,0,110,0,0,2738.83,256,[110 96 6 0 -19 -2 -16 -1 -13 1 -9 3 -6 6 -2 8 3 11 7 15 10 17 13 20 16 24 17 26 18 28 19 31 18 31 17 31 14 30 12 28 10 25 8 21 6 17 5 12 4 7 4 3 5 -1 0 0 0 0 0 0 0 0 0 0 0 0 0 0 0 0 0 0 0 0 0 0 -3 2 -4 0 -4 -3 -4 -6 -4 -9 -4 -13 -5 -18 -1 -22 2 -25 2 -27 5 -29 7 -30 9 -31 11 -29 11 -29 11 -26 9 -24 7 -21 5 -18 2 -15 -2 -12 -6 -10 -10 -7 -13 -6 -16 -5 -18 -4 ]
2025-05-20 15:59:59,CSI_DATA,STA,D8:B1:90:DB:E8:90,-54,11,1,7,0,0,1,0,0,0,0,-93,0,2,0,2743467969,0,110,0,0,2743.82,256,[110 96 6 0 -19 -20 -19 -20 -18 -19 -17 -18 -17 -17 -18 -17 -17 -17 -19 -17 -18 -16 -19 -16 -19 -16 -20 -15 -20 -14 -19 -14 -19 -15 -18 -14 -18 -14 -17 -14 -16 -14 -16 -14 -16 -14 -15 -14 -14 -14 -14 -14 -14 -15 0 0 0 0 0 0 0 0 0 0 0 0 0 0 0 0 0 0 0 0 0 0 -12 -8 -11 -9 -12 -10 -12 -10 -12 -11 -12 -12 -12 -12 -12 -13 -12 -14 -12 -15 -13 -15 -13 -16 -13 -16 -13 -17 -14 -17 -14 -17 -14 -17 -14
2025-05-20 16:00:01,CSI_DATA,STA,D8:B1:90:DB:E8:90,-53,11,1,7,0,0,1,0,0,0,0,-95,0,2,0,2745473688,0,110,0,0,2745.83,256,[110 96 6 0 19 -19 18 -18 19 -18 18 -18 17 -18 16 -19 17 -19 16 -18 16 -19 16 -19 14 -17 15 -18 15 -20 15 -19 14 -19 14 -18 14 -17 14 -17 13 -16 14 -15 14 -15 14 -14 14 -14 15 -12 15 -11 0 0 0 0 0 0 0 0 0 0 0 0 0 0 0 0 0 0 0 0 0 0 8 -11 8 -11 10 -11 11 -11 12 -10 12 -10 14 -11 14 -11 15 -12 16 -11 16 -11 16 -11 16 -11 17 -11 17 -12 17 -13 17 -13 17 -14 17 -15 17 -15 17 -16 18 -16 18 -17 18 -
2025-05-20 16:00:01,CSI_DATA,STA,D8:B1:90:DB:E8:90,-54,11,1,7,0,0,1,1,0,0,1,-95,0,2,0,2745736702,0,100,0,0,2746.09,256,[100 -64 5 0 -31 5 -30 6 -30 6 -29 6 -28 6 -28 6 -28 6 -28 7 -27 7 -27 8 -27 8 -26 8 -26 9 -26 9 -25 8 -25 8 -25 8 -24 7 -24 7 -23 6 -23 5 -23 5 -22 4 -23 4 -23 2 0 0 0 0 0 0 0 0 0 0 0 0 0 0 0 0 0 0 0 0 0 0 -15 5 -15 3 -17 3 -16 2 -17 2 -18 2 -19 1 -20 1 -21 1 -22 0 -22 0 -22 0 -22 -1 -22 0 -23 1 -24 2 -25 2 -25 2 -25 2 -26 3 -26 4 -27 4 -28 4 -27 5 -28 5 -28 5 ]
2025-05-20 16:00:12,CSI_DATA,STA,D8:B1:90:DB:E8:90,-61,11,1,5,0,0,1,0,0,0,1,-95,0,2,0,2756506540,0,110,0,0,2756.86,256,[110 96 6 0 26 -7 26 -8 25 -8 21 -10 21 -10 20 -10 20 -11 14 -15 13 -15 13 -16 13 -17 12 -14 13 -15 12 -15 13 -15 15 -15 15 -16 15 -16 15 -15 14 -11 14 -11 14 -11 15 -12 18 -15 19 -15 0 0 0 0 0 0 0 0 0 0 0 0 0 0 0 0 0 0 0 0 0 0 13 -10 14 -9 10 9 11 10 12 10 13 12 17 20 19 21 20 23 20 23 4 -6 4 -6 4 -6 4 -6 31 -1 30 -2 31 -3 32 -4 19 2 19 2 20 2 21 0 14 -3 15 -3 15 -3 25 -4 ]
2025-05-20 16:00:16,CSI_DATA,STA,D8:B1:90:DB:E8:90,-55,11,1,5,0,0,1,0,0,0,1,-94,0,2,0,2760023690,0,110,0,0,2760.38,256,[110 96 6 0 -8 -30 -8 -30 -8 -30 -7 -28 -8 -28 -8 -28 -8 -27 -9 -27 -9 -26 -9 -26 -10 -26 -10 -25 -10 -26 -10 -25 -9 -25 -10 -26 -9 -24 -8 -25 -8 -24 -8 -23 -8 -24 -7 -23 -6 -22 -5 -22 -4 -22 0 0 0 0 0 0 0 0 0 0 0 0 0 0 0 0 0 0 0 0 0 0 -5 -15 -4 -15 -4 -16 -4 -17 -4 -18 -3 -18 -3 -19 -2 -20 -2 -21 -1 -22 -2 -22 -2 -23 -2 -23 -2 -24 -2 -23 -3 -24 -3 -24 -3 -25 -3 -26 -4 -27 -5 -27 -5 -28 -5 -
2025-05-20 16:00:16,CSI_DATA,STA,D8:B1:90:DB:E8:90,-55,11,1,5,0,0,1,0,0,0,1,-94,0,2,0,2760523699,0,110,0,0,2760.88,256,[110 96 6 0 -27 -6 -27 -6 -26 -6 -26 -6 -26 -5 -26 -5 -25 -4 -26 -4 -25 -4 -25 -3 -25 -3 -25 -3 -25 -2 -24 -2 -24 -2 -24 -2 -24 -3 -23 -3 -23 -3 -23 -3 -24 -4 -21 -6 -20 -5 -20 -5 -20 -6 0 0 0 0 0 0 0 0 0 0 0 0 0 0 0 0 0 0 0 0 0 0 -14 -1 -15 -1 -15 -2 -16 -3 -16 -4 -17 -4 -17 -5 -18 -5 -18 -5 -18 -6 -19 -6 -20 -7 -20 -7 -20 -8 -21 -8 -22 -8 -22 -7 -22 -7 -22 -8 -23 -7 -23 -7 -24 -7 -25 -6 -2
2025-05-20 16:00:17,CSI_DATA,STA,D8:B1:90:DB:E8:90,-55,11,1,7,0,0,1,1,0,0,1,-94,0,2,0,2761024616,0,110,0,0,2761.38,256,[110 96 6 0 16 24 16 24 16 23 16 22 16 21 17 21 17 21 17 21 17 20 17 20 18 20 18 19 18 19 18 19 18 19 18 19 17 19 16 18 16 18 15 17 15 17 14 17 13 17 12 17 11 17 0 0 0 0 0 0 0 0 0 0 0 0 0 0 0 0 0 0 0 0 0 0 10 10 9 11 9 12 9 13 9 13 9 14 9 16 9 17 9 17 9 18 8 19 9 20 9 20 9 21 10 20 10 20 11 20 11 20 12 22 13 22 13 22 14 22 15 22 15 23 16 23 16 23 ]
2025-05-20 16:00:17,CSI_DATA,STA,D8:B1:90:DB:E8:90,-55,11,1,6,0,0,1,0,0,0,1,-94,0,2,0,2761523758,0,110,0,0,2761.88,256,[110 96 6 0 -2 -30 -1 -30 -2 -29 -1 -29 -2 -28 -3 -28 -3 -28 -3 -28 -3 -27 -4 -27 -5 -27 -5 -27 -5 -27 -4 -26 -4 -26 -4 -25 -4 -25 -3 -25 -3 -24 -3 -24 -3 -24 -2 -23 -2 -23 -1 -22 0 -22 0 0 0 0 0 0 0 0 0 0 0 0 0 0 0 0 0 0 0 0 0 0 -4 -14 -3 -15 -2 -16 -1 -16 -1 -17 -1 -18 0 -18 0 -19 0 -20 0 -20 0 -21 1 -22 0 -22 0 -23 1 -23 1 -23 1 -23 0 -24 0 -25 0 -26 -1 -26 -1 -27 -1 -27 -2 -28 -2 -28 -1
2025-05-20 16:00:22,CSI_DATA,STA,D8:B1:90:DB:E8:90,-55,11,1,7,0,0,1,0,0,0,1,-94,0,2,0,2766040126,0,110,0,0,2766.4,256,[110 96 6 0 -29 9 -28 10 -28 10 -28 10 -28 10 -27 10 -27 10 -26 11 -25 11 -25 11 -25 11 -25 11 -25 10 -25 11 -24 11 -25 11 -24 10 -24 9 -24 9 -23 9 -22 9 -22 8 -22 8 -22 6 -22 5 0 0 0 0 0 0 0 0 0 0 0 0 0 0 0 0 0 0 0 0 0 0 -14 7 -15 6 -15 6 -16 5 -16 5 -18 5 -19 5 -19 5 -20 5 -21 5 -22 6 -22 5 -22 5 -23 5 -23 4 -24 5 -24 5 -25 5 -25 6 -25 7 -25 7 -26 8 -27 8 -27 9 -27 9 -28 10 ]
2025-05-20 16:00:26,CSI_DATA,STA,D8:B1:90:DB:E8:90,-55,11,1,7,0,0,1,0,0,0,1,-94,0,2,0,2770551300,0,110,0,0,2770.91,256,[110 96 6 0 -27 2 -27 3 -26 2 -27 2 -25 2 -25 3 -25 3 -25 4 -23 4 -24 4 -24 5 -25 5 -25 5 -24 5 -25 5 -23 5 -23 5 -22 4 -22 4 -22 2 -19 2 -14 -2 -19 3 -21 0 -21 0 0 0 0 0 0 0 0 0 0 0 0 0 0 0 0 0 0 0 0 0 0 0 -14 4 -14 3 -14 2 -15 2 -16 1 -17 1 -17 1 -18 0 -18 0 -19 0 -20 -1 -20 -1 -21 -1 -21 -1 -22 -1 -22 -1 -22 -1 -23 0 -23 0 -23 0 -24 0 -24 0 -25 1 -26 1 -26 1 -26 2 ]
2025-05-20 16:00:33,CSI_DATA,STA,D8:B1:90:DB:E8:90,-53,11,1,7,0,0,1,0,0,0,1,-95,0,2,0,2777574820,0,110,0,0,2777.93,256,[110 96 6 0 -22 16 -22 17 -21 16 -20 16 -20 17 -19 17 -19 17 -19 17 -18 17 -18 18 -17 18 -17 17 -17 17 -17 17 -17 17 -17 18 -17 17 -16 17 -16 16 -16 15 -16 15 -15 14 -15 14 -16 12 -16 11 0 0 0 0 0 0 0 0 0 0 0 0 0 0 0 0 0 0 0 0 0 0 -9 9 -10 9 -11 9 -12 9 -12 9 -14 9 -14 10 -15 9 -16 10 -16 10 -18 10 -19 10 -18 10 -19 10 -19 10 -19 11 -20 12 -20 12 -20 12 -19 12 -20 13 -20 13 -20 15 -21 15 -20
