2025-05-21 15:09:40,CSI_DATA,STA,D8:B1:90:DB:E8:90,-31,11,1,6,0,0,1,0,0,0,0,-94,0,2,0,240482408,0,100,0,0,86140.2,256,[100 -64 5 0 20 12 16 11 13 12 10 14 8 16 6 19 6 21 7 24 9 25 11 26 14 26 16 26 17 24 18 21 17 19 15 17 12 14 8 13 4 12 1 13 -3 14 -6 15 -8 17 -10 19 -12 20 0 0 0 0 0 0 0 0 0 0 0 0 0 0 0 0 0 0 0 0 0 0 11 -4 13 -2 16 0 18 1 21 2 22 1 24 1 25 0 25 -1 24 -1 22 -2 19 -1 16 0 13 2 11 5 9 8 8 12 9 15 11 19 14 21 17 24 20 24 23 23 25 22 26 21 26 18 ]
2025-05-21 15:09:44,CSI_DATA,STA,D8:B1:90:DB:E8:90,-32,11,1,6,0,0,1,0,0,0,0,-94,0,2,0,243509631,0,110,0,0,86143.2,256,[110 96 6 0 -17 -19 -17 -18 -17 -18 -16 -17 -16 -17 -16 -16 -16 -16 -16 -15 -17 -15 -17 -15 -17 -14 -18 -14 -18 -14 -18 -14 -18 -14 -18 -15 -17 -14 -17 -15 -16 -14 -16 -15 -15 -15 -15 -15 -14 -15 -13 -15 -12 -16 0 0 0 0 0 0 0 0 0 0 0 0 0 0 0 0 0 0 0 0 0 0 -12 -11 -11 -12 -11 -14 -10 -14 -11 -15 -10 -15 -10 -16 -10 -17 -10 -17 -11 -18 -10 -17 -10 -18 -10 -19 -10 -19 -10 -18 -11 -19 -11 -18 -11
2025-05-21 15:09:45,CSI_DATA,STA,D8:B1:90:DB:E8:90,-32,11,1,5,0,0,1,0,0,0,1,-94,0,2,0,245534879,0,110,0,0,86145.2,256,[110 96 6 0 -23 -8 -23 -8 -22 -7 -23 -7 -23 -7 -23 -7 -22 -6 -22 -5 -22 -5 -22 -5 -22 -5 -22 -5 -22 -4 -22 -4 -22 -4 -21 -4 -21 -5 -21 -5 -20 -5 -21 -5 -20 -5 -19 -6 -19 -6 -19 -6 -18 -7 0 0 0 0 0 0 0 0 0 0 0 0 0 0 0 0 0 0 0 0 0 0 -16 -3 -16 -4 -16 -5 -16 -6 -16 -6 -17 -7 -17 -7 -18 -8 -18 -8 -18 -9 -18 -9 -18 -9 -19 -10 -19 -10 -19 -10 -19 -9 -20 -9 -19 -9 -20 -10 -20 -9 -21 -9 -22 -9 -22 -8
2025-05-21 15:09:46,CSI_DATA,STA,D8:B1:90:DB:E8:90,-32,11,1,6,0,0,1,0,0,0,0,-94,0,2,0,246546525,0,110,0,0,86146.2,256,[110 96 6 0 -19 -10 -17 -10 -14 -10 -12 -12 -12 -13 -11 -15 -12 -17 -13 -18 -15 -19 -17 -19 -19 -18 -19 -17 -20 -15 -20 -13 -19 -12 -17 -10 -14 -10 -12 -10 -9 -11 -7 -12 -5 -14 -4 -16 -3 -17 -3 -20 -2 -21 0 0 0 0 0 0 0 0 0 0 0 0 0 0 0 0 0 0 0 0 0 0 -13 1 -14 -1 -14 -3 -16 -4 -17 -4 -18 -5 -19 -4 -19 -4 -19 -4 -18 -4 -17 -4 -15 -4 -14 -5 -12 -7 -11 -8 -10 -11 -10 -13 -11 -15 -13 -17 -15 -18 -1
2025-05-21 15:09:47,CSI_DATA,STA,D8:B1:90:DB:E8:90,-31,11,1,6,0,0,1,0,0,0,0,-94,0,2,0,247046755,0,110,0,0,86146.7,256,[110 96 6 0 6 -24 7 -21 8 -18 10 -15 13 -14 16 -13 19 -14 21 -16 23 -18 23 -21 22 -23 21 -25 19 -26 17 -26 14 -25 12 -23 11 -20 10 -17 11 -13 12 -9 13 -6 15 -3 17 -1 20 0 22 2 0 0 0 0 0 0 0 0 0 0 0 0 0 0 0 0 0 0 0 0 0 0 -7 -12 -5 -14 -4 -16 -3 -19 -2 -21 -2 -23 -3 -25 -4 -27 -4 -26 -6 -26 -6 -24 -5 -22 -5 -19 -3 -17 0 -15 3 -14 7 -14 10 -15 13 -17 15 -19 17 -22 17 -25 16 -29 14 -30 13 -31 12
2025-05-21 15:09:47,CSI_DATA,STA,D8:B1:90:DB:E8:90,-31,11,1,6,0,0,1,0,0,0,0,-94,0,2,0,247547991,0,110,0,0,86147.2,256,[110 96 6 0 15 15 11 14 7 13 3 14 -1 16 -4 18 -6 21 -8 24 -8 27 -7 30 -5 32 -2 32 0 32 2 30 3 28 3 25 3 21 1 17 -2 13 -5 10 -8 7 -12 5 -16 4 -19 3 -22 2 0 0 0 0 0 0 0 0 0 0 0 0 0 0 0 0 0 0 0 0 0 0 8 -7 11 -4 14 -3 17 -2 20 -1 23 -1 25 -2 26 -3 25 -4 25 -5 23 -5 20 -5 17 -3 14 -2 11 1 8 4 6 9 6 13 6 17 8 21 10 25 13 26 16 27 19 27 20 26 20 24 ]
2025-05-21 15:09:50,CSI_DATA,STA,D8:B1:90:DB:E8:90,-31,11,1,7,0,0,1,0,0,0,1,-94,0,2,0,250558628,0,110,0,0,86150.3,256,[110 96 6 0 -23 9 -23 9 -22 10 -22 10 -21 10 -21 10 -20 10 -20 11 -19 11 -20 11 -19 12 -19 12 -19 13 -19 13 -19 12 -19 12 -19 12 -19 11 -18 11 -18 10 -18 10 -18 9 -18 8 -18 8 -18 7 0 0 0 0 0 0 0 0 0 0 0 0 0 0 0 0 0 0 0 0 0 0 -15 7 -16 6 -16 7 -17 6 -17 6 -18 6 -18 6 -19 5 -19 6 -20 5 -21 5 -21 5 -21 5 -22 4 -22 5 -22 5 -22 6 -22 6 -23 7 -23 7 -23 7 -23 8 -23 9 -23 8 -23 8 -23 9 ]
2025-05-21 15:09:51,CSI_DATA,STA,D8:B1:90:DB:E8:90,-32,11,1,7,0,0,1,0,0,0,0,-94,0,2,0,251574517,0,110,0,0,86151.3,256,[110 96 6 0 14 -7 12 -4 10 0 8 5 7 9 7 13 8 17 10 21 11 23 14 24 16 24 18 24 18 23 18 21 17 18 16 16 13 13 10 10 5 7 1 5 -3 3 -7 2 -11 1 -15 0 -17 -1 0 0 0 0 0 0 0 0 0 0 0 0 0 0 0 0 0 0 0 0 0 0 -9 -3 -9 -7 -10 -10 -12 -13 -13 -16 -14 -18 -15 -19 -17 -19 -17 -20 -17 -18 -17 -17 -15 -14 -12 -11 -10 -9 -5 -6 -2 -5 3 -3 8 -3 13 -3 16 -4 19 -5 22 -7 23 -9 24 -11 23 -11 22 -12 ]
2025-05-21 15:09:52,CSI_DATA,STA,D8:B1:90:DB:E8:90,-31,11,1,6,0,0,1,0,0,0,0,-94,0,2,0,252572125,0,110,0,0,86152.3,256,[110 96 6 0 18 16 15 14 12 13 9 12 6 13 4 15 2 17 2 19 2 22 3 23 6 25 7 24 9 23 10 22 10 19 9 18 7 15 5 14 2 12 -1 12 -4 12 -8 14 -10 15 -11 17 -13 18 0 0 0 0 0 0 0 0 0 0 0 0 0 0 0 0 0 0 0 0 0 0 9 -2 10 2 10 4 11 7 13 10 14 11 16 13 17 13 19 13 19 13 18 11 17 11 16 10 14 10 11 10 8 11 6 13 6 16 6 19 6 22 8 25 11 27 14 28 17 27 19 27 20 24 ]
2025-05-21 15:09:54,CSI_DATA,STA,D8:B1:90:DB:E8:90,-32,11,1,6,0,0,1,0,0,0,0,-94,0,2,0,254076377,0,110,0,0,86153.8,256,[110 96 6 0 11 -24 11 -24 11 -24 9 -25 9 -25 8 -25 8 -24 8 -24 7 -24 7 -24 6 -24 5 -25 5 -25 5 -24 6 -24 5 -24 6 -24 6 -23 6 -23 7 -22 7 -22 8 -21 8 -20 9 -20 10 -19 0 0 0 0 0 0 0 0 0 0 0 0 0 0 0 0 0 0 0 0 0 0 6 -18 7 -18 7 -19 9 -19 9 -19 10 -19 11 -19 12 -19 13 -19 13 -20 14 -20 14 -20 13 -19 14 -20 14 -20 14 -20 14 -20 14 -21 14 -21 14 -21 14 -22 14 -23 13 -23 12 -23 13 -24 13 -24 ]
2025-05-21 15:09:55,CSI_DATA,STA,D8:B1:90:DB:E8:90,-30,11,1,6,0,0,1,0,0,0,1,-94,0,2,0,255585063,0,110,0,0,86155.3,256,[110 96 6 0 -8 22 -6 19 -5 15 -5 10 -6 5 -7 1 -10 -3 -14 -5 -17 -7 -21 -7 -24 -6 -26 -5 -28 -4 -28 -2 -28 -1 -25 1 -23 1 -20 0 -16 -1 -13 -3 -9 -5 -7 -8 -5 -11 -3 -14 -1 -17 0 0 0 0 0 0 0 0 0 0 0 0 0 0 0 0 0 0 0 0 0 0 4 -3 3 1 3 4 3 8 3 12 5 16 6 19 8 22 9 23 11 23 13 23 13 21 12 19 11 16 8 15 5 12 2 12 -2 11 -6 12 -10 13 -13 15 -15 18 -16 21 -16 24 -16 25 -15 27 ]
2025-05-21 15:09:57,CSI_DATA,STA,D8:B1:90:DB:E8:90,-32,11,1,7,0,0,1,0,0,0,0,-94,0,2,0,257087597,0,110,0,0,86156.8,256,[110 96 6 0 22 5 22 5 22 4 22 4 21 4 21 3 21 3 21 2 20 2 21 1 20 1 20 1 20 1 21 1 21 1 20 1 21 2 20 2 20 2 19 2 19 2 18 3 18 4 18 4 17 6 0 0 0 0 0 0 0 0 0 0 0 0 0 0 0 0 0 0 0 0 0 0 16 1 16 3 16 3 16 4 17 5 17 5 17 6 18 6 18 7 18 7 19 7 19 7 19 7 19 7 19 7 19 6 19 6 20 6 20 6 20 6 21 6 21 5 22 5 22 6 23 6 22 5 ]
2025-05-21 15:09:57,CSI_DATA,STA,D8:B1:90:DB:E8:90,-31,11,1,6,0,0,1,1,0,0,0,-94,0,2,0,257594401,0,110,0,0,86157.3,256,[110 96 6 0 -27 -3 -21 -2 -17 -1 -11 -3 -6 -5 -2 -8 2 -12 4 -15 6 -21 6 -24 5 -28 3 -30 2 -30 0 -32 -2 -29 -2 -28 -3 -24 -3 -21 -1 -17 1 -12 4 -9 7 -5 10 -2 14 1 17 3 0 0 0 0 0 0 0 0 0 0 0 0 0 0 0 0 0 0 0 0 0 0 4 1 0 3 -4 5 -8 8 -11 11 -13 14 -16 17 -17 20 -17 23 -17 24 -16 25 -14 24 -13 22 -11 18 -10 15 -9 11 -10 6 -11 2 -13 -3 -17 -6 -20 -9 -24 -11 -28 -11 -30 -11 -32 -10 -32 -8 ]
2025-05-21 15:09:58,CSI_DATA,STA,D8:B1:90:DB:E8:90,-31,11,1,7,0,0,1,0,0,0,0,-94,0,2,0,258091588,0,110,0,0,86157.8,256,[110 96 6 0 18 -19 18 -19 19 -19 18 -19 18 -19 17 -19 17 -19 16 -19 16 -19 15 -20 15 -20 14 -20 14 -20 15 -19 15 -20 15 -19 15 -18 16 -18 16 -17 15 -17 15 -17 15 -16 15 -15 15 -16 16 -15 0 0 0 0 0 0 0 0 0 0 0 0 0 0 0 0 0 0 0 0 0 0 11 -16 13 -15 13 -15 14 -15 14 -14 16 -14 17 -14 18 -14 19 -14 18 -14 19 -14 19 -13 19 -13 20 -13 20 -15 20 -15 20 -15 20 -15 19 -17 19 -17 19 -18 19 -18 18 -19 18
2025-05-21 15:09:59,CSI_DATA,STA,D8:B1:90:DB:E8:90,-32,11,1,7,0,0,1,0,0,0,0,-94,0,2,0,258591557,0,110,0,0,86158.3,256,[110 96 6 0 26 -4 25 -4 26 -4 24 -6 24 -6 24 -6 24 -7 23 -8 23 -8 23 -8 22 -8 21 -9 21 -9 21 -9 21 -9 22 -8 22 -8 21 -8 21 -7 21 -7 21 -6 21 -5 20 -4 20 -4 20 -3 0 0 0 0 0 0 0 0 0 0 0 0 0 0 0 0 0 0 0 0 0 0 18 -6 18 -5 19 -4 19 -3 20 -2 20 -2 21 -2 21 -2 22 -1 23 0 22 -1 23 0 23 0 23 0 23 1 23 0 23 0 24 0 23 0 24 -1 25 -1 25 -1 26 -3 26 -2 26 -3 26 -4 ]
2025-05-21 15:10:00,CSI_DATA,STA,D8:B1:90:DB:E8:90,-31,11,1,7,0,0,1,0,0,0,0,-94,0,2,0,260596123,0,110,0,0,86160.3,256,[110 96 6 0 4 26 4 27 4 25 4 25 5 25 6 24 6 24 6 23 6 23 7 23 7 23 9 22 9 22 8 22 9 22 8 22 8 22 8 22 8 21 7 21 6 21 6 20 5 21 4 21 3 21 0 0 0 0 0 0 0 0 0 0 0 0 0 0 0 0 0 0 0 0 0 0 5 18 4 18 3 19 2 20 2 20 1 21 1 22 1 22 0 23 0 24 -1 24 -1 24 -1 25 -1 25 -1 24 -1 24 -1 24 -1 24 1 25 1 25 2 25 2 25 2 26 3 26 3 26 3 26 ]
2025-05-21 15:10:01,CSI_DATA,STA,D8:B1:90:DB:E8:90,-31,11,1,7,0,0,1,0,0,0,1,-94,0,2,0,261095540,0,110,0,0,86160.8,256,[110 96 6 0 1 -28 2 -27 2 -27 1 -26 1 -26 1 -26 0 -25 -2 -25 -2 -24 -3 -24 -3 -24 -4 -25 -4 -25 -4 -25 -3 -24 -3 -24 -3 -24 -2 -23 -1 -23 -2 -23 -1 -23 0 -22 0 -22 0 -22 1 -22 0 0 0 0 0 0 0 0 0 0 0 0 0 0 0 0 0 0 0 0 0 0 -2 -19 -1 -20 -1 -21 0 -21 1 -22 2 -22 1 -23 2 -23 3 -24 3 -25 3 -24 3 -24 3 -24 4 -24 4 -25 4 -25 4 -25 4 -26 3 -25 3 -25 2 -26 3 -26 2 -27 1 -26 2 -26 2 -27 ]
2025-05-21 15:10:01,CSI_DATA,STA,D8:B1:90:DB:E8:90,-31,11,1,7,0,0,1,0,0,0,1,-94,0,2,0,261605562,0,110,0,0,86161.3,256,[110 96 6 0 20 -4 20 -4 20 -5 20 -6 19 -7 19 -7 19 -7 19 -8 18 -8 18 -8 17 -8 17 -8 17 -8 17 -8 17 -8 17 -8 17 -8 16 -8 16 -7 16 -8 16 -8 16 -7 16 -6 15 -6 15 -5 0 0 0 0 0 0 0 0 0 0 0 0 0 0 0 0 0 0 0 0 0 0 14 -6 15 -6 15 -5 15 -4 16 -4 17 -4 17 -3 18 -3 18 -3 18 -2 19 -2 19 -2 19 -1 19 -1 19 -1 19 -2 19 -2 19 -2 19 -2 19 -3 20 -4 20 -3 21 -4 21 -3 21 -4 21 -4 ]
2025-05-21 15:10:05,CSI_DATA,STA,D8:B1:90:DB:E8:90,-32,11,1,7,0,0,1,0,0,0,1,-94,0,2,0,264601850,0,110,0,0,86164.3,256,[110 96 6 0 -23 8 -22 8 -22 9 -22 9 -21 9 -21 9 -20 9 -19 11 -19 11 -19 11 -18 11 -18 11 -17 11 -18 12 -18 11 -17 12 -17 11 -17 11 -17 11 -17 11 -17 10 -17 9 -17 8 -17 8 -18 6 0 0 0 0 0 0 0 0 0 0 0 0 0 0 0 0 0 0 0 0 0 0 -15 8 -16 7 -17 6 -17 6 -18 6 -19 5 -19 5 -20 5 -20 4 -21 4 -21 4 -22 3 -21 3 -22 3 -21 5 -22 5 -22 5 -22 6 -22 6 -22 7 -22 7 -22 7 -23 8 -22 7 -23 8 -23 8 ]
2025-05-21 15:10:07,CSI_DATA,STA,D8:B1:90:DB:E8:90,-31,11,1,7,0,0,1,1,0,0,1,-94,0,2,0,266622369,0,110,0,0,86166.3,256,[110 96 6 0 -10 -20 -10 -20 -9 -19 -10 -19 -10 -18 -10 -18 -10 -18 -11 -18 -11 -17 -11 -17 -12 -17 -12 -16 -12 -16 -12 -15 -12 -16 -12 -16 -12 -16 -11 -16 -11 -16 -10 -16 -10 -15 -9 -15 -9 -16 -9 -16 -8 -16 0 0 0 0 0 0 0 0 0 0 0 0 0 0 0 0 0 0 0 0 0 0 -9 -13 -8 -13 -9 -14 -8 -15 -8 -15 -8 -15 -8 -16 -8 -17 -7 -18 -7 -18 -7 -19 -7 -19 -7 -19 -7 -19 -7 -19 -7 -19 -7 -19 -7 -19 -8 -19 -8 -19 -9 -
2025-05-21 15:10:09,CSI_DATA,STA,D8:B1:90:DB:E8:90,-31,11,1,7,0,0,1,1,0,0,1,-94,0,2,0,269617253,0,110,0,0,86169.3,256,[110 96 6 0 -23 4 -22 5 -22 5 -21 5 -20 6 -20 6 -19 6 -19 8 -19 8 -19 8 -19 8 -18 9 -18 9 -19 9 -18 9 -18 8 -17 8 -17 8 -17 7 -17 7 -17 6 -17 6 -17 5 -17 4 -17 3 0 0 0 0 0 0 0 0 0 0 0 0 0 0 0 0 0 0 0 0 0 0 -16 4 -16 3 -17 3 -17 2 -18 2 -18 2 -19 1 -20 1 -20 1 -21 0 -21 1 -21 0 -21 0 -21 0 -21 0 -21 0 -21 1 -21 1 -21 2 -22 2 -22 3 -22 3 -22 3 -23 3 -22 3 -22 3 ]
2025-05-21 15:10:10,CSI_DATA,STA,D8:B1:90:DB:E8:90,-31,11,1,7,0,0,1,1,0,0,1,-94,0,2,0,270120940,0,110,0,0,86169.8,256,[110 96 6 0 19 10 18 9 18 9 18 9 18 8 18 8 18 8 18 7 18 6 18 6 18 6 18 6 18 6 18 6 18 5 18 6 18 6 17 6 17 7 16 5 16 6 15 6 15 6 15 6 14 7 0 0 0 0 0 0 0 0 0 0 0 0 0 0 0 0 0 0 0 0 0 0 14 3 14 4 15 6 14 6 15 7 15 7 15 8 15 8 16 9 16 9 16 10 15 10 16 11 16 11 16 11 16 10 16 10 16 10 17 10 17 10 17 10 18 10 18 10 18 10 19 10 18 10 ]
2025-05-21 15:10:12,CSI_DATA,STA,D8:B1:90:DB:E8:90,-31,11,1,7,0,0,1,1,0,0,1,-94,0,2,0,271637618,0,110,0,0,86171.3,256,[110 96 6 0 4 26 4 25 4 26 5 24 4 25 5 23 5 24 5 23 6 23 6 23 7 23 7 22 7 22 7 22 6 22 7 23 6 23 6 22 5 22 4 21 4 20 3 20 3 20 2 21 1 21 0 0 0 0 0 0 0 0 0 0 0 0 0 0 0 0 0 0 0 0 0 0 5 18 3 18 4 19 3 20 3 21 1 21 2 22 2 22 2 22 2 24 1 24 1 24 1 24 1 24 1 23 1 24 1 24 1 24 2 24 2 25 2 25 3 25 3 26 4 26 4 26 3 27 ]
2025-05-21 15:10:12,CSI_DATA,STA,D8:B1:90:DB:E8:90,-32,11,1,7,0,0,1,1,0,0,1,-94,0,2,0,272627163,0,110,0,0,86172.3,256,[110 96 6 0 11 -23 11 -24 11 -23 10 -24 10 -24 9 -24 9 -24 7 -24 6 -24 6 -24 5 -24 5 -24 5 -24 5 -23 6 -24 5 -24 6 -24 6 -23 7 -22 7 -22 8 -21 7 -21 8 -20 9 -20 10 -19 0 0 0 0 0 0 0 0 0 0 0 0 0 0 0 0 0 0 0 0 0 0 6 -18 7 -19 8 -19 9 -19 10 -19 11 -19 10 -20 12 -20 12 -20 12 -21 13 -21 13 -21 13 -21 13 -21 14 -21 14 -20 14 -21 14 -21 13 -22 13 -22 13 -23 13 -23 13 -23 12 -24 13 -24 13 -24 ]
2025-05-21 15:10:13,CSI_DATA,STA,D8:B1:90:DB:E8:90,-31,11,1,7,0,0,1,1,0,0,1,-94,0,2,0,273126383,0,110,0,0,86172.8,256,[110 96 6 0 1 24 1 24 1 23 3 23 4 23 3 23 4 22 5 21 5 20 5 20 6 20 6 21 7 21 6 20 6 21 6 21 6 21 5 20 5 20 4 20 4 19 3 19 2 19 1 18 0 19 0 0 0 0 0 0 0 0 0 0 0 0 0 0 0 0 0 0 0 0 0 0 4 16 3 16 2 18 1 18 1 18 0 19 0 20 -1 20 -1 21 -2 21 -1 21 -2 21 -1 21 -2 21 -2 22 -2 22 -2 22 -1 22 -1 22 0 22 0 22 1 23 1 22 1 23 1 24 0 24 ]
2025-05-21 15:10:14,CSI_DATA,STA,D8:B1:90:DB:E8:90,-31,11,1,7,0,0,1,1,0,0,1,-94,0,2,0,274127262,0,110,0,0,86173.8,256,[110 96 6 0 13 16 13 15 14 14 14 15 14 14 14 14 15 14 14 13 14 12 15 12 15 12 15 11 15 11 15 11 14 11 15 11 14 11 14 11 14 11 13 11 13 11 12 11 11 11 11 12 10 12 0 0 0 0 0 0 0 0 0 0 0 0 0 0 0 0 0 0 0 0 0 0 11 10 10 11 10 12 9 13 10 14 9 14 9 14 9 15 9 15 9 16 8 16 8 17 9 17 9 17 9 17 9 17 9 16 9 16 10 17 10 17 11 17 12 17 12 17 12 17 12 17 12 16 ]
2025-05-21 15:10:17,CSI_DATA,STA,D8:B1:90:DB:E8:90,-31,11,1,7,0,0,1,1,0,0,1,-94,0,2,0,276648808,0,110,0,0,86176.4,256,[110 96 6 0 -14 19 -14 20 -14 20 -13 19 -13 19 -13 19 -12 19 -12 19 -12 19 -11 19 -10 19 -9 20 -9 21 -9 20 -10 20 -9 20 -10 20 -10 19 -10 18 -11 18 -10 17 -11 16 -11 16 -12 16 -13 15 0 0 0 0 0 0 0 0 0 0 0 0 0 0 0 0 0 0 0 0 0 0 -9 14 -10 14 -10 15 -11 14 -11 14 -13 15 -14 15 -14 15 -15 15 -15 15 -15 16 -15 16 -15 16 -16 16 -16 16 -16 16 -16 17 -15 17 -15 17 -15 17 -15 17 -15 17 -15 19 -15 19 -
2025-05-21 15:10:17,CSI_DATA,STA,D8:B1:90:DB:E8:90,-32,11,1,7,0,0,1,1,0,0,1,-94,0,2,0,277135472,0,110,0,0,86176.8,256,[110 96 6 0 -18 -13 -18 -13 -17 -12 -17 -12 -17 -12 -17 -11 -17 -11 -17 -10 -17 -9 -17 -9 -17 -9 -18 -9 -18 -9 -17 -9 -18 -9 -18 -9 -17 -9 -17 -9 -16 -9 -16 -9 -15 -10 -15 -9 -14 -10 -14 -10 -14 -11 0 0 0 0 0 0 0 0 0 0 0 0 0 0 0 0 0 0 0 0 0 0 -13 -8 -13 -10 -12 -11 -12 -12 -12 -12 -12 -12 -13 -12 -13 -12 -13 -13 -13 -14 -13 -14 -13 -14 -13 -14 -13 -14 -14 -14 -13 -14 -14 -14 -14 -14 -15 -14 -
2025-05-21 15:10:21,CSI_DATA,STA,D8:B1:90:DB:E8:90,-32,11,1,7,0,0,1,1,0,0,1,-94,0,2,0,281154747,0,110,0,0,86180.9,256,[110 96 6 0 -22 1 -23 1 -21 1 -22 2 -21 3 -21 3 -20 3 -20 4 -20 4 -20 4 -20 4 -19 4 -19 5 -19 4 -20 4 -19 4 -19 4 -19 3 -18 3 -18 3 -18 3 -17 2 -17 2 -18 1 -18 0 0 0 0 0 0 0 0 0 0 0 0 0 0 0 0 0 0 0 0 0 0 0 -16 2 -17 1 -16 0 -17 0 -17 -1 -18 -1 -18 -1 -18 -2 -19 -2 -19 -3 -20 -2 -20 -2 -20 -3 -20 -3 -20 -3 -20 -2 -21 -2 -20 -2 -21 -2 -21 -1 -21 -1 -21 -1 -21 0 -22 -1 -22 0 -22 0 ]
2025-05-21 15:10:22,CSI_DATA,STA,D8:B1:90:DB:E8:90,-32,11,1,7,0,0,1,1,0,0,1,-94,0,2,0,282175474,0,110,0,0,86181.9,256,[110 96 6 0 -18 20 -17 19 -17 20 -16 18 -15 18 -15 18 -14 18 -14 19 -14 19 -14 19 -14 19 -13 20 -12 20 -13 20 -13 19 -13 19 -13 19 -13 18 -13 17 -14 17 -14 16 -14 16 -15 15 -14 15 -15 14 0 0 0 0 0 0 0 0 0 0 0 0 0 0 0 0 0 0 0 0 0 0 -12 14 -13 13 -13 14 -14 13 -15 13 -16 13 -16 14 -17 14 -17 15 -18 14 -19 14 -19 14 -19 14 -19 14 -18 15 -19 15 -18 15 -18 16 -17 15 -17 16 -18 17 -17 17 -18 18 -18
2025-05-21 15:10:23,CSI_DATA,STA,D8:B1:90:DB:E8:90,-32,11,1,7,0,0,1,1,0,0,1,-94,0,2,0,282683359,0,110,0,0,86182.4,256,[110 96 6 0 19 -15 19 -15 19 -15 19 -14 18 -15 18 -15 17 -15 17 -16 17 -15 17 -15 16 -15 16 -15 16 -15 16 -16 16 -15 16 -15 16 -15 16 -15 15 -14 15 -14 15 -13 16 -12 16 -11 16 -10 17 -9 0 0 0 0 0 0 0 0 0 0 0 0 0 0 0 0 0 0 0 0 0 0 14 -12 15 -11 15 -11 16 -10 16 -9 17 -9 17 -10 18 -10 19 -10 19 -9 20 -10 20 -10 20 -9 20 -10 20 -10 20 -10 20 -10 20 -11 19 -12 19 -12 19 -13 20 -14 19 -14 20 -14 2
2025-05-21 15:10:23,CSI_DATA,STA,D8:B1:90:DB:E8:90,-33,11,1,7,0,0,1,1,0,0,1,-94,0,2,0,283199313,0,110,0,0,86182.9,256,[110 96 6 0 -21 3 -21 3 -21 3 -21 3 -20 4 -20 4 -19 5 -19 5 -18 5 -18 5 -18 5 -19 6 -19 6 -19 6 -18 6 -18 6 -18 6 -18 6 -17 5 -17 5 -17 4 -16 4 -17 3 -17 2 -17 2 0 0 0 0 0 0 0 0 0 0 0 0 0 0 0 0 0 0 0 0 0 0 -16 2 -16 1 -16 0 -17 0 -17 -1 -18 -1 -18 -1 -19 -1 -19 -2 -19 -2 -20 -3 -19 -3 -19 -3 -20 -3 -20 -3 -20 -3 -20 -2 -20 -2 -20 -2 -20 -1 -21 0 -21 0 -21 1 -21 1 -22 1 -21 1 ]
2025-05-21 15:10:25,CSI_DATA,STA,D8:B1:90:DB:E8:90,-34,11,1,7,0,0,1,1,0,0,1,-94,0,2,0,285189237,0,110,0,0,86184.9,256,[110 96 6 0 -25 -4 -25 -4 -24 -4 -24 -4 -23 -3 -24 -3 -23 -3 -23 -2 -22 -2 -22 -2 -22 -2 -22 -2 -23 -2 -22 -2 -22 -2 -21 -2 -21 -2 -21 -3 -20 -3 -20 -4 -19 -4 -18 -4 -18 -5 -18 -6 -18 -7 0 0 0 0 0 0 0 0 0 0 0 0 0 0 0 0 0 0 0 0 0 0 8 -7 9 -7 4 -7 5 -7 5 -7 6 -6 -21 1 -22 0 -22 -1 -22 -1 -23 -2 -23 -3 -23 -3 -23 -3 -23 -4 -23 -4 -23 -4 -23 -3 -24 -4 -24 -4 -24 -3 -25 -4 -24 -3 -25 -3 -25 -3 -25
2025-05-21 15:10:26,CSI_DATA,STA,D8:B1:90:DB:E8:90,-33,11,1,7,0,0,1,1,0,0,1,-94,0,2,0,285690784,0,110,0,0,86185.4,256,[110 96 6 0 -24 4 -24 4 -23 5 -23 6 -22 6 -22 6 -21 6 -21 7 -20 7 -21 7 -20 7 -20 9 -19 9 -19 9 -19 9 -19 9 -19 8 -19 8 -19 7 -18 7 -18 7 -18 6 -18 5 -18 4 -18 3 0 0 0 0 0 0 0 0 0 0 0 0 0 0 0 0 0 0 0 0 0 0 -17 4 -18 3 -18 4 -18 3 -19 3 -19 2 -20 2 -20 2 -21 1 -21 1 -22 1 -22 0 -22 0 -22 0 -21 0 -22 1 -22 1 -22 1 -23 2 -23 2 -23 2 -23 3 -23 3 -23 3 -23 3 -24 4 ]
2025-05-21 15:10:26,CSI_DATA,STA,D8:B1:90:DB:E8:90,-33,11,1,7,0,0,1,1,0,0,1,-94,0,2,0,286189324,0,110,0,0,86185.9,256,[110 96 6 0 -21 -13 -20 -12 -20 -12 -20 -12 -20 -12 -20 -11 -20 -11 -20 -10 -20 -10 -20 -10 -20 -10 -20 -9 -20 -8 -19 -8 -20 -9 -20 -9 -19 -9 -19 -10 -18 -10 -18 -10 -18 -10 -17 -10 -16 -11 -15 -11 -15 -12 0 0 0 0 0 0 0 0 0 0 0 0 0 0 0 0 0 0 0 0 0 0 -15 -9 -14 -10 -14 -12 -14 -13 -14 -13 -14 -13 -15 -14 -15 -14 -15 -15 -14 -15 -15 -15 -14 -16 -15 -16 -15 -16 -16 -16 -16 -16 -17 -16 -16 -15 -1
2025-05-21 15:10:27,CSI_DATA,STA,D8:B1:90:DB:E8:90,-32,11,1,6,0,0,1,0,0,0,1,-94,0,2,0,287191501,0,110,0,0,86186.9,256,[110 96 6 0 -19 5 -16 2 -11 0 -9 -4 -7 -8 -6 -11 -7 -15 -7 -18 -9 -21 -11 -23 -13 -24 -15 -23 -17 -22 -17 -20 -17 -18 -15 -15 -13 -13 -10 -10 -6 -8 -2 -7 2 -7 6 -6 10 -6 13 -7 16 -8 0 0 0 0 0 0 0 0 0 0 0 0 0 0 0 0 0 0 0 0 0 0 3 4 1 8 -2 10 -4 14 -4 16 -5 20 -5 22 -4 24 -4 24 -3 24 -3 22 -2 20 -3 17 -3 13 -4 9 -6 5 -9 2 -12 -1 -16 -2 -20 -3 -24 -2 -27 -2 -28 0 -30 1 -29 3 -29 4 ]
2025-05-21 15:10:29,CSI_DATA,STA,D8:B1:90:DB:E8:90,-32,11,1,6,0,0,1,0,0,0,1,-94,0,2,0,288720687,0,110,0,0,86188.4,256,[110 96 6 0 -7 24 -7 23 -7 24 -6 24 -6 24 -5 24 -4 23 -5 24 -4 24 -5 23 -3 23 -3 23 -3 22 -4 23 -4 22 -4 23 -4 22 -4 22 -4 21 -5 20 -5 19 -5 19 -6 19 -7 19 -8 19 0 0 0 0 0 0 0 0 0 0 0 0 0 0 0 0 0 0 0 0 0 0 -2 18 -4 18 -4 18 -5 18 -6 19 -7 18 -7 19 -8 19 -8 20 -9 20 -10 20 -10 21 -9 21 -10 21 -10 20 -10 21 -10 21 -10 21 -8 21 -7 22 -7 23 -7 23 -7 23 -7 23 -7 23 -8 25 ]
2025-05-21 15:10:29,CSI_DATA,STA,D8:B1:90:DB:E8:90,-32,11,1,7,0,0,1,0,0,0,0,-94,0,2,0,289215790,0,110,0,0,86188.9,256,[110 96 6 0 15 16 15 15 15 15 15 14 15 14 15 14 15 14 15 13 16 12 16 12 16 11 17 11 17 11 16 11 16 11 16 11 15 11 15 11 14 12 14 11 13 11 12 12 12 12 12 12 11 13 0 0 0 0 0 0 0 0 0 0 0 0 0 0 0 0 0 0 0 0 0 0 13 8 12 9 11 10 11 11 11 12 11 12 12 13 11 13 11 14 11 15 12 15 12 15 12 15 12 16 12 16 12 15 12 15 12 15 13 16 13 16 13 16 13 16 14 15 15 15 15 15 15 16 ]
2025-05-21 15:10:33,CSI_DATA,STA,D8:B1:90:DB:E8:90,-32,11,1,5,0,0,1,0,0,0,1,-94,0,2,0,292724628,0,110,0,0,86192.4,256,[110 96 6 0 1 27 1 27 0 26 1 26 2 25 1 25 2 25 3 24 4 24 4 24 4 23 5 24 5 24 5 23 5 24 5 23 4 23 4 23 4 22 3 22 2 21 1 21 1 21 1 21 -1 21 0 0 0 0 0 0 0 0 0 0 0 0 0 0 0 0 0 0 0 0 0 0 3 17 2 18 1 19 0 20 0 20 -1 20 -1 21 -2 22 -2 22 -3 23 -4 23 -4 23 -3 23 -3 23 -3 23 -4 23 -3 24 -3 24 -2 24 -2 25 -1 25 -1 25 -1 26 0 26 -1 26 -1 26 ]
2025-05-21 15:10:33,CSI_DATA,STA,D8:B1:90:DB:E8:90,-31,11,1,6,0,0,1,0,0,0,1,-94,0,2,0,293224963,0,110,0,0,86192.9,256,[110 96 6 0 14 -13 12 -9 9 -4 8 2 6 8 6 13 6 18 7 22 8 26 9 28 11 30 13 30 14 30 14 29 13 27 13 23 11 19 9 15 5 10 2 6 -1 1 -5 -2 -8 -6 -10 -9 -12 -12 0 0 0 0 0 0 0 0 0 0 0 0 0 0 0 0 0 0 0 0 0 0 -3 3 -7 2 -12 0 -16 0 -19 -1 -24 -1 -26 -2 -28 -1 -30 -1 -29 0 -28 0 -26 0 -22 1 -18 2 -13 1 -7 -1 -2 -1 3 -4 9 -6 13 -9 17 -13 19 -15 20 -18 21 -19 21 -20 21 -20 ]
2025-05-21 15:10:34,CSI_DATA,STA,D8:B1:90:DB:E8:90,-31,11,1,6,0,0,1,0,0,0,1,-94,0,2,0,293738541,0,110,0,0,86193.4,256,[110 96 6 0 -19 7 -15 3 -12 0 -8 -5 -5 -10 -3 -15 -2 -20 -2 -24 -1 -28 -2 -31 -4 -33 -5 -33 -6 -33 -7 -32 -8 -29 -7 -26 -6 -21 -5 -17 -3 -12 -1 -7 1 -2 3 3 6 7 8 11 9 13 0 0 0 0 0 0 0 0 0 0 0 0 0 0 0 0 0 0 0 0 0 0 3 -3 6 1 9 3 12 6 16 9 19 11 21 12 23 13 25 13 24 12 23 12 22 10 18 8 14 6 10 4 5 2 -1 1 -6 1 -11 1 -17 3 -21 4 -24 6 -27 8 -28 9 -28 10 -28 10 ]
2025-05-21 15:10:34,CSI_DATA,STA,D8:B1:90:DB:E8:90,-31,11,1,6,0,0,1,0,0,0,1,-94,0,2,0,294247480,0,110,0,0,86193.9,256,[110 96 6 0 -19 -10 -13 -9 -8 -8 -2 -9 3 -9 9 -11 13 -13 17 -16 20 -18 22 -20 23 -23 23 -24 22 -25 21 -26 18 -24 16 -22 13 -18 10 -15 7 -10 4 -6 2 -1 -1 4 -3 8 -5 12 -6 15 0 0 0 0 0 0 0 0 0 0 0 0 0 0 0 0 0 0 0 0 0 0 3 0 3 5 4 9 4 13 5 18 5 21 6 24 7 26 8 27 8 27 8 25 8 23 7 20 6 15 4 10 3 6 -1 1 -5 -4 -9 -7 -13 -10 -17 -12 -21 -14 -24 -15 -26 -15 -27 -14 -26 -14 ]
2025-05-21 15:10:35,CSI_DATA,STA,D8:B1:90:DB:E8:90,-31,11,1,5,0,0,1,0,0,0,0,-94,0,2,0,294743680,0,110,0,0,86194.4,256,[110 96 6 0 -16 -15 -12 -13 -7 -11 -2 -11 3 -12 8 -12 13 -15 17 -17 19 -19 21 -22 21 -24 21 -26 19 -27 17 -27 15 -26 13 -24 10 -21 8 -17 6 -12 5 -7 4 -2 3 3 2 8 2 12 2 15 0 0 0 0 0 0 0 0 0 0 0 0 0 0 0 0 0 0 0 0 0 0 2 4 -1 7 -4 10 -7 13 -9 16 -11 19 -12 22 -12 24 -12 26 -12 27 -10 25 -9 23 -8 21 -6 17 -5 13 -3 7 -4 2 -4 -4 -7 -9 -9 -13 -12 -17 -15 -19 -18 -21 -20 -22 -21 -22 -21 -21 ]
2025-05-21 15:10:35,CSI_DATA,STA,D8:B1:90:DB:E8:90,-31,11,1,6,0,0,1,0,0,0,1,-94,0,2,0,295242542,0,110,0,0,86194.9,256,[110 96 6 0 13 15 9 13 4 10 -1 8 -7 7 -12 6 -17 7 -22 8 -26 9 -28 10 -31 12 -31 14 -30 16 -28 16 -26 15 -23 14 -19 12 -15 9 -11 6 -7 2 -3 -2 0 -6 4 -9 7 -12 9 -15 0 0 0 0 0 0 0 0 0 0 0 0 0 0 0 0 0 0 0 0 0 0 -3 -3 -1 -7 1 -11 3 -15 5 -19 6 -22 6 -25 7 -27 6 -28 6 -29 6 -27 5 -24 3 -22 3 -18 2 -13 1 -6 1 -1 3 4 5 9 8 14 11 18 14 20 16 23 17 24 19 24 18 23 ]
2025-05-21 15:10:39,CSI_DATA,STA,D8:B1:90:DB:E8:90,-32,11,1,6,0,0,1,0,0,0,1,-94,0,2,0,299264528,0,110,0,0,86199,256,[110 96 6 0 -22 12 -22 12 -22 13 -22 13 -21 13 -21 13 -20 13 -20 14 -20 14 -20 14 -20 14 -19 14 -19 14 -20 15 -19 15 -19 15 -20 15 -19 14 -19 14 -18 13 -18 12 -18 11 -19 10 -20 10 -20 9 0 0 0 0 0 0 0 0 0 0 0 0 0 0 0 0 0 0 0 0 0 0 -15 9 -15 8 -16 8 -16 7 -17 7 -18 7 -19 8 -19 7 -20 7 -20 7 -21 7 -21 6 -21 6 -22 6 -21 7 -21 7 -21 8 -22 8 -22 8 -22 9 -22 9 -22 10 -21 12 -22 11 -22 11 -23 12 ]
2025-05-21 15:10:40,CSI_DATA,STA,D8:B1:90:DB:E8:90,-32,11,1,7,0,0,1,0,0,0,1,-94,0,2,0,299773849,0,110,0,0,86199.5,256,[110 96 6 0 17 17 18 17 17 16 17 15 17 16 17 15 17 14 18 14 19 13 19 13 19 12 20 12 20 12 20 12 19 12 19 13 18 13 18 13 17 13 16 12 16 13 15 13 14 13 14 14 13 15 0 0 0 0 0 0 0 0 0 0 0 0 0 0 0 0 0 0 0 0 0 0 11 9 11 11 10 12 12 12 10 13 11 13 11 14 12 13 12 15 12 15 11 16 10 16 12 16 11 17 12 16 12 18 12 16 13 17 14 17 15 16 15 17 16 16 16 16 16 16 17 16 17 18 ]
2025-05-21 15:10:44,CSI_DATA,STA,D8:B1:90:DB:E8:90,-32,11,1,7,0,0,1,0,0,0,1,-94,0,2,0,304280260,0,110,0,0,86204,256,[110 96 6 0 8 -25 7 -25 8 -25 7 -24 6 -24 6 -24 5 -24 5 -24 5 -24 4 -24 4 -24 3 -23 3 -23 4 -23 4 -23 4 -23 4 -22 5 -22 5 -22 5 -22 5 -21 6 -20 7 -20 8 -20 9 -20 0 0 0 0 0 0 0 0 0 0 0 0 0 0 0 0 0 0 0 0 0 0 4 -17 5 -17 5 -18 6 -18 6 -18 7 -18 8 -19 9 -19 9 -19 10 -20 10 -20 10 -20 10 -20 10 -19 10 -20 11 -20 10 -21 10 -21 9 -22 9 -21 9 -22 10 -23 9 -24 8 -24 9 -24 9 -24 ]
2025-05-21 15:10:49,CSI_DATA,STA,D8:B1:90:DB:E8:90,-31,11,1,7,0,0,1,0,0,0,1,-94,0,2,0,309296626,0,110,0,0,86209,256,[110 96 6 0 10 -24 10 -25 10 -24 10 -25 9 -24 9 -24 8 -24 8 -25 7 -24 7 -24 6 -24 6 -24 6 -24 6 -24 7 -24 6 -24 7 -24 7 -23 8 -23 8 -22 8 -22 8 -21 9 -21 9 -20 11 -19 0 0 0 0 0 0 0 0 0 0 0 0 0 0 0 0 0 0 0 0 0 0 5 -18 7 -18 7 -18 8 -19 8 -18 10 -19 10 -18 11 -19 12 -19 12 -19 12 -20 13 -20 13 -20 13 -20 12 -20 12 -20 12 -21 12 -21 11 -22 11 -22 10 -23 11 -23 10 -23 10 -24 11 -24 11 -25 ]
2025-05-21 15:10:52,CSI_DATA,STA,D8:B1:90:DB:E8:90,-32,11,1,7,0,0,1,0,0,0,1,-94,0,2,0,311798570,0,110,0,0,86211.5,256,[110 96 6 0 14 16 14 17 14 16 15 16 15 16 15 15 15 14 15 14 14 14 15 14 15 14 16 13 16 13 16 12 16 13 15 13 15 13 14 13 14 13 14 13 13 13 12 13 12 14 11 14 10 15 0 0 0 0 0 0 0 0 0 0 0 0 0 0 0 0 0 0 0 0 0 0 10 10 9 11 9 12 9 13 9 13 9 14 9 14 8 14 9 15 8 16 8 16 8 16 8 17 8 17 9 18 8 16 9 17 9 17 11 17 11 17 12 17 12 17 12 16 13 17 13 17 13 17 ]
2025-05-21 15:10:52,CSI_DATA,STA,D8:B1:90:DB:E8:90,-31,11,1,6,0,0,1,1,0,0,1,-94,0,2,0,312299125,0,110,0,0,86212,256,[110 96 6 0 -4 -20 -1 -14 3 -9 7 -4 11 1 15 5 19 8 24 10 27 12 30 12 32 12 34 11 33 10 32 9 29 7 26 6 20 4 15 3 9 1 3 0 -3 -1 -8 -2 -13 -3 -17 -4 -21 -6 0 0 0 0 0 0 0 0 0 0 0 0 0 0 0 0 0 0 0 0 0 0 1 5 -1 9 -3 13 -5 17 -7 22 -7 25 -8 28 -9 29 -9 30 -9 30 -8 28 -7 24 -5 21 -4 16 -3 10 -1 3 -1 -3 -1 -9 -1 -15 -2 -20 -3 -25 -4 -29 -6 -32 -7 -32 -7 -33 -6 -32 ]
2025-05-21 15:10:53,CSI_DATA,STA,D8:B1:90:DB:E8:90,-32,11,1,7,0,0,1,1,0,0,1,-94,0,2,0,312800252,0,110,0,0,86212.5,256,[110 96 6 0 -14 23 -14 23 -14 23 -13 22 -13 22 -13 22 -12 22 -12 22 -11 22 -11 22 -10 22 -10 22 -10 22 -11 22 -11 22 -11 22 -11 21 -12 20 -12 20 -12 19 -12 18 -12 18 -12 17 -13 18 -14 17 0 0 0 0 0 0 0 0 0 0 0 0 0 0 0 0 0 0 0 0 0 0 -9 16 -10 15 -10 16 -11 16 -12 16 -13 16 -14 16 -14 17 -15 16 -15 17 -15 17 -15 18 -15 18 -15 18 -15 18 -15 18 -15 19 -15 19 -14 19 -15 20 -15 20 -15 21 -14 21 -14
2025-05-21 15:10:53,CSI_DATA,STA,D8:B1:90:DB:E8:90,-32,11,1,7,0,0,1,1,0,0,1,-94,0,2,0,313300245,0,110,0,0,86213,256,[110 96 6 0 -24 11 -24 10 -23 11 -24 11 -22 11 -23 11 -22 12 -21 13 -21 12 -21 12 -20 13 -21 13 -21 13 -20 13 -21 13 -20 12 -20 12 -20 12 -19 11 -20 10 -20 10 -19 9 -19 8 -20 8 -20 7 0 0 0 0 0 0 0 0 0 0 0 0 0 0 0 0 0 0 0 0 0 0 -16 8 -17 8 -17 7 -18 7 -18 6 -19 6 -20 7 -20 6 -21 6 -22 6 -22 6 -23 6 -22 6 -23 6 -23 6 -23 6 -23 7 -23 7 -23 8 -23 8 -23 9 -23 9 -23 10 -23 10 -24 10 -25 11 ]
2025-05-21 15:10:54,CSI_DATA,STA,D8:B1:90:DB:E8:90,-32,11,1,7,0,0,1,1,0,0,1,-94,0,2,0,313802148,0,110,0,0,86213.5,256,[110 96 6 0 1 27 1 26 1 26 2 25 2 25 2 25 3 25 3 24 3 24 3 24 4 24 4 23 4 23 3 23 3 23 3 23 2 23 2 22 2 22 1 22 1 21 0 21 -1 21 -1 21 -2 21 0 0 0 0 0 0 0 0 0 0 0 0 0 0 0 0 0 0 0 0 0 0 2 18 1 18 0 19 -1 18 -1 20 -2 19 -2 20 -2 20 -3 21 -3 22 -4 22 -4 23 -4 23 -4 23 -3 23 -3 24 -3 23 -3 24 -1 24 0 24 0 25 1 25 1 26 1 26 1 26 0 26 ]
2025-05-21 15:10:56,CSI_DATA,STA,D8:B1:90:DB:E8:90,-32,11,1,7,0,0,1,1,0,0,1,-94,0,2,0,315808309,0,110,0,0,86215.5,256,[110 96 6 0 12 17 12 17 12 17 13 17 13 17 13 16 13 16 13 15 13 15 13 14 13 14 14 15 14 15 13 15 14 15 14 15 13 15 13 15 13 14 11 14 11 14 11 14 10 14 9 15 9 15 0 0 0 0 0 0 0 0 0 0 0 0 0 0 0 0 0 0 0 0 0 0 10 10 9 11 9 12 8 12 8 13 8 14 8 15 8 15 8 15 8 16 7 16 7 16 8 17 8 17 9 17 9 17 9 17 9 17 10 16 10 17 11 17 11 17 12 17 12 18 13 18 12 18 ]
2025-05-21 15:10:59,CSI_DATA,STA,D8:B1:90:DB:E8:90,-32,11,1,7,0,0,1,1,0,0,1,-94,0,2,0,319324921,0,110,0,0,86219,256,[110 96 6 0 -18 -18 -18 -17 -17 -17 -17 -16 -17 -15 -17 -15 -17 -14 -17 -14 -18 -13 -17 -13 -18 -13 -20 -13 -20 -12 -19 -12 -19 -13 -18 -12 -18 -13 -18 -12 -17 -13 -16 -12 -16 -12 -15 -12 -14 -13 -15 -14 -14 -15 0 0 0 0 0 0 0 0 0 0 0 0 0 0 0 0 0 0 0 0 0 0 -14 -10 -13 -11 -13 -13 -12 -13 -13 -14 -12 -14 -12 -15 -12 -15 -12 -16 -12 -17 -12 -16 -12 -17 -12 -18 -12 -18 -13 -17 -13 -17 -13 -17 -13 -
2025-05-21 15:11:00,CSI_DATA,STA,D8:B1:90:DB:E8:90,-32,11,1,7,0,0,1,1,0,0,1,-94,0,2,0,320345695,0,110,0,0,86220,256,[110 96 6 0 -24 3 -24 3 -24 4 -23 3 -22 4 -22 5 -22 5 -21 6 -22 6 -21 6 -21 6 -21 7 -21 7 -21 7 -21 7 -20 7 -20 7 -20 6 -19 6 -20 6 -20 6 -19 5 -19 4 -18 3 -19 2 0 0 0 0 0 0 0 0 0 0 0 0 0 0 0 0 0 0 0 0 0 0 -16 5 -17 4 -17 3 -18 2 -18 2 -19 2 -19 2 -19 2 -19 2 -20 1 -21 0 -21 0 -21 0 -21 0 -21 0 -22 0 -22 1 -22 1 -22 1 -22 2 -23 2 -23 2 -23 3 -24 2 -23 3 -24 3 ]
2025-05-21 15:11:01,CSI_DATA,STA,D8:B1:90:DB:E8:90,-32,11,1,7,0,0,1,1,0,0,1,-94,0,2,0,320855288,0,110,0,0,86220.6,256,[110 96 6 0 -27 3 -26 3 -26 3 -26 4 -25 4 -25 4 -25 4 -24 5 -23 6 -23 6 -23 6 -24 7 -23 7 -23 7 -23 7 -23 7 -23 6 -23 6 -22 5 -22 5 -21 4 -21 4 -21 4 -21 3 -21 2 0 0 0 0 0 0 0 0 0 0 0 0 0 0 0 0 0 0 0 0 0 0 -18 3 -19 2 -19 1 -19 0 -19 0 -21 -1 -21 -1 -21 -2 -22 -2 -22 -2 -23 -1 -23 -1 -23 -2 -23 -2 -23 -2 -23 -2 -24 -1 -24 0 -25 0 -25 0 -25 0 -26 1 -26 2 -26 2 -26 2 -26 2 ]
2025-05-21 15:11:04,CSI_DATA,STA,D8:B1:90:DB:E8:90,-32,11,1,7,0,0,1,1,0,0,1,-94,0,2,0,324361303,0,110,0,0,86224.1,256,[110 96 6 0 11 -25 11 -25 11 -25 10 -24 10 -24 9 -24 9 -24 8 -24 9 -24 8 -24 7 -24 6 -24 6 -24 6 -24 6 -24 7 -24 7 -23 7 -23 8 -22 8 -22 8 -22 9 -21 9 -20 9 -20 10 -19 0 0 0 0 0 0 0 0 0 0 0 0 0 0 0 0 0 0 0 0 0 0 7 -17 8 -17 8 -18 9 -17 9 -18 11 -17 11 -18 12 -18 12 -18 13 -18 13 -20 13 -19 13 -19 13 -19 13 -19 13 -20 13 -20 13 -21 13 -21 12 -21 12 -21 11 -22 12 -23 11 -23 11 -24 13 -24 ]
2025-05-21 15:11:05,CSI_DATA,STA,D8:B1:90:DB:E8:90,-32,11,1,7,0,0,1,1,0,0,1,-94,0,2,0,324861443,0,110,0,0,86224.6,256,[110 96 6 0 12 19 13 19 12 19 13 19 13 18 14 18 14 18 13 17 13 16 14 16 14 16 14 16 14 16 14 16 14 15 14 16 14 16 13 16 13 15 13 15 12 15 11 16 11 16 10 17 9 17 0 0 0 0 0 0 0 0 0 0 0 0 0 0 0 0 0 0 0 0 0 0 10 12 9 13 8 13 8 14 8 15 8 15 8 15 8 16 8 16 8 17 7 18 7 18 8 18 8 18 8 18 8 18 8 18 9 18 10 18 10 18 10 18 11 18 11 19 12 20 12 19 12 20 ]
2025-05-21 15:11:05,CSI_DATA,STA,D8:B1:90:DB:E8:90,-32,11,1,7,0,0,1,1,0,0,1,-94,0,2,0,325367850,0,110,0,0,86225.1,256,[110 96 6 0 22 -5 22 -5 22 -5 22 -5 21 -6 21 -6 20 -6 20 -7 20 -7 20 -7 20 -7 20 -7 20 -8 20 -8 20 -7 19 -7 19 -7 19 -6 18 -6 19 -6 19 -5 19 -5 19 -4 18 -3 18 -2 0 0 0 0 0 0 0 0 0 0 0 0 0 0 0 0 0 0 0 0 0 0 16 -4 16 -3 16 -2 16 -2 16 -1 17 -1 18 -1 18 -1 19 -1 19 0 19 1 20 1 19 1 19 1 20 0 20 -1 20 -1 20 -1 21 -3 22 -3 22 -3 22 -4 22 -5 22 -4 22 -4 22 -5 ]
2025-05-21 15:11:18,CSI_DATA,STA,D8:B1:90:DB:E8:90,-32,11,1,7,0,0,1,1,0,0,1,-94,0,2,0,338398248,0,110,0,0,86238.1,256,[110 96 6 0 0 -22 0 -22 0 -22 0 -22 -1 -22 -1 -22 -2 -21 -2 -22 -2 -22 -2 -22 -3 -21 -3 -21 -3 -21 -3 -21 -3 -21 -3 -20 -3 -21 -2 -20 -2 -20 -2 -20 -2 -19 -1 -19 0 -19 0 -19 1 -19 0 0 0 0 0 0 0 0 0 0 0 0 0 0 0 0 0 0 0 0 0 0 -1 -15 0 -15 1 -16 2 -17 2 -17 3 -17 2 -18 3 -18 3 -19 4 -19 4 -19 4 -19 4 -20 4 -20 3 -20 4 -20 3 -20 3 -20 3 -21 2 -21 2 -22 1 -22 1 -22 1 -22 1 -22 2 -23 ]
2025-05-21 15:11:19,CSI_DATA,STA,D8:B1:90:DB:E8:90,-32,11,1,7,0,0,1,1,0,0,1,-94,0,2,0,338901062,0,110,0,0,86238.6,256,[110 96 6 0 -23 -7 -22 -6 -22 -6 -23 -5 -23 -5 -23 -5 -22 -4 -22 -3 -22 -3 -22 -3 -22 -2 -22 -2 -21 -2 -21 -2 -21 -2 -21 -2 -21 -3 -20 -3 -20 -3 -20 -3 -20 -4 -19 -4 -19 -5 -18 -6 -18 -7 0 0 0 0 0 0 0 0 0 0 0 0 0 0 0 0 0 0 0 0 0 0 -16 -2 -16 -3 -16 -5 -16 -5 -16 -6 -17 -6 -18 -7 -18 -7 -18 -8 -19 -8 -18 -9 -18 -9 -18 -10 -18 -10 -18 -9 -19 -9 -19 -9 -19 -9 -20 -8 -20 -7 -21 -7 -21 -7 -22 -7 -
2025-05-21 15:11:19,CSI_DATA,STA,D8:B1:90:DB:E8:90,-32,11,1,7,0,0,1,1,0,0,1,-94,0,2,0,339399163,0,110,0,0,86239.1,256,[110 96 6 0 -1 -23 -2 -24 -1 -23 -2 -23 -3 -22 -3 -22 -3 -21 -3 -21 -3 -20 -4 -21 -4 -21 -5 -21 -5 -21 -5 -21 -5 -21 -5 -21 -4 -21 -4 -20 -4 -20 -3 -19 -3 -19 -2 -18 -1 -19 -1 -19 0 -19 0 0 0 0 0 0 0 0 0 0 0 0 0 0 0 0 0 0 0 0 0 0 -2 -15 -1 -16 -1 -16 -1 -17 0 -17 1 -18 0 -18 1 -18 1 -18 1 -19 2 -19 2 -19 2 -20 2 -20 2 -21 2 -20 2 -21 2 -21 1 -21 0 -21 0 -21 0 -22 0 -22 -1 -22 0 -22 0 -23 ]
2025-05-21 15:11:20,CSI_DATA,STA,D8:B1:90:DB:E8:90,-32,11,1,7,0,0,1,1,0,0,1,-94,0,2,0,339901142,0,110,0,0,86239.6,256,[110 96 6 0 -8 25 -8 25 -8 26 -6 23 -6 23 -6 23 -5 23 -5 23 -4 23 -4 23 -3 23 -2 24 -2 24 -3 23 -2 23 -3 23 -3 23 -3 22 -3 22 -4 21 -4 21 -4 20 -5 20 -6 20 -7 19 0 0 0 0 0 0 0 0 0 0 0 0 0 0 0 0 0 0 0 0 0 0 -4 17 -5 16 -6 18 -7 18 -7 18 -8 18 -8 19 -9 19 -10 20 -10 20 -11 19 -11 20 -11 20 -11 20 -11 21 -11 21 -11 22 -10 22 -9 22 -9 22 -9 23 -9 23 -8 24 -8 24 -8 24 -9 25 ]
2025-05-21 15:11:23,CSI_DATA,STA,D8:B1:90:DB:E8:90,-32,11,1,7,0,0,1,1,0,0,1,-94,0,2,0,342963656,0,110,0,0,86242.7,256,[110 96 6 0 18 -19 19 -19 19 -19 18 -20 17 -20 16 -20 16 -20 15 -20 14 -20 14 -20 13 -20 13 -20 13 -20 14 -20 14 -20 13 -20 14 -19 14 -19 14 -18 14 -17 14 -16 14 -15 14 -15 15 -15 16 -14 0 0 0 0 0 0 0 0 0 0 0 0 0 0 0 0 0 0 0 0 0 0 12 -15 13 -15 13 -14 14 -14 15 -14 16 -14 16 -13 17 -14 18 -14 18 -14 19 -15 19 -14 19 -14 19 -14 19 -14 19 -14 19 -14 18 -14 19 -16 18 -16 18 -17 18 -17 19 -18 20
2025-05-21 15:11:25,CSI_DATA,STA,D8:B1:90:DB:E8:90,-32,11,1,7,0,0,1,1,0,0,1,-94,0,2,0,345457429,0,110,0,0,86245.2,256,[110 96 6 0 -24 7 -23 7 -23 8 -22 7 -21 8 -21 8 -21 8 -20 8 -20 9 -20 9 -20 9 -20 11 -19 11 -19 10 -19 10 -19 10 -19 9 -19 9 -19 8 -19 8 -18 7 -18 7 -18 7 -19 6 -19 4 0 0 0 0 0 0 0 0 0 0 0 0 0 0 0 0 0 0 0 0 0 0 -16 6 -16 5 -16 5 -17 5 -18 4 -18 4 -19 4 -19 4 -20 3 -20 3 -20 3 -20 3 -21 3 -20 3 -21 3 -22 4 -22 4 -22 4 -22 4 -22 5 -22 5 -23 5 -22 6 -22 6 -23 6 -23 7 ]
2025-05-21 15:11:26,CSI_DATA,STA,D8:B1:90:DB:E8:90,-32,11,1,7,0,0,1,1,0,0,1,-94,0,2,0,345957357,0,110,0,0,86245.7,256,[110 96 6 0 7 -25 7 -25 7 -26 6 -25 6 -24 6 -25 5 -24 5 -24 5 -24 4 -25 4 -24 3 -23 3 -24 3 -24 4 -24 3 -23 4 -23 4 -22 4 -22 5 -22 5 -21 6 -21 6 -20 7 -19 8 -19 0 0 0 0 0 0 0 0 0 0 0 0 0 0 0 0 0 0 0 0 0 0 5 -17 6 -17 6 -18 6 -18 7 -18 8 -18 8 -19 9 -19 9 -19 10 -20 11 -20 11 -20 11 -20 11 -20 10 -21 10 -22 9 -21 10 -22 9 -22 9 -22 8 -23 9 -23 8 -24 8 -25 8 -25 8 -25 ]
2025-05-21 15:11:27,CSI_DATA,STA,D8:B1:90:DB:E8:90,-32,11,1,7,0,0,1,1,0,0,1,-94,0,2,0,346967328,0,110,0,0,86246.7,256,[110 96 6 0 5 22 5 22 6 22 7 21 7 21 7 20 8 20 8 20 8 20 8 19 8 19 9 20 10 20 9 19 9 20 8 19 8 19 8 19 7 19 7 19 6 18 5 18 5 18 4 19 3 19 0 0 0 0 0 0 0 0 0 0 0 0 0 0 0 0 0 0 0 0 0 0 6 14 5 15 4 16 4 16 4 17 3 17 3 18 3 18 2 19 2 20 2 20 1 20 1 21 2 20 1 21 1 20 1 20 2 21 2 21 3 22 3 22 4 22 4 22 4 23 4 23 5 22 ]
2025-05-21 15:11:30,CSI_DATA,STA,D8:B1:90:DB:E8:90,-32,11,1,7,0,0,1,1,0,0,1,-94,0,2,0,349965229,0,110,0,0,86249.7,256,[110 96 6 0 -20 16 -21 17 -19 17 -19 16 -18 16 -18 16 -17 16 -17 17 -16 17 -16 17 -16 17 -15 18 -15 18 -16 17 -16 18 -16 17 -16 17 -16 17 -16 16 -16 16 -15 15 -16 14 -16 13 -16 13 -17 12 0 0 0 0 0 0 0 0 0 0 0 0 0 0 0 0 0 0 0 0 0 0 -13 13 -14 13 -14 12 -15 12 -15 11 -17 12 -17 12 -18 12 -18 12 -18 11 -19 12 -19 12 -19 11 -19 12 -19 12 -19 12 -20 13 -19 12 -19 13 -19 14 -20 14 -19 15 -19 15 -19
2025-05-21 15:11:30,CSI_DATA,STA,D8:B1:90:DB:E8:90,-32,11,1,7,0,0,1,1,0,0,1,-94,0,2,0,350465151,0,110,0,0,86250.2,256,[110 96 6 0 -24 5 -23 5 -24 5 -22 5 -21 6 -21 5 -21 6 -21 7 -21 7 -20 7 -20 7 -20 8 -20 8 -20 9 -20 8 -20 8 -20 8 -20 7 -19 7 -20 7 -19 6 -19 5 -19 5 -18 4 -18 3 0 0 0 0 0 0 0 0 0 0 0 0 0 0 0 0 0 0 0 0 0 0 -16 4 -16 3 -17 3 -17 2 -18 2 -18 1 -19 2 -20 2 -20 2 -21 1 -21 0 -21 0 -21 0 -21 0 -21 0 -21 1 -21 1 -21 1 -22 2 -22 2 -23 3 -23 3 -23 4 -23 4 -23 4 -24 4 ]
2025-05-21 15:11:37,CSI_DATA,STA,D8:B1:90:DB:E8:90,-32,11,1,7,0,0,1,1,0,0,1,-94,0,2,0,356987008,0,110,0,0,86256.7,256,[110 96 6 0 7 -25 7 -25 7 -25 6 -23 6 -24 5 -24 5 -24 5 -24 4 -24 4 -24 3 -24 3 -24 3 -24 3 -24 3 -23 4 -24 4 -23 4 -23 5 -22 5 -23 5 -22 6 -21 6 -21 7 -20 8 -19 0 0 0 0 0 0 0 0 0 0 0 0 0 0 0 0 0 0 0 0 0 0 4 -18 5 -18 6 -18 6 -18 7 -18 8 -18 7 -19 9 -19 9 -20 9 -20 10 -20 11 -20 10 -20 11 -20 10 -21 10 -21 10 -21 10 -21 9 -22 9 -22 9 -23 9 -23 8 -24 8 -24 8 -24 9 -24 ]
2025-05-21 15:11:39,CSI_DATA,STA,D8:B1:90:DB:E8:90,-32,11,1,7,0,0,1,1,0,0,1,-94,0,2,0,359492395,0,110,0,0,86259.2,256,[110 96 6 0 -27 -1 -26 -1 -26 0 -24 0 -25 1 -24 0 -24 1 -24 1 -24 2 -23 3 -24 3 -24 4 -24 3 -24 3 -23 3 -24 3 -23 4 -24 3 -23 2 -22 2 -22 1 -21 2 -21 1 -21 0 -21 -1 0 0 0 0 0 0 0 0 0 0 0 0 0 0 0 0 0 0 0 0 0 0 -19 0 -19 -1 -18 -2 -18 -3 -19 -4 -20 -3 -21 -4 -22 -4 -22 -5 -23 -5 -22 -4 -22 -5 -22 -5 -22 -5 -22 -6 -23 -5 -23 -5 -23 -4 -24 -4 -24 -4 -25 -4 -25 -4 -26 -2 -26 -2 -26 -1 -25 -2 ]
2025-05-21 15:11:41,CSI_DATA,STA,D8:B1:90:DB:E8:90,-32,11,1,7,0,0,1,1,0,0,1,-94,0,2,0,360492167,0,110,0,0,86260.2,256,[110 96 6 0 18 -15 18 -15 18 -15 17 -15 17 -15 17 -15 16 -15 16 -15 16 -16 15 -16 15 -16 15 -16 15 -16 15 -16 15 -16 15 -16 15 -16 15 -16 15 -15 14 -14 15 -13 15 -12 15 -12 15 -11 16 -10 0 0 0 0 0 0 0 0 0 0 0 0 0 0 0 0 0 0 0 0 0 0 12 -12 13 -11 13 -11 14 -11 14 -10 16 -11 16 -11 17 -10 18 -10 18 -10 18 -10 19 -9 18 -9 19 -9 18 -9 19 -10 19 -10 19 -11 19 -12 18 -12 18 -13 18 -13 19 -14 19 -14
2025-05-21 15:11:41,CSI_DATA,STA,D8:B1:90:DB:E8:90,-32,11,1,7,0,0,1,1,0,0,1,-94,0,2,0,361001826,0,110,0,0,86260.7,256,[110 96 6 0 -21 13 -20 13 -20 13 -19 14 -19 14 -18 14 -18 14 -18 15 -18 15 -18 15 -17 15 -16 16 -16 15 -17 15 -17 15 -17 15 -17 14 -17 14 -17 13 -17 13 -17 12 -17 12 -17 11 -16 11 -17 10 0 0 0 0 0 0 0 0 0 0 0 0 0 0 0 0 0 0 0 0 0 0 -14 11 -15 11 -15 10 -16 10 -16 9 -18 9 -18 10 -18 10 -19 10 -19 10 -20 10 -20 10 -20 9 -20 9 -20 9 -21 9 -21 10 -21 10 -20 10 -20 11 -21 12 -20 11 -20 13 -20 13 -2
2025-05-21 15:11:42,CSI_DATA,STA,D8:B1:90:DB:E8:90,-34,11,1,7,0,0,1,1,0,0,1,-94,0,2,0,362513206,0,110,0,0,86262.2,256,[110 96 6 0 -9 21 -8 21 -8 22 -8 21 -7 21 -7 21 -6 20 -6 20 -6 21 -6 21 -5 20 -5 20 -4 20 -5 21 -5 19 -5 20 -5 20 -6 19 -6 19 -6 19 -5 18 -6 18 -7 18 -7 17 -8 16 0 0 0 0 0 0 0 0 0 0 0 0 0 0 0 0 0 0 0 0 0 0 -5 17 -6 16 -5 17 -7 16 -7 17 -8 16 -9 18 -9 18 -10 18 -11 18 -12 18 -12 18 -12 18 -12 18 -11 18 -12 18 -11 18 -11 19 -11 19 -10 20 -10 20 -10 20 -11 21 -10 20 -10 21 -10 21 ]
2025-05-21 15:11:46,CSI_DATA,STA,D8:B1:90:DB:E8:90,-32,11,1,7,0,0,1,1,0,0,1,-94,0,2,0,366506597,0,110,0,0,86266.2,256,[110 96 6 0 -21 7 -20 7 -20 8 -18 9 -18 9 -18 9 -17 9 -17 10 -17 10 -17 10 -16 10 -16 11 -15 11 -16 11 -15 11 -16 11 -15 10 -15 10 -15 10 -15 10 -15 9 -15 9 -15 8 -14 7 -15 6 0 0 0 0 0 0 0 0 0 0 0 0 0 0 0 0 0 0 0 0 0 0 -14 7 -14 6 -15 6 -15 5 -16 5 -16 4 -17 5 -18 5 -18 4 -20 4 -20 3 -20 3 -20 2 -20 2 -19 3 -20 4 -20 4 -20 4 -19 6 -19 6 -19 6 -19 7 -20 8 -20 7 -20 7 -20 7 ]
2025-05-21 15:11:47,CSI_DATA,STA,D8:B1:90:DB:E8:90,-32,11,1,7,0,0,1,1,0,0,1,-94,0,2,0,367015410,0,110,0,0,86266.7,256,[110 96 6 0 -25 11 -24 11 -24 12 -22 12 -22 12 -22 12 -21 13 -20 14 -20 14 -20 14 -19 14 -20 15 -19 14 -20 15 -20 15 -19 14 -19 13 -20 13 -19 12 -19 12 -19 11 -19 10 -19 10 -19 9 -19 7 0 0 0 0 0 0 0 0 0 0 0 0 0 0 0 0 0 0 0 0 0 0 -17 10 -17 9 -18 8 -18 8 -19 7 -20 7 -21 7 -21 6 -22 6 -22 5 -24 6 -24 5 -24 5 -24 5 -23 6 -24 7 -23 7 -23 8 -24 8 -24 9 -24 9 -24 9 -24 10 -24 10 -24 10 -24 10 ]
2025-05-21 15:11:48,CSI_DATA,STA,D8:B1:90:DB:E8:90,-38,11,1,7,0,0,1,1,0,0,1,-94,0,2,0,368021518,0,110,0,0,86267.7,256,[110 96 6 0 -12 -21 -13 -21 -13 -21 -1 4 -2 4 -1 3 -1 4 6 18 7 17 7 17 7 17 -8 19 -8 19 -7 18 -7 18 18 -15 19 -16 18 -15 18 -15 22 -11 22 -11 21 -10 22 -9 -24 7 -24 5 0 0 0 0 0 0 0 0 0 0 0 0 0 0 0 0 0 0 0 0 0 0 3 11 3 12 -3 1 -3 0 -3 1 -2 0 -15 8 -15 7 -15 7 -16 7 -9 11 -9 10 -9 11 -9 10 -18 4 -18 3 -18 4 -18 4 -7 5 -7 6 -8 6 -7 6 -5 -15 -6 -16 -6 -16 -18 -27 ]
2025-05-21 15:11:48,CSI_DATA,STA,D8:B1:90:DB:E8:90,-32,11,1,7,0,0,1,1,0,0,1,-94,0,2,0,368522255,0,110,0,0,86268.2,256,[110 96 6 0 20 5 20 5 20 4 20 4 19 4 19 3 19 3 19 1 19 1 19 0 19 1 19 -1 18 -1 18 -1 18 -1 18 -1 18 -1 17 -1 17 0 17 0 16 0 16 1 15 2 16 3 15 4 0 0 0 0 0 0 0 0 0 0 0 0 0 0 0 0 0 0 0 0 0 0 15 2 15 3 15 4 15 5 16 5 16 6 16 6 17 7 17 7 17 8 16 9 17 9 17 10 17 10 17 9 17 9 17 9 17 8 18 8 18 8 19 8 19 8 19 6 19 6 20 7 20 6 ]
2025-05-21 15:11:49,CSI_DATA,STA,D8:B1:90:DB:E8:90,-32,11,1,7,0,0,1,1,0,0,1,-94,0,2,0,369023164,0,110,0,0,86268.7,256,[110 96 6 0 18 -18 18 -18 18 -18 18 -18 17 -18 17 -18 16 -19 15 -19 15 -19 15 -19 15 -18 14 -19 14 -19 14 -19 14 -19 14 -18 14 -18 14 -18 14 -17 14 -17 14 -16 14 -15 15 -14 15 -13 16 -12 0 0 0 0 0 0 0 0 0 0 0 0 0 0 0 0 0 0 0 0 0 0 13 -13 14 -13 14 -13 15 -13 16 -13 17 -12 17 -14 18 -14 18 -14 19 -13 20 -13 20 -12 20 -12 20 -12 19 -13 19 -14 19 -14 19 -14 20 -15 20 -16 20 -16 20 -17 20 -16 20
2025-05-21 15:11:49,CSI_DATA,STA,D8:B1:90:DB:E8:90,-32,11,1,7,0,0,1,1,0,0,1,-94,0,2,0,369522143,0,110,0,0,86269.2,256,[110 96 6 0 -5 20 -5 19 -5 19 -5 19 -5 19 -5 18 -4 18 -5 18 -3 18 -3 18 -2 18 -2 18 -2 17 -2 18 -2 17 -2 17 -2 17 -3 16 -3 16 -3 15 -4 15 -4 15 -4 14 -4 15 -5 14 0 0 0 0 0 0 0 0 0 0 0 0 0 0 0 0 0 0 0 0 0 0 -2 14 -3 14 -3 15 -4 15 -4 15 -5 15 -6 16 -7 16 -7 16 -8 16 -8 17 -8 17 -8 17 -8 17 -8 17 -9 17 -9 17 -8 17 -7 17 -7 18 -7 18 -7 18 -6 19 -5 19 -6 19 -5 19 ]
2025-05-21 15:11:50,CSI_DATA,STA,D8:B1:90:DB:E8:90,-31,11,1,7,0,0,1,0,0,0,0,-94,0,2,0,370021180,0,110,0,0,86269.7,256,[110 96 6 0 -22 -4 -22 -4 -21 -4 -21 -4 -21 -4 -21 -3 -20 -3 -21 0 -20 0 -20 0 -20 0 -20 0 -20 0 -20 0 -20 0 -19 0 -19 0 -19 -1 -18 -1 -18 -1 -18 -2 -17 -2 -17 -2 -17 -3 -16 -4 0 0 0 0 0 0 0 0 0 0 0 0 0 0 0 0 0 0 0 0 0 0 -16 -2 -17 -3 -16 -4 -17 -5 -17 -5 -17 -5 -18 -6 -18 -7 -18 -7 -19 -8 -18 -8 -18 -8 -18 -9 -18 -9 -19 -8 -18 -8 -19 -8 -19 -7 -20 -8 -20 -7 -21 -7 -21 -7 -21 -5 -21 -5 -22 -5
2025-05-21 15:11:51,CSI_DATA,STA,D8:B1:90:DB:E8:90,-32,11,1,6,0,0,1,0,0,0,1,-94,0,2,0,371528508,0,110,0,0,86271.2,256,[110 96 6 0 -27 1 -26 1 -27 1 -26 1 -26 1 -25 2 -24 2 -24 3 -24 4 -24 4 -24 4 -24 4 -23 4 -24 5 -23 5 -23 4 -23 3 -22 3 -22 3 -22 2 -21 2 -21 1 -21 1 -20 0 -20 -1 0 0 0 0 0 0 0 0 0 0 0 0 0 0 0 0 0 0 0 0 0 0 -20 1 -20 0 -20 -1 -21 -2 -21 -3 -22 -4 -22 -4 -22 -5 -22 -5 -22 -6 -23 -5 -23 -5 -23 -5 -24 -6 -23 -6 -24 -5 -24 -4 -24 -4 -25 -3 -25 -2 -25 -2 -25 -1 -26 -1 -26 -1 -26 -1 -27 0 ]
2025-05-21 15:11:52,CSI_DATA,STA,D8:B1:90:DB:E8:90,-32,11,1,6,0,0,1,0,0,0,1,-94,0,2,0,372031747,0,110,0,0,86271.7,256,[110 96 6 0 25 13 22 11 18 9 15 9 11 10 8 12 7 14 6 17 6 18 7 21 9 23 11 23 13 22 14 20 14 19 14 16 12 14 9 12 6 10 3 10 -1 10 -4 11 -7 12 -10 14 -12 16 0 0 0 0 0 0 0 0 0 0 0 0 0 0 0 0 0 0 0 0 0 0 8 -9 9 -5 10 -2 12 1 15 3 17 4 19 5 21 5 23 5 23 4 22 4 21 3 19 3 17 3 14 4 11 6 10 9 9 13 10 16 11 20 14 22 17 25 19 24 23 25 25 24 27 22 ]
2025-05-21 15:11:52,CSI_DATA,STA,D8:B1:90:DB:E8:90,-32,11,1,7,0,0,1,1,0,0,1,-94,0,2,0,372540434,0,110,0,0,86272.2,256,[110 96 6 0 -7 -21 -7 -20 -7 -20 -7 -20 -7 -19 -8 -19 -8 -19 -8 -18 -8 -18 -8 -18 -8 -18 -10 -17 -9 -17 -9 -17 -9 -17 -9 -16 -8 -16 -8 -16 -8 -16 -7 -16 -7 -16 -6 -16 -5 -16 -5 -15 -5 -15 0 0 0 0 0 0 0 0 0 0 0 0 0 0 0 0 0 0 0 0 0 0 -6 -14 -5 -15 -6 -16 -5 -16 -5 -17 -4 -17 -4 -17 -4 -18 -3 -19 -3 -20 -2 -20 -2 -20 -2 -20 -2 -20 -3 -19 -3 -20 -3 -20 -3 -20 -5 -20 -5 -20 -6 -20 -6 -20 -6 -20 -6
2025-05-21 15:11:53,CSI_DATA,STA,D8:B1:90:DB:E8:90,-31,11,1,7,0,0,1,0,0,0,0,-94,0,2,0,373036597,0,110,0,0,86272.7,256,[110 96 6 0 -23 10 -22 10 -22 10 -21 11 -20 11 -20 12 -20 12 -19 12 -19 12 -19 12 -18 12 -19 12 -18 12 -18 13 -18 12 -18 12 -18 11 -17 11 -17 11 -17 10 -17 10 -17 9 -17 8 -16 8 -17 7 0 0 0 0 0 0 0 0 0 0 0 0 0 0 0 0 0 0 0 0 0 0 -17 9 -17 8 -18 7 -18 7 -19 6 -20 6 -20 6 -21 6 -22 5 -22 5 -23 4 -23 4 -23 4 -22 4 -22 5 -22 5 -22 6 -22 6 -23 7 -22 8 -23 8 -23 8 -23 9 -23 8 -23 8 -23 9 ]
2025-05-21 15:11:57,CSI_DATA,STA,D8:B1:90:DB:E8:90,-31,11,1,7,0,0,1,0,0,0,0,-94,0,2,0,377556214,0,110,0,0,86277.3,256,[110 96 6 0 22 -7 22 -7 22 -8 21 -9 21 -9 20 -9 20 -9 20 -11 19 -11 19 -11 19 -11 18 -12 18 -12 18 -12 19 -12 18 -11 19 -11 18 -10 18 -10 18 -9 17 -8 17 -8 17 -7 16 -7 17 -6 0 0 0 0 0 0 0 0 0 0 0 0 0 0 0 0 0 0 0 0 0 0 16 -8 17 -6 17 -6 18 -5 18 -5 19 -4 19 -4 20 -4 20 -3 20 -3 22 -3 22 -2 22 -3 21 -2 22 -2 22 -3 22 -3 22 -3 22 -3 22 -3 22 -4 23 -4 22 -5 23 -5 23 -5 23 -6 ]
2025-05-21 15:12:01,CSI_DATA,STA,D8:B1:90:DB:E8:90,-34,11,1,7,0,0,1,0,0,0,0,-94,0,2,0,381063217,0,110,0,0,86280.8,256,[110 96 6 0 -15 18 -15 17 -15 18 -13 18 -13 18 -12 18 -11 18 -12 18 -11 18 -10 19 -10 18 -10 19 -10 19 -10 19 -10 19 -10 18 -10 18 -10 17 -10 17 -11 17 -11 16 -11 16 -12 15 -13 14 -13 14 0 0 0 0 0 0 0 0 0 0 0 0 0 0 0 0 0 0 0 0 0 0 -11 13 -11 12 -12 13 -13 13 -14 13 -15 12 -15 13 -16 12 -17 13 -17 13 -17 14 -17 13 -17 13 -17 13 -17 13 -17 14 -17 14 -17 14 -16 14 -15 15 -16 15 -16 16 -16 17 -15
2025-05-21 15:12:09,CSI_DATA,STA,D8:B1:90:DB:E8:90,-34,11,1,7,0,0,1,0,0,0,1,-94,0,2,0,389099735,0,110,0,0,86288.8,256,[110 96 6 0 18 -14 18 -14 18 -14 18 -14 17 -14 17 -14 17 -14 16 -15 16 -15 15 -16 15 -16 14 -16 15 -16 15 -16 15 -15 15 -15 15 -15 16 -14 15 -13 15 -12 15 -12 15 -12 15 -11 15 -10 16 -9 0 0 0 0 0 0 0 0 0 0 0 0 0 0 0 0 0 0 0 0 0 0 14 -10 15 -8 14 -9 15 -8 15 -8 17 -8 17 -9 17 -9 18 -8 18 -8 18 -9 18 -9 18 -9 18 -9 19 -8 19 -9 19 -9 20 -10 18 -11 18 -11 19 -12 19 -12 19 -13 19 -13 19 -14 19 -14
2025-05-21 15:12:10,CSI_DATA,STA,D8:B1:90:DB:E8:90,-33,11,1,7,0,0,1,1,0,0,0,-94,0,2,0,389600955,0,110,0,0,86289.3,256,[110 96 6 0 -12 20 -11 19 -11 20 -11 19 -11 20 -10 19 -10 20 -10 21 -9 21 -9 21 -8 21 -8 21 -8 20 -9 22 -9 20 -9 21 -9 20 -9 20 -9 19 -10 18 -10 18 -10 18 -11 17 -11 16 -12 15 0 0 0 0 0 0 0 0 0 0 0 0 0 0 0 0 0 0 0 0 0 0 -8 14 -9 13 -10 14 -11 13 -11 14 -12 14 -13 14 -13 14 -14 14 -15 15 -15 14 -15 15 -15 15 -15 14 -15 14 -16 15 -15 15 -15 16 -13 17 -14 17 -13 17 -13 18 -14 19 -13 19 -13 19 -1
2025-05-21 15:12:11,CSI_DATA,STA,D8:B1:90:DB:E8:90,-33,11,1,7,0,0,1,0,0,0,1,-94,0,2,0,390599511,0,110,0,0,86290.3,256,[110 96 6 0 -15 -17 -15 -17 -14 -16 -15 -16 -15 -16 -15 -15 -15 -15 -15 -14 -15 -13 -15 -14 -15 -13 -16 -12 -16 -12 -16 -12 -15 -12 -15 -13 -15 -13 -14 -13 -14 -13 -13 -13 -13 -13 -12 -13 -12 -13 -11 -14 -10 -15 0 0 0 0 0 0 0 0 0 0 0 0 0 0 0 0 0 0 0 0 0 0 -11 -11 -11 -12 -10 -13 -10 -14 -10 -14 -9 -15 -9 -15 -9 -16 -9 -16 -9 -17 -9 -17 -9 -17 -9 -18 -9 -18 -10 -18 -10 -17 -11 -18 -11 -18 -12
2025-05-21 15:12:11,CSI_DATA,STA,D8:B1:90:DB:E8:90,-33,11,1,7,0,0,1,0,0,0,1,-94,0,2,0,391101369,0,110,0,0,86290.8,256,[110 96 6 0 12 16 12 16 12 15 13 16 13 15 13 14 13 14 13 14 13 13 13 13 13 13 14 12 14 12 14 12 14 13 14 12 14 13 13 13 12 12 12 13 12 13 11 13 10 13 9 14 8 14 0 0 0 0 0 0 0 0 0 0 0 0 0 0 0 0 0 0 0 0 0 0 8 12 7 13 7 13 7 13 7 14 7 15 8 15 8 15 8 16 7 17 8 17 8 17 8 17 8 17 8 17 7 17 8 17 8 17 10 17 10 17 11 17 12 16 12 16 13 16 13 16 12 16 ]
2025-05-21 15:12:13,CSI_DATA,STA,D8:B1:90:DB:E8:90,-32,11,1,7,0,0,1,0,0,0,1,-94,0,2,0,393110308,0,110,0,0,86292.8,256,[110 96 6 0 11 19 11 20 11 19 13 18 12 18 12 17 13 16 12 16 12 16 12 16 12 16 12 16 13 16 13 15 13 16 13 16 12 16 12 16 11 16 10 16 9 15 9 15 8 16 7 17 6 17 0 0 0 0 0 0 0 0 0 0 0 0 0 0 0 0 0 0 0 0 0 0 8 12 7 14 7 15 6 16 6 16 6 16 5 17 5 17 4 18 4 18 3 19 3 20 3 20 4 20 5 19 5 19 5 19 5 19 8 19 8 19 8 19 8 19 9 19 10 20 10 20 10 20 ]
2025-05-21 15:12:20,CSI_DATA,STA,D8:B1:90:DB:E8:90,-32,11,1,7,0,0,1,0,0,0,1,-94,0,2,0,400135658,0,110,0,0,86299.8,256,[110 96 6 0 -11 -22 -11 -21 -11 -21 -12 -20 -12 -20 -12 -19 -13 -19 -13 -18 -12 -18 -12 -18 -13 -18 -13 -17 -14 -17 -14 -17 -13 -17 -14 -17 -13 -17 -13 -17 -12 -17 -12 -17 -12 -17 -11 -17 -10 -16 -9 -18 -8 -18 0 0 0 0 0 0 0 0 0 0 0 0 0 0 0 0 0 0 0 0 0 0 -8 -16 -7 -16 -7 -17 -7 -17 -7 -18 -6 -18 -6 -19 -6 -19 -5 -20 -5 -21 -5 -20 -4 -21 -4 -21 -5 -21 -5 -21 -5 -21 -5 -21 -5 -21 -7 -22 -8 -22 -
2025-05-21 15:12:24,CSI_DATA,STA,D8:B1:90:DB:E8:90,-31,11,1,5,0,0,1,0,0,0,0,-94,0,2,0,403652561,0,110,0,0,86303.4,256,[110 96 6 0 -12 28 -10 24 -9 19 -9 13 -10 8 -13 3 -16 -1 -20 -2 -25 -4 -29 -3 -32 -1 -35 1 -35 4 -34 5 -32 7 -29 8 -26 8 -22 6 -17 4 -14 0 -10 -4 -8 -9 -6 -13 -5 -18 -4 -22 0 0 0 0 0 0 0 0 0 0 0 0 0 0 0 0 0 0 0 0 0 0 9 -1 7 3 5 7 3 12 3 16 3 21 4 25 5 28 7 30 8 31 9 31 10 28 9 26 8 22 6 19 2 16 -3 14 -7 14 -12 14 -17 16 -21 19 -23 22 -25 27 -24 29 -23 31 -22 33 ]
2025-05-21 15:12:28,CSI_DATA,STA,D8:B1:90:DB:E8:90,-32,11,1,7,0,0,1,0,0,0,1,-94,0,2,0,407660873,0,110,0,0,86307.4,256,[110 96 6 0 -21 -12 -22 -12 -21 -11 -21 -11 -21 -11 -21 -10 -21 -10 -21 -9 -21 -8 -21 -8 -21 -8 -21 -7 -21 -8 -20 -7 -20 -8 -21 -7 -21 -6 -20 -7 -19 -7 -19 -7 -19 -7 -18 -7 -18 -7 -18 -8 -17 -9 0 0 0 0 0 0 0 0 0 0 0 0 0 0 0 0 0 0 0 0 0 0 -17 -6 -17 -7 -16 -8 -17 -10 -17 -10 -17 -11 -17 -11 -18 -12 -17 -13 -18 -13 -17 -13 -18 -14 -17 -14 -18 -14 -18 -14 -17 -14 -18 -14 -18 -13 -19 -13 -19 -13
2025-05-21 15:12:28,CSI_DATA,STA,D8:B1:90:DB:E8:90,-32,11,1,7,0,0,1,1,0,0,0,-94,0,2,0,408161482,0,110,0,0,86307.9,256,[110 96 6 0 3 -24 3 -24 3 -23 1 -23 1 -23 1 -23 1 -22 0 -22 0 -22 0 -22 -1 -22 -3 -22 -2 -22 -2 -22 -1 -22 -1 -21 -1 -22 0 -22 1 -21 0 -21 0 -20 1 -19 1 -20 1 -19 2 -19 0 0 0 0 0 0 0 0 0 0 0 0 0 0 0 0 0 0 0 0 0 0 -2 -18 0 -18 0 -19 1 -20 2 -20 3 -20 3 -20 3 -21 5 -21 4 -22 3 -23 4 -23 4 -23 4 -23 4 -23 4 -23 4 -23 5 -23 4 -23 4 -23 4 -24 4 -23 3 -23 3 -24 3 -23 4 -24 ]
2025-05-21 15:12:30,CSI_DATA,STA,D8:B1:90:DB:E8:90,-32,11,1,7,0,0,1,0,0,0,1,-94,0,2,0,409689202,0,110,0,0,86309.4,256,[110 96 6 0 19 8 19 7 19 7 19 6 19 6 19 5 19 5 18 5 19 4 19 3 18 4 18 2 18 2 19 2 18 2 19 2 18 2 18 3 18 3 17 4 16 4 16 4 16 5 15 5 15 6 0 0 0 0 0 0 0 0 0 0 0 0 0 0 0 0 0 0 0 0 0 0 14 3 14 4 14 6 13 6 14 7 14 7 14 8 14 8 14 9 15 10 15 10 14 10 15 11 14 11 14 10 14 11 14 10 15 10 16 10 17 10 17 10 17 10 18 8 18 8 19 8 19 8 ]
2025-05-21 15:12:32,CSI_DATA,STA,D8:B1:90:DB:E8:90,-32,11,1,7,0,0,1,0,0,0,1,-94,0,2,0,412228622,0,110,0,0,86311.9,256,[110 96 6 0 20 12 20 12 20 11 21 11 21 10 20 10 21 10 20 9 20 8 20 8 20 8 20 7 20 7 20 7 20 7 20 8 19 8 18 8 18 8 18 9 17 9 17 9 16 10 15 10 14 11 0 0 0 0 0 0 0 0 0 0 0 0 0 0 0 0 0 0 0 0 0 0 15 8 14 10 15 10 14 10 15 11 14 12 14 13 14 13 14 14 14 15 16 14 15 15 15 15 15 15 16 16 16 15 16 15 16 15 18 13 18 14 19 13 19 14 20 13 20 14 20 14 20 12 ]
2025-05-21 15:12:37,CSI_DATA,STA,D8:B1:90:DB:E8:90,-31,11,1,7,0,0,1,0,0,0,1,-94,0,2,0,416748604,0,110,0,0,86316.5,256,[110 96 6 0 -6 27 -6 27 -6 26 -5 26 -5 26 -5 25 -4 25 -4 25 -3 25 -3 25 -2 25 -1 25 -1 26 -2 25 -2 26 -2 24 -3 24 -3 23 -3 23 -4 23 -4 22 -5 22 -5 21 -6 21 -7 21 0 0 0 0 0 0 0 0 0 0 0 0 0 0 0 0 0 0 0 0 0 0 -2 20 -3 20 -4 21 -5 21 -6 21 -7 22 -8 22 -9 22 -9 23 -10 23 -10 22 -11 23 -10 23 -10 23 -10 23 -10 23 -10 23 -9 24 -9 24 -8 25 -8 25 -8 25 -8 26 -7 26 -7 26 -7 26 ]
2025-05-21 15:12:39,CSI_DATA,STA,D8:B1:90:DB:E8:90,-39,11,1,7,0,0,1,0,0,0,1,-94,0,2,0,419248533,0,110,0,0,86319,256,[110 96 6 0 -2 -6 -2 -5 -1 -6 -31 10 -31 10 -31 8 -31 6 -20 2 -19 1 -19 0 -20 -1 5 -11 6 -10 6 -11 7 -10 -2 -23 0 -22 2 -21 3 -21 -10 -14 -9 -15 -8 -15 -6 -16 6 28 2 27 0 0 0 0 0 0 0 0 0 0 0 0 0 0 0 0 0 0 0 0 0 0 8 -16 9 -15 -18 -17 -16 -18 -15 -20 -13 -22 -19 -20 -17 -22 -15 -24 -14 -26 11 26 9 27 6 28 5 28 -6 -5 -7 -4 -6 -4 -6 -5 4 -12 5 -12 5 -12 5 -12 -11 23 -13 23 -15 22 23 -11 ]
2025-05-21 15:12:40,CSI_DATA,STA,D8:B1:90:DB:E8:90,-32,11,1,7,0,0,1,1,0,0,0,-94,0,2,0,419749297,0,110,0,0,86319.5,256,[110 96 6 0 21 5 21 4 21 4 21 4 21 4 20 3 20 3 20 2 19 1 20 1 20 1 19 1 20 0 19 0 20 0 20 1 21 1 20 1 19 1 19 2 18 2 18 3 18 3 17 4 17 5 0 0 0 0 0 0 0 0 0 0 0 0 0 0 0 0 0 0 0 0 0 0 16 1 16 3 16 4 16 5 16 5 17 5 17 6 17 7 17 7 17 7 18 8 17 8 18 8 18 9 18 9 18 8 18 8 18 7 20 7 20 7 20 6 21 6 20 5 21 6 21 5 21 5 ]
2025-05-21 15:12:40,CSI_DATA,STA,D8:B1:90:DB:E8:90,-32,11,1,7,0,0,1,1,0,0,0,-94,0,2,0,420252561,0,110,0,0,86320,256,[110 96 6 0 10 -22 10 -22 11 -22 10 -22 10 -22 9 -22 9 -22 8 -22 7 -22 7 -22 6 -22 6 -22 6 -22 5 -22 6 -22 6 -22 7 -22 7 -21 7 -21 7 -20 7 -19 8 -19 8 -19 9 -18 10 -17 0 0 0 0 0 0 0 0 0 0 0 0 0 0 0 0 0 0 0 0 0 0 6 -17 8 -17 8 -17 9 -17 9 -17 11 -17 11 -17 12 -18 12 -18 13 -18 12 -18 13 -18 13 -18 12 -18 13 -19 13 -19 13 -19 12 -19 12 -20 12 -20 12 -21 12 -21 12 -22 11 -22 11 -22 12 -22 ]
2025-05-21 15:12:42,CSI_DATA,STA,D8:B1:90:DB:E8:90,-32,11,1,6,0,0,1,0,0,0,0,-94,0,2,0,421762585,0,110,0,0,86321.5,256,[110 96 6 0 -8 24 -8 19 -8 14 -9 8 -12 4 -15 0 -19 -2 -24 -2 -27 -2 -30 -1 -32 2 -33 4 -32 6 -30 7 -28 8 -24 8 -20 7 -16 4 -12 1 -9 -3 -7 -8 -5 -12 -4 -16 -3 -20 -3 -23 0 0 0 0 0 0 0 0 0 0 0 0 0 0 0 0 0 0 0 0 0 0 8 0 8 5 8 8 9 13 10 17 11 20 13 22 15 23 17 23 17 22 17 21 15 19 13 15 9 13 5 12 0 11 -5 11 -10 13 -14 14 -17 18 -20 21 -21 26 -20 29 -19 31 -17 32 -15 33 ]
2025-05-21 15:12:42,CSI_DATA,STA,D8:B1:90:DB:E8:90,-34,11,1,6,0,0,1,0,0,0,0,-94,0,2,0,422273547,0,110,0,0,86322,256,[110 96 6 0 4 -25 4 -25 4 -24 4 -24 3 -24 3 -24 3 -23 2 -23 2 -23 2 -23 1 -23 1 -23 1 -23 1 -22 1 -23 2 -22 2 -22 3 -22 3 -21 3 -21 4 -20 4 -19 5 -19 5 -19 7 -18 0 0 0 0 0 0 0 0 0 0 0 0 0 0 0 0 0 0 0 0 0 0 -5 -9 -4 -9 0 -21 1 -22 2 -22 3 -22 -3 10 -3 10 -3 10 -4 10 -7 -5 -7 -5 -7 -5 -8 -5 1 -18 1 -19 0 -19 0 -19 10 -26 10 -26 10 -27 10 -27 -5 -25 -5 -26 -5 -26 -11 -25 ]
2025-05-21 15:12:43,CSI_DATA,STA,D8:B1:90:DB:E8:90,-32,11,1,7,0,0,1,0,0,0,1,-94,0,2,0,422785454,0,110,0,0,86322.5,256,[110 96 6 0 -17 -16 -16 -16 -16 -15 -16 -14 -16 -14 -16 -14 -16 -13 -16 -13 -16 -13 -16 -13 -17 -13 -17 -12 -17 -12 -17 -12 -17 -12 -17 -11 -16 -11 -16 -11 -15 -11 -16 -12 -15 -12 -14 -12 -14 -12 -13 -13 -12 -13 0 0 0 0 0 0 0 0 0 0 0 0 0 0 0 0 0 0 0 0 0 0 -12 -10 -11 -11 -11 -12 -11 -12 -11 -13 -10 -13 -10 -13 -10 -14 -10 -15 -10 -15 -10 -16 -10 -16 -10 -16 -11 -17 -11 -16 -11 -16 -11 -16 -12
2025-05-21 15:12:43,CSI_DATA,STA,D8:B1:90:DB:E8:90,-33,11,1,7,0,0,1,0,0,0,1,-94,0,2,0,423268667,0,110,0,0,86323,256,[110 96 6 0 14 -19 13 -19 14 -20 12 -20 12 -20 12 -20 11 -21 11 -21 11 -21 10 -21 10 -21 9 -21 9 -21 9 -21 10 -21 10 -21 10 -21 10 -20 11 -20 11 -19 11 -18 11 -17 12 -17 11 -17 12 -16 0 0 0 0 0 0 0 0 0 0 0 0 0 0 0 0 0 0 0 0 0 0 8 -15 9 -15 10 -15 11 -14 12 -14 13 -14 12 -15 13 -16 14 -15 14 -16 14 -17 14 -16 14 -16 14 -16 14 -16 15 -16 14 -16 15 -17 15 -17 14 -17 15 -18 15 -18 15 -19 14 -18 15
2025-05-21 15:12:44,CSI_DATA,STA,D8:B1:90:DB:E8:90,-32,11,1,7,0,0,1,0,0,0,1,-94,0,2,0,423769154,0,110,0,0,86323.5,256,[110 96 6 0 7 -23 7 -23 7 -23 7 -23 6 -23 6 -23 5 -23 5 -23 4 -23 4 -23 4 -23 4 -23 4 -23 4 -22 4 -23 4 -22 4 -22 4 -22 5 -21 5 -21 5 -20 6 -20 7 -20 7 -19 8 -18 0 0 0 0 0 0 0 0 0 0 0 0 0 0 0 0 0 0 0 0 0 0 5 -16 6 -16 7 -16 8 -16 8 -16 9 -17 8 -17 9 -18 10 -17 10 -18 10 -19 10 -19 10 -19 10 -19 10 -20 11 -19 10 -19 10 -19 9 -20 9 -20 8 -21 9 -21 9 -22 9 -22 9 -23 8 -23 ]
2025-05-21 15:12:44,CSI_DATA,STA,D8:B1:90:DB:E8:90,-32,11,1,7,0,0,1,1,0,0,0,-94,0,2,0,424271978,0,110,0,0,86324,256,[110 96 6 0 -20 -13 -20 -12 -19 -11 -19 -12 -19 -11 -19 -11 -19 -10 -20 -10 -19 -9 -20 -9 -20 -9 -20 -9 -20 -8 -19 -8 -19 -8 -19 -8 -19 -8 -18 -8 -18 -9 -18 -8 -18 -9 -17 -9 -16 -9 -17 -10 -16 -11 0 0 0 0 0 0 0 0 0 0 0 0 0 0 0 0 0 0 0 0 0 0 -14 -6 -14 -7 -14 -8 -14 -9 -14 -10 -15 -10 -14 -10 -15 -11 -15 -11 -14 -12 -15 -13 -15 -13 -15 -13 -15 -14 -16 -14 -16 -13 -16 -13 -16 -13 -17 -12 -17 -12
2025-05-21 15:12:46,CSI_DATA,STA,D8:B1:90:DB:E8:90,-37,11,1,7,0,0,1,1,0,0,1,-94,0,2,0,425772150,0,110,0,0,86325.5,256,[110 96 6 0 19 -15 18 -14 19 -16 -4 -17 -3 -17 -4 -16 -4 -16 -14 -14 -14 -14 -15 -13 -15 -14 -20 -17 -20 -16 -20 -16 -20 -16 -6 -7 -6 -7 -6 -6 -5 -6 0 -17 0 -17 1 -16 1 -16 6 9 5 9 0 0 0 0 0 0 0 0 0 0 0 0 0 0 0 0 0 0 0 0 0 0 -10 -12 -10 -12 -12 -14 -11 -14 -12 -15 -11 -15 -15 -13 -15 -14 -15 -14 -15 -15 -11 -14 -11 -14 -12 -15 -11 -15 -13 -10 -14 -10 -13 -10 -14 -10 5 -12 5 -12 5 -13 5 -12 15
2025-05-21 15:12:47,CSI_DATA,STA,D8:B1:90:DB:E8:90,-32,11,1,7,0,0,1,1,0,0,1,-94,0,2,0,426777957,0,110,0,0,86326.5,256,[110 96 6 0 23 -5 23 -5 23 -5 22 -5 22 -6 22 -6 22 -7 21 -7 21 -8 20 -8 20 -7 21 -8 20 -9 21 -9 21 -8 21 -8 20 -7 20 -7 20 -6 20 -6 19 -5 19 -5 19 -4 19 -3 19 -2 0 0 0 0 0 0 0 0 0 0 0 0 0 0 0 0 0 0 0 0 0 0 16 -5 16 -4 16 -3 17 -3 17 -2 18 -2 19 -2 19 -1 20 -1 21 0 21 -1 20 0 21 0 21 0 21 -1 21 -1 21 -2 22 -2 21 -2 22 -2 22 -2 23 -3 23 -4 23 -4 23 -4 23 -5 ]
2025-05-21 15:12:57,CSI_DATA,STA,D8:B1:90:DB:E8:90,-33,11,1,7,0,0,1,1,0,0,1,-94,0,2,0,436805556,0,110,0,0,86336.5,256,[110 96 6 0 -22 -13 -21 -13 -21 -12 -20 -12 -20 -12 -20 -11 -20 -11 -21 -10 -21 -10 -21 -10 -21 -9 -22 -9 -21 -9 -22 -8 -21 -9 -21 -8 -21 -8 -20 -9 -20 -9 -19 -10 -19 -10 -18 -10 -17 -10 -17 -12 -16 -12 0 0 0 0 0 0 0 0 0 0 0 0 0 0 0 0 0 0 0 0 0 0 -15 -8 -15 -9 -14 -11 -15 -11 -15 -12 -15 -12 -15 -12 -15 -13 -15 -14 -16 -14 -15 -14 -16 -15 -16 -15 -16 -15 -16 -15 -16 -15 -17 -15 -17 -15 -18 -1
2025-05-21 15:12:57,CSI_DATA,STA,D8:B1:90:DB:E8:90,-32,11,1,7,0,0,1,1,0,0,1,-94,0,2,0,437318409,0,110,0,0,86337,256,[110 96 6 0 4 -26 4 -26 4 -25 3 -24 3 -23 3 -23 2 -23 2 -24 2 -23 1 -24 1 -23 0 -24 0 -24 0 -24 1 -24 1 -24 1 -24 2 -23 2 -22 2 -22 3 -21 3 -20 4 -20 5 -20 6 -19 0 0 0 0 0 0 0 0 0 0 0 0 0 0 0 0 0 0 0 0 0 0 2 -17 3 -17 3 -18 4 -18 4 -18 5 -19 6 -19 6 -19 7 -20 7 -20 7 -21 7 -21 7 -21 7 -21 6 -22 6 -21 6 -22 6 -22 5 -23 5 -22 4 -23 5 -23 5 -24 4 -25 4 -25 5 -26 ]
2025-05-21 15:13:01,CSI_DATA,STA,D8:B1:90:DB:E8:90,-37,11,1,7,0,0,1,1,0,0,1,-94,0,2,0,440832378,0,110,0,0,86340.5,256,[110 96 6 0 9 9 9 9 8 8 15 12 14 12 15 12 15 11 18 12 18 11 19 11 19 11 -13 2 -13 1 -12 1 -13 1 -23 11 -24 12 -23 11 -23 10 -6 8 -6 8 -6 8 -6 7 -16 4 -17 3 0 0 0 0 0 0 0 0 0 0 0 0 0 0 0 0 0 0 0 0 0 0 13 9 13 10 11 11 12 12 11 12 11 13 8 13 8 14 8 15 8 15 12 4 12 4 12 4 12 4 18 7 17 6 18 6 18 5 14 7 14 6 14 7 15 6 21 11 21 11 21 12 21 12 ]
2025-05-21 15:13:04,CSI_DATA,STA,D8:B1:90:DB:E8:90,-33,11,1,7,0,0,1,1,0,0,1,-94,0,2,0,444351463,0,110,0,0,86344.1,256,[110 96 6 0 -15 19 -16 19 -15 19 -15 19 -14 19 -14 19 -13 19 -13 20 -13 19 -13 19 -12 19 -12 20 -12 20 -12 20 -12 20 -12 19 -13 19 -13 19 -13 18 -13 18 -13 17 -13 16 -14 15 -14 15 -15 14 0 0 0 0 0 0 0 0 0 0 0 0 0 0 0 0 0 0 0 0 0 0 -9 14 -10 13 -12 14 -13 14 -13 13 -14 14 -13 15 -14 15 -15 15 -15 14 -16 15 -16 15 -16 15 -16 15 -15 16 -15 16 -16 17 -15 16 -15 17 -15 18 -15 18 -15 18 -15 19 -15
2025-05-21 15:13:05,CSI_DATA,STA,D8:B1:90:DB:E8:90,-32,11,1,7,0,0,1,1,0,0,1,-94,0,2,0,444851268,0,110,0,0,86344.6,256,[110 96 6 0 9 21 9 20 8 20 9 20 9 19 9 19 9 19 9 18 9 18 9 17 10 17 10 17 10 17 10 17 10 17 10 18 9 18 9 17 8 17 8 17 8 16 7 16 6 16 6 16 4 17 0 0 0 0 0 0 0 0 0 0 0 0 0 0 0 0 0 0 0 0 0 0 5 13 4 13 5 14 4 15 4 15 4 15 4 17 4 17 4 17 3 18 3 19 3 19 3 19 3 19 3 19 3 19 3 19 3 19 5 19 5 20 6 20 6 20 7 20 7 20 8 21 7 20 ]
2025-05-21 15:13:07,CSI_DATA,STA,D8:B1:90:DB:E8:90,-32,11,1,7,0,0,1,1,0,0,1,-94,0,2,0,446852044,0,110,0,0,86346.6,256,[110 96 6 0 -23 0 -22 0 -22 0 -22 1 -22 2 -22 2 -21 3 -22 3 -21 4 -21 4 -21 4 -21 5 -21 5 -20 5 -21 5 -21 5 -20 5 -20 4 -20 4 -19 4 -19 3 -18 3 -18 2 -18 1 -19 0 0 0 0 0 0 0 0 0 0 0 0 0 0 0 0 0 0 0 0 0 0 0 -16 0 -16 -1 -16 -2 -17 -2 -17 -3 -18 -3 -18 -3 -18 -3 -18 -4 -19 -4 -19 -4 -20 -4 -20 -4 -20 -5 -20 -5 -20 -4 -20 -4 -21 -3 -21 -3 -21 -3 -22 -3 -22 -3 -21 -2 -22 -2 -22 -2 -23 -1 ]
2025-05-21 15:13:08,CSI_DATA,STA,D8:B1:90:DB:E8:90,-32,11,1,7,0,0,1,1,0,0,1,-94,0,2,0,448363047,0,110,0,0,86348.1,256,[110 96 6 0 -21 13 -22 13 -21 13 -21 13 -20 13 -20 13 -19 13 -19 14 -18 14 -19 14 -18 15 -18 15 -18 15 -18 15 -19 15 -18 15 -18 14 -18 13 -17 13 -18 12 -18 12 -18 11 -18 11 -18 10 -19 8 0 0 0 0 0 0 0 0 0 0 0 0 0 0 0 0 0 0 0 0 0 0 -15 9 -16 8 -16 8 -17 8 -17 8 -18 8 -19 8 -19 7 -20 7 -20 7 -21 8 -21 7 -21 7 -21 8 -21 8 -21 9 -22 9 -21 9 -21 11 -20 11 -21 11 -21 11 -21 13 -21 13 -22 13 -22 13 ]
2025-05-21 15:13:12,CSI_DATA,STA,D8:B1:90:DB:E8:90,-32,11,1,7,0,0,1,1,0,0,1,-94,0,2,0,452380210,0,110,0,0,86352.1,256,[110 96 6 0 -11 -20 -11 -20 -11 -19 -12 -19 -12 -19 -12 -18 -12 -18 -12 -17 -12 -16 -12 -16 -13 -16 -13 -16 -13 -16 -13 -16 -12 -16 -13 -16 -13 -15 -13 -15 -12 -15 -11 -15 -11 -15 -11 -14 -10 -14 -9 -15 -8 -16 0 0 0 0 0 0 0 0 0 0 0 0 0 0 0 0 0 0 0 0 0 0 -10 -13 -9 -14 -9 -15 -8 -16 -8 -17 -8 -17 -7 -18 -7 -18 -7 -19 -7 -19 -7 -19 -8 -20 -7 -20 -7 -20 -7 -20 -8 -20 -8 -20 -8 -20 -9 -20 -9 -20
2025-05-21 15:13:13,CSI_DATA,STA,D8:B1:90:DB:E8:90,-32,11,1,7,0,0,1,1,0,0,1,-94,0,2,0,453387767,0,110,0,0,86353.1,256,[110 96 6 0 -24 -4 -23 -4 -23 -3 -22 -3 -22 -3 -22 -2 -21 -2 -21 -1 -21 -1 -21 -1 -21 0 -21 0 -21 0 -21 0 -20 1 -20 0 -20 0 -20 0 -19 -1 -19 -1 -19 -1 -18 -2 -18 -2 -18 -3 -18 -4 0 0 0 0 0 0 0 0 0 0 0 0 0 0 0 0 0 0 0 0 0 0 -16 -1 -16 -2 -17 -3 -17 -4 -17 -4 -17 -5 -18 -5 -18 -6 -19 -6 -19 -7 -19 -7 -19 -7 -20 -8 -20 -8 -19 -7 -19 -7 -20 -6 -20 -6 -20 -7 -21 -6 -21 -6 -21 -6 -22 -5 -22 -6 -22
2025-05-21 15:13:14,CSI_DATA,STA,D8:B1:90:DB:E8:90,-36,11,1,7,0,0,1,1,0,0,1,-94,0,2,0,453893745,0,110,0,0,86353.6,256,[110 96 6 0 -9 -4 -8 -4 -8 -4 -11 -11 -11 -10 -11 -10 -11 -10 -19 -4 -18 -4 -18 -4 -18 -4 -16 -26 -17 -25 -16 -25 -16 -25 -17 -13 -16 -13 -17 -13 -16 -13 -11 -18 -11 -18 -10 -17 -9 -18 -11 0 -11 -1 0 0 0 0 0 0 0 0 0 0 0 0 0 0 0 0 0 0 0 0 0 0 -4 4 -4 4 -9 12 -9 13 -10 12 -11 13 -6 10 -7 11 -7 11 -8 11 -17 -4 -17 -4 -18 -5 -18 -5 -13 6 -14 7 -13 7 -13 8 -15 16 -14 17 -14 18 -14 18 -22 19 -22 19
2025-05-21 15:13:22,CSI_DATA,STA,D8:B1:90:DB:E8:90,-32,11,1,7,0,0,1,1,0,0,1,-94,0,2,0,461905074,0,110,0,0,86361.6,256,[110 96 6 0 -18 20 -18 19 -18 20 -17 19 -16 20 -16 19 -15 19 -14 20 -14 20 -14 20 -14 20 -13 20 -13 20 -14 21 -13 20 -13 21 -13 19 -13 19 -13 18 -14 18 -14 17 -14 17 -15 15 -15 15 -16 14 0 0 0 0 0 0 0 0 0 0 0 0 0 0 0 0 0 0 0 0 0 0 -13 14 -13 13 -13 13 -14 13 -15 13 -15 12 -16 14 -17 14 -18 14 -19 14 -18 14 -19 14 -18 13 -19 14 -19 14 -20 15 -19 15 -19 16 -18 15 -18 16 -19 17 -19 17 -19 19 -19
2025-05-21 15:13:22,CSI_DATA,STA,D8:B1:90:DB:E8:90,-31,11,1,7,0,0,1,1,0,0,1,-94,0,2,0,462404618,0,110,0,0,86362.1,256,[110 96 6 0 6 21 6 21 6 20 7 19 7 19 7 19 8 18 8 18 8 18 8 17 9 18 9 17 9 18 8 17 9 17 9 17 8 16 8 16 8 16 7 16 7 16 6 16 6 16 5 16 4 17 0 0 0 0 0 0 0 0 0 0 0 0 0 0 0 0 0 0 0 0 0 0 6 13 5 14 4 15 4 15 3 15 3 16 3 16 3 17 2 17 2 18 2 18 1 18 2 18 1 19 1 19 1 19 2 19 2 19 4 19 4 19 4 19 5 20 5 20 5 20 5 21 6 21 ]
2025-05-21 15:13:24,CSI_DATA,STA,D8:B1:90:DB:E8:90,-32,11,1,7,0,0,1,1,0,0,1,-94,0,2,0,464435847,0,110,0,0,86364.1,256,[110 96 6 0 19 13 19 13 19 12 19 12 19 12 19 11 19 10 18 10 17 9 18 9 18 9 19 9 19 8 18 8 19 8 18 8 19 8 18 8 17 8 17 9 17 9 16 9 15 10 15 10 14 11 0 0 0 0 0 0 0 0 0 0 0 0 0 0 0 0 0 0 0 0 0 0 13 7 13 9 13 9 13 10 14 11 14 11 14 11 14 12 14 13 14 14 13 15 13 15 14 15 14 15 14 15 14 14 14 14 14 14 16 13 16 13 17 13 17 13 17 13 18 14 18 14 18 14 ]
2025-05-21 15:13:27,CSI_DATA,STA,D8:B1:90:DB:E8:90,-31,11,1,7,0,0,1,1,0,0,1,-94,0,2,0,467433485,0,110,0,0,86367.1,256,[110 96 6 0 21 7 20 6 20 6 20 5 20 5 20 5 19 4 19 4 19 3 19 3 19 3 20 2 19 2 19 2 19 2 20 3 19 3 19 3 19 3 17 3 17 4 17 4 17 4 16 5 15 6 0 0 0 0 0 0 0 0 0 0 0 0 0 0 0 0 0 0 0 0 0 0 14 4 14 4 14 5 14 6 14 6 14 7 15 7 16 8 16 9 16 9 16 9 16 9 16 10 16 10 16 9 16 9 16 8 17 8 17 8 18 8 18 8 19 8 20 7 20 7 20 8 20 7 ]
2025-05-21 15:13:28,CSI_DATA,STA,D8:B1:90:DB:E8:90,-32,11,1,7,0,0,1,1,0,0,1,-94,0,2,0,467933516,0,110,0,0,86367.6,256,[110 96 6 0 10 20 10 19 10 19 11 19 11 18 11 18 11 18 11 17 11 17 12 17 12 17 12 16 12 16 12 17 12 16 12 17 11 16 11 16 10 16 10 16 9 16 9 16 8 16 7 16 6 17 0 0 0 0 0 0 0 0 0 0 0 0 0 0 0 0 0 0 0 0 0 0 8 13 7 14 6 15 6 16 6 16 5 16 5 17 5 17 5 18 5 18 5 19 5 19 5 19 5 19 6 19 6 19 6 19 6 19 7 19 7 19 8 20 8 20 9 20 9 19 9 20 9 20 ]
2025-05-21 15:13:28,CSI_DATA,STA,D8:B1:90:DB:E8:90,-32,11,1,7,0,0,1,1,0,0,1,-94,0,2,0,468434638,0,110,0,0,86368.1,256,[110 96 6 0 22 6 21 5 22 5 21 5 21 5 21 4 21 4 21 3 21 2 21 2 21 2 21 2 21 2 21 2 21 2 21 1 20 1 20 2 19 2 19 2 18 2 18 2 18 3 18 4 18 5 0 0 0 0 0 0 0 0 0 0 0 0 0 0 0 0 0 0 0 0 0 0 16 3 15 4 16 5 15 6 16 6 16 7 17 7 17 7 17 8 17 8 17 8 17 9 18 9 18 9 17 9 18 9 18 8 19 8 19 7 19 8 20 7 21 8 21 6 21 7 21 7 21 6 ]
2025-05-21 15:13:29,CSI_DATA,STA,D8:B1:90:DB:E8:90,-32,11,1,7,0,0,1,1,0,0,1,-94,0,2,0,469452528,0,110,0,0,86369.2,256,[110 96 6 0 -2 26 -2 26 -2 26 -1 26 -1 25 0 25 1 25 1 24 1 24 1 24 2 24 3 24 3 25 2 24 2 24 3 24 2 23 2 23 2 23 1 22 1 21 0 21 -1 21 -2 22 -3 21 0 0 0 0 0 0 0 0 0 0 0 0 0 0 0 0 0 0 0 0 0 0 0 18 -1 18 -2 18 -3 19 -3 19 -4 20 -4 21 -5 21 -5 22 -6 22 -6 22 -7 23 -6 23 -6 23 -6 22 -6 22 -6 22 -6 23 -5 24 -4 24 -4 25 -4 25 -4 26 -3 26 -3 26 -4 26 ]
2025-05-21 15:13:35,CSI_DATA,STA,D8:B1:90:DB:E8:90,-31,11,1,7,0,0,1,1,0,0,1,-94,0,2,0,474982298,0,110,0,0,86374.7,256,[110 96 6 0 -22 -4 -22 -3 -21 -3 -22 -3 -21 -2 -21 -2 -21 -2 -22 -1 -21 0 -21 0 -21 0 -21 0 -20 0 -20 0 -20 0 -20 0 -20 0 -20 -1 -19 -1 -19 -1 -19 -2 -18 -2 -18 -2 -17 -3 -17 -4 0 0 0 0 0 0 0 0 0 0 0 0 0 0 0 0 0 0 0 0 0 0 -16 -1 -16 -2 -16 -3 -16 -3 -16 -4 -17 -4 -17 -4 -18 -4 -18 -5 -19 -5 -18 -5 -18 -6 -19 -6 -18 -7 -19 -6 -19 -5 -20 -5 -20 -5 -20 -5 -20 -5 -21 -5 -21 -5 -21 -3 -22 -4 -22 -
2025-05-21 15:13:37,CSI_DATA,STA,D8:B1:90:DB:E8:90,-31,11,1,6,0,0,1,0,0,0,1,-94,0,2,0,477484373,0,110,0,0,86377.2,256,[110 96 6 0 19 -5 15 -2 11 2 7 6 5 11 3 15 2 20 2 24 2 26 3 28 4 30 5 29 7 28 8 26 7 23 6 19 5 14 3 9 0 4 -3 0 -6 -5 -9 -8 -12 -11 -14 -14 -16 -17 0 0 0 0 0 0 0 0 0 0 0 0 0 0 0 0 0 0 0 0 0 0 -7 -3 -9 -7 -12 -11 -14 -14 -16 -17 -18 -19 -20 -19 -21 -20 -22 -20 -21 -18 -20 -17 -17 -14 -13 -11 -9 -8 -4 -6 1 -4 6 -2 12 -1 17 -2 22 -3 26 -4 30 -6 31 -7 32 -8 32 -9 30 -10 ]
2025-05-21 15:13:41,CSI_DATA,STA,D8:B1:90:DB:E8:90,-36,11,1,6,0,0,1,0,0,0,1,-94,0,2,0,481017524,0,110,0,0,86380.7,256,[110 96 6 0 6 -3 6 -3 6 -3 17 -19 16 -18 16 -18 16 -18 13 -17 13 -17 13 -17 13 -18 18 -26 18 -25 19 -25 19 -24 13 -6 13 -5 13 -4 13 -4 -17 6 -17 6 -18 4 -17 4 17 10 15 11 0 0 0 0 0 0 0 0 0 0 0 0 0 0 0 0 0 0 0 0 0 0 8 -18 9 -17 4 -20 5 -20 7 -21 8 -21 -6 -14 -6 -14 -5 -15 -5 -16 -13 -11 -13 -12 -13 -12 -13 -13 -12 -29 -12 -30 -12 -30 -12 -31 -12 -22 -13 -22 -13 -23 -13 -24 -10 -27 -10 -27 -10
2025-05-21 15:13:41,CSI_DATA,STA,D8:B1:90:DB:E8:90,-32,11,1,7,0,0,1,0,0,0,0,-94,0,2,0,481524249,0,110,0,0,86381.2,256,[110 96 6 0 25 -7 24 -7 25 -8 24 -8 24 -8 23 -8 23 -8 23 -9 23 -9 22 -10 22 -10 22 -10 22 -10 23 -11 22 -11 22 -10 21 -9 21 -9 21 -8 20 -8 20 -8 21 -7 20 -6 20 -5 20 -4 0 0 0 0 0 0 0 0 0 0 0 0 0 0 0 0 0 0 0 0 0 0 17 -7 17 -5 18 -6 18 -5 19 -4 19 -4 20 -4 20 -3 21 -3 22 -2 22 -2 22 -2 22 -1 22 -2 22 -2 23 -3 23 -3 24 -4 23 -4 24 -4 24 -5 25 -5 25 -5 25 -5 26 -5 26 -6 ]
2025-05-21 15:13:42,CSI_DATA,STA,D8:B1:90:DB:E8:90,-31,11,1,5,0,0,1,0,0,0,1,-94,0,2,0,482035407,0,110,0,0,86381.7,256,[110 96 6 0 21 3 21 3 21 2 21 1 21 1 21 1 20 0 20 0 20 0 20 -1 20 -1 19 -1 19 -1 19 -1 19 -1 19 0 19 0 18 0 18 0 18 1 18 1 17 2 17 2 17 3 16 4 0 0 0 0 0 0 0 0 0 0 0 0 0 0 0 0 0 0 0 0 0 0 15 0 15 1 15 3 15 3 15 4 16 4 16 4 16 4 17 5 17 6 17 6 17 6 17 6 17 7 18 7 18 6 18 6 18 6 19 5 19 5 19 4 20 4 20 3 20 4 21 4 21 3 ]
2025-05-21 15:13:45,CSI_DATA,STA,D8:B1:90:DB:E8:90,-31,11,1,6,0,0,1,0,0,0,1,-94,0,2,0,485558714,0,110,0,0,86385.3,256,[110 96 6 0 -2 20 -4 15 -7 11 -10 6 -14 3 -18 1 -21 -1 -25 -1 -28 0 -30 1 -31 3 -31 4 -29 5 -27 6 -24 6 -19 5 -15 3 -10 1 -6 -1 -1 -5 3 -8 6 -11 9 -14 10 -17 12 -19 0 0 0 0 0 0 0 0 0 0 0 0 0 0 0 0 0 0 0 0 0 0 7 -5 11 -4 15 -4 18 -3 22 -4 25 -4 27 -5 27 -5 27 -6 25 -7 23 -6 19 -6 15 -5 11 -3 6 0 2 4 -2 8 -4 12 -7 17 -7 22 -7 26 -7 29 -5 32 -4 33 -2 32 -2 31 ]
2025-05-21 15:13:49,CSI_DATA,STA,D8:B1:90:DB:E8:90,-31,11,1,6,0,0,1,0,0,0,1,-94,0,2,0,489099334,0,110,0,0,86388.8,256,[110 96 6 0 -17 9 -14 5 -12 1 -10 -5 -8 -9 -8 -14 -9 -18 -11 -21 -12 -23 -14 -25 -16 -25 -17 -24 -17 -23 -16 -21 -15 -18 -13 -14 -10 -12 -6 -8 -2 -5 3 -2 7 0 11 2 14 3 17 5 20 6 0 0 0 0 0 0 0 0 0 0 0 0 0 0 0 0 0 0 0 0 0 0 6 1 9 5 10 7 13 10 15 12 18 14 19 15 21 15 21 15 20 13 19 12 17 10 13 7 9 5 4 4 -1 3 -6 3 -11 3 -17 4 -20 6 -24 8 -26 10 -27 13 -28 14 -26 15 -26 15 ]
2025-05-21 15:13:50,CSI_DATA,STA,D8:B1:90:DB:E8:90,-31,11,1,6,0,0,1,0,0,0,1,-94,0,2,0,490606817,0,110,0,0,86390.3,256,[110 96 6 0 -19 8 -15 3 -12 -1 -9 -6 -7 -11 -7 -16 -7 -20 -8 -23 -9 -26 -11 -27 -13 -28 -14 -28 -14 -26 -14 -24 -13 -20 -10 -17 -8 -13 -4 -9 0 -5 4 -2 8 2 12 4 16 6 18 8 20 10 0 0 0 0 0 0 0 0 0 0 0 0 0 0 0 0 0 0 0 0 0 0 7 2 9 6 11 10 13 13 15 16 17 17 19 18 20 18 20 18 20 16 18 14 16 12 12 9 8 6 3 4 -3 3 -8 2 -14 2 -19 3 -23 5 -27 7 -30 8 -31 11 -31 13 -30 13 -29 13 ]
2025-05-21 15:13:51,CSI_DATA,STA,D8:B1:90:DB:E8:90,-31,11,1,7,0,0,1,0,0,0,1,-94,0,2,0,491106456,0,110,0,0,86390.8,256,[110 96 6 0 16 5 12 6 7 7 3 9 -1 11 -5 14 -7 17 -9 19 -9 22 -9 24 -8 26 -7 26 -6 25 -4 23 -3 21 -3 17 -2 13 -3 7 -3 3 -4 -2 -6 -7 -7 -10 -8 -14 -10 -17 -10 -20 0 0 0 0 0 0 0 0 0 0 0 0 0 0 0 0 0 0 0 0 0 0 -3 -7 -1 -11 -1 -14 0 -18 0 -20 1 -23 0 -25 -1 -26 -2 -25 -2 -24 -2 -22 -3 -19 -2 -15 -1 -10 1 -6 3 -1 6 3 9 6 14 9 18 10 21 11 24 11 26 11 28 10 28 9 27 8 ]
2025-05-21 15:13:52,CSI_DATA,STA,D8:B1:90:DB:E8:90,-31,11,1,6,0,0,1,0,0,0,1,-94,0,2,0,492107424,0,110,0,0,86391.8,256,[110 96 6 0 15 9 10 9 5 8 1 9 -4 11 -8 13 -10 15 -13 18 -15 20 -15 22 -14 24 -13 24 -12 23 -10 22 -8 19 -7 16 -5 11 -4 7 -4 2 -4 -3 -4 -7 -4 -12 -5 -15 -5 -19 -5 -21 0 0 0 0 0 0 0 0 0 0 0 0 0 0 0 0 0 0 0 0 0 0 -2 -7 0 -11 2 -14 3 -18 4 -20 4 -23 4 -24 3 -25 2 -25 2 -24 1 -22 1 -19 1 -15 1 -10 2 -5 3 0 5 4 8 8 11 11 15 14 19 15 22 17 24 16 25 16 25 14 24 13 ]
2025-05-21 15:13:55,CSI_DATA,STA,D8:B1:90:DB:E8:90,-33,11,1,6,0,0,1,0,0,0,1,-94,0,2,0,495117721,0,110,0,0,86394.8,256,[110 96 6 0 -21 11 -21 11 -21 12 -21 11 -20 12 -20 12 -19 12 -19 13 -19 13 -19 13 -19 13 -18 14 -18 14 -18 14 -19 14 -18 13 -18 13 -18 12 -18 12 -17 11 -17 10 -17 9 -17 8 -17 8 -17 7 0 0 0 0 0 0 0 0 0 0 0 0 0 0 0 0 0 0 0 0 0 0 -14 9 -15 8 -15 8 -16 8 -16 7 -17 7 -18 8 -18 7 -19 7 -19 6 -21 7 -21 6 -21 6 -21 6 -21 6 -21 6 -21 7 -21 7 -21 8 -20 9 -21 9 -21 10 -21 10 -21 10 -21 10 -22 11 ]
2025-05-21 15:13:55,CSI_DATA,STA,D8:B1:90:DB:E8:90,-31,11,1,7,0,0,1,0,0,0,1,-94,0,2,0,495291139,0,100,0,0,86395,256,[100 -64 5 0 -13 21 -13 20 -12 21 -11 19 -11 20 -11 20 -10 19 -10 19 -10 19 -10 19 -9 19 -9 20 -8 19 -9 20 -9 19 -9 20 -9 19 -10 18 -9 18 -10 18 -10 17 -10 16 -11 16 -11 15 -12 14 0 0 0 0 0 0 0 0 0 0 0 0 0 0 0 0 0 0 0 0 0 0 -7 15 -8 14 -10 15 -11 15 -11 15 -12 15 -12 16 -13 16 -13 16 -14 16 -14 17 -14 16 -13 16 -14 17 -14 17 -15 17 -14 17 -14 18 -13 17 -13 18 -13 18 -13 18 -13 19 -13 19 -13 20
2025-05-21 15:13:57,CSI_DATA,STA,D8:B1:90:DB:E8:90,-32,11,1,7,0,0,1,0,0,0,1,-94,0,2,0,497623963,0,110,0,0,86397.3,256,[110 96 6 0 1 -23 1 -23 1 -23 0 -23 -1 -22 -1 -22 -2 -22 -2 -22 -2 -22 -2 -22 -3 -21 -3 -21 -3 -22 -3 -22 -3 -21 -2 -21 -2 -21 -2 -21 -1 -21 -1 -20 0 -20 1 -19 1 -19 2 -19 3 -19 0 0 0 0 0 0 0 0 0 0 0 0 0 0 0 0 0 0 0 0 0 0 0 -17 1 -17 2 -18 3 -18 3 -18 4 -19 4 -19 4 -19 5 -19 5 -20 5 -21 5 -21 5 -21 6 -21 4 -21 4 -21 4 -21 3 -21 3 -21 2 -21 2 -22 2 -22 2 -22 1 -23 1 -22 2 -23 ]
2025-05-21 15:14:04,CSI_DATA,STA,D8:B1:90:DB:E8:90,-33,11,1,7,0,0,1,0,0,0,1,-94,0,2,0,503673000,0,110,0,0,86403.4,256,[110 96 6 0 12 -21 12 -22 12 -21 11 -21 11 -21 11 -21 10 -21 10 -21 9 -21 9 -21 8 -21 7 -21 7 -21 8 -21 8 -21 8 -20 8 -21 9 -20 8 -20 9 -19 8 -19 9 -18 9 -18 9 -18 10 -17 0 0 0 0 0 0 0 0 0 0 0 0 0 0 0 0 0 0 0 0 0 0 8 -16 9 -16 8 -16 9 -17 10 -16 11 -17 10 -17 11 -17 12 -17 12 -17 13 -18 13 -18 13 -17 13 -18 13 -18 13 -18 13 -19 13 -19 14 -19 13 -19 13 -20 13 -20 13 -21 12 -21 13 -22 14 -22 ]
2025-05-21 15:14:04,CSI_DATA,STA,D8:B1:90:DB:E8:90,-34,11,1,7,0,0,1,0,0,0,1,-93,0,2,0,504172503,0,110,0,0,86403.9,256,[110 96 6 0 20 11 21 12 21 10 20 10 20 9 20 9 20 9 20 8 19 7 20 7 20 7 20 6 20 6 20 6 20 6 20 7 20 7 19 7 19 7 18 7 17 7 17 7 16 8 17 9 16 10 0 0 0 0 0 0 0 0 0 0 0 0 0 0 0 0 0 0 0 0 0 0 16 6 15 7 14 8 15 9 15 10 15 10 15 11 16 11 16 12 16 13 16 13 16 13 17 14 16 14 17 14 16 13 17 14 16 13 18 13 18 13 19 13 19 13 19 12 20 12 20 13 21 12 ]
2025-05-21 15:14:05,CSI_DATA,STA,D8:B1:90:DB:E8:90,-31,11,1,6,0,0,1,1,0,0,1,-94,0,2,0,504673334,0,110,0,0,86404.4,256,[110 96 6 0 -19 13 -16 10 -14 6 -12 1 -13 -3 -14 -7 -16 -11 -19 -13 -23 -14 -26 -14 -28 -13 -31 -11 -32 -9 -31 -7 -30 -5 -27 -3 -23 -2 -19 -2 -15 -3 -11 -5 -8 -8 -4 -10 -1 -14 1 -17 2 -20 0 0 0 0 0 0 0 0 0 0 0 0 0 0 0 0 0 0 0 0 0 0 5 6 2 9 0 11 -2 15 -3 18 -4 22 -4 24 -3 27 -2 29 -1 28 0 27 0 25 1 21 0 18 -2 14 -5 10 -8 8 -12 5 -16 5 -20 5 -24 6 -28 7 -29 11 -30 12 -29 15 -28 16 ]
2025-05-21 15:14:08,CSI_DATA,STA,D8:B1:90:DB:E8:90,-32,11,1,7,0,0,1,1,0,0,1,-94,0,2,0,508216655,0,110,0,0,86407.9,256,[110 96 6 0 -22 -14 -22 -14 -21 -13 -21 -13 -21 -13 -21 -12 -21 -12 -21 -11 -21 -10 -21 -10 -22 -10 -22 -10 -22 -9 -22 -9 -21 -9 -21 -9 -21 -10 -21 -10 -20 -10 -19 -10 -19 -11 -19 -10 -18 -11 -18 -11 -17 -12 0 0 0 0 0 0 0 0 0 0 0 0 0 0 0 0 0 0 0 0 0 0 -16 -8 -16 -9 -16 -11 -16 -12 -16 -12 -16 -13 -17 -12 -17 -13 -16 -13 -17 -14 -17 -14 -17 -15 -17 -15 -17 -16 -17 -16 -17 -15 -18 -15 -18 -15 -
2025-05-21 15:14:09,CSI_DATA,STA,D8:B1:90:DB:E8:90,-36,11,1,7,0,0,1,1,0,0,1,-94,0,2,0,508714920,0,110,0,0,86408.4,256,[110 96 6 0 8 -24 9 -24 11 -23 6 -22 7 -21 7 -21 7 -20 7 -20 8 -19 9 -19 9 -19 -1 -13 0 -13 1 -12 1 -12 8 -14 9 -14 10 -13 10 -12 5 -1 4 -1 4 0 5 0 -3 -18 -1 -19 0 0 0 0 0 0 0 0 0 0 0 0 0 0 0 0 0 0 0 0 0 0 11 -9 12 -8 -7 -6 -6 -6 -6 -7 -6 -8 -22 0 -22 -1 -23 -3 -23 -4 -19 -4 -19 -5 -20 -6 -19 -7 -19 -2 -19 -3 -19 -4 -18 -4 8 -7 8 -6 8 -5 9 -5 6 -25 6 -24 7 -25 9 -27 ]
2025-05-21 15:14:09,CSI_DATA,STA,D8:B1:90:DB:E8:90,-32,11,1,7,0,0,1,1,0,0,1,-94,0,2,0,509211390,0,110,0,0,86408.9,256,[110 96 6 0 14 18 13 18 13 17 14 17 14 17 13 16 14 16 13 14 13 14 13 14 14 14 14 14 14 14 14 14 14 14 14 14 14 14 14 14 13 14 13 14 12 13 12 13 11 14 11 15 9 15 0 0 0 0 0 0 0 0 0 0 0 0 0 0 0 0 0 0 0 0 0 0 11 11 10 12 9 12 9 13 9 14 9 14 10 14 9 15 10 16 9 16 9 17 9 17 9 18 9 18 10 18 10 17 10 18 10 17 12 18 12 17 12 17 13 18 12 17 13 18 13 18 13 18 ]
2025-05-21 15:14:10,CSI_DATA,STA,D8:B1:90:DB:E8:90,-32,11,1,7,0,0,1,1,0,0,1,-94,0,2,0,510490147,0,100,0,0,86410.2,256,[100 -64 5 0 -23 -1 -23 -1 -22 -1 -22 -1 -21 -1 -21 0 -21 0 -21 1 -21 1 -21 1 -21 2 -21 2 -21 2 -20 2 -21 2 -20 2 -20 1 -20 1 -19 0 -19 0 -19 0 -18 0 -18 -1 -18 -2 -18 -3 0 0 0 0 0 0 0 0 0 0 0 0 0 0 0 0 0 0 0 0 0 0 -17 0 -17 -1 -17 -2 -17 -3 -17 -3 -18 -4 -18 -3 -19 -3 -19 -4 -19 -4 -20 -4 -20 -4 -20 -5 -20 -4 -20 -4 -21 -4 -21 -4 -20 -4 -22 -4 -22 -3 -22 -3 -22 -3 -22 -2 -23 -2 -23 -2 -23 -2
2025-05-21 15:14:12,CSI_DATA,STA,D8:B1:90:DB:E8:90,-32,11,1,7,0,0,1,0,0,0,0,-94,0,2,0,511715180,0,110,0,0,86411.4,256,[110 96 6 0 0 -27 -1 -26 0 -26 -1 -26 -2 -26 -2 -26 -3 -25 -3 -25 -3 -24 -3 -24 -4 -24 -4 -24 -4 -24 -4 -25 -4 -24 -4 -24 -3 -23 -3 -23 -3 -23 -2 -23 -2 -23 -1 -22 0 -22 1 -22 2 -22 0 0 0 0 0 0 0 0 0 0 0 0 0 0 0 0 0 0 0 0 0 0 -2 -19 -1 -20 -1 -20 0 -21 1 -21 2 -21 1 -22 2 -23 3 -23 3 -24 5 -24 5 -24 5 -24 6 -24 4 -24 5 -24 5 -24 5 -25 2 -25 1 -25 1 -26 1 -26 1 -27 1 -26 2 -27 1 -28 ]
2025-05-21 15:14:12,CSI_DATA,STA,D8:B1:90:DB:E8:90,-32,11,1,6,0,0,1,0,0,0,1,-94,0,2,0,512225262,0,110,0,0,86411.9,256,[110 96 6 0 21 12 24 12 22 10 23 11 23 9 22 10 23 9 22 8 22 8 22 7 22 8 23 7 22 7 23 7 23 6 21 7 22 7 21 6 21 7 20 6 19 8 19 7 18 8 19 9 17 9 0 0 0 0 0 0 0 0 0 0 0 0 0 0 0 0 0 0 0 0 0 0 16 7 15 9 16 8 16 9 16 10 17 10 17 10 18 12 17 11 17 13 18 13 17 14 18 15 18 14 19 15 18 13 18 14 19 13 19 13 20 13 21 12 20 14 22 12 21 12 22 13 22 12 ]
2025-05-21 15:14:13,CSI_DATA,STA,D8:B1:90:DB:E8:90,-31,11,1,6,0,0,1,0,0,0,1,-94,0,2,0,512736487,0,110,0,0,86412.4,256,[110 96 6 0 -22 -5 -18 -6 -15 -7 -12 -10 -10 -12 -9 -16 -10 -18 -11 -20 -13 -23 -15 -24 -18 -24 -20 -22 -21 -20 -22 -18 -21 -15 -19 -13 -16 -11 -13 -10 -9 -10 -5 -11 -2 -12 1 -14 4 -16 6 -18 7 -20 0 0 0 0 0 0 0 0 0 0 0 0 0 0 0 0 0 0 0 0 0 0 -7 7 -10 5 -13 4 -16 3 -19 3 -21 3 -24 5 -25 5 -25 7 -25 7 -23 7 -21 7 -19 6 -16 4 -14 1 -13 -2 -13 -5 -13 -9 -15 -12 -18 -14 -21 -16 -24 -16 -27 -15 -29
2025-05-21 15:14:15,CSI_DATA,STA,D8:B1:90:DB:E8:90,-33,11,1,5,0,0,1,0,0,0,1,-94,0,2,0,514759016,0,110,0,0,86414.5,256,[110 96 6 0 0 -25 0 -25 0 -24 -1 -25 -1 -25 -1 -24 -2 -24 -2 -24 -3 -23 -3 -23 -4 -23 -4 -23 -4 -23 -4 -22 -3 -23 -4 -22 -4 -22 -3 -22 -2 -21 -2 -22 -1 -21 -1 -20 -1 -20 0 -21 1 -20 0 0 0 0 0 0 0 0 0 0 0 0 0 0 0 0 0 0 0 0 0 0 -2 -17 0 -18 0 -19 1 -19 2 -19 2 -20 3 -20 3 -21 4 -21 4 -21 3 -22 3 -22 4 -23 4 -23 3 -23 4 -23 4 -23 3 -23 2 -24 2 -24 2 -25 2 -25 1 -24 0 -24 0 -25 1 -26 ]
2025-05-21 15:14:16,CSI_DATA,STA,D8:B1:90:DB:E8:90,-33,11,1,7,0,0,1,0,0,0,0,-94,0,2,0,516266540,0,110,0,0,86416,256,[110 96 6 0 -3 -24 -3 -24 -3 -24 -4 -23 -3 -23 -4 -23 -5 -22 -5 -22 -6 -23 -6 -22 -6 -22 -7 -21 -7 -21 -7 -21 -7 -21 -7 -21 -6 -20 -6 -20 -5 -20 -6 -20 -5 -20 -5 -20 -4 -19 -3 -20 -2 -19 0 0 0 0 0 0 0 0 0 0 0 0 0 0 0 0 0 0 0 0 0 0 -4 -17 -2 -17 -2 -19 -1 -19 -1 -19 0 -19 0 -20 1 -20 1 -20 1 -22 1 -22 2 -21 2 -22 2 -22 1 -21 1 -22 1 -22 1 -23 0 -23 0 -23 -1 -23 -1 -23 -1 -24 -2 -24 -2 -24 -1 -24
2025-05-21 15:14:17,CSI_DATA,STA,D8:B1:90:DB:E8:90,-32,11,1,7,0,0,1,0,0,0,0,-94,0,2,0,516766851,0,110,0,0,86416.5,256,[110 96 6 0 20 -6 19 -6 20 -7 19 -8 19 -7 18 -8 18 -8 17 -9 16 -10 16 -10 16 -10 16 -10 16 -9 16 -10 16 -10 16 -9 16 -9 16 -9 16 -8 15 -9 15 -8 15 -8 15 -7 15 -7 16 -5 0 0 0 0 0 0 0 0 0 0 0 0 0 0 0 0 0 0 0 0 0 0 13 -7 14 -7 14 -6 14 -6 15 -5 16 -5 16 -5 17 -4 17 -4 18 -4 18 -4 18 -4 18 -4 18 -3 18 -4 18 -4 18 -4 18 -4 19 -4 19 -5 19 -5 20 -5 19 -6 20 -6 20 -6 20 -7 ]
2025-05-21 15:14:17,CSI_DATA,STA,D8:B1:90:DB:E8:90,-32,11,1,7,0,0,1,0,0,0,0,-94,0,2,0,517266897,0,110,0,0,86417,256,[110 96 6 0 -26 6 -25 6 -25 7 -25 7 -25 7 -24 8 -23 8 -22 9 -22 9 -23 9 -22 9 -22 10 -22 10 -22 10 -22 10 -23 10 -22 9 -22 9 -21 8 -21 8 -21 8 -21 7 -21 6 -20 5 -20 4 0 0 0 0 0 0 0 0 0 0 0 0 0 0 0 0 0 0 0 0 0 0 -18 6 -18 4 -19 4 -19 4 -20 3 -21 3 -21 4 -21 4 -22 4 -23 3 -23 3 -23 2 -23 2 -23 2 -24 2 -24 3 -24 3 -24 4 -24 3 -24 4 -25 4 -24 5 -26 6 -26 5 -26 5 -26 5 ]
2025-05-21 15:14:19,CSI_DATA,STA,D8:B1:90:DB:E8:90,-31,11,1,7,0,0,1,0,0,0,1,-94,0,2,0,519286178,0,110,0,0,86419,256,[110 96 6 0 -2 24 -2 24 -2 24 -1 24 -1 23 0 23 0 22 0 22 1 22 1 22 1 22 2 21 1 22 1 21 1 22 2 22 1 22 1 21 1 20 1 20 1 19 0 19 -1 19 -2 19 -3 19 0 0 0 0 0 0 0 0 0 0 0 0 0 0 0 0 0 0 0 0 0 0 1 17 0 18 -2 18 -2 18 -3 19 -4 19 -3 20 -3 20 -3 21 -4 21 -5 21 -5 21 -5 21 -5 21 -6 22 -6 22 -6 23 -5 22 -5 23 -4 23 -4 24 -4 24 -4 23 -4 23 -4 23 -3 25 ]
2025-05-21 15:14:20,CSI_DATA,STA,D8:B1:90:DB:E8:90,-32,11,1,7,0,0,1,0,0,0,1,-94,0,2,0,520283079,0,110,0,0,86420,256,[110 96 6 0 20 3 20 3 20 2 20 3 20 2 19 2 19 2 19 1 19 0 19 0 19 0 19 0 19 0 19 -1 19 0 19 -1 19 0 18 0 18 0 18 1 17 1 17 1 17 1 16 3 15 4 0 0 0 0 0 0 0 0 0 0 0 0 0 0 0 0 0 0 0 0 0 0 15 0 15 2 14 2 15 3 15 3 15 3 16 4 16 4 17 5 17 5 17 5 17 6 17 6 17 7 18 6 17 6 18 6 18 5 19 5 19 5 20 4 20 5 19 4 20 4 20 4 21 4 ]
2025-05-21 15:14:23,CSI_DATA,STA,D8:B1:90:DB:E8:90,-32,11,1,7,0,0,1,0,0,0,1,-94,0,2,0,522792742,0,110,0,0,86422.5,256,[110 96 6 0 -22 -9 -22 -9 -21 -8 -22 -7 -22 -7 -21 -7 -21 -6 -22 -4 -21 -4 -22 -4 -22 -3 -22 -2 -22 -2 -21 -3 -21 -3 -22 -2 -22 -2 -21 -3 -21 -3 -20 -2 -20 -3 -19 -3 -19 -4 -19 -5 -18 -6 0 0 0 0 0 0 0 0 0 0 0 0 0 0 0 0 0 0 0 0 0 0 -17 -2 -17 -4 -17 -5 -18 -6 -18 -7 -19 -7 -18 -7 -19 -7 -19 -8 -19 -8 -20 -9 -20 -9 -20 -10 -20 -10 -20 -10 -20 -10 -20 -10 -20 -10 -21 -10 -21 -10 -22 -10 -22 -10
2025-05-21 15:14:23,CSI_DATA,STA,D8:B1:90:DB:E8:90,-32,11,1,7,0,0,1,0,0,0,1,-94,0,2,0,523292452,0,110,0,0,86423,256,[110 96 6 0 -10 -25 -10 -25 -10 -24 -11 -24 -11 -23 -11 -22 -11 -22 -11 -22 -12 -21 -12 -21 -13 -21 -13 -21 -13 -21 -12 -21 -12 -21 -12 -20 -12 -20 -12 -20 -11 -20 -11 -20 -10 -20 -10 -19 -9 -19 -8 -20 -7 -20 0 0 0 0 0 0 0 0 0 0 0 0 0 0 0 0 0 0 0 0 0 0 -9 -16 -8 -17 -7 -18 -7 -19 -6 -20 -6 -20 -7 -20 -6 -21 -6 -22 -6 -23 -6 -22 -6 -23 -6 -23 -6 -24 -6 -24 -6 -23 -7 -24 -6 -24 -8 -24 -7 -24 -8 -
2025-05-21 15:14:24,CSI_DATA,STA,D8:B1:90:DB:E8:90,-32,11,1,7,0,0,1,1,0,0,0,-94,0,2,0,523795614,0,110,0,0,86423.5,256,[110 96 6 0 0 -27 0 -26 0 -27 0 -25 0 -25 -1 -25 -1 -25 -1 -26 -2 -26 -3 -25 -3 -25 -3 -25 -3 -25 -3 -25 -3 -25 -3 -25 -2 -23 -1 -24 -1 -24 -1 -23 0 -23 0 -22 0 -22 1 -22 3 -22 0 0 0 0 0 0 0 0 0 0 0 0 0 0 0 0 0 0 0 0 0 0 -1 -19 0 -19 0 -20 1 -20 2 -20 2 -21 3 -22 4 -22 4 -22 4 -23 4 -22 5 -23 4 -23 4 -23 4 -22 4 -23 4 -23 3 -24 3 -24 3 -24 3 -25 2 -25 2 -26 1 -26 1 -26 2 -27 ]
2025-05-21 15:14:24,CSI_DATA,STA,D8:B1:90:DB:E8:90,-32,11,1,7,0,0,1,1,0,0,0,-94,0,2,0,524299671,0,110,0,0,86424,256,[110 96 6 0 15 16 16 16 15 15 16 15 16 15 16 14 16 14 15 13 15 12 16 12 16 12 16 12 16 12 16 12 17 12 16 12 16 12 15 12 15 12 14 13 14 13 13 13 13 13 12 14 11 14 0 0 0 0 0 0 0 0 0 0 0 0 0 0 0 0 0 0 0 0 0 0 11 9 11 10 11 11 11 12 10 12 11 13 11 13 11 14 11 14 11 15 11 15 11 15 11 16 12 16 12 16 12 15 12 15 12 15 13 16 14 16 14 16 14 16 14 16 15 16 15 16 15 16 ]
2025-05-21 15:14:25,CSI_DATA,STA,D8:B1:90:DB:E8:90,-31,11,1,7,0,0,1,0,0,0,1,-94,0,2,0,524812653,0,110,0,0,86424.5,256,[110 96 6 0 -24 7 -24 7 -23 7 -22 8 -22 8 -22 8 -21 8 -20 9 -20 10 -20 10 -20 10 -20 10 -20 10 -19 10 -20 10 -20 9 -20 9 -20 8 -19 8 -19 8 -19 7 -19 7 -19 6 -19 5 -19 3 0 0 0 0 0 0 0 0 0 0 0 0 0 0 0 0 0 0 0 0 0 0 -15 7 -16 5 -16 6 -17 6 -17 5 -18 5 -19 5 -20 4 -20 4 -21 4 -21 4 -21 3 -21 3 -21 3 -21 4 -22 4 -22 4 -22 4 -22 6 -22 6 -23 7 -23 6 -23 7 -23 7 -23 7 -24 7 ]
2025-05-21 15:14:29,CSI_DATA,STA,D8:B1:90:DB:E8:90,-32,11,1,7,0,0,1,0,0,0,1,-94,0,2,0,529433612,0,110,0,0,86429.1,256,[110 96 6 0 -21 17 -20 16 -21 17 -19 17 -19 17 -18 17 -18 17 -18 17 -17 17 -16 17 -16 18 -16 19 -15 18 -16 18 -16 18 -17 18 -16 18 -17 17 -17 16 -17 16 -17 15 -17 14 -17 14 -17 13 -18 12 0 0 0 0 0 0 0 0 0 0 0 0 0 0 0 0 0 0 0 0 0 0 -12 13 -13 12 -13 13 -14 12 -15 12 -16 12 -17 13 -17 12 -18 12 -19 12 -19 13 -20 12 -20 12 -20 12 -20 12 -20 12 -20 12 -20 13 -20 13 -20 13 -21 14 -21 14 -21 16 -20
2025-05-21 15:14:30,CSI_DATA,STA,D8:B1:90:DB:E8:90,-37,11,1,7,0,0,1,1,0,0,0,-94,0,2,0,530441786,0,110,0,0,86430.1,256,[110 96 6 0 20 -6 19 -8 18 -9 16 -4 15 -4 15 -5 14 -6 20 1 20 -1 20 -3 19 -4 26 -2 25 -3 25 -5 25 -6 24 -6 24 -7 23 -7 23 -8 -16 -4 -15 -4 -15 -3 -15 -3 14 -1 14 -1 0 0 0 0 0 0 0 0 0 0 0 0 0 0 0 0 0 0 0 0 0 0 -11 7 -11 7 -3 4 -3 5 -3 5 -3 6 -2 -7 -3 -8 -3 -8 -4 -8 0 -2 0 -2 0 -2 0 -2 -18 -8 -18 -7 -19 -6 -20 -5 8 -10 8 -10 7 -11 7 -12 23 -4 23 -6 23 -7 22 -6 ]
2025-05-21 15:14:32,CSI_DATA,STA,D8:B1:90:DB:E8:90,-31,11,1,7,0,0,1,0,0,0,1,-94,0,2,0,532455585,0,110,0,0,86432.2,256,[110 96 6 0 21 -3 21 -3 21 -4 20 -4 20 -4 20 -4 19 -5 20 -5 20 -6 19 -6 19 -6 19 -6 19 -6 19 -7 19 -7 19 -6 18 -6 19 -6 18 -5 18 -5 18 -5 17 -4 17 -4 17 -3 17 -2 0 0 0 0 0 0 0 0 0 0 0 0 0 0 0 0 0 0 0 0 0 0 15 -4 15 -2 15 -2 15 -1 16 -1 16 -1 16 0 17 1 17 1 18 1 18 2 18 2 18 2 18 2 19 2 19 1 19 1 19 1 20 0 20 -1 20 -1 21 -1 20 -2 21 -2 21 -2 21 -3 ]
2025-05-21 15:14:34,CSI_DATA,STA,D8:B1:90:DB:E8:90,-32,11,1,7,0,0,1,0,0,0,1,-94,0,2,0,533965981,0,110,0,0,86433.7,256,[110 96 6 0 20 9 20 9 20 9 20 9 20 8 20 8 19 8 19 6 19 6 19 6 19 6 19 6 19 6 19 5 19 5 20 6 19 6 18 6 18 7 18 6 17 6 17 7 16 7 16 8 15 9 0 0 0 0 0 0 0 0 0 0 0 0 0 0 0 0 0 0 0 0 0 0 14 4 13 5 13 7 14 7 14 8 14 9 14 9 14 9 15 10 15 11 15 11 15 11 15 11 15 12 16 11 16 10 17 10 17 10 17 10 18 10 18 10 19 10 19 9 19 10 20 10 20 9 ]
2025-05-21 15:14:36,CSI_DATA,STA,D8:B1:90:DB:E8:90,-32,11,1,7,0,0,1,0,0,0,1,-94,0,2,0,535968553,0,110,0,0,86435.7,256,[110 96 6 0 17 -18 17 -18 17 -18 17 -18 17 -18 16 -18 15 -19 15 -19 14 -19 14 -20 13 -19 12 -20 12 -20 13 -20 13 -20 13 -19 13 -19 13 -18 13 -17 13 -18 13 -17 13 -16 14 -15 14 -15 15 -13 0 0 0 0 0 0 0 0 0 0 0 0 0 0 0 0 0 0 0 0 0 0 11 -13 12 -13 11 -13 12 -13 13 -13 15 -13 15 -13 16 -13 16 -13 17 -13 17 -13 17 -13 17 -13 17 -13 17 -14 18 -14 17 -14 17 -15 18 -15 17 -15 18 -15 18 -16 18 -17 18
2025-05-21 15:14:42,CSI_DATA,STA,D8:B1:90:DB:E8:90,-31,11,1,7,0,0,1,0,0,0,1,-94,0,2,0,542004539,0,110,0,0,86441.7,256,[110 96 6 0 10 -23 10 -23 10 -22 9 -22 9 -22 9 -22 8 -22 8 -22 8 -22 7 -22 6 -22 6 -21 6 -22 7 -22 7 -21 7 -21 7 -21 8 -21 8 -20 8 -20 8 -19 9 -19 9 -18 10 -18 11 -17 0 0 0 0 0 0 0 0 0 0 0 0 0 0 0 0 0 0 0 0 0 0 6 -16 7 -16 7 -16 8 -16 9 -16 10 -16 11 -16 12 -17 12 -17 12 -18 12 -18 13 -18 12 -18 13 -18 12 -19 12 -19 12 -19 12 -20 11 -20 11 -20 11 -21 11 -21 11 -22 11 -22 11 -22 11 -22 ]
2025-05-21 15:14:43,CSI_DATA,STA,D8:B1:90:DB:E8:90,-32,11,1,7,0,0,1,1,0,0,1,-94,0,2,0,543009871,0,110,0,0,86442.7,256,[110 96 6 0 13 -19 13 -19 13 -19 12 -19 12 -19 11 -19 11 -19 11 -19 10 -19 10 -20 9 -20 9 -20 9 -20 9 -19 9 -19 9 -18 9 -19 10 -18 10 -17 10 -17 10 -17 10 -16 10 -15 11 -15 12 -15 0 0 0 0 0 0 0 0 0 0 0 0 0 0 0 0 0 0 0 0 0 0 8 -14 8 -13 9 -13 10 -13 10 -13 11 -14 11 -14 12 -14 13 -14 13 -14 14 -14 14 -14 14 -15 14 -15 14 -15 14 -15 14 -15 14 -15 14 -16 14 -16 14 -17 14 -17 14 -18 13 -18 14 -19
2025-05-21 15:14:44,CSI_DATA,STA,D8:B1:90:DB:E8:90,-31,11,1,7,0,0,1,1,0,0,1,-94,0,2,0,543512583,0,110,0,0,86443.2,256,[110 96 6 0 -5 -22 -5 -22 -5 -22 -6 -21 -6 -21 -6 -21 -7 -20 -6 -20 -7 -20 -7 -20 -8 -20 -8 -20 -8 -19 -8 -20 -8 -19 -7 -19 -7 -19 -6 -19 -6 -19 -6 -18 -6 -18 -6 -18 -5 -18 -4 -18 -3 -18 0 0 0 0 0 0 0 0 0 0 0 0 0 0 0 0 0 0 0 0 0 0 -5 -14 -4 -15 -4 -15 -3 -16 -3 -16 -3 -17 -2 -17 -2 -18 -1 -18 -2 -19 -1 -19 -1 -20 -1 -20 -1 -20 -2 -20 -2 -20 -2 -20 -2 -21 -3 -20 -3 -20 -4 -21 -4 -21 -4 -22 -5
2025-05-21 15:14:44,CSI_DATA,STA,D8:B1:90:DB:E8:90,-31,11,1,7,0,0,1,1,0,0,1,-94,0,2,0,544009221,0,110,0,0,86443.7,256,[110 96 6 0 -20 15 -19 15 -19 15 -18 14 -17 15 -17 15 -16 15 -16 15 -15 16 -15 16 -15 16 -15 17 -14 17 -14 17 -15 17 -15 17 -14 16 -15 16 -15 15 -14 15 -15 14 -15 14 -15 13 -15 12 -16 11 0 0 0 0 0 0 0 0 0 0 0 0 0 0 0 0 0 0 0 0 0 0 -13 10 -14 9 -14 9 -15 9 -15 8 -16 9 -17 10 -17 10 -18 10 -18 10 -19 11 -19 11 -19 10 -19 10 -19 10 -19 11 -19 11 -19 12 -19 12 -19 12 -19 12 -19 13 -19 14 -19 14 -
2025-05-21 15:14:44,CSI_DATA,STA,D8:B1:90:DB:E8:90,-32,11,1,7,0,0,1,1,0,0,1,-94,0,2,0,544513447,0,110,0,0,86444.2,256,[110 96 6 0 -18 -14 -18 -14 -17 -13 -18 -13 -17 -12 -17 -11 -17 -11 -18 -11 -17 -10 -18 -10 -18 -10 -18 -10 -18 -10 -18 -9 -18 -10 -18 -9 -18 -10 -17 -10 -17 -10 -16 -10 -15 -10 -15 -10 -14 -11 -14 -11 -13 -12 0 0 0 0 0 0 0 0 0 0 0 0 0 0 0 0 0 0 0 0 0 0 -13 -7 -13 -8 -13 -9 -13 -10 -12 -10 -13 -11 -13 -11 -13 -12 -13 -12 -13 -13 -14 -13 -14 -14 -14 -15 -14 -14 -14 -14 -13 -14 -14 -14 -14 -14
2025-05-21 15:14:45,CSI_DATA,STA,D8:B1:90:DB:E8:90,-31,11,1,7,0,0,1,1,0,0,1,-94,0,2,0,545011084,0,110,0,0,86444.7,256,[110 96 6 0 2 -25 2 -25 3 -25 2 -24 2 -24 1 -23 1 -23 1 -23 1 -24 0 -23 -1 -23 -1 -23 -1 -23 0 -23 0 -23 0 -23 0 -23 1 -22 1 -22 2 -21 2 -21 2 -20 3 -20 4 -20 5 -20 0 0 0 0 0 0 0 0 0 0 0 0 0 0 0 0 0 0 0 0 0 0 0 -17 1 -17 2 -18 2 -18 3 -18 4 -18 3 -19 4 -19 5 -20 5 -20 5 -21 5 -21 5 -21 6 -21 4 -21 5 -22 4 -22 4 -23 4 -22 4 -22 3 -23 3 -23 3 -25 3 -24 3 -25 3 -26 ]
2025-05-21 15:14:45,CSI_DATA,STA,D8:B1:90:DB:E8:90,-31,11,1,7,0,0,1,1,0,0,1,-94,0,2,0,545509623,0,110,0,0,86445.2,256,[110 96 6 0 3 -27 3 -26 3 -27 2 -27 2 -27 1 -27 1 -26 1 -26 1 -26 0 -26 -1 -26 -1 -26 -1 -26 -1 -26 -1 -25 0 -25 0 -25 0 -24 0 -24 0 -23 0 -23 1 -23 1 -22 2 -22 4 -22 0 0 0 0 0 0 0 0 0 0 0 0 0 0 0 0 0 0 0 0 0 0 0 -18 1 -18 2 -19 3 -19 3 -20 4 -20 4 -21 5 -22 6 -23 6 -23 7 -23 7 -23 7 -23 7 -24 7 -24 7 -24 7 -24 7 -24 5 -24 5 -25 5 -26 5 -26 5 -27 4 -26 4 -27 5 -28 ]
2025-05-21 15:14:47,CSI_DATA,STA,D8:B1:90:DB:E8:90,-32,11,1,7,0,0,1,1,0,0,1,-94,0,2,0,547532579,0,110,0,0,86447.2,256,[110 96 6 0 -21 16 -21 15 -20 16 -19 15 -19 16 -19 15 -18 16 -18 16 -18 17 -17 17 -17 17 -17 17 -17 17 -17 18 -17 17 -17 18 -16 16 -17 16 -17 16 -17 15 -17 15 -17 14 -17 13 -17 13 -17 12 0 0 0 0 0 0 0 0 0 0 0 0 0 0 0 0 0 0 0 0 0 0 -14 12 -15 10 -15 11 -16 11 -16 11 -17 10 -18 11 -19 11 -20 11 -20 11 -20 11 -21 10 -21 10 -21 10 -21 11 -22 11 -22 11 -22 12 -20 12 -20 13 -21 13 -21 13 -21 15 -20
2025-05-21 15:14:48,CSI_DATA,STA,D8:B1:90:DB:E8:90,-32,11,1,7,0,0,1,1,0,0,1,-94,0,2,0,548042679,0,110,0,0,86447.7,256,[110 96 6 0 -6 -21 -6 -21 -5 -20 -6 -20 -6 -19 -6 -19 -7 -19 -6 -19 -7 -18 -7 -18 -8 -18 -7 -18 -8 -18 -7 -18 -7 -18 -7 -18 -7 -17 -7 -17 -6 -17 -6 -17 -5 -17 -5 -17 -4 -17 -3 -17 -3 -17 0 0 0 0 0 0 0 0 0 0 0 0 0 0 0 0 0 0 0 0 0 0 -5 -13 -5 -14 -4 -15 -4 -16 -3 -16 -3 -16 -3 -16 -3 -17 -2 -17 -2 -18 -2 -19 -2 -19 -3 -19 -2 -19 -3 -19 -3 -19 -3 -19 -3 -20 -4 -20 -4 -19 -5 -20 -4 -20 -5 -20 -5
2025-05-21 15:14:48,CSI_DATA,STA,D8:B1:90:DB:E8:90,-32,11,1,7,0,0,1,1,0,0,1,-94,0,2,0,548556274,0,110,0,0,86448.3,256,[110 96 6 0 -18 -16 -17 -16 -17 -15 -17 -15 -17 -14 -17 -14 -17 -14 -17 -13 -17 -13 -17 -12 -18 -12 -18 -12 -18 -11 -17 -11 -17 -11 -17 -12 -17 -11 -16 -12 -16 -12 -15 -11 -15 -12 -14 -11 -14 -11 -13 -12 -13 -13 0 0 0 0 0 0 0 0 0 0 0 0 0 0 0 0 0 0 0 0 0 0 -12 -9 -11 -10 -12 -12 -11 -12 -12 -13 -12 -13 -12 -14 -12 -15 -12 -15 -12 -16 -12 -16 -12 -16 -12 -17 -12 -17 -13 -16 -13 -16 -13 -16 -13
2025-05-21 15:14:50,CSI_DATA,STA,D8:B1:90:DB:E8:90,-32,11,1,7,0,0,1,1,0,0,1,-94,0,2,0,550048308,0,110,0,0,86449.8,256,[110 96 6 0 -20 -8 -20 -8 -20 -7 -20 -7 -20 -7 -20 -7 -19 -7 -19 -6 -19 -5 -19 -5 -19 -4 -19 -5 -19 -4 -19 -5 -19 -5 -19 -4 -19 -4 -18 -5 -18 -5 -17 -5 -17 -6 -17 -6 -16 -6 -16 -7 -15 -8 0 0 0 0 0 0 0 0 0 0 0 0 0 0 0 0 0 0 0 0 0 0 -14 -6 -14 -7 -14 -7 -14 -8 -14 -8 -14 -9 -14 -9 -15 -10 -15 -11 -15 -11 -15 -11 -16 -11 -15 -12 -16 -12 -16 -11 -16 -11 -17 -11 -17 -10 -19 -10 -19 -9 -19 -9 -19 -
2025-05-21 15:14:54,CSI_DATA,STA,D8:B1:90:DB:E8:90,-31,11,1,7,0,0,1,1,0,0,1,-94,0,2,0,553568756,0,110,0,0,86453.3,256,[110 96 6 0 -6 -21 -6 -21 -6 -20 -6 -21 -6 -20 -6 -20 -7 -20 -7 -20 -7 -19 -7 -19 -8 -19 -9 -18 -9 -18 -9 -18 -9 -18 -8 -18 -8 -18 -8 -18 -7 -18 -7 -18 -6 -17 -6 -17 -5 -17 -5 -17 -4 -17 0 0 0 0 0 0 0 0 0 0 0 0 0 0 0 0 0 0 0 0 0 0 -4 -14 -3 -15 -3 -15 -3 -16 -3 -16 -2 -17 -2 -17 -1 -17 -1 -18 -1 -19 -2 -19 -1 -19 -1 -20 -2 -19 -2 -20 -2 -20 -2 -20 -2 -20 -3 -20 -3 -20 -3 -20 -3 -21 -5 -21 -5
2025-05-21 15:14:54,CSI_DATA,STA,D8:B1:90:DB:E8:90,-31,11,1,7,0,0,1,1,0,0,1,-94,0,2,0,554078607,0,110,0,0,86453.8,256,[110 96 6 0 0 -23 0 -22 0 -23 0 -21 0 -22 -1 -21 -1 -21 -2 -21 -2 -21 -2 -21 -3 -20 -3 -20 -3 -20 -3 -21 -2 -20 -2 -21 -2 -20 -2 -20 -2 -20 -2 -19 -1 -19 0 -19 1 -18 0 -18 1 -18 0 0 0 0 0 0 0 0 0 0 0 0 0 0 0 0 0 0 0 0 0 0 -1 -15 0 -15 0 -16 1 -16 2 -17 2 -16 2 -17 3 -17 3 -18 4 -19 4 -19 5 -19 4 -19 4 -19 4 -19 4 -20 4 -20 4 -21 3 -20 3 -21 2 -21 2 -22 3 -22 2 -21 2 -21 2 -22 ]
2025-05-21 15:14:54,CSI_DATA,STA,D8:B1:90:DB:E8:90,-31,11,1,7,0,0,1,1,0,0,1,-94,0,2,0,554590237,0,110,0,0,86454.3,256,[110 96 6 0 -22 0 -23 1 -22 1 -22 1 -22 1 -21 2 -21 2 -21 2 -21 3 -20 3 -21 3 -20 3 -21 3 -20 3 -20 3 -20 4 -21 3 -20 3 -20 3 -19 2 -19 1 -18 1 -18 1 -18 -1 -18 -1 0 0 0 0 0 0 0 0 0 0 0 0 0 0 0 0 0 0 0 0 0 0 -15 0 -16 -1 -16 -1 -16 -2 -16 -2 -18 -3 -17 -3 -18 -3 -18 -3 -18 -4 -19 -4 -19 -4 -19 -5 -19 -5 -19 -4 -19 -4 -20 -3 -20 -3 -21 -2 -21 -1 -21 -1 -22 -1 -22 1 -22 0 -23 0 -23 1 ]
2025-05-21 15:14:58,CSI_DATA,STA,D8:B1:90:DB:E8:90,-32,11,1,7,0,0,1,1,0,0,1,-94,0,2,0,558598400,0,110,0,0,86458.3,256,[110 96 6 0 -22 15 -22 15 -21 16 -20 15 -20 15 -19 16 -18 15 -17 17 -17 17 -17 18 -16 18 -16 18 -16 18 -16 18 -16 18 -16 18 -16 18 -16 17 -16 16 -15 16 -16 15 -15 15 -16 14 -16 14 -17 12 0 0 0 0 0 0 0 0 0 0 0 0 0 0 0 0 0 0 0 0 0 0 -13 12 -15 11 -15 11 -16 11 -16 11 -17 11 -18 11 -19 11 -19 11 -20 10 -20 11 -21 10 -21 10 -21 10 -21 11 -21 11 -22 11 -21 12 -21 12 -21 13 -21 12 -21 13 -21 14 -21
2025-05-21 15:14:59,CSI_DATA,STA,D8:B1:90:DB:E8:90,-31,11,1,7,0,0,1,1,0,0,1,-94,0,2,0,559097597,0,110,0,0,86458.8,256,[110 96 6 0 20 8 21 8 21 7 20 7 20 6 20 6 19 5 20 5 19 4 20 4 19 4 19 4 20 4 20 4 20 4 19 4 19 4 19 4 18 4 18 5 17 4 17 5 17 6 16 7 16 8 0 0 0 0 0 0 0 0 0 0 0 0 0 0 0 0 0 0 0 0 0 0 14 3 14 4 14 5 14 6 14 6 15 6 15 7 15 7 16 8 16 8 16 9 16 9 16 9 17 9 16 9 17 8 17 9 17 8 18 9 18 8 19 8 19 8 19 7 20 8 20 8 20 8 ]
2025-05-21 15:15:00,CSI_DATA,STA,D8:B1:90:DB:E8:90,-31,11,1,7,0,0,1,1,0,0,1,-94,0,2,0,559604104,0,110,0,0,86459.3,256,[110 96 6 0 -8 -24 -8 -25 -8 -24 -8 -24 -9 -24 -9 -24 -9 -23 -10 -22 -10 -22 -10 -22 -11 -21 -12 -21 -13 -21 -12 -20 -12 -21 -12 -20 -11 -21 -11 -21 -10 -21 -11 -20 -10 -20 -9 -19 -9 -20 -8 -20 -7 -20 0 0 0 0 0 0 0 0 0 0 0 0 0 0 0 0 0 0 0 0 0 0 -8 -15 -7 -17 -7 -17 -6 -18 -6 -18 -6 -19 -5 -19 -5 -20 -4 -20 -5 -21 -4 -22 -4 -22 -4 -22 -4 -22 -4 -22 -4 -22 -4 -23 -4 -22 -5 -23 -6 -23 -6 -23 -6
2025-05-21 15:15:00,CSI_DATA,STA,D8:B1:90:DB:E8:90,-30,11,1,6,0,0,1,0,0,0,1,-94,0,2,0,560120259,0,110,0,0,86459.8,256,[110 96 6 0 -1 21 -3 18 -6 15 -8 12 -12 11 -16 11 -19 12 -22 14 -23 16 -24 18 -23 22 -22 23 -20 25 -17 24 -15 24 -12 21 -10 18 -8 14 -8 10 -9 5 -9 1 -11 -3 -13 -6 -15 -9 -17 -11 0 0 0 0 0 0 0 0 0 0 0 0 0 0 0 0 0 0 0 0 0 0 10 1 11 5 11 7 13 11 15 13 16 15 18 16 20 16 20 16 21 15 20 13 18 12 16 10 12 8 8 8 3 9 0 10 -4 12 -6 15 -7 18 -8 23 -8 26 -7 29 -5 29 -4 30 -3 30 ]
2025-05-21 15:15:05,CSI_DATA,STA,D8:B1:90:DB:E8:90,-33,11,1,6,0,0,1,0,0,0,1,-94,0,2,0,565132438,0,110,0,0,86464.8,256,[110 96 6 0 20 10 20 10 20 9 20 9 19 9 19 8 19 8 19 7 19 6 20 6 19 5 19 5 19 6 19 5 20 5 19 6 19 6 18 6 17 6 18 6 17 6 16 6 17 6 16 7 15 8 0 0 0 0 0 0 0 0 0 0 0 0 0 0 0 0 0 0 0 0 0 0 14 4 13 6 13 7 13 8 14 8 14 8 14 9 14 10 14 10 15 11 15 11 16 11 16 12 16 11 16 12 16 11 16 11 16 11 18 11 18 11 18 11 19 11 18 10 19 10 20 10 20 11 ]
