2025-04-02 15:54:22,CSI_DATA,STA,00:00:00:00:00:00,-51,11,0,0,0,0,0,0,0,0,0,-94,0,3,0,2966505355,0,14,0,0,93161.2,128,[14 -32 0 0 -17 -39 -17 -37 -17 -33 -18 -30 -18 -24 -19 -20 -19 -14 -20 -8 -20 -4 -21 0 -21 5 -21 8 -21 11 -21 11 -21 12 -20 11 -20 9 -19 6 -17 3 -15 0 -11 -3 -8 -7 -6 -10 -3 -12 1 -14 0 0 0 0 0 0 0 0 0 0 0 0 0 0 0 0 0 0 0 0 0 0 -23 -6 -19 -4 -16 -2 -12 2 -10 6 -7 11 -6 16 -4 20 -4 24 -5 26 -6 29 -6 28 -7 27 -8 25 -8 21 -10 17 -11 12 -11 7 -12 0 -13 -6 -14 -13 -15 -19 -15 -24 -16 -30 -16 -34
2025-04-02 15:54:22,CSI_DATA,STA,D8:B1:90:DB:E8:90,-49,11,1,7,0,0,1,0,0,0,1,-94,0,3,0,2966505759,0,100,0,0,93161.2,256,[100 -64 5 0 -24 2 -24 2 -23 2 -23 3 -23 3 -22 3 -21 4 -21 4 -21 5 -20 5 -20 5 -20 5 -20 5 -20 6 -20 6 -18 5 -18 5 -18 4 -17 4 -17 3 -17 2 -16 2 -16 1 -16 1 -15 0 0 0 0 0 0 0 0 0 0 0 0 0 0 0 0 0 0 0 0 0 0 0 -20 4 -21 3 -20 2 -21 2 -22 1 -23 1 -23 1 -23 0 -24 0 -24 -1 -24 0 -25 0 -24 -1 -24 -1 -24 -1 -24 0 -24 0 -24 0 -24 0 -24 0 -24 1 -24 1 -25 2 -25 2 -25 2 -25 3 ]
2025-04-02 15:54:25,CSI_DATA,STA,D8:B1:90:DB:E8:90,-50,11,1,7,0,0,1,0,0,0,1,-94,0,3,0,2968976829,0,110,0,0,93163.6,256,[110 96 6 0 22 -3 22 -3 21 -4 21 -4 21 -4 20 -5 20 -5 19 -6 18 -6 18 -6 18 -6 18 -6 18 -6 18 -6 18 -6 17 -5 17 -6 17 -5 17 -5 17 -5 16 -4 15 -3 15 -2 15 -2 14 -1 0 0 0 0 0 0 0 0 0 0 0 0 0 0 0 0 0 0 0 0 0 0 17 -4 18 -3 18 -3 19 -3 20 -2 21 -2 21 -2 22 -2 22 -1 22 -1 22 0 22 0 22 1 22 0 22 0 21 0 22 0 22 -1 22 -2 22 -2 22 -3 22 -2 22 -4 22 -3 22 -3 22 -4 ]
2025-04-02 15:54:25,CSI_DATA,STA,D8:B1:90:DB:E8:90,-50,11,1,7,0,0,1,0,0,0,1,-94,0,3,0,2969983610,0,110,0,0,93164.6,256,[110 96 6 0 20 -16 20 -15 20 -15 19 -16 19 -16 18 -16 17 -16 17 -17 16 -17 15 -17 14 -17 14 -17 14 -17 14 -16 15 -17 14 -16 15 -16 14 -15 14 -15 14 -14 14 -13 13 -12 13 -12 14 -11 14 -10 0 0 0 0 0 0 0 0 0 0 0 0 0 0 0 0 0 0 0 0 0 0 17 -13 18 -13 17 -12 18 -12 19 -12 20 -12 21 -12 21 -12 23 -12 22 -11 23 -12 23 -11 23 -11 23 -11 23 -12 23 -12 23 -12 23 -13 21 -13 21 -13 21 -13 22 -14 21 -15 21
2025-04-02 15:54:30,CSI_DATA,STA,D8:B1:90:DB:E8:90,-54,11,1,7,0,0,1,0,0,0,1,-94,0,3,0,2974491693,0,110,0,0,93169.2,256,[110 96 6 0 -6 14 -6 14 -5 13 6 -18 5 -18 3 -18 1 -18 19 -19 17 -21 15 -23 13 -23 10 -22 8 -22 7 -23 5 -24 1 -24 0 -25 -1 -24 -3 -23 -1 -26 -3 -24 -4 -23 -5 -22 -4 -23 -5 -22 0 0 0 0 0 0 0 0 0 0 0 0 0 0 0 0 0 0 0 0 0 0 13 8 13 8 17 2 18 1 18 0 19 -1 27 6 28 5 30 3 30 2 30 8 31 5 31 3 32 1 -2 13 0 13 1 13 3 13 3 12 4 12 6 12 7 11 12 29 15 27 17 26 -9 16 ]
2025-04-02 15:54:31,CSI_DATA,STA,D8:B1:90:DB:E8:90,-50,11,1,7,0,0,1,1,0,0,1,-94,0,3,0,2976001970,0,110,0,0,93170.7,256,[110 96 6 0 14 19 14 19 14 17 15 18 14 17 14 16 14 16 14 15 13 13 14 13 14 14 14 13 14 13 13 12 13 12 12 13 12 12 11 12 10 11 10 11 10 12 9 12 8 11 8 11 7 11 0 0 0 0 0 0 0 0 0 0 0 0 0 0 0 0 0 0 0 0 0 0 13 13 12 14 13 15 12 16 12 17 12 17 12 18 12 19 12 20 11 20 10 19 10 20 10 20 10 20 12 21 12 20 12 20 12 20 13 20 13 20 13 20 14 20 14 20 15 20 15 20 14 19 ]
2025-04-02 15:54:32,CSI_DATA,STA,D8:B1:90:DB:E8:90,-51,11,1,5,0,0,1,1,1,0,0,-94,0,3,0,2976505965,0,110,0,0,93171.2,384,[110 96 6 0 -25 -26 -24 -24 -24 -20 -24 -17 -23 -12 -24 -8 -23 -3 -24 2 -23 5 -23 9 -22 12 -22 15 -22 16 -22 15 -21 14 -20 14 -19 10 -17 6 -15 3 -13 -1 -10 -4 -6 -7 -2 -10 1 -12 4 -14 0 0 0 0 0 0 0 0 0 0 0 0 0 0 0 0 0 0 0 0 0 0 -15 8 -15 8 -7 7 -5 9 1 9 3 14 6 16 10 21 10 24 10 25 9 28 8 28 6 27 5 25 2 22 -1 18 -4 13 -6 9 -9 3 -12 -2 -15 -8 -17 -12 -20 -17 -22 -21 -22 -24 -23 -26 ]
2025-04-02 15:54:33,CSI_DATA,STA,D8:B1:90:DB:E8:90,-48,11,1,7,0,0,1,0,0,0,0,-94,0,3,0,2978002170,0,110,0,0,93172.7,256,[110 96 6 0 -13 23 -12 22 -13 22 -11 21 -10 21 -9 21 -9 21 -9 20 -9 20 -8 20 -8 20 -7 19 -7 19 -8 19 -8 18 -7 19 -7 18 -8 18 -8 17 -8 16 -8 15 -7 15 -7 14 -8 13 -8 13 0 0 0 0 0 0 0 0 0 0 0 0 0 0 0 0 0 0 0 0 0 0 -8 19 -9 19 -10 19 -11 19 -12 19 -13 19 -13 20 -14 20 -15 20 -15 20 -15 20 -15 20 -15 20 -16 20 -15 20 -16 20 -16 20 -15 20 -14 21 -14 22 -14 22 -14 22 -14 23 -13 22 -14 22 -14 22 ]
2025-04-02 15:54:36,CSI_DATA,STA,D8:B1:90:DB:E8:90,-50,11,1,6,0,0,1,0,0,0,1,-94,0,3,0,2980507593,0,110,0,0,93175.2,256,[110 96 6 0 -20 -15 -20 -15 -20 -13 -20 -13 -20 -12 -20 -12 -19 -11 -19 -10 -19 -9 -19 -9 -19 -9 -19 -9 -18 -8 -18 -7 -18 -7 -18 -8 -17 -7 -17 -7 -16 -8 -17 -8 -16 -8 -15 -8 -15 -8 -14 -8 -14 -8 0 0 0 0 0 0 0 0 0 0 0 0 0 0 0 0 0 0 0 0 0 0 -19 -11 -19 -12 -18 -13 -18 -14 -18 -15 -18 -15 -18 -16 -18 -17 -19 -17 -18 -18 -19 -18 -19 -19 -19 -19 -18 -19 -19 -19 -19 -18 -20 -18 -19 -17 -19 -17 -19
2025-04-02 15:54:37,CSI_DATA,STA,D8:B1:90:DB:E8:90,-50,11,1,6,0,0,1,0,0,0,1,-94,0,3,0,2981507294,0,110,0,0,93176.2,256,[110 96 6 0 -16 -20 -15 -19 -15 -19 -14 -18 -14 -17 -14 -16 -14 -16 -15 -15 -15 -14 -15 -14 -16 -14 -16 -14 -15 -13 -15 -13 -15 -12 -15 -13 -14 -13 -13 -12 -13 -12 -12 -12 -12 -12 -11 -12 -11 -12 -11 -12 -10 -12 0 0 0 0 0 0 0 0 0 0 0 0 0 0 0 0 0 0 0 0 0 0 -13 -16 -16 -15 -13 -15 -15 -18 -13 -17 -14 -20 -14 -19 -15 -23 -13 -22 -13 -22 -11 -21 -11 -22 -11 -23 -11 -22 -12 -23 -13 -22 -13 -22 -1
2025-04-02 15:54:42,CSI_DATA,STA,00:00:00:00:00:00,-51,11,0,0,0,0,0,0,0,0,0,-94,0,3,0,2986501464,0,14,0,0,93181.2,128,[14 -32 0 0 -6 32 -4 30 -2 26 3 23 6 20 9 17 13 13 15 10 18 7 20 4 21 3 21 2 21 2 21 2 20 3 16 5 14 6 10 9 7 10 3 12 -2 14 -5 14 -8 15 -12 14 -14 14 0 0 0 0 0 0 0 0 0 0 0 0 0 0 0 0 0 0 0 0 0 0 13 17 12 13 12 9 12 5 13 0 15 -5 16 -8 18 -11 20 -13 21 -14 22 -15 21 -14 21 -12 19 -9 18 -6 15 -2 12 2 8 6 6 12 2 16 0 21 -3 25 -6 28 -7 31 -9 34 -10 35 ]
2025-04-02 15:54:46,CSI_DATA,STA,D8:B1:90:DB:E8:90,-53,11,1,6,0,0,1,0,0,0,1,-94,0,3,0,2991035082,0,110,0,0,93185.7,256,[110 96 6 0 -31 5 -31 5 -29 5 -31 7 -30 7 -30 8 -29 9 -17 -2 -16 -2 -15 -1 -15 -1 -18 6 -17 6 -16 7 -16 6 -23 11 -22 12 -21 11 -21 11 18 -7 18 -6 16 -6 16 -5 19 -1 19 0 0 0 0 0 0 0 0 0 0 0 0 0 0 0 0 0 0 0 0 0 0 0 1 -17 0 -17 -4 -8 -6 -9 -3 -10 -6 -9 -17 -14 -14 -17 -15 -19 -14 -20 -8 -23 -8 -23 -8 -24 -9 -26 -3 -24 -3 -23 -3 -23 -5 -23 0 -22 0 -23 -1 -22 -2 -23 4 -19 4 -20 4 -20 -16 -1 ]
2025-04-02 15:54:49,CSI_DATA,STA,D8:B1:90:DB:E8:90,-50,11,1,6,0,0,1,0,0,0,1,-94,0,3,0,2993543537,0,110,0,0,93188.2,256,[110 96 6 0 -9 -22 -8 -23 -7 -21 -9 -22 -8 -21 -9 -21 -9 -20 -9 -19 -9 -18 -9 -18 -10 -17 -11 -16 -11 -16 -10 -15 -10 -16 -11 -16 -10 -16 -9 -16 -9 -15 -9 -15 -9 -15 -8 -15 -8 -14 -7 -14 -6 -14 0 0 0 0 0 0 0 0 0 0 0 0 0 0 0 0 0 0 0 0 0 0 -10 -19 -9 -20 -8 -21 -8 -22 -7 -22 -7 -23 -6 -23 -6 -23 -5 -24 -5 -24 -4 -24 -5 -24 -5 -24 -5 -24 -5 -25 -4 -25 -5 -25 -5 -25 -6 -24 -6 -24 -7 -24 -7 -24 -
2025-04-02 15:54:50,CSI_DATA,STA,D8:B1:90:DB:E8:90,-51,11,1,6,0,0,1,0,0,0,1,-94,0,3,0,2994043653,0,110,0,0,93188.7,256,[110 96 6 0 22 -28 18 -26 14 -24 9 -23 3 -22 -2 -20 -6 -19 -11 -17 -14 -16 -17 -15 -19 -15 -20 -13 -20 -13 -20 -13 -18 -13 -14 -14 -10 -13 -6 -14 -1 -13 3 -13 8 -13 11 -12 15 -10 18 -9 20 -7 0 0 0 0 0 0 0 0 0 0 0 0 0 0 0 0 0 0 0 0 0 0 -4 -24 -5 -20 -7 -16 -10 -12 -13 -8 -17 -5 -21 -2 -24 0 -27 2 -29 2 -29 2 -29 1 -27 -1 -24 -2 -21 -4 -16 -6 -11 -9 -5 -11 0 -14 6 -17 11 -20 16 -23 20 -25 23 -
2025-04-02 15:54:50,CSI_DATA,STA,D8:B1:90:DB:E8:90,-53,11,1,7,0,0,1,1,0,0,1,-94,0,3,0,2994544345,0,110,0,0,93189.2,256,[110 96 6 0 -13 -8 -13 -10 -12 -9 -11 -9 -11 -9 -11 -9 -10 -9 -24 8 -23 7 -23 7 -23 8 -23 7 -23 7 -22 7 -21 6 -22 6 -21 4 -20 4 -20 4 -20 3 -19 2 -18 2 -18 1 -18 -1 -18 -2 0 0 0 0 0 0 0 0 0 0 0 0 0 0 0 0 0 0 0 0 0 0 -1 21 -2 21 -3 18 -4 18 -6 19 -7 19 13 -23 14 -22 16 -21 17 -21 21 -19 22 -18 23 -17 24 -16 18 -29 17 -28 19 -28 20 -27 35 -28 35 -28 36 -27 37 -25 -17 -5 -17 -6 -15 -6 -15 -7 ]
2025-04-02 15:54:54,CSI_DATA,STA,D8:B1:90:DB:E8:90,-50,11,1,7,0,0,1,0,0,0,1,-94,0,3,0,2998551510,0,110,0,0,93193.2,256,[110 96 6 0 -7 22 -6 22 -7 21 -5 21 -5 21 -4 20 -4 20 -4 20 -4 19 -3 19 -2 18 -2 19 -2 18 -2 18 -2 17 -2 18 -2 17 -3 16 -3 16 -2 15 -2 14 -2 14 -2 13 -3 13 -3 12 0 0 0 0 0 0 0 0 0 0 0 0 0 0 0 0 0 0 0 0 0 0 -4 20 -5 19 -5 19 -6 19 -6 20 -7 20 -7 21 -8 21 -9 21 -9 21 -10 22 -10 21 -10 21 -11 22 -10 22 -10 21 -10 22 -10 22 -8 22 -8 22 -7 23 -7 23 -8 23 -7 23 -8 23 -8 23 ]
2025-04-02 15:54:56,CSI_DATA,STA,D8:B1:90:DB:E8:90,-53,11,1,7,0,0,1,0,0,0,1,-94,0,3,0,3000553513,0,110,0,0,93195.2,256,[110 96 6 0 30 -9 30 -11 29 -11 28 -11 26 -12 25 -12 24 -13 23 -14 22 -14 21 -14 20 -16 19 -16 18 -16 17 -15 16 -15 16 -16 15 -15 14 -14 13 -14 13 -14 12 -13 11 -12 11 -12 10 -12 10 -11 0 0 0 0 0 0 0 0 0 0 0 0 0 0 0 0 0 0 0 0 0 0 21 -5 21 -5 22 -2 23 -1 23 -1 24 0 -24 -1 -24 -1 -24 -2 -25 -2 -24 -2 -24 -3 -24 -3 -24 -2 -16 -5 -15 -6 -15 -5 -15 -5 16 -5 16 -4 16 -5 16 -5 33 -6 33 -6 33 -7 33
2025-04-02 15:54:56,CSI_DATA,STA,D8:B1:90:DB:E8:90,-50,11,1,7,0,0,1,0,0,0,1,-94,0,3,0,3001054069,0,110,0,0,93195.7,256,[110 96 6 0 -16 21 -16 20 -16 20 -14 19 -14 19 -13 19 -12 19 -12 18 -11 18 -11 18 -9 18 -9 18 -9 18 -9 18 -9 17 -8 18 -9 17 -9 16 -8 16 -8 15 -8 15 -7 15 -8 14 -9 14 -9 13 0 0 0 0 0 0 0 0 0 0 0 0 0 0 0 0 0 0 0 0 0 0 -11 19 -12 19 -13 20 -12 19 -16 21 -17 20 -18 17 -16 20 -17 18 -18 18 -18 19 -18 19 -18 19 -18 18 -19 18 -19 19 -19 18 -19 19 -17 19 -18 19 -17 19 -17 20 -18 21 -17 21 -17 21 -18
2025-04-02 15:54:59,CSI_DATA,STA,D8:B1:90:DB:E8:90,-50,11,1,7,0,0,1,0,0,0,1,-94,0,3,0,3003558575,0,110,0,0,93198.2,256,[110 96 6 0 -20 13 -19 13 -18 13 -17 13 -16 13 -16 13 -15 13 -15 13 -15 14 -14 13 -14 14 -13 14 -13 14 -14 14 -13 14 -13 14 -13 14 -13 13 -13 13 -13 12 -13 12 -12 11 -13 10 -14 11 -14 10 0 0 0 0 0 0 0 0 0 0 0 0 0 0 0 0 0 0 0 0 0 0 -16 14 -16 13 -17 13 -18 12 -19 12 -19 12 -20 12 -20 12 -21 12 -22 11 -22 11 -22 11 -22 10 -22 10 -22 10 -22 10 -21 11 -22 11 -21 12 -21 12 -21 12 -21 13 -21 14 -2
2025-04-02 15:55:00,CSI_DATA,STA,D8:B1:90:DB:E8:90,-48,11,1,6,0,0,1,1,0,0,1,-94,0,3,0,3004060436,0,110,0,0,93198.7,256,[110 96 6 0 18 -19 17 -19 18 -19 16 -19 16 -19 15 -19 15 -19 14 -20 14 -20 14 -20 13 -20 13 -20 13 -20 13 -20 13 -20 13 -20 13 -20 14 -19 14 -19 14 -18 13 -17 13 -17 14 -16 14 -15 15 -14 0 0 0 0 0 0 0 0 0 0 0 0 0 0 0 0 0 0 0 0 0 0 12 -14 13 -13 13 -13 13 -13 15 -13 16 -13 17 -14 17 -14 18 -13 18 -13 19 -13 19 -13 19 -13 19 -13 18 -13 19 -13 18 -14 19 -14 18 -15 18 -15 18 -16 18 -16 18 -17 18
2025-04-02 15:55:03,CSI_DATA,STA,D8:B1:90:DB:E8:90,-50,11,1,5,0,0,1,1,1,0,0,-94,0,3,0,3008069802,0,110,0,0,93202.7,384,[110 96 6 0 -9 29 -6 26 -3 22 1 19 5 15 8 10 12 6 14 2 16 -3 18 -6 19 -9 20 -11 20 -12 21 -12 21 -12 19 -10 18 -8 16 -6 14 -3 12 0 9 3 7 6 5 9 2 11 0 12 0 0 0 0 0 0 0 0 0 0 0 0 0 0 0 0 0 0 0 0 0 0 -5 14 -2 10 1 6 5 2 9 -1 14 -5 18 -7 22 -10 25 -11 27 -12 29 -12 29 -11 27 -10 25 -9 22 -6 19 -4 15 0 10 3 6 7 2 11 -2 16 -6 20 -8 24 -10 27 -12 29 -14 30 ]
2025-04-02 15:55:04,CSI_DATA,STA,D8:B1:90:DB:E8:90,-50,9,0,0,0,0,0,0,0,0,0,-94,0,3,0,3008567450,0,110,0,0,93203.2,128,[110 96 6 0 25 -28 22 -27 17 -25 12 -24 6 -22 1 -21 -5 -19 -9 -18 -13 -15 -17 -14 -20 -13 -22 -12 -22 -12 -22 -11 -21 -11 -19 -12 -16 -12 -13 -13 -9 -13 -4 -14 0 -14 4 -14 8 -13 12 -12 15 -11 0 0 0 0 0 0 0 0 0 0 0 0 0 0 0 0 0 0 0 0 0 0 1 -22 -2 -18 -5 -14 -9 -11 -14 -8 -18 -6 -23 -4 -27 -3 -29 -2 -32 -3 -31 -2 -30 -4 -28 -5 -25 -6 -20 -8 -15 -10 -10 -11 -3 -13 2 -16 7 -18 13 -21 19 -23 22 -26
2025-04-02 15:55:05,CSI_DATA,STA,D8:B1:90:DB:E8:90,-50,13,0,0,0,0,0,0,0,0,0,-94,0,3,0,3009068766,0,110,0,0,93203.7,128,[110 96 6 0 -32 33 -29 31 -26 29 -20 27 -14 25 -9 23 -3 20 2 18 7 15 11 13 15 11 18 10 19 9 21 8 21 8 19 9 17 9 14 10 10 10 6 11 1 12 -3 11 -7 11 -11 10 -15 9 0 0 0 0 0 0 0 0 0 0 0 0 0 0 0 0 0 0 0 0 0 0 -7 27 -5 22 -3 18 1 14 6 10 11 6 15 3 20 0 24 -1 28 -2 29 -2 30 -1 30 0 28 2 24 3 20 5 15 7 9 10 3 13 -2 17 -9 20 -15 23 -21 27 -25 29 -29 31 -34 32 ]
2025-04-02 15:55:09,CSI_DATA,STA,D8:B1:90:DB:E8:90,-52,8,0,0,0,0,0,0,0,0,0,-94,0,3,0,3013574449,0,110,0,0,93208.2,128,[110 96 6 0 19 -34 15 -31 12 -29 6 -24 1 -20 -4 -16 -8 -12 -11 -8 -15 -3 -17 0 -19 3 -21 4 -21 7 -21 7 -20 7 -18 5 -16 4 -14 1 -10 -3 -8 -6 -4 -9 -1 -12 2 -14 6 -16 9 -17 0 0 0 0 0 0 0 0 0 0 0 0 0 0 0 0 0 0 0 0 0 0 13 -15 9 -11 5 -7 0 -4 -5 -1 -10 2 -16 4 -20 5 -24 6 -27 5 -28 5 -27 4 -25 2 -22 0 -19 -2 -14 -4 -9 -7 -4 -10 2 -14 6 -17 11 -21 16 -26 20 -29 21 -31 23 -33 26 -35 ]
2025-04-02 15:55:11,CSI_DATA,STA,D8:B1:90:DB:E8:90,-52,13,0,0,0,0,0,0,0,0,0,-94,0,3,0,3015085152,0,110,0,0,93209.7,128,[110 96 6 0 30 26 28 21 26 14 23 9 19 4 14 -2 10 -6 5 -11 0 -14 -4 -16 -8 -17 -11 -18 -13 -18 -13 -18 -12 -17 -11 -16 -8 -15 -5 -14 -1 -13 3 -11 6 -10 10 -9 14 -8 17 -8 19 -6 0 0 0 0 0 0 0 0 0 0 0 0 0 0 0 0 0 0 0 0 0 0 -8 19 -7 14 -5 9 -2 3 1 -2 4 -8 7 -12 10 -17 13 -19 14 -22 15 -22 16 -22 16 -20 15 -17 14 -13 14 -9 14 -3 14 2 15 8 16 14 18 20 20 25 23 28 25 31 27 33 28 33 ]
2025-04-02 15:55:14,CSI_DATA,STA,D8:B1:90:DB:E8:90,-52,11,1,0,0,0,1,0,0,0,0,-94,0,3,0,3018089593,0,110,0,0,93212.8,256,[110 96 6 0 -1 -40 -3 -35 -4 -30 -8 -24 -10 -17 -11 -11 -12 -5 -12 1 -12 7 -12 11 -11 15 -11 17 -10 19 -10 20 -9 19 -9 16 -10 14 -10 10 -10 6 -11 2 -11 -3 -12 -7 -12 -10 -12 -14 -12 -17 0 0 0 0 0 0 0 0 0 0 0 0 0 0 0 0 0 0 0 0 0 0 15 -14 11 -10 7 -6 1 -4 -4 0 -9 3 -14 5 -19 7 -22 8 -25 8 -26 8 -26 7 -24 5 -22 3 -19 0 -16 -3 -11 -7 -8 -12 -4 -17 -1 -22 2 -27 4 -32 6 -36 6 -40 6 -42 7 -43 ]
2025-04-02 15:55:17,CSI_DATA,STA,D8:B1:90:DB:E8:90,-52,11,1,1,0,0,1,0,0,0,0,-94,0,3,0,3021597557,0,110,0,0,93216.3,256,[110 96 6 0 -9 39 -6 34 -3 30 2 23 6 17 9 10 12 4 13 -2 14 -9 15 -13 14 -17 14 -20 13 -21 14 -23 13 -21 12 -19 12 -17 12 -13 11 -8 11 -4 10 1 10 6 9 10 8 14 8 16 0 0 0 0 0 0 0 0 0 0 0 0 0 0 0 0 0 0 0 0 0 0 -21 10 -15 6 -10 4 -3 1 4 -1 10 -3 17 -5 22 -6 26 -7 29 -6 31 -5 30 -5 28 -3 24 -2 20 1 16 3 10 7 5 11 0 15 -5 20 -9 25 -12 30 -15 34 -17 38 -17 40 -18 42 ]
2025-04-02 15:55:29,CSI_DATA,STA,D8:B1:90:DB:E8:90,-51,11,1,6,0,0,1,0,0,0,1,-94,0,3,0,3033121591,0,110,0,0,93227.8,256,[110 96 6 0 15 32 16 31 15 26 16 23 17 18 17 14 18 9 19 5 19 0 20 -3 20 -6 21 -8 22 -10 22 -8 22 -8 20 -7 20 -4 17 -1 15 1 12 5 7 7 4 9 0 11 -3 11 -7 12 0 0 0 0 0 0 0 0 0 0 0 0 0 0 0 0 0 0 0 0 0 0 20 -6 16 -6 11 -7 7 -9 3 -11 -1 -15 -4 -19 -7 -22 -7 -26 -8 -27 -8 -29 -7 -29 -5 -28 -3 -25 -2 -23 1 -18 3 -13 4 -8 7 -2 9 4 11 11 12 16 13 21 15 25 15 29 15 32 ]
2025-04-02 15:55:30,CSI_DATA,STA,D8:B1:90:DB:E8:90,-49,11,1,7,0,0,1,0,0,0,0,-94,0,3,0,3034626192,0,110,0,0,93229.3,256,[110 96 6 0 -3 22 -3 22 -3 21 -2 20 -2 20 -2 20 -2 20 -2 19 -2 18 -1 19 -1 19 -1 19 -1 18 -1 18 -2 18 -1 17 -2 17 -2 16 -3 15 -4 15 -3 15 -3 14 -4 14 -4 13 -5 12 0 0 0 0 0 0 0 0 0 0 0 0 0 0 0 0 0 0 0 0 0 0 -3 19 -4 17 -3 19 -5 18 -4 20 -4 21 -6 19 -6 20 -6 21 -5 21 -7 20 -6 21 -6 21 -6 21 -6 21 -6 21 -6 21 -6 21 -4 21 -4 21 -4 22 -4 22 -4 22 -3 22 -3 22 -4 23 ]
2025-04-02 15:55:33,CSI_DATA,STA,D8:B1:90:DB:E8:90,-49,11,1,6,0,0,1,0,0,0,1,-94,0,3,0,3037130683,0,110,0,0,93231.8,256,[110 96 6 0 -1 -25 -1 -25 -1 -24 -2 -24 -2 -24 -2 -23 -3 -23 -3 -23 -2 -22 -3 -23 -5 -22 -4 -22 -4 -22 -3 -22 -3 -21 -3 -22 -2 -21 -2 -21 -1 -21 -1 -20 -1 -20 0 -19 0 -19 2 -18 3 -18 0 0 0 0 0 0 0 0 0 0 0 0 0 0 0 0 0 0 0 0 0 0 0 -19 0 -20 0 -19 1 -20 2 -20 2 -21 2 -22 3 -22 3 -23 3 -23 4 -23 4 -23 4 -23 4 -23 3 -24 3 -24 3 -24 3 -24 2 -25 1 -24 1 -25 1 -25 0 -25 0 -25 0 -25 1 -26 ]
2025-04-02 15:55:33,CSI_DATA,STA,D8:B1:90:DB:E8:90,-50,11,1,7,0,0,1,0,0,0,1,-94,0,3,0,3037632109,0,110,0,0,93232.3,256,[110 96 6 0 -25 29 -23 29 -20 27 -16 26 -12 23 -7 21 -3 17 2 14 6 10 10 6 13 4 17 0 19 -2 22 -5 23 -6 24 -5 25 -5 25 -3 24 -1 23 2 22 5 20 7 18 11 16 14 13 16 0 0 0 0 0 0 0 0 0 0 0 0 0 0 0 0 0 0 0 0 0 0 -27 6 -23 5 -19 6 -13 6 -7 7 -1 8 6 9 11 10 18 11 22 12 26 13 27 14 28 14 28 14 26 13 23 13 20 13 15 13 11 13 5 14 -1 16 -6 18 -12 20 -16 22 -20 24 -24 26 ]
2025-04-02 15:55:37,CSI_DATA,STA,D8:B1:90:DB:E8:90,-50,11,1,6,0,0,1,0,0,0,1,-94,0,3,0,3041144591,0,110,0,0,93235.8,256,[110 96 6 0 -34 7 -32 8 -29 8 -25 10 -19 12 -15 14 -9 14 -4 16 0 16 4 18 8 19 12 20 14 20 15 19 16 19 14 19 13 18 11 16 8 15 5 13 2 12 -1 9 -5 7 -8 4 -10 2 0 0 0 0 0 0 0 0 0 0 0 0 0 0 0 0 0 0 0 0 0 0 -17 15 -14 12 -9 9 -4 7 2 5 9 4 14 4 20 4 25 5 29 6 30 8 31 10 31 11 29 11 25 12 21 11 16 11 10 10 4 10 -3 9 -9 8 -16 8 -21 8 -26 6 -30 6 -34 6 ]
2025-04-02 15:55:40,CSI_DATA,STA,D8:B1:90:DB:E8:90,-47,11,1,7,0,0,1,0,0,0,1,-94,0,3,0,3044154878,0,110,0,0,93238.8,256,[110 96 6 0 -10 23 -9 22 -9 21 -8 21 -7 20 -7 20 -6 20 -6 20 -6 20 -5 20 -4 19 -4 19 -4 19 -4 19 -4 19 -4 19 -5 18 -5 18 -5 17 -6 16 -6 15 -6 15 -6 14 -7 13 -7 13 0 0 0 0 0 0 0 0 0 0 0 0 0 0 0 0 0 0 0 0 0 0 -8 19 -10 19 -10 19 -11 19 -11 19 -12 19 -12 20 -13 19 -13 20 -14 19 -15 20 -15 20 -15 20 -15 20 -13 20 -14 21 -13 21 -13 21 -12 21 -12 21 -11 21 -11 22 -11 22 -11 22 -10 22 -10 22 ]
2025-04-02 15:55:42,CSI_DATA,STA,00:00:00:00:00:00,-49,11,0,0,0,0,0,0,0,0,0,-94,0,3,0,3046501161,0,14,0,0,93241.2,128,[14 -32 0 0 28 -15 26 -15 23 -16 19 -15 14 -15 9 -15 4 -15 -1 -14 -5 -13 -10 -12 -14 -12 -17 -12 -19 -11 -21 -10 -21 -10 -21 -11 -19 -11 -17 -12 -14 -12 -11 -13 -8 -14 -4 -14 0 -14 4 -14 8 -14 0 0 0 0 0 0 0 0 0 0 0 0 0 0 0 0 0 0 0 0 0 0 20 -12 16 -11 12 -9 7 -9 2 -9 -3 -9 -9 -9 -14 -10 -19 -11 -22 -13 -24 -13 -25 -14 -25 -15 -24 -15 -21 -15 -18 -14 -14 -13 -9 -13 -4 -13 2 -12 7 -12 13 -12 18
2025-04-02 15:55:42,CSI_DATA,STA,D8:B1:90:DB:E8:90,-48,11,1,3,0,0,1,0,0,0,0,-94,0,3,0,3047162126,0,110,0,0,93241.8,256,[110 96 6 0 30 24 29 21 27 17 25 13 23 8 20 3 17 -3 14 -8 11 -13 8 -17 4 -20 1 -23 -1 -25 -1 -26 -1 -27 -1 -27 0 -26 2 -24 4 -22 6 -19 9 -16 11 -12 14 -9 16 -5 17 -2 0 0 0 0 0 0 0 0 0 0 0 0 0 0 0 0 0 0 0 0 0 0 19 19 16 15 13 11 11 6 9 0 8 -7 7 -13 6 -19 5 -25 5 -29 6 -32 6 -33 6 -33 6 -32 7 -29 8 -25 9 -20 11 -15 12 -9 14 -3 17 3 20 8 22 14 24 19 26 22 27 24 ]
2025-04-02 15:55:49,CSI_DATA,STA,D8:B1:90:DB:E8:90,-48,11,1,7,0,0,1,0,0,0,1,-94,0,3,0,3053176529,0,110,0,0,93247.8,256,[110 96 6 0 -21 -8 -21 -7 -21 -6 -20 -7 -20 -6 -20 -6 -19 -5 -19 -4 -19 -4 -19 -4 -19 -4 -19 -4 -19 -3 -19 -3 -18 -3 -19 -4 -18 -3 -18 -3 -17 -4 -17 -4 -16 -5 -15 -5 -15 -5 -15 -5 -14 -6 0 0 0 0 0 0 0 0 0 0 0 0 0 0 0 0 0 0 0 0 0 0 -18 -6 -18 -7 -18 -8 -18 -9 -18 -9 -18 -9 -19 -10 -19 -10 -19 -11 -19 -11 -19 -11 -19 -12 -18 -12 -19 -12 -19 -11 -19 -11 -19 -10 -19 -10 -21 -10 -21 -10 -21 -10 -
2025-04-02 15:55:49,CSI_DATA,STA,D8:B1:90:DB:E8:90,-48,11,1,7,0,0,1,0,0,0,1,-94,0,3,0,3053676658,0,110,0,0,93248.3,256,[110 96 6 0 24 6 24 6 23 5 23 4 22 4 22 3 22 3 21 2 20 1 20 1 19 2 21 1 21 1 21 0 21 0 20 1 20 1 19 1 19 1 18 1 18 2 17 3 16 3 16 3 16 4 0 0 0 0 0 0 0 0 0 0 0 0 0 0 0 0 0 0 0 0 0 0 20 4 20 5 19 5 20 6 20 7 21 7 21 9 21 9 22 10 22 11 22 10 22 10 22 11 22 11 23 10 22 10 22 10 23 9 23 9 23 9 24 8 24 8 23 6 24 6 24 6 24 6 ]
2025-04-02 15:55:51,CSI_DATA,STA,D8:B1:90:DB:E8:90,-48,11,1,7,0,0,1,0,0,0,1,-94,0,3,0,3055178824,0,110,0,0,93249.8,256,[110 96 6 0 -13 21 -12 22 -12 21 -10 20 -10 20 -9 20 -8 20 -9 20 -8 20 -8 20 -7 20 -7 20 -7 20 -8 19 -8 19 -6 19 -7 19 -8 19 -8 18 -8 17 -8 16 -7 16 -8 15 -9 15 -9 14 0 0 0 0 0 0 0 0 0 0 0 0 0 0 0 0 0 0 0 0 0 0 -11 19 -12 18 -13 18 -13 18 -14 18 -15 18 -16 19 -17 20 -17 19 -17 19 -17 19 -17 19 -17 19 -17 19 -16 19 -17 19 -17 19 -16 19 -15 20 -15 20 -14 21 -14 21 -14 21 -13 22 -13 22 -13 22 ]
2025-04-02 15:56:01,CSI_DATA,STA,D8:B1:90:DB:E8:90,-51,11,1,7,0,0,1,1,0,0,1,-94,0,3,0,3065212527,0,110,0,0,93259.9,256,[110 96 6 0 -24 -4 -23 -3 -23 -3 -23 -2 -22 -2 -22 -1 -21 -1 -21 -1 -21 0 -21 1 -21 0 -20 0 -21 0 -20 1 -21 1 -20 0 -20 0 -20 0 -19 0 -19 -1 -18 -2 -18 -2 -18 -2 -18 -3 -17 -4 0 0 0 0 0 0 0 0 0 0 0 0 0 0 0 0 0 0 0 0 0 0 -20 -2 -20 -3 -20 -4 -21 -4 -21 -5 -22 -5 -22 -5 -22 -6 -23 -6 -23 -7 -23 -7 -24 -7 -23 -8 -23 -8 -23 -8 -23 -8 -23 -7 -23 -6 -23 -6 -23 -6 -24 -6 -24 -5 -24 -5 -25 -5 -25 -4
2025-04-02 15:56:06,CSI_DATA,STA,D8:B1:90:DB:E8:90,-51,11,1,7,0,0,1,1,0,0,1,-94,0,3,0,3070220856,0,110,0,0,93264.9,256,[110 96 6 0 -15 16 -15 16 -14 16 -13 15 -13 15 -13 16 -12 15 -12 16 -12 16 -11 16 -10 16 -10 17 -10 16 -10 16 -10 16 -10 16 -10 15 -10 15 -10 15 -10 15 -10 14 -10 14 -10 13 -12 12 -12 11 0 0 0 0 0 0 0 0 0 0 0 0 0 0 0 0 0 0 0 0 0 0 -12 15 -12 15 -13 15 -14 14 -14 14 -15 15 -15 14 -16 15 -17 15 -17 14 -18 14 -19 14 -18 14 -18 14 -16 14 -18 14 -17 14 -17 15 -16 14 -16 15 -16 15 -16 15 -16 17 -1
2025-04-02 15:56:08,CSI_DATA,STA,D8:B1:90:DB:E8:90,-51,11,1,7,0,0,1,1,0,0,1,-94,0,3,0,3072730843,0,110,0,0,93267.4,256,[110 96 6 0 17 18 17 17 16 16 17 16 17 15 17 14 16 14 16 12 16 11 16 11 16 11 16 11 15 10 15 10 15 10 13 11 12 10 12 10 11 10 11 9 11 9 10 9 9 9 9 9 8 9 0 0 0 0 0 0 0 0 0 0 0 0 0 0 0 0 0 0 0 0 0 0 16 15 15 16 15 17 14 18 15 19 14 19 14 20 14 20 14 21 13 21 12 22 13 22 12 22 13 22 13 21 13 20 14 21 14 20 16 20 17 20 17 20 18 20 16 19 17 19 16 19 16 18 ]
2025-04-02 15:56:16,CSI_DATA,STA,D8:B1:90:DB:E8:90,-51,11,1,7,0,0,1,1,0,0,1,-94,0,3,0,3080263123,0,110,0,0,93274.9,256,[110 96 6 0 -8 22 -8 22 -9 21 -8 21 -8 20 -7 20 -6 19 -6 19 -6 19 -6 18 -5 18 -4 19 -4 19 -5 19 -4 19 -4 19 -5 18 -5 17 -5 17 -5 17 -5 17 -5 16 -6 15 -7 15 -8 15 0 0 0 0 0 0 0 0 0 0 0 0 0 0 0 0 0 0 0 0 0 0 -7 17 -6 18 -6 19 -8 17 -9 17 -9 17 -9 19 -9 19 -12 21 -12 21 -12 21 -12 20 -12 20 -12 20 -11 19 -12 20 -11 20 -11 20 -10 20 -10 20 -10 20 -9 21 -10 22 -9 22 -10 21 -10 22 ]
2025-04-02 15:56:17,CSI_DATA,STA,D8:B1:90:DB:E8:90,-51,11,1,7,0,0,1,0,0,0,0,-94,0,3,0,3081255873,0,110,0,0,93275.9,256,[110 96 6 0 3 22 3 22 3 21 4 21 4 20 5 19 5 19 4 19 5 19 5 18 6 18 6 18 6 18 5 18 5 17 5 18 5 17 4 17 4 17 4 16 4 16 3 16 3 16 2 16 1 16 0 0 0 0 0 0 0 0 0 0 0 0 0 0 0 0 0 0 0 0 0 0 4 17 3 18 3 18 3 18 2 19 2 20 1 20 1 21 1 21 0 21 0 22 -1 22 0 22 0 22 0 21 0 21 0 21 1 21 1 22 2 22 2 22 3 23 3 22 3 23 3 23 3 23 ]
2025-04-02 15:56:19,CSI_DATA,STA,D8:B1:90:DB:E8:90,-55,11,1,6,0,0,1,0,0,0,1,-94,0,3,0,3083264020,0,110,0,0,93277.9,256,[110 96 6 0 -26 -2 -25 -3 -24 -2 4 -16 4 -15 3 -15 3 -15 -18 15 -18 14 -17 15 -17 15 -17 14 -17 14 -17 14 -18 14 -16 13 -16 13 -17 12 -17 11 -17 10 -16 9 -15 8 -15 8 -16 8 -16 7 0 0 0 0 0 0 0 0 0 0 0 0 0 0 0 0 0 0 0 0 0 0 -10 11 -11 10 -17 18 -18 17 -19 16 -21 15 -27 5 -28 3 -29 2 -28 1 -32 6 -32 5 -32 4 -32 3 34 -6 33 -6 34 -6 34 -5 18 -15 18 -15 19 -14 19 -15 -23 -2 -22 -3 -22 -3 -25 4 ]
2025-04-02 15:56:27,CSI_DATA,STA,D8:B1:90:DB:E8:90,-53,11,1,6,0,0,1,0,0,0,1,-94,0,3,0,3091782742,0,110,0,0,93286.4,256,[110 96 6 0 -24 -5 -18 -4 -12 -3 -5 -3 2 0 8 3 14 5 18 9 23 11 26 13 28 16 29 17 29 19 28 20 26 20 23 19 21 17 17 14 13 10 10 5 7 0 5 -6 5 -11 5 -17 7 -21 0 0 0 0 0 0 0 0 0 0 0 0 0 0 0 0 0 0 0 0 0 0 8 -4 7 -8 6 -13 7 -18 8 -23 9 -29 12 -32 13 -35 16 -36 18 -36 19 -34 19 -32 17 -28 15 -24 11 -20 6 -16 1 -12 -5 -8 -11 -5 -16 -3 -22 0 -27 0 -31 1 -33 0 -34 -1 -35 -2 ]
2025-04-02 15:56:28,CSI_DATA,STA,D8:B1:90:DB:E8:90,-55,11,1,7,0,0,1,1,0,0,1,-94,0,3,0,3092283789,0,110,0,0,93286.9,256,[110 96 6 0 1 26 2 26 2 24 2 25 3 25 3 25 4 25 3 25 5 24 5 24 7 24 7 26 7 25 6 25 7 26 7 26 7 25 6 26 6 26 6 27 6 27 6 26 5 26 4 27 3 27 0 0 0 0 0 0 0 0 0 0 0 0 0 0 0 0 0 0 0 0 0 0 3 14 2 14 2 15 1 16 1 16 0 16 -1 18 -1 18 -1 19 -2 20 -3 19 -3 20 -3 20 -3 21 -2 21 -3 21 -2 21 -3 22 0 22 0 22 0 23 0 23 0 23 1 23 1 24 1 25 ]
2025-04-02 15:56:33,CSI_DATA,STA,D8:B1:90:DB:E8:90,-51,11,1,5,0,0,1,0,0,0,1,-94,0,3,0,3097789618,0,110,0,0,93292.5,256,[110 96 6 0 -18 -16 -17 -16 -17 -15 -16 -14 -16 -14 -16 -14 -16 -13 -16 -13 -15 -13 -15 -12 -15 -11 -14 -12 -14 -11 -14 -10 -14 -10 -13 -11 -12 -10 -12 -10 -12 -10 -11 -9 -10 -10 -9 -10 -9 -9 -9 -9 -8 -9 0 0 0 0 0 0 0 0 0 0 0 0 0 0 0 0 0 0 0 0 0 0 -24 7 -24 5 -27 2 -27 1 -28 0 -28 -1 -27 -5 -28 -6 -28 -7 -28 -8 -34 -8 -34 -9 -34 -10 -34 -10 30 3 30 4 30 4 30 4 12 -8 12 -8 12 -8 13 -8 -19 -16
2025-04-02 15:56:34,CSI_DATA,STA,D8:B1:90:DB:E8:90,-52,11,1,5,0,0,1,0,0,0,0,-94,0,3,0,3098793064,0,110,0,0,93293.5,256,[110 96 6 0 48 -1 47 -3 43 -4 39 -6 33 -8 27 -10 20 -12 13 -12 6 -13 0 -14 -6 -15 -12 -15 -15 -15 -18 -13 -20 -14 -20 -14 -19 -13 -18 -13 -14 -13 -11 -12 -7 -12 -3 -10 1 -10 5 -10 9 -8 0 0 0 0 0 0 0 0 0 0 0 0 0 0 0 0 0 0 0 0 0 0 41 4 33 5 27 4 19 4 11 -2 5 -4 -6 -5 -13 -10 -21 -13 -27 -17 -28 -19 -30 -21 -30 -23 -28 -23 -26 -22 -20 -21 -15 -18 -9 -15 -3 -13 5 -10 13 -8 21 -5 29 -5 35 -3 41 -
2025-04-02 15:56:42,CSI_DATA,STA,00:00:00:00:00:00,-51,11,0,0,0,0,0,0,0,0,0,-94,0,3,0,3106501623,0,14,0,0,93301.2,128,[14 -32 0 0 -18 32 -16 32 -13 29 -10 27 -6 24 -3 20 1 16 4 11 7 6 10 1 11 -3 13 -7 14 -10 15 -14 16 -16 16 -16 16 -17 16 -15 15 -14 14 -11 13 -8 12 -5 11 -2 9 2 8 5 0 0 0 0 0 0 0 0 0 0 0 0 0 0 0 0 0 0 0 0 0 0 -25 7 -21 5 -17 3 -11 2 -5 1 1 1 8 0 14 1 19 0 23 1 26 1 27 2 28 3 27 3 26 3 22 4 19 5 14 6 10 9 4 11 0 14 -5 17 -9 20 -13 23 -16 26 -19 29 ]
2025-04-02 15:56:42,CSI_DATA,STA,D8:B1:90:DB:E8:90,-50,11,1,7,0,0,1,0,0,0,0,-94,0,3,0,3106806719,0,110,0,0,93301.5,256,[110 96 6 0 5 22 5 22 5 21 6 21 6 20 7 20 7 20 6 19 7 18 6 18 8 18 8 18 8 18 7 17 7 17 7 17 6 16 6 15 5 15 4 15 5 15 4 14 3 14 3 13 2 13 0 0 0 0 0 0 0 0 0 0 0 0 0 0 0 0 0 0 0 0 0 0 5 19 4 19 4 21 3 21 2 22 2 22 2 22 1 23 1 23 0 23 -1 23 -1 23 0 24 0 23 1 23 0 22 1 23 1 22 3 23 3 23 4 23 4 23 4 23 5 23 5 23 5 23 ]
2025-04-02 15:56:43,CSI_DATA,STA,D8:B1:90:DB:E8:90,-54,11,1,7,0,0,1,0,0,0,0,-94,0,3,0,3107306697,0,110,0,0,93302,256,[110 96 6 0 24 6 24 6 23 5 22 5 21 4 21 4 21 3 21 2 19 1 19 0 19 1 18 0 18 0 18 -1 18 -1 17 0 16 0 16 0 15 -1 15 0 14 0 13 1 12 2 12 1 11 1 0 0 0 0 0 0 0 0 0 0 0 0 0 0 0 0 0 0 0 0 0 0 25 4 25 5 25 7 25 8 25 9 26 10 25 11 25 11 26 12 26 13 25 13 25 13 24 13 24 13 24 12 24 12 24 11 24 10 24 10 24 10 25 9 25 9 24 8 25 8 25 8 25 6 ]
2025-04-02 15:56:43,CSI_DATA,STA,D8:B1:90:DB:E8:90,-50,11,1,6,0,0,1,0,0,0,1,-94,0,3,0,3107806586,0,110,0,0,93302.5,256,[110 96 6 0 10 -20 10 -20 10 -19 9 -20 8 -19 8 -19 7 -19 7 -18 7 -18 6 -18 5 -18 5 -18 5 -19 6 -18 6 -18 5 -17 6 -16 6 -16 6 -15 6 -15 6 -14 5 -13 6 -13 7 -12 7 -11 0 0 0 0 0 0 0 0 0 0 0 0 0 0 0 0 0 0 0 0 0 0 8 -18 10 -18 10 -17 11 -17 12 -17 13 -18 13 -18 14 -18 15 -18 15 -18 15 -18 15 -18 14 -18 14 -18 14 -18 14 -17 14 -18 13 -18 12 -19 12 -19 12 -19 12 -20 11 -20 10 -20 11 -20 11 -21 ]
2025-04-02 15:56:44,CSI_DATA,STA,D8:B1:90:DB:E8:90,-50,11,1,6,0,0,1,0,0,0,1,-94,0,3,0,3108307097,0,110,0,0,93303,256,[110 96 6 0 3 -25 3 -24 3 -24 2 -23 2 -23 1 -23 1 -22 1 -21 1 -21 0 -21 -1 -20 -1 -21 -1 -21 -1 -20 0 -20 -1 -20 1 -19 1 -18 1 -18 2 -17 1 -17 2 -16 2 -15 3 -15 4 -14 0 0 0 0 0 0 0 0 0 0 0 0 0 0 0 0 0 0 0 0 0 0 1 -23 2 -22 3 -23 3 -23 5 -23 4 -25 5 -23 6 -24 6 -23 8 -24 7 -25 7 -25 7 -25 7 -25 7 -24 6 -25 6 -25 6 -25 5 -25 5 -24 5 -25 4 -25 4 -25 4 -25 4 -25 5 -25 ]
2025-04-02 15:56:45,CSI_DATA,STA,D8:B1:90:DB:E8:90,-50,11,1,6,0,0,1,0,0,0,1,-94,0,3,0,3109318389,0,110,0,0,93304,256,[110 96 6 0 25 6 24 6 25 5 23 5 23 5 22 4 22 3 21 2 21 1 21 1 21 2 20 1 20 2 20 1 19 1 20 2 19 2 19 2 18 2 17 2 16 3 15 4 15 4 14 4 14 4 0 0 0 0 0 0 0 0 0 0 0 0 0 0 0 0 0 0 0 0 0 0 22 3 21 5 21 5 21 6 22 7 22 7 22 8 22 8 22 9 23 10 23 10 22 10 23 10 23 10 23 11 24 10 24 9 24 9 23 8 23 8 24 7 24 7 25 7 26 7 25 7 26 6 ]
2025-04-02 15:56:46,CSI_DATA,STA,D8:B1:90:DB:E8:90,-51,11,1,6,0,0,1,0,0,0,1,-94,0,3,0,3110830375,0,110,0,0,93305.5,256,[110 96 6 0 -7 -43 -9 -40 -9 -35 -11 -31 -13 -25 -13 -19 -13 -12 -13 -5 -12 1 -11 7 -8 12 -7 16 -4 20 -4 23 -3 25 -2 25 -2 26 -2 24 -3 22 -4 19 -5 16 -7 13 -9 9 -10 6 -12 2 0 0 0 0 0 0 0 0 0 0 0 0 0 0 0 0 0 0 0 0 0 0 22 -19 19 -15 14 -11 9 -8 3 -4 -3 -1 -9 3 -16 5 -21 8 -25 9 -28 10 -30 10 -30 10 -29 10 -28 8 -25 6 -22 3 -19 -1 -15 -6 -12 -11 -9 -17 -7 -22 -5 -28 -4 -33 -3 -37 -1 -40 ]
2025-04-02 15:56:48,CSI_DATA,STA,D8:B1:90:DB:E8:90,-50,11,1,7,0,0,1,0,0,0,1,-94,0,3,0,3112834818,0,110,0,0,93307.5,256,[110 96 6 0 16 -19 15 -19 15 -18 14 -19 12 -18 12 -18 12 -18 12 -19 11 -19 10 -19 9 -19 8 -18 9 -18 10 -17 9 -18 9 -17 9 -17 10 -16 10 -15 10 -15 9 -14 9 -13 9 -13 10 -12 10 -11 0 0 0 0 0 0 0 0 0 0 0 0 0 0 0 0 0 0 0 0 0 0 13 -17 15 -16 15 -17 16 -16 16 -16 18 -16 18 -15 19 -16 19 -15 19 -16 20 -16 20 -16 19 -16 20 -16 19 -16 19 -16 18 -16 18 -17 18 -18 18 -17 18 -18 18 -18 17 -18 16 -19 16 -
2025-04-02 15:56:51,CSI_DATA,STA,D8:B1:90:DB:E8:90,-49,11,1,7,0,0,1,0,0,0,1,-94,0,3,0,3115341718,0,110,0,0,93310,256,[110 96 6 0 -3 -28 -3 -27 -1 -27 -3 -26 -3 -25 -3 -24 -4 -24 -3 -24 -3 -23 -4 -23 -5 -23 -5 -23 -5 -23 -4 -22 -4 -22 -4 -21 -3 -20 -2 -20 -2 -19 -1 -19 -1 -19 -1 -18 -1 -18 1 -16 2 -16 0 0 0 0 0 0 0 0 0 0 0 0 0 0 0 0 0 0 0 0 0 0 -2 -20 -1 -21 -2 -20 -1 -21 -1 -21 0 -22 0 -23 0 -23 1 -24 1 -24 2 -25 2 -25 2 -25 1 -25 2 -25 2 -25 2 -25 1 -26 0 -26 0 -26 -1 -26 -1 -27 -1 -27 -2 -27 -2 -27 -1 -27
2025-04-02 15:56:53,CSI_DATA,STA,D8:B1:90:DB:E8:90,-50,11,1,7,0,0,1,0,0,0,1,-93,0,3,0,3117849040,0,110,0,0,93312.5,256,[110 96 6 0 -25 -2 -25 -2 -24 -1 -24 -1 -23 0 -23 0 -22 1 -21 2 -20 2 -20 2 -20 2 -20 3 -20 3 -19 3 -19 3 -18 2 -19 2 -18 2 -18 1 -17 2 -16 1 -16 0 -16 0 -16 0 -15 -1 0 0 0 0 0 0 0 0 0 0 0 0 0 0 0 0 0 0 0 0 0 0 -19 1 -20 0 -20 -1 -21 -2 -21 -2 -22 -2 -23 -3 -24 -3 -24 -4 -24 -4 -24 -4 -24 -4 -24 -5 -24 -5 -24 -4 -24 -4 -25 -4 -24 -3 -25 -3 -24 -3 -25 -3 -25 -3 -25 -2 -26 -2 -26 -2 -25 -1 ]
2025-04-02 15:56:54,CSI_DATA,STA,D8:B1:90:DB:E8:90,-53,11,1,7,0,0,1,0,0,0,1,-93,0,3,0,3118349891,0,110,0,0,93313,256,[110 96 6 0 12 23 12 22 12 21 12 21 12 20 12 20 12 19 12 19 12 17 12 17 12 17 12 16 12 16 12 16 12 16 12 16 11 15 10 15 10 15 10 14 9 14 9 14 8 14 8 13 7 13 0 0 0 0 0 0 0 0 0 0 0 0 0 0 0 0 0 0 0 0 0 0 16 2 16 3 15 8 16 9 16 10 16 11 17 11 17 12 17 13 16 14 -9 -13 -9 -13 -9 -13 -8 -13 11 23 11 23 11 22 11 22 12 22 13 22 13 23 13 23 13 22 14 23 13 23 13 22 ]
2025-04-02 15:56:54,CSI_DATA,STA,D8:B1:90:DB:E8:90,-51,11,1,7,0,0,1,1,0,0,1,-93,0,3,0,3118853027,0,110,0,0,93313.5,256,[110 96 6 0 1 25 2 26 1 23 2 24 3 23 3 23 4 22 3 22 3 20 4 21 4 20 5 20 5 20 4 19 4 19 5 19 4 19 3 18 3 18 2 17 2 16 2 16 2 16 0 15 0 15 0 0 0 0 0 0 0 0 0 0 0 0 0 0 0 0 0 0 0 0 0 0 2 19 1 20 1 19 0 20 0 20 -1 22 -1 21 -1 22 -2 22 -2 22 -1 24 -1 24 -1 24 -1 25 -2 24 -2 24 -1 24 -1 24 0 25 0 25 1 25 1 26 1 25 2 25 2 25 1 25 ]
2025-04-02 15:56:59,CSI_DATA,STA,D8:B1:90:DB:E8:90,-53,11,1,7,0,0,1,1,0,0,1,-95,0,3,0,3123367368,0,110,0,0,93318,256,[110 96 6 0 20 21 20 21 20 21 20 19 21 18 21 17 21 16 21 14 21 13 21 13 21 12 21 11 21 10 22 10 22 9 21 9 21 8 20 8 20 8 19 7 19 7 19 7 18 7 18 6 17 7 0 0 0 0 0 0 0 0 0 0 0 0 0 0 0 0 0 0 0 0 0 0 11 9 11 10 9 13 9 14 9 15 9 16 -3 -13 -3 -14 -2 -14 -2 -15 3 -16 3 -17 4 -16 4 -16 10 15 10 14 10 14 11 14 13 21 13 21 14 22 14 22 -18 -16 -19 -15 -19 -15 16 23 ]
2025-04-02 15:57:00,CSI_DATA,STA,D8:B1:90:DB:E8:90,-49,11,1,7,0,0,1,1,0,0,1,-95,0,3,0,3124379352,0,110,0,0,93319,256,[110 96 6 0 4 24 4 23 4 22 6 22 6 21 6 20 6 20 6 20 6 19 6 18 7 19 7 18 7 19 6 17 6 17 6 17 5 16 5 16 4 15 4 16 4 16 4 15 3 15 2 14 2 14 0 0 0 0 0 0 0 0 0 0 0 0 0 0 0 0 0 0 0 0 0 0 5 17 5 18 4 18 4 19 3 19 3 20 3 21 3 22 2 22 2 23 1 22 1 23 1 23 1 23 2 24 2 23 2 23 2 23 3 23 4 23 4 23 4 24 4 23 5 24 5 24 5 24 ]
2025-04-02 15:57:05,CSI_DATA,STA,D8:B1:90:DB:E8:90,-50,11,1,6,0,0,1,0,0,0,1,-95,0,3,0,3129376697,0,110,0,0,93324,256,[110 96 6 0 -27 -26 -26 -23 -23 -19 -24 -15 -22 -11 -20 -6 -18 -2 -17 2 -16 6 -15 8 -13 11 -12 12 -12 13 -13 12 -13 11 -13 10 -14 7 -15 4 -15 1 -15 -2 -15 -6 -15 -9 -16 -12 -15 -14 -15 -17 0 0 0 0 0 0 0 0 0 0 0 0 0 0 0 0 0 0 0 0 0 0 -21 -5 -21 -7 -18 -3 -13 1 -11 5 -10 8 -7 13 -5 15 -5 19 -4 20 -3 22 -3 22 -4 21 -4 19 -5 16 -7 13 -9 9 -10 5 -13 -1 -15 -5 -18 -10 -20 -15 -22 -18 -24 -22 -25 -24
2025-04-02 15:57:08,CSI_DATA,STA,D8:B1:90:DB:E8:90,-49,11,1,7,0,0,1,0,0,0,0,-93,0,3,0,3132884537,0,110,0,0,93327.5,256,[110 96 6 0 14 -20 13 -19 13 -19 12 -19 11 -19 11 -19 10 -19 10 -19 10 -20 9 -19 8 -19 7 -19 7 -19 8 -19 8 -19 8 -18 8 -18 8 -17 8 -17 8 -16 8 -16 8 -15 8 -15 9 -14 9 -13 0 0 0 0 0 0 0 0 0 0 0 0 0 0 0 0 0 0 0 0 0 0 11 -17 12 -17 12 -17 12 -16 13 -16 14 -17 14 -18 15 -18 16 -18 16 -18 16 -17 16 -17 16 -17 16 -17 16 -17 17 -18 16 -18 17 -18 15 -18 15 -18 15 -19 15 -19 15 -20 14 -20 15 -20 15 -
2025-04-02 15:57:11,CSI_DATA,STA,D8:B1:90:DB:E8:90,-50,11,1,6,0,0,1,0,0,0,1,-93,0,3,0,3135396503,0,110,0,0,93330.1,256,[110 96 6 0 22 10 23 10 22 9 22 9 22 8 21 8 21 7 21 6 20 4 20 4 20 4 20 4 20 4 20 3 20 3 19 4 19 3 19 3 18 4 18 4 18 5 17 5 17 5 16 5 16 6 0 0 0 0 0 0 0 0 0 0 0 0 0 0 0 0 0 0 0 0 0 0 21 6 21 7 20 8 20 9 20 10 21 10 21 11 21 12 21 13 21 13 20 13 20 13 20 14 20 14 21 14 20 13 21 13 21 13 23 12 23 12 23 11 23 12 23 10 23 11 23 11 24 10 ]
2025-04-02 15:57:14,CSI_DATA,STA,D8:B1:90:DB:E8:90,-50,11,1,5,0,0,1,0,0,0,1,-93,0,3,0,3138899776,0,110,0,0,93333.6,256,[110 96 6 0 -11 -26 -11 -26 -10 -24 -11 -23 -11 -23 -11 -22 -11 -22 -11 -21 -11 -21 -11 -21 -12 -20 -12 -20 -12 -20 -11 -19 -11 -19 -11 -19 -10 -19 -10 -18 -9 -18 -8 -18 -8 -18 -8 -17 -7 -17 -6 -16 -5 -16 0 0 0 0 0 0 0 0 0 0 0 0 0 0 0 0 0 0 0 0 0 0 -8 -23 -6 -21 -9 -20 -12 -26 -8 -22 -10 -23 -12 -24 -8 -27 -9 -26 -9 -27 -8 -27 -8 -27 -8 -27 -8 -27 -8 -27 -8 -27 -8 -26 -8 -26 -10 -27 -10 -26
2025-04-02 15:57:17,CSI_DATA,STA,D8:B1:90:DB:E8:90,-51,11,1,6,0,0,1,0,0,0,1,-93,0,3,0,3141407590,0,110,0,0,93336.1,256,[110 96 6 0 -14 -37 -15 -37 -14 -33 -15 -32 -15 -28 -16 -25 -17 -22 -18 -18 -19 -15 -20 -13 -20 -11 -20 -9 -20 -8 -19 -9 -18 -9 -14 -9 -12 -10 -8 -11 -4 -11 0 -11 5 -11 9 -10 13 -9 15 -7 18 -5 0 0 0 0 0 0 0 0 0 0 0 0 0 0 0 0 0 0 0 0 0 0 -19 18 -17 16 -15 15 -12 15 -8 15 -5 16 -2 18 0 19 3 21 4 21 4 22 4 22 3 21 2 19 1 16 -1 13 -3 9 -5 4 -7 -2 -8 -7 -11 -12 -12 -18 -13 -22 -14 -27 -14 -31 -13
2025-04-02 15:57:17,CSI_DATA,STA,D8:B1:90:DB:E8:90,-51,11,1,6,0,0,1,0,0,0,1,-93,0,3,0,3141907578,0,110,0,0,93336.6,256,[110 96 6 0 -2 -39 -2 -38 -3 -35 -4 -33 -6 -30 -8 -28 -10 -25 -12 -23 -13 -20 -15 -18 -16 -17 -16 -15 -16 -15 -15 -14 -13 -14 -10 -14 -8 -13 -4 -13 0 -11 4 -10 9 -9 12 -6 15 -4 17 -1 18 2 0 0 0 0 0 0 0 0 0 0 0 0 0 0 0 0 0 0 0 0 0 0 -24 12 -21 10 -19 10 -16 11 -13 12 -10 14 -7 17 -5 18 -4 21 -4 22 -3 22 -4 22 -4 20 -5 18 -6 15 -6 11 -6 6 -6 1 -7 -4 -7 -10 -6 -16 -6 -21 -5 -26 -5 -30 -4 -34 -1
2025-04-02 15:57:19,CSI_DATA,STA,D8:B1:90:DB:E8:90,-49,11,1,6,0,0,1,0,0,0,1,-95,0,3,0,3143409086,0,110,0,0,93338.1,256,[110 96 6 0 15 39 15 37 15 34 16 32 17 29 18 26 19 23 21 19 22 16 22 14 22 12 22 11 21 10 20 11 18 11 14 11 11 12 7 11 2 11 -2 10 -7 9 -11 7 -15 5 -17 3 -19 1 0 0 0 0 0 0 0 0 0 0 0 0 0 0 0 0 0 0 0 0 0 0 13 -28 14 -23 12 -24 10 -23 4 -21 -1 -21 -1 -22 -4 -24 -7 -24 -9 -24 -8 -26 -9 -25 -7 -24 -6 -21 -3 -18 -2 -15 1 -10 4 -5 7 1 9 7 11 13 13 18 14 23 15 28 15 32 14 35 ]
2025-04-02 15:57:19,CSI_DATA,STA,D8:B1:90:DB:E8:90,-49,11,1,7,0,0,1,0,0,0,1,-95,0,3,0,3143907538,0,110,0,0,93338.6,256,[110 96 6 0 37 -13 36 -13 34 -13 31 -14 28 -16 25 -17 22 -18 20 -19 17 -21 15 -21 14 -22 13 -22 12 -21 11 -19 11 -17 12 -14 11 -10 11 -6 10 -2 8 3 7 7 4 10 1 13 -2 16 -5 18 0 0 0 0 0 0 0 0 0 0 0 0 0 0 0 0 0 0 0 0 0 0 -28 -9 -25 -9 -23 -7 -21 -4 -21 -1 -20 2 -21 5 -22 8 -23 10 -23 12 -24 11 -23 10 -23 9 -21 7 -18 5 -14 2 -10 -1 -5 -4 0 -6 6 -8 12 -11 18 -12 23 -14 28 -13 32 -13 36 -14 ]
2025-04-02 15:57:20,CSI_DATA,STA,D8:B1:90:DB:E8:90,-49,11,1,6,0,0,1,0,0,0,1,-95,0,3,0,3144409696,0,110,0,0,93339.1,256,[110 96 6 0 -17 -37 -18 -35 -18 -32 -19 -30 -19 -27 -20 -24 -21 -21 -22 -18 -23 -15 -24 -13 -23 -11 -23 -10 -22 -9 -21 -9 -19 -10 -15 -10 -12 -11 -8 -12 -4 -12 0 -11 6 -11 9 -10 13 -8 15 -7 18 -4 0 0 0 0 0 0 0 0 0 0 0 0 0 0 0 0 0 0 0 0 0 0 -15 23 -14 21 -12 19 -9 19 -6 19 -2 19 0 20 3 21 5 22 6 22 6 23 6 22 4 21 3 19 1 17 -1 13 -4 9 -6 3 -8 -2 -10 -7 -13 -13 -14 -19 -15 -23 -17 -27 -18 -31 -
2025-04-02 15:57:20,CSI_DATA,STA,D8:B1:90:DB:E8:90,-49,11,1,6,0,0,1,0,0,0,1,-95,0,3,0,3144907804,0,110,0,0,93339.6,256,[110 96 6 0 24 -1 23 -1 23 -1 23 -1 22 -1 22 -2 21 -2 21 -3 21 -4 20 -3 20 -3 20 -3 20 -3 20 -4 20 -4 19 -3 19 -3 18 -3 18 -2 18 -2 17 -1 17 0 16 0 16 0 16 1 0 0 0 0 0 0 0 0 0 0 0 0 0 0 0 0 0 0 0 0 0 0 20 -3 20 -2 21 -2 21 -1 22 0 22 0 23 1 23 1 24 2 24 3 23 3 23 3 23 4 23 4 24 3 24 2 24 2 24 2 24 1 24 1 24 1 25 0 25 0 25 0 25 0 25 -1 ]
2025-04-02 15:57:28,CSI_DATA,STA,D8:B1:90:DB:E8:90,-49,11,1,6,0,0,1,0,0,0,1,-93,0,3,0,3152918261,0,110,0,0,93347.6,256,[110 96 6 0 18 -14 18 -14 18 -14 18 -14 17 -14 17 -14 16 -14 16 -15 16 -15 15 -15 14 -14 14 -14 14 -14 14 -15 14 -14 14 -14 14 -14 15 -13 14 -13 14 -12 13 -11 13 -10 13 -10 14 -9 14 -8 0 0 0 0 0 0 0 0 0 0 0 0 0 0 0 0 0 0 0 0 0 0 14 -12 16 -17 16 -14 19 -15 18 -15 18 -12 18 -15 19 -13 20 -13 21 -12 22 -12 22 -11 21 -11 21 -11 20 -11 21 -12 21 -12 21 -13 21 -13 21 -13 20 -14 20 -14 20 -14 20 -
2025-04-02 15:57:30,CSI_DATA,STA,D8:B1:90:DB:E8:90,-48,11,1,6,0,0,1,0,0,0,1,-95,0,3,0,3154925247,0,110,0,0,93349.6,256,[110 96 6 0 -24 -3 -23 -3 -24 -3 -24 -2 -24 -2 -23 -1 -23 -1 -22 0 -22 0 -22 1 -21 0 -21 0 -21 1 -21 1 -21 1 -20 0 -20 0 -20 0 -19 -1 -19 -1 -18 -2 -17 -2 -17 -3 -16 -3 -16 -4 0 0 0 0 0 0 0 0 0 0 0 0 0 0 0 0 0 0 0 0 0 0 -20 0 -20 -1 -21 -2 -21 -3 -22 -4 -22 -4 -22 -4 -23 -5 -23 -5 -23 -6 -24 -6 -24 -6 -24 -6 -24 -7 -24 -6 -24 -5 -24 -5 -24 -5 -24 -5 -23 -4 -24 -4 -24 -3 -24 -4 -25 -4 -25 -4
2025-04-02 15:57:37,CSI_DATA,STA,D8:B1:90:DB:E8:90,-51,11,1,6,0,0,1,0,0,0,0,-95,0,3,0,3161932572,0,110,0,0,93356.6,256,[110 96 6 0 24 22 22 18 20 13 17 8 12 4 7 -1 2 -4 -3 -7 -8 -9 -13 -10 -17 -9 -20 -9 -22 -9 -22 -9 -21 -9 -21 -9 -18 -10 -16 -11 -13 -12 -10 -14 -7 -15 -4 -17 -2 -18 0 -20 2 -20 0 0 0 0 0 0 0 0 0 0 0 0 0 0 0 0 0 0 0 0 0 0 -15 6 -9 4 -7 2 0 -1 5 0 9 -2 16 -6 19 -9 22 -10 23 -12 26 -13 24 -14 23 -13 21 -12 19 -10 16 -7 13 -3 13 1 11 6 11 12 12 17 14 22 16 25 18 28 20 30 22 30 ]
2025-04-02 15:57:38,CSI_DATA,STA,D8:B1:90:DB:E8:90,-51,11,1,5,0,0,1,0,0,0,1,-95,0,3,0,3162432875,0,110,0,0,93357.1,256,[110 96 6 0 -4 30 -1 26 1 20 3 14 5 8 4 2 5 -5 3 -10 1 -16 -1 -19 -3 -22 -5 -23 -6 -24 -6 -25 -6 -24 -5 -22 -3 -21 -1 -19 3 -17 6 -15 9 -12 12 -10 15 -9 17 -7 19 -6 0 0 0 0 0 0 0 0 0 0 0 0 0 0 0 0 0 0 0 0 0 0 -16 -4 -9 -2 -6 -2 0 2 5 2 12 6 16 8 20 7 24 9 25 9 28 8 27 9 25 7 22 7 19 6 14 7 9 8 4 9 0 12 -4 15 -8 20 -11 23 -12 27 -12 30 -12 33 -12 34 ]
2025-04-02 15:57:42,CSI_DATA,STA,00:00:00:00:00:00,-49,11,0,0,0,0,0,0,0,0,0,-95,0,3,0,3166502840,0,14,0,0,93361.2,128,[14 -32 0 0 35 10 34 10 34 9 33 9 32 7 31 6 30 4 29 2 28 2 26 0 25 -1 24 -2 22 -2 20 -2 18 -1 17 -1 14 1 11 1 8 2 5 3 2 3 -2 2 -5 2 -9 2 -11 0 0 0 0 0 0 0 0 0 0 0 0 0 0 0 0 0 0 0 0 0 0 0 -22 -5 -19 -4 -18 -3 -17 0 -17 4 -17 7 -19 9 -21 11 -22 12 -24 12 -25 11 -25 9 -24 8 -21 6 -18 4 -14 2 -10 1 -5 0 1 0 6 0 11 0 16 1 21 1 25 4 29 5 32 7 ]
2025-04-02 15:57:47,CSI_DATA,STA,D8:B1:90:DB:E8:90,-51,11,1,5,0,0,1,0,0,0,0,-95,0,3,0,3171950259,0,110,0,0,93366.6,256,[110 96 6 0 -39 -14 -37 -10 -34 -8 -30 -5 -24 -1 -19 1 -11 3 -5 4 1 4 8 3 15 1 20 4 24 -2 27 -4 29 -6 32 -6 31 -7 29 -8 28 -7 25 -6 22 -4 18 -2 14 1 11 3 7 6 0 0 0 0 0 0 0 0 0 0 0 0 0 0 0 0 0 0 0 0 0 0 17 -21 12 -13 5 -9 3 -2 1 9 -3 15 -6 19 -6 24 -10 32 -12 37 -15 38 -12 40 -11 40 -9 37 -9 34 -7 30 -7 24 -8 19 -9 13 -12 6 -15 0 -19 -5 -24 -9 -28 -13 -32 -16 -35 -17 ]
2025-04-02 15:57:48,CSI_DATA,STA,D8:B1:90:DB:E8:90,-52,11,1,6,0,0,1,0,0,0,1,-93,0,3,0,3172949159,0,110,0,0,93367.6,256,[110 96 6 0 16 -21 12 -19 8 -17 3 -14 -3 -11 -8 -9 -12 -5 -17 -1 -21 3 -24 7 -26 9 -28 12 -29 14 -30 15 -30 15 -28 13 -27 12 -25 9 -22 6 -19 3 -16 -1 -13 -4 -9 -7 -6 -9 -3 -11 0 0 0 0 0 0 0 0 0 0 0 0 0 0 0 0 0 0 0 0 0 0 14 -7 9 -6 4 -6 -2 -6 -9 -6 -14 -7 -20 -7 -25 -8 -30 -9 -32 -10 -34 -10 -33 -10 -32 -11 -30 -10 -26 -10 -22 -9 -16 -9 -11 -9 -5 -11 1 -11 7 -13 11 -15 15 -17 18 -18 20 -19 23
2025-04-02 15:57:53,CSI_DATA,STA,D8:B1:90:DB:E8:90,-57,11,1,7,0,0,1,0,0,0,1,-95,0,3,0,3176954762,0,110,0,0,93371.6,256,[110 96 6 0 -23 -5 -22 -4 -22 -4 -21 -3 -20 -3 -19 -3 -19 -2 -19 -2 -17 -1 -17 0 -17 -1 -17 0 -16 0 -16 0 -15 0 -15 0 -14 0 -14 -1 -13 -1 -12 -1 -11 -2 -11 -3 -10 -3 -10 -3 -9 -4 0 0 0 0 0 0 0 0 0 0 0 0 0 0 0 0 0 0 0 0 0 0 -24 -3 -24 -5 -24 -6 -24 -7 -24 -8 -25 -8 -24 -9 -25 -9 -25 -9 -25 -10 -25 -10 -25 -10 -25 -11 -25 -11 -24 -10 -25 -9 -25 -9 -24 -8 -25 -8 -24 -8 -24 -7 -24 -7 -24 -6 -24
2025-04-02 15:57:54,CSI_DATA,STA,D8:B1:90:DB:E8:90,-51,11,1,6,0,0,1,0,0,0,1,-95,0,3,0,3178463607,0,110,0,0,93373.1,256,[110 96 6 0 -19 -5 -15 -3 -10 -1 -5 -1 1 -1 6 -1 11 -3 15 -5 18 -7 21 -10 23 -13 24 -15 25 -17 23 -18 23 -18 23 -17 21 -16 19 -14 18 -12 17 -9 16 -6 15 -3 14 0 13 2 11 4 0 0 0 0 0 0 0 0 0 0 0 0 0 0 0 0 0 0 0 0 0 0 8 -5 4 -3 0 0 -4 2 -8 6 -12 9 -15 13 -18 15 -19 18 -20 20 -19 21 -18 21 -17 21 -15 19 -13 16 -11 12 -11 8 -10 4 -11 0 -13 -3 -15 -7 -17 -9 -19 -11 -21 -12 -22 -12 -23 -11 ]
2025-04-02 15:57:54,CSI_DATA,STA,D8:B1:90:DB:E8:90,-52,11,1,7,0,0,1,0,0,0,1,-95,0,3,0,3178964368,0,110,0,0,93373.6,256,[110 96 6 0 4 28 4 28 4 27 5 27 6 26 5 26 6 25 6 25 6 24 8 24 8 24 9 24 9 24 8 24 9 24 8 25 7 25 6 24 6 24 6 24 6 24 5 24 5 25 3 23 2 24 0 0 0 0 0 0 0 0 0 0 0 0 0 0 0 0 0 0 0 0 0 0 4 17 4 18 3 18 3 20 3 20 2 21 1 22 0 23 0 23 0 24 -1 25 -1 25 -1 25 -1 25 -1 25 -1 25 -1 25 0 25 1 25 0 25 1 25 2 26 2 26 3 27 3 27 3 27 ]
2025-04-02 15:58:00,CSI_DATA,STA,D8:B1:90:DB:E8:90,-53,11,1,7,0,0,1,0,0,0,1,-95,0,3,0,3184483516,0,110,0,0,93379.1,256,[110 96 6 0 -22 18 -21 18 -21 17 -21 17 -19 17 -19 17 -18 17 -18 18 -18 18 -17 18 -17 17 -17 18 -17 18 -17 18 -18 17 -17 17 -18 17 -18 17 -18 15 -18 14 -18 13 -17 12 -18 11 -19 11 -20 10 0 0 0 0 0 0 0 0 0 0 0 0 0 0 0 0 0 0 0 0 0 0 -17 12 -18 11 -18 11 -19 11 -19 11 -21 11 -21 12 -22 12 -22 12 -22 11 -24 12 -24 12 -24 12 -23 12 -23 12 -23 13 -23 13 -23 14 -23 14 -22 15 -22 15 -22 16 -22 16 -2
2025-04-02 15:58:01,CSI_DATA,STA,D8:B1:90:DB:E8:90,-53,11,1,7,0,0,1,0,0,0,1,-95,0,3,0,3185483924,0,110,0,0,93380.1,256,[110 96 6 0 6 26 7 25 6 24 7 24 7 23 7 22 8 21 6 21 6 20 6 20 7 20 7 20 7 20 7 19 6 18 7 19 6 18 6 18 6 17 5 16 5 17 5 17 4 16 2 16 0 16 0 0 0 0 0 0 0 0 0 0 0 0 0 0 0 0 0 0 0 0 0 0 6 18 5 19 4 20 4 21 3 21 3 22 3 23 2 23 3 25 2 25 2 25 2 25 2 26 2 26 1 26 1 25 2 25 2 26 3 25 4 26 4 26 5 26 5 26 6 26 5 27 6 26 ]
2025-04-02 15:58:02,CSI_DATA,STA,D8:B1:90:DB:E8:90,-51,11,1,6,0,0,1,0,0,0,1,-95,0,3,0,3186982759,0,110,0,0,93381.6,256,[110 96 6 0 -22 21 -19 20 -15 19 -10 18 -5 15 0 12 5 9 10 5 14 0 18 -4 21 -7 23 -11 25 -14 28 -17 28 -18 28 -18 28 -18 26 -16 24 -14 22 -11 19 -8 16 -4 13 -1 9 2 6 5 0 0 0 0 0 0 0 0 0 0 0 0 0 0 0 0 0 0 0 0 0 0 -17 -1 -10 -1 -4 0 3 1 9 2 16 4 23 6 28 8 33 9 35 11 36 12 37 13 35 13 33 12 29 11 25 10 19 10 13 9 7 9 2 10 -5 11 -10 13 -16 14 -19 16 -22 17 -25 19 ]
2025-04-02 15:58:06,CSI_DATA,STA,D8:B1:90:DB:E8:90,-53,11,1,7,0,0,1,0,0,0,1,-93,0,3,0,3190491895,0,110,0,0,93385.2,256,[110 96 6 0 9 25 9 25 9 23 10 24 10 24 10 23 10 22 9 22 9 21 9 21 10 21 10 21 9 21 9 20 9 20 8 20 8 20 7 18 6 18 5 18 5 18 4 18 3 17 1 16 0 16 0 0 0 0 0 0 0 0 0 0 0 0 0 0 0 0 0 0 0 0 0 0 5 18 5 19 9 15 8 17 8 17 8 18 6 23 6 24 6 24 6 25 5 25 5 25 5 25 5 25 5 25 5 24 5 24 6 24 7 25 7 25 8 25 9 25 7 25 8 26 8 26 9 25 ]
2025-04-02 15:58:07,CSI_DATA,STA,D8:B1:90:DB:E8:90,-54,11,1,6,0,0,1,0,0,0,1,-93,0,3,0,3192000873,0,110,0,0,93386.7,256,[110 96 6 0 -27 -22 -27 -20 -24 -15 -23 -11 -20 -5 -17 1 -13 7 -10 12 -7 16 -4 21 0 25 2 28 5 31 5 31 5 32 5 32 4 30 2 27 0 24 -2 20 -3 16 -5 11 -6 6 -7 2 -7 -2 0 0 0 0 0 0 0 0 0 0 0 0 0 0 0 0 0 0 0 0 0 0 -18 -11 -13 -8 -8 -4 -4 2 0 9 4 15 6 22 8 28 9 32 9 36 7 38 7 39 6 38 4 35 3 31 0 25 -2 20 -5 14 -7 8 -10 1 -14 -5 -16 -11 -20 -15 -22 -19 -25 -23 -26 -25 ]
2025-04-02 15:58:08,CSI_DATA,STA,D8:B1:90:DB:E8:90,-54,11,1,6,0,0,1,1,0,0,1,-93,0,3,0,3192501525,0,110,0,0,93387.2,256,[110 96 6 0 25 9 24 9 24 8 23 8 23 7 23 7 22 6 22 5 21 4 21 4 21 4 20 3 20 4 20 3 20 3 19 4 18 4 18 4 17 4 17 5 15 6 14 6 13 6 14 6 12 6 0 0 0 0 0 0 0 0 0 0 0 0 0 0 0 0 0 0 0 0 0 0 23 8 22 10 22 11 22 12 23 12 22 13 22 13 23 13 23 15 23 14 23 15 23 15 23 15 24 15 23 15 23 15 23 14 24 13 24 12 24 12 25 11 25 12 25 9 25 10 25 10 25 8 ]
2025-04-02 15:58:08,CSI_DATA,STA,D8:B1:90:DB:E8:90,-54,11,1,6,0,0,1,1,0,0,1,-93,0,3,0,3193004578,0,110,0,0,93387.7,256,[110 96 6 0 26 1 25 1 26 1 25 0 25 0 24 -1 24 -1 23 -3 23 -3 22 -3 22 -2 22 -2 22 -2 22 -3 22 -3 22 -1 21 -1 21 -1 20 0 20 0 19 1 18 3 17 3 17 4 16 5 0 0 0 0 0 0 0 0 0 0 0 0 0 0 0 0 0 0 0 0 0 0 24 4 23 5 24 6 24 6 25 7 25 7 25 8 25 8 25 9 26 10 26 8 25 8 26 9 25 9 25 8 26 7 25 6 26 6 26 5 26 5 26 4 27 3 27 3 27 3 27 2 28 2 ]
2025-04-02 15:58:12,CSI_DATA,STA,D8:B1:90:DB:E8:90,-53,11,1,1,0,0,1,0,0,0,0,-93,0,3,0,3196505940,0,110,0,0,93391.2,256,[110 96 6 0 13 -15 8 -11 5 -7 2 -1 0 5 -2 11 -1 16 0 20 2 24 4 26 6 28 8 28 8 27 9 26 8 25 5 23 4 21 1 20 -2 19 -6 19 -9 17 -11 17 -13 16 -14 16 -15 15 0 0 0 0 0 0 0 0 0 0 0 0 0 0 0 0 0 0 0 0 0 0 -4 9 -2 4 0 -2 1 -8 2 -14 1 -20 0 -24 -2 -29 -3 -31 -5 -33 -7 -32 -7 -31 -7 -28 -6 -24 -5 -20 -2 -17 2 -13 6 -10 12 -9 16 -9 21 -10 24 -11 26 -15 27 -16 27 -18 26 -19 ]
2025-04-02 15:58:13,CSI_DATA,STA,D8:B1:90:DB:E8:90,-52,11,1,2,0,0,1,0,0,0,0,-93,0,3,0,3197512183,0,110,0,0,93392.2,256,[110 96 6 0 -20 -9 -15 -6 -9 -5 -3 -5 2 -7 7 -9 11 -12 14 -15 15 -19 15 -22 15 -25 14 -26 13 -27 11 -26 11 -26 12 -24 12 -21 13 -19 14 -16 15 -15 17 -13 18 -12 19 -11 19 -10 19 -9 0 0 0 0 0 0 0 0 0 0 0 0 0 0 0 0 0 0 0 0 0 0 6 6 2 3 -3 1 -8 -1 -14 -2 -19 -2 -24 -1 -28 0 -31 2 -33 5 -32 6 -30 8 -28 8 -25 7 -22 5 -18 2 -16 -1 -15 -6 -15 -10 -15 -14 -18 -17 -20 -20 -23 -20 -25 -21 -27 -19 -27 -1
2025-04-02 15:58:16,CSI_DATA,STA,D8:B1:90:DB:E8:90,-52,11,1,3,0,0,1,0,0,0,0,-93,0,3,0,3200014672,0,110,0,0,93394.7,256,[110 96 6 0 23 -1 17 -1 12 -1 6 1 0 5 -4 8 -7 12 -9 16 -10 20 -10 23 -10 26 -8 27 -7 28 -5 28 -6 27 -7 25 -7 23 -9 21 -11 18 -13 16 -15 15 -16 13 -18 12 -18 12 -19 10 0 0 0 0 0 0 0 0 0 0 0 0 0 0 0 0 0 0 0 0 0 0 -12 -1 -6 -1 -1 -2 5 -3 11 -6 16 -8 20 -11 23 -15 25 -18 25 -21 24 -22 22 -22 20 -22 18 -19 15 -16 13 -12 12 -6 13 -2 15 3 18 7 22 10 26 11 29 11 31 10 33 8 33 6 ]
2025-04-02 15:58:16,CSI_DATA,STA,D8:B1:90:DB:E8:90,-52,11,1,7,0,0,1,0,0,0,1,-93,0,3,0,3200514868,0,110,0,0,93395.2,256,[110 96 6 0 12 21 12 21 12 20 12 19 12 18 12 18 13 17 12 17 12 16 12 16 13 15 13 16 13 16 13 15 13 14 13 15 12 14 12 14 12 14 11 13 11 14 10 14 9 14 9 14 9 15 0 0 0 0 0 0 0 0 0 0 0 0 0 0 0 0 0 0 0 0 0 0 10 14 9 15 9 16 9 17 9 17 9 18 9 19 9 19 9 20 8 20 8 21 8 21 8 22 8 22 9 21 9 20 9 21 10 20 11 22 11 21 11 21 12 21 11 21 11 21 11 21 11 22 ]
2025-04-02 15:58:17,CSI_DATA,STA,D8:B1:90:DB:E8:90,-52,11,1,5,0,0,1,0,0,0,1,-93,0,3,0,3202018836,0,110,0,0,93396.7,256,[110 96 6 0 -6 22 -5 17 -5 13 -5 8 -6 3 -9 0 -12 -3 -16 -4 -19 -6 -22 -5 -24 -4 -26 -3 -27 -1 -27 -2 -27 -1 -25 -1 -25 -2 -24 -3 -22 -4 -22 -5 -21 -6 -19 -7 -18 -8 -18 -9 -17 -9 0 0 0 0 0 0 0 0 0 0 0 0 0 0 0 0 0 0 0 0 0 0 9 -5 6 -2 3 2 0 6 -2 11 -3 16 -3 21 -1 25 0 28 2 29 3 30 5 28 6 26 7 23 6 20 3 17 0 15 -3 13 -7 13 -11 14 -14 16 -16 19 -17 22 -17 24 -16 26 -15 27 ]
2025-04-02 15:58:23,CSI_DATA,STA,D8:B1:90:DB:E8:90,-53,11,1,6,0,0,1,0,0,0,0,-94,0,3,0,3207541805,0,110,0,0,93402.2,256,[110 96 6 0 -27 -3 -26 -3 -25 -2 -24 -3 -24 -2 -23 -2 -22 -2 -22 -1 -21 0 -21 1 -21 1 -22 1 -22 0 -21 1 -22 1 -21 0 -21 0 -21 0 -20 0 -20 0 -20 -2 -19 -2 -19 -2 -19 -2 -19 -4 0 0 0 0 0 0 0 0 0 0 0 0 0 0 0 0 0 0 0 0 0 0 -26 -5 -27 -6 -26 -7 -27 -7 -27 -8 -27 -9 -27 -8 -28 -9 -28 -10 -28 -10 -28 -9 -28 -9 -28 -9 -28 -9 -28 -9 -27 -8 -28 -7 -27 -7 -28 -6 -28 -5 -28 -5 -29 -5 -28 -4 -28 -4 -29 -
2025-04-02 15:58:23,CSI_DATA,STA,D8:B1:90:DB:E8:90,-53,11,1,5,0,0,1,0,0,0,1,-94,0,3,0,3208046930,0,110,0,0,93402.7,256,[110 96 6 0 -5 26 -4 26 -5 26 -3 25 -3 25 -3 24 -2 24 -3 23 -3 23 -2 23 -1 23 -1 23 -1 23 -2 23 -1 22 -1 23 -2 22 -2 22 -3 21 -3 20 -3 20 -3 20 -4 19 -5 19 -6 19 0 0 0 0 0 0 0 0 0 0 0 0 0 0 0 0 0 0 0 0 0 0 -4 20 -5 20 -6 21 -7 21 -7 22 -8 22 -9 22 -10 23 -10 23 -10 23 -11 24 -10 23 -10 24 -10 24 -9 24 -9 24 -9 24 -9 24 -8 24 -7 25 -7 25 -6 26 -7 27 -6 26 -6 26 -6 26 ]
2025-04-02 15:58:27,CSI_DATA,STA,D8:B1:90:DB:E8:90,-52,11,1,6,0,0,1,0,0,0,1,-94,0,3,0,3211553102,0,110,0,0,93406.2,256,[110 96 6 0 -12 16 -7 16 -3 16 3 15 9 16 14 15 20 14 25 14 28 13 31 12 33 12 34 12 34 11 34 11 31 11 27 13 23 12 18 13 12 12 7 12 2 12 -3 11 -7 9 -10 7 -12 5 0 0 0 0 0 0 0 0 0 0 0 0 0 0 0 0 0 0 0 0 0 0 0 9 1 8 11 6 14 8 21 6 25 5 28 9 33 8 35 10 35 9 35 11 33 11 31 11 28 10 23 10 18 9 12 9 7 8 2 9 -3 9 -8 9 -12 10 -16 11 -18 12 -19 13 -20 13 ]
2025-04-02 15:58:28,CSI_DATA,STA,D8:B1:90:DB:E8:90,-52,11,1,6,0,0,1,0,0,0,1,-94,0,3,0,3212559794,0,110,0,0,93407.2,256,[110 96 6 0 4 26 5 24 7 22 9 18 11 15 13 11 16 9 18 5 21 2 21 0 22 -1 23 -1 23 -2 24 -4 23 -2 21 0 19 1 17 3 13 4 10 7 6 8 2 8 -1 9 -3 9 -6 8 0 0 0 0 0 0 0 0 0 0 0 0 0 0 0 0 0 0 0 0 0 0 14 4 12 1 10 -2 10 -5 10 -9 9 -12 10 -16 10 -18 11 -21 13 -21 14 -21 14 -20 14 -18 14 -16 13 -13 12 -10 11 -5 10 -1 9 4 7 8 6 13 6 17 4 21 4 24 3 26 2 28 ]
2025-04-02 15:58:29,CSI_DATA,STA,D8:B1:90:DB:E8:90,-52,11,1,6,0,0,1,0,0,0,1,-94,0,3,0,3213561207,0,110,0,0,93408.2,256,[110 96 6 0 7 26 9 24 11 21 15 19 18 16 21 14 23 11 25 9 28 6 29 5 29 4 30 4 29 4 28 5 26 5 23 6 20 7 17 8 12 9 8 9 3 9 -1 9 -4 8 -6 7 -9 6 0 0 0 0 0 0 0 0 0 0 0 0 0 0 0 0 0 0 0 0 0 0 14 -3 13 -5 12 -8 11 -11 12 -15 11 -19 12 -21 13 -24 15 -25 15 -25 16 -24 16 -23 16 -20 16 -17 15 -14 13 -10 12 -5 10 -1 9 4 7 8 7 13 5 17 4 20 4 23 4 25 3 26 ]
2025-04-02 15:58:32,CSI_DATA,STA,D8:B1:90:DB:E8:90,-52,11,1,7,0,0,1,0,0,0,1,-94,0,3,0,3216068947,0,110,0,0,93410.7,256,[110 96 6 0 -20 -12 -19 -7 -17 -1 -15 5 -13 11 -11 16 -7 22 -5 26 -2 31 1 33 4 36 5 37 6 37 4 36 3 35 3 33 -1 29 -4 25 -6 21 -9 16 -11 11 -13 6 -14 2 -16 -2 -16 -6 0 0 0 0 0 0 0 0 0 0 0 0 0 0 0 0 0 0 0 0 0 0 -7 -4 -6 1 -7 6 -7 11 -7 17 -8 22 -9 27 -10 31 -11 34 -11 36 -12 35 -12 34 -11 32 -11 28 -11 23 -11 17 -10 12 -10 6 -10 1 -11 -5 -13 -10 -14 -14 -16 -17 -17 -20 -19 -20 -19 -20 ]
2025-04-02 15:58:32,CSI_DATA,STA,D8:B1:90:DB:E8:90,-52,11,1,3,0,0,1,0,0,0,0,-94,0,3,0,3216571282,0,110,0,0,93411.2,256,[110 96 6 0 23 -5 21 -8 19 -11 16 -14 13 -17 10 -21 7 -23 5 -26 3 -28 1 -30 0 -32 -1 -32 -1 -31 0 -29 1 -27 2 -24 4 -20 5 -16 6 -11 7 -7 7 -3 7 1 6 4 5 7 4 9 0 0 0 0 0 0 0 0 0 0 0 0 0 0 0 0 0 0 0 0 0 0 -2 -14 -2 -10 -7 -12 -10 -11 -17 -8 -22 -8 -23 -10 -26 -11 -29 -12 -32 -13 -29 -15 -29 -16 -27 -17 -23 -16 -19 -15 -13 -14 -8 -12 -2 -10 2 -9 7 -7 12 -5 17 -3 20 -3 23 -2 25 -1 27 -1 ]
2025-04-02 15:58:34,CSI_DATA,STA,D8:B1:90:DB:E8:90,-51,11,1,6,0,0,1,0,0,0,1,-94,0,3,0,3218578899,0,110,0,0,93413.2,256,[110 96 6 0 21 11 21 11 21 10 21 9 20 9 20 8 20 7 20 6 19 5 19 5 19 5 19 5 19 4 18 3 18 3 17 4 17 3 16 3 16 3 15 4 15 4 14 5 13 4 13 4 12 4 0 0 0 0 0 0 0 0 0 0 0 0 0 0 0 0 0 0 0 0 0 0 22 8 21 9 21 10 22 11 22 12 22 13 22 13 21 14 22 14 21 15 21 15 20 16 21 16 21 16 20 15 20 15 21 14 21 14 22 14 22 14 22 14 22 13 22 13 23 13 23 13 23 12 ]
2025-04-02 15:58:37,CSI_DATA,STA,D8:B1:90:DB:E8:90,-51,11,1,7,0,0,1,0,0,0,1,-94,0,3,0,3221591847,0,110,0,0,93416.3,256,[110 96 6 0 25 -20 20 -19 16 -19 9 -17 4 -16 -2 -14 -7 -13 -12 -11 -16 -8 -19 -7 -22 -5 -23 -5 -23 -5 -23 -5 -21 -6 -20 -9 -17 -11 -14 -14 -11 -17 -8 -19 -5 -22 -3 -24 0 -25 3 -26 6 -26 0 0 0 0 0 0 0 0 0 0 0 0 0 0 0 0 0 0 0 0 0 0 15 -6 12 -9 3 -11 1 -13 -2 -19 -4 -18 -7 -23 -10 -24 -10 -26 -15 -26 -14 -25 -13 -25 -12 -23 -10 -21 -7 -20 -3 -16 1 -15 6 -14 10 -14 16 -14 20 -14 25 -14 29 -16 30
2025-04-02 15:58:38,CSI_DATA,STA,D8:B1:90:DB:E8:90,-52,11,1,7,0,0,1,0,0,0,1,-94,0,3,0,3223093922,0,110,0,0,93417.8,256,[110 96 6 0 28 10 26 7 22 3 18 -1 14 -5 9 -9 4 -12 0 -15 -4 -17 -7 -18 -10 -20 -12 -20 -13 -21 -11 -20 -10 -21 -8 -20 -5 -21 -1 -20 3 -19 7 -18 10 -16 13 -15 16 -14 19 -13 21 -11 0 0 0 0 0 0 0 0 0 0 0 0 0 0 0 0 0 0 0 0 0 0 10 7 10 3 10 -1 11 -6 11 -10 12 -15 12 -18 12 -21 12 -24 11 -25 11 -26 11 -25 10 -23 9 -21 10 -18 10 -13 11 -9 13 -5 15 0 17 4 20 8 23 11 26 13 28 15 30 16 31 16 ]
2025-04-02 15:58:41,CSI_DATA,STA,D8:B1:90:DB:E8:90,-51,11,1,7,0,0,1,0,0,0,1,-94,0,3,0,3225603660,0,110,0,0,93420.3,256,[110 96 6 0 -8 33 -4 30 -2 26 3 23 7 18 10 14 14 10 16 6 19 2 20 -1 22 -2 23 -4 24 -5 25 -5 24 -4 23 0 21 2 20 5 17 8 15 12 12 16 10 18 7 21 4 22 1 23 0 0 0 0 0 0 0 0 0 0 0 0 0 0 0 0 0 0 0 0 0 0 0 15 4 13 7 11 11 10 16 9 19 7 22 6 25 5 28 4 28 4 28 3 27 3 25 4 23 5 19 6 16 6 11 9 7 11 4 14 0 18 -3 22 -7 25 -9 29 -10 31 -12 33 -14 34 ]
2025-04-02 15:58:42,CSI_DATA,STA,00:00:00:00:00:00,-51,11,0,0,0,0,0,0,0,0,0,-94,0,3,0,3226501337,0,14,0,0,93421.2,128,[14 -32 0 0 25 -19 22 -19 18 -19 12 -19 6 -18 1 -18 -4 -17 -9 -16 -13 -15 -16 -15 -20 -14 -22 -14 -23 -14 -22 -14 -21 -15 -19 -16 -16 -17 -12 -18 -8 -19 -4 -20 0 -21 3 -21 7 -21 10 -20 13 -19 0 0 0 0 0 0 0 0 0 0 0 0 0 0 0 0 0 0 0 0 0 0 10 -9 4 -11 2 -14 -5 -14 -5 -20 -11 -18 -12 -22 -15 -21 -15 -23 -18 -24 -19 -23 -17 -22 -16 -21 -15 -19 -12 -18 -8 -17 -4 -15 1 -13 6 -13 10 -13 15 -13 20 -14
2025-04-02 15:58:43,CSI_DATA,STA,D8:B1:90:DB:E8:90,-51,11,1,6,0,0,1,0,0,0,1,-94,0,3,0,3227613608,0,110,0,0,93422.3,256,[110 96 6 0 -26 24 -22 23 -18 22 -12 21 -6 20 -1 19 4 17 9 16 13 15 17 14 19 14 22 13 22 12 22 12 21 13 18 15 15 15 11 16 6 17 2 17 -3 19 -7 19 -11 18 -14 17 -17 16 0 0 0 0 0 0 0 0 0 0 0 0 0 0 0 0 0 0 0 0 0 0 -5 16 -1 15 3 14 7 14 11 14 15 14 19 14 21 14 24 14 25 14 25 14 24 13 22 13 20 13 16 12 12 11 7 12 2 12 -3 13 -8 15 -14 16 -19 18 -24 20 -26 20 -29 21 -31 22 ]
2025-04-02 15:58:43,CSI_DATA,STA,00:00:00:00:00:00,-51,11,0,0,0,0,0,0,0,0,0,-94,0,3,0,3227676834,0,14,0,0,93422.3,128,[14 -32 0 0 -14 31 -10 29 -7 26 -2 23 3 20 7 16 12 13 15 9 18 6 21 4 23 2 25 1 25 1 26 1 25 1 23 4 21 6 18 9 15 11 12 14 8 17 5 19 2 21 -1 22 -4 22 0 0 0 0 0 0 0 0 0 0 0 0 0 0 0 0 0 0 0 0 0 0 -2 15 1 14 5 13 9 12 13 11 17 10 20 9 23 8 25 8 27 8 27 7 26 7 24 7 22 8 18 8 14 9 10 10 6 12 2 15 -3 18 -7 21 -10 24 -14 27 -16 29 -18 30 -19 32 ]
2025-04-02 15:58:43,CSI_DATA,STA,D8:B1:90:DB:E8:90,-50,11,1,6,0,0,1,0,0,0,1,-94,0,3,0,3227845734,0,100,0,0,93422.5,256,[100 -64 5 0 21 -12 21 -12 21 -12 21 -12 20 -12 19 -12 18 -12 17 -13 17 -14 17 -14 15 -13 15 -15 15 -14 16 -14 16 -14 15 -14 16 -14 16 -13 15 -12 15 -12 14 -11 13 -10 13 -10 15 -9 15 -8 0 0 0 0 0 0 0 0 0 0 0 0 0 0 0 0 0 0 0 0 0 0 12 -11 13 -11 15 -8 16 -8 16 -7 17 -8 18 -7 19 -7 20 -6 20 -6 21 -7 21 -7 21 -7 21 -7 21 -7 21 -8 21 -8 22 -8 22 -9 21 -9 22 -9 22 -10 22 -11 22 -11 22 -11 23 -12 ]
2025-04-02 15:58:43,CSI_DATA,STA,D8:B1:90:DB:E8:90,-50,11,1,6,0,0,1,1,0,0,1,-94,0,3,0,3228114394,0,110,0,0,93422.8,256,[110 96 6 0 22 18 21 14 19 10 17 6 15 0 12 -5 9 -9 6 -14 3 -18 0 -21 -3 -24 -5 -26 -6 -27 -5 -28 -4 -28 -4 -27 -1 -26 2 -24 5 -22 8 -20 10 -17 12 -14 15 -12 17 -9 18 -6 0 0 0 0 0 0 0 0 0 0 0 0 0 0 0 0 0 0 0 0 0 0 7 10 8 6 9 2 12 -2 14 -7 16 -11 18 -14 19 -18 21 -21 20 -24 20 -25 20 -24 18 -24 17 -23 16 -19 16 -15 14 -12 14 -8 14 -3 14 2 15 7 16 12 18 15 19 18 21 20 21 21 ]
2025-04-02 15:58:47,CSI_DATA,STA,D8:B1:90:DB:E8:90,-48,11,1,5,0,0,1,0,0,0,0,-94,0,3,0,3232124251,0,110,0,0,93426.8,256,[110 96 6 0 -21 -19 -23 -18 -23 -17 -25 -17 -26 -15 -27 -14 -28 -13 -28 -11 -28 -10 -28 -9 -27 -8 -26 -7 -25 -7 -23 -7 -21 -8 -19 -7 -16 -8 -13 -8 -10 -8 -7 -8 -3 -8 -1 -7 2 -7 3 -7 6 -7 0 0 0 0 0 0 0 0 0 0 0 0 0 0 0 0 0 0 0 0 0 0 -6 18 -5 18 -3 18 -2 19 0 20 2 22 3 23 4 24 4 25 3 25 2 25 1 23 0 21 -1 19 -2 16 -3 13 -5 9 -5 5 -7 1 -8 -2 -10 -6 -11 -9 -12 -11 -14 -14 -15 -16 -16 -17 ]
2025-04-02 15:58:50,CSI_DATA,STA,D8:B1:90:DB:E8:90,-50,11,1,6,0,0,1,0,0,0,1,-94,0,3,0,3234642708,0,110,0,0,93429.3,256,[110 96 6 0 10 42 11 40 11 38 13 36 13 34 14 31 15 29 16 26 16 23 17 20 16 18 15 16 13 15 12 14 10 12 7 10 4 9 0 7 -3 5 -6 3 -10 0 -14 -1 -16 -4 -17 -6 -19 -9 0 0 0 0 0 0 0 0 0 0 0 0 0 0 0 0 0 0 0 0 0 0 8 -25 7 -23 6 -22 4 -22 2 -23 0 -23 -2 -23 -2 -24 -2 -24 -2 -24 -2 -23 -1 -21 1 -18 2 -15 3 -11 5 -7 5 -2 7 4 8 9 9 15 10 20 11 25 11 29 12 33 11 36 10 39 ]
2025-04-02 15:58:52,CSI_DATA,STA,00:00:00:00:00:00,-49,11,0,0,0,0,0,0,0,0,0,-94,0,3,0,3236509449,0,14,0,0,93431.2,128,[14 -32 0 0 -39 11 -39 12 -38 11 -37 11 -34 12 -33 11 -30 12 -29 12 -26 11 -23 12 -21 12 -19 11 -17 10 -14 9 -13 7 -11 6 -9 3 -7 1 -5 -2 -2 -4 0 -6 2 -8 5 -10 8 -12 10 -13 0 0 0 0 0 0 0 0 0 0 0 0 0 0 0 0 0 0 0 0 0 0 25 -3 24 -3 22 -3 21 -4 20 -5 20 -7 19 -8 19 -9 19 -9 18 -9 17 -8 16 -7 14 -6 12 -5 9 -3 4 0 1 1 -4 3 -7 4 -12 6 -16 8 -21 8 -24 11 -28 10 -32 12 -35 12 ]
2025-04-02 15:58:52,CSI_DATA,STA,D8:B1:90:DB:E8:90,-53,11,1,6,0,0,1,0,0,0,1,-94,0,3,0,3236510506,0,100,0,0,93431.2,256,[100 -64 5 0 -9 24 -9 24 -9 23 7 14 7 13 7 13 7 13 21 9 22 9 22 8 21 8 -13 0 -13 0 -12 1 -12 1 15 4 15 4 14 5 14 4 4 21 4 20 3 20 2 20 -1 7 -1 7 0 0 0 0 0 0 0 0 0 0 0 0 0 0 0 0 0 0 0 0 0 0 -5 -23 -4 -24 -3 -20 -3 -21 -2 -21 -2 -22 -8 -14 -8 -15 -8 -15 -8 -16 -9 -24 -9 -24 -8 -25 -9 -24 -3 -27 -3 -28 -4 -28 -4 -28 2 -27 0 -27 0 -27 0 -27 7 20 8 20 8 20 -3 -29 ]
2025-04-02 15:58:56,CSI_DATA,STA,D8:B1:90:DB:E8:90,-49,11,1,7,0,0,1,0,0,0,1,-94,0,3,0,3240659563,0,110,0,0,93435.3,256,[110 96 6 0 -4 -40 -4 -39 -4 -38 -5 -36 -7 -35 -7 -33 -8 -31 -9 -29 -10 -27 -10 -24 -10 -22 -10 -20 -9 -18 -8 -16 -6 -14 -4 -12 -2 -10 0 -8 2 -5 5 -3 7 0 10 3 11 5 12 8 13 11 0 0 0 0 0 0 0 0 0 0 0 0 0 0 0 0 0 0 0 0 0 0 -11 21 -10 20 -9 20 -7 19 -5 20 -4 20 -3 20 -2 21 -2 21 -3 21 -2 19 -3 17 -4 14 -4 12 -4 7 -5 4 -5 -1 -5 -6 -5 -10 -6 -15 -5 -19 -5 -24 -5 -28 -5 -31 -4 -35 -2 -37 ]
2025-04-02 15:58:59,CSI_DATA,STA,D8:B1:90:DB:E8:90,-49,11,1,6,0,0,1,0,0,0,1,-94,0,3,0,3243167687,0,110,0,0,93437.8,256,[110 96 6 0 5 39 7 38 7 37 9 35 10 33 11 31 12 29 12 27 13 24 13 22 12 20 12 18 10 16 9 15 7 13 4 11 2 9 -1 8 -3 6 -6 4 -9 2 -12 0 -14 -2 -16 -4 -17 -6 0 0 0 0 0 0 0 0 0 0 0 0 0 0 0 0 0 0 0 0 0 0 15 -19 14 -18 13 -18 11 -18 10 -20 9 -20 8 -21 7 -21 7 -21 7 -20 7 -19 6 -17 7 -14 7 -11 6 -7 5 -3 5 1 5 6 5 10 5 15 5 19 5 24 4 28 5 31 4 34 3 35 ]
2025-04-02 15:58:59,CSI_DATA,STA,D8:B1:90:DB:E8:90,-50,11,1,6,0,0,1,0,0,0,1,-92,0,3,0,3243667740,0,110,0,0,93438.3,256,[110 96 6 0 -11 -25 -11 -24 -10 -23 -11 -23 -11 -22 -12 -22 -12 -21 -12 -21 -12 -20 -12 -20 -13 -20 -13 -20 -13 -19 -12 -19 -12 -19 -12 -19 -12 -19 -11 -18 -10 -18 -10 -18 -10 -19 -9 -19 -9 -19 -8 -18 -7 -18 0 0 0 0 0 0 0 0 0 0 0 0 0 0 0 0 0 0 0 0 0 0 -10 -17 -9 -18 -9 -18 -8 -19 -8 -20 -7 -20 -7 -21 -7 -22 -6 -23 -6 -23 -6 -23 -5 -23 -6 -24 -6 -24 -6 -24 -6 -24 -7 -23 -7 -24 -8 -23 -8 -23 -
2025-04-02 15:58:59,CSI_DATA,STA,D8:B1:90:DB:E8:90,-50,11,1,6,0,0,1,1,0,0,1,-94,0,3,0,3244169862,0,110,0,0,93438.8,256,[110 96 6 0 13 35 13 34 14 31 15 30 16 28 17 26 17 24 18 21 18 19 17 17 16 15 15 14 14 12 12 11 10 10 7 9 4 8 1 7 -2 5 -5 4 -9 2 -12 0 -14 -1 -16 -2 -17 -4 0 0 0 0 0 0 0 0 0 0 0 0 0 0 0 0 0 0 0 0 0 0 7 -21 6 -20 5 -20 3 -20 2 -20 0 -21 -1 -21 -2 -21 -2 -21 -2 -21 -1 -20 0 -18 1 -16 2 -12 3 -9 4 -5 5 -1 6 3 7 8 9 13 10 17 11 21 11 25 12 29 12 31 11 33 ]
2025-04-02 15:59:01,CSI_DATA,STA,D8:B1:90:DB:E8:90,-50,11,1,7,0,0,1,0,0,0,1,-94,0,3,0,3245675559,0,110,0,0,93440.3,256,[110 96 6 0 27 -25 25 -25 24 -25 21 -26 18 -26 16 -27 14 -27 12 -26 10 -26 9 -24 7 -24 7 -22 6 -20 6 -17 6 -14 7 -10 7 -7 6 -3 7 0 6 4 6 7 6 10 5 13 4 16 3 17 0 0 0 0 0 0 0 0 0 0 0 0 0 0 0 0 0 0 0 0 0 0 -23 -3 -22 -2 -21 -1 -21 0 -21 2 -22 4 -22 5 -22 6 -22 5 -22 5 -20 4 -19 2 -17 1 -14 -1 -11 -3 -6 -5 -3 -7 2 -10 5 -12 9 -13 13 -16 17 -18 20 -20 22 -20 25 -21 28 -23 ]
2025-04-02 15:59:02,CSI_DATA,STA,D8:B1:90:DB:E8:90,-50,11,1,6,0,0,1,1,0,0,1,-94,0,3,0,3246176358,0,110,0,0,93440.8,256,[110 96 6 0 35 1 35 -1 34 -2 33 -3 31 -5 30 -7 28 -8 26 -10 25 -11 23 -11 21 -12 19 -11 17 -10 16 -8 14 -5 12 -3 10 0 7 3 5 5 3 8 1 10 -2 11 -4 13 -5 15 -7 16 0 0 0 0 0 0 0 0 0 0 0 0 0 0 0 0 0 0 0 0 0 0 -12 -19 -12 -18 -12 -17 -13 -16 -15 -15 -16 -14 -17 -13 -18 -13 -18 -13 -17 -13 -16 -13 -13 -13 -11 -12 -8 -11 -5 -10 -1 -9 3 -7 8 -6 12 -4 16 -3 20 -2 24 -1 27 0 30 2 32 2 35 2 ]
2025-04-02 15:59:02,CSI_DATA,STA,D8:B1:90:DB:E8:90,-50,11,1,7,0,0,1,0,0,0,1,-94,0,3,0,3246675686,0,110,0,0,93441.3,256,[110 96 6 0 32 -25 30 -26 29 -27 26 -27 23 -27 21 -28 18 -28 16 -28 14 -27 12 -26 11 -25 10 -23 9 -21 8 -18 8 -15 8 -11 8 -7 8 -4 8 0 8 4 7 7 7 10 6 13 5 16 5 18 0 0 0 0 0 0 0 0 0 0 0 0 0 0 0 0 0 0 0 0 0 0 -24 -8 -23 -7 -23 -6 -23 -4 -23 -2 -23 -1 -24 1 -24 1 -24 2 -23 1 -22 0 -20 -1 -18 -2 -15 -4 -11 -5 -6 -7 -2 -9 3 -11 7 -12 11 -14 15 -16 20 -18 24 -20 26 -20 29 -21 32 -23 ]
2025-04-02 15:59:05,CSI_DATA,STA,D8:B1:90:DB:E8:90,-50,11,1,7,0,0,1,0,0,0,1,-94,0,3,0,3249184517,0,110,0,0,93443.8,256,[110 96 6 0 -30 26 -27 26 -27 26 -24 27 -21 27 -20 27 -17 27 -15 27 -14 26 -12 25 -11 24 -10 22 -9 20 -8 17 -7 13 -8 10 -7 6 -7 3 -6 -2 -5 -5 -5 -9 -4 -12 -3 -15 -1 -17 0 -19 0 0 0 0 0 0 0 0 0 0 0 0 0 0 0 0 0 0 0 0 0 0 23 -4 22 -4 21 -6 20 -7 20 -9 20 -11 20 -12 20 -13 20 -13 20 -12 19 -10 18 -8 16 -6 13 -4 10 -1 6 2 2 5 -2 8 -5 10 -9 13 -14 16 -17 18 -22 21 -24 21 -27 22 -29 23 ]
2025-04-02 15:59:05,CSI_DATA,STA,D8:B1:90:DB:E8:90,-51,11,1,6,0,0,1,0,0,0,1,-94,0,3,0,3249683784,0,110,0,0,93444.3,256,[110 96 6 0 32 9 32 6 31 2 31 -1 30 -4 29 -7 27 -10 26 -13 25 -14 24 -15 22 -16 21 -15 19 -14 19 -11 18 -8 16 -6 14 -2 13 2 11 6 9 9 7 12 4 15 3 16 2 18 0 19 0 0 0 0 0 0 0 0 0 0 0 0 0 0 0 0 0 0 0 0 0 0 6 -18 4 -17 1 -18 -1 -19 -4 -20 -6 -22 -7 -23 -8 -24 -8 -24 -7 -25 -6 -24 -4 -22 -2 -20 0 -17 3 -14 6 -11 9 -7 12 -4 15 0 18 4 22 7 24 9 27 11 29 13 31 13 32 13 ]
2025-04-02 15:59:09,CSI_DATA,STA,D8:B1:90:DB:E8:90,-50,11,1,6,0,0,1,0,0,0,1,-94,0,3,0,3253196112,0,110,0,0,93447.9,256,[110 96 6 0 -28 -2 -28 -2 -27 -2 -28 -2 -26 -2 -26 -1 -25 -1 -24 0 -23 0 -23 1 -23 0 -23 1 -22 1 -22 1 -22 1 -21 0 -21 0 -20 0 -19 -1 -19 -1 -18 -2 -17 -3 -17 -3 -16 -3 -16 -4 0 0 0 0 0 0 0 0 0 0 0 0 0 0 0 0 0 0 0 0 0 0 -24 -1 -24 -3 -24 -3 -24 -4 -24 -4 -25 -5 -25 -5 -25 -5 -26 -6 -25 -7 -27 -6 -27 -6 -27 -7 -26 -7 -27 -6 -26 -5 -26 -5 -26 -5 -26 -5 -27 -5 -27 -4 -27 -4 -28 -3 -28 -3 -28 -3
2025-04-02 15:59:12,CSI_DATA,STA,D8:B1:90:DB:E8:90,-51,11,1,7,0,0,1,0,0,0,1,-94,0,3,0,3256700638,0,110,0,0,93451.4,256,[110 96 6 0 1 25 1 25 1 24 0 23 1 23 1 23 2 22 2 22 2 21 2 21 3 21 1 16 1 16 0 16 0 15 3 19 2 18 1 18 1 17 0 17 1 16 1 16 0 15 -1 15 -1 14 0 0 0 0 0 0 0 0 0 0 0 0 0 0 0 0 0 0 0 0 0 0 2 21 0 21 0 21 0 22 0 22 -1 22 -2 23 -3 24 -3 24 -3 25 -3 24 -4 24 -3 24 -3 24 -3 24 -3 24 -3 24 -3 25 -2 25 -1 25 -1 25 0 26 -1 25 0 25 1 26 0 26 ]
2025-04-02 15:59:13,CSI_DATA,STA,D8:B1:90:DB:E8:90,-51,11,1,5,0,0,1,1,1,0,0,-94,0,3,0,3257205178,0,110,0,0,93451.9,384,[110 96 6 0 -28 13 -26 13 -25 12 -21 12 -17 14 -14 14 -9 15 -4 15 0 15 5 16 8 17 12 18 15 19 17 19 18 20 18 22 17 21 16 21 13 21 10 20 6 19 3 17 0 15 -4 13 -6 9 0 0 0 0 0 0 0 0 0 0 0 0 0 0 0 0 0 0 0 0 0 0 -8 17 -3 15 -3 11 3 7 7 9 14 5 18 1 22 1 25 2 29 2 32 2 34 3 34 3 32 4 29 4 26 5 22 6 17 6 12 7 8 8 1 8 -4 9 -10 11 -14 11 -19 11 -24 12 ]
2025-04-02 15:59:17,CSI_DATA,STA,D8:B1:90:DB:E8:90,-49,11,1,5,0,0,1,0,0,0,1,-94,0,3,0,3261709222,0,110,0,0,93456.4,256,[110 96 6 0 39 -19 37 -19 35 -19 30 -18 25 -18 20 -18 14 -17 9 -16 4 -15 -2 -14 -6 -14 -10 -13 -13 -12 -16 -12 -17 -12 -17 -13 -16 -12 -14 -13 -11 -13 -8 -13 -4 -13 -1 -13 3 -12 8 -11 11 -10 0 0 0 0 0 0 0 0 0 0 0 0 0 0 0 0 0 0 0 0 0 0 22 -19 19 -15 14 -13 9 -10 3 -9 -2 -7 -9 -7 -14 -7 -19 -7 -23 -8 -24 -9 -26 -10 -25 -10 -24 -10 -21 -10 -17 -10 -12 -11 -6 -11 -1 -11 5 -12 12 -13 18 -14 24 -1
2025-04-02 15:59:19,CSI_DATA,STA,D8:B1:90:DB:E8:90,-52,11,1,7,0,0,1,0,0,0,1,-94,0,3,0,3263217929,0,110,0,0,93457.9,256,[110 96 6 0 9 23 9 23 9 21 10 21 10 21 10 20 10 19 10 20 10 18 10 18 11 18 11 18 11 18 10 17 11 17 10 18 9 17 9 16 8 16 7 15 7 16 6 15 6 15 5 15 5 15 0 0 0 0 0 0 0 0 0 0 0 0 0 0 0 0 0 0 0 0 0 0 11 15 10 17 9 17 9 18 9 18 9 19 8 20 8 21 8 21 8 22 7 22 7 23 7 23 7 23 7 23 7 22 8 23 8 22 9 23 9 23 9 23 10 23 9 23 10 23 10 23 9 23 ]
2025-04-02 15:59:23,CSI_DATA,STA,D8:B1:90:DB:E8:90,-52,11,1,7,0,0,1,0,0,0,1,-94,0,3,0,3267730357,0,110,0,0,93462.4,256,[110 96 6 0 -22 -19 -21 -18 -20 -18 -21 -18 -20 -17 -21 -16 -20 -16 -20 -15 -20 -14 -20 -15 -25 -16 -25 -13 -20 -12 -19 -12 -18 -13 -17 -15 -17 -14 -16 -14 -15 -14 -14 -14 -13 -15 -13 -15 -12 -15 -12 -15 -11 -15 0 0 0 0 0 0 0 0 0 0 0 0 0 0 0 0 0 0 0 0 0 0 -20 -16 -19 -18 -19 -18 -18 -19 -18 -20 -18 -20 -18 -21 -18 -22 -18 -23 -18 -24 -18 -22 -18 -22 -19 -23 -18 -22 -19 -23 -19 -22 -19 -21 -1
2025-04-02 15:59:24,CSI_DATA,STA,D8:B1:90:DB:E8:90,-53,11,1,7,0,0,1,0,0,0,1,-94,0,3,0,3268227856,0,110,0,0,93462.9,256,[110 96 6 0 18 18 17 18 18 17 18 17 18 16 18 16 18 15 17 14 17 13 17 13 17 13 17 13 17 13 17 12 16 12 15 13 15 12 13 12 13 12 13 12 12 13 11 13 10 13 10 12 9 13 0 0 0 0 0 0 0 0 0 0 0 0 0 0 0 0 0 0 0 0 0 0 18 17 17 18 17 17 17 19 17 19 17 19 16 21 16 21 16 22 16 23 15 22 15 23 15 23 15 23 15 21 15 21 16 20 16 20 18 20 18 21 18 21 19 20 19 19 19 20 19 19 18 19 ]
2025-04-02 15:59:29,CSI_DATA,STA,D8:B1:90:DB:E8:90,-53,11,1,7,0,0,1,0,0,0,0,-94,0,3,0,3273735601,0,110,0,0,93468.4,256,[110 96 6 0 -20 -3 -17 1 -12 5 -8 8 -3 12 2 16 7 19 11 22 15 23 18 25 22 26 23 28 24 28 23 27 23 27 21 26 18 25 14 23 10 20 6 18 3 15 -1 12 -4 9 -7 6 -9 2 0 0 0 0 0 0 0 0 0 0 0 0 0 0 0 0 0 0 0 0 0 0 -16 -2 -10 1 -5 5 -1 10 4 15 8 20 11 24 14 28 15 32 16 34 14 34 13 34 12 32 10 29 7 25 3 20 0 15 -4 10 -8 6 -11 2 -16 -2 -18 -5 -22 -7 -23 -8 -25 -9 -25 -8 ]
2025-04-02 15:59:35,CSI_DATA,STA,D8:B1:90:DB:E8:90,-53,11,1,6,0,0,1,0,0,0,1,-94,0,3,0,3279748957,0,110,0,0,93474.4,256,[110 96 6 0 26 9 23 5 20 1 17 -4 13 -9 10 -15 6 -20 3 -25 0 -28 -2 -31 -6 -34 -7 -36 -7 -37 -6 -36 -5 -36 -3 -34 0 -30 2 -26 4 -22 6 -16 7 -12 8 -6 9 -1 9 3 7 8 0 0 0 0 0 0 0 0 0 0 0 0 0 0 0 0 0 0 0 0 0 0 18 -7 11 -6 5 -7 -2 -10 -8 -12 -14 -16 -19 -19 -23 -23 -25 -26 -27 -28 -26 -30 -24 -30 -23 -29 -19 -27 -15 -24 -9 -19 -5 -15 0 -10 5 -5 10 0 15 4 19 7 23 10 26 13 28 14 30 14 ]
2025-04-02 15:59:36,CSI_DATA,STA,D8:B1:90:DB:E8:90,-53,11,1,6,0,0,1,0,0,0,1,-94,0,3,0,3280748618,0,110,0,0,93475.4,256,[110 96 6 0 15 -22 13 -22 9 -21 4 -21 -1 -21 -6 -20 -11 -20 -15 -20 -19 -20 -22 -20 -24 -21 -25 -21 -26 -21 -25 -21 -24 -22 -19 -21 -17 -21 -13 -19 -8 -17 -4 -14 1 -12 4 -8 7 -4 8 -1 9 3 0 0 0 0 0 0 0 0 0 0 0 0 0 0 0 0 0 0 0 0 0 0 -12 -17 -11 -12 -10 -7 -12 -1 -14 4 -17 9 -20 14 -23 17 -26 18 -29 18 -30 18 -30 16 -29 13 -26 10 -23 7 -19 4 -14 0 -8 -3 -4 -7 1 -10 6 -13 10 -15 14 -18 17 -19 19
2025-04-02 15:59:37,CSI_DATA,STA,D8:B1:90:DB:E8:90,-53,11,1,5,0,0,1,1,1,0,0,-94,0,3,0,3281257124,0,110,0,0,93475.9,384,[110 96 6 0 -27 18 -23 19 -19 19 -14 20 -9 22 -5 24 -1 25 3 28 8 28 10 30 11 32 12 32 12 33 11 32 9 32 5 29 3 26 0 22 -3 17 -6 11 -7 6 -8 1 -8 -4 -6 -8 -4 -11 0 0 0 0 0 0 0 0 0 0 0 0 0 0 0 0 0 0 0 0 0 0 17 15 14 11 13 5 13 -1 15 -7 17 -12 21 -16 24 -20 27 -22 30 -23 31 -22 31 -19 31 -16 28 -13 25 -10 19 -6 13 -2 7 1 2 5 -5 7 -11 10 -16 12 -21 14 -24 15 -27 17 -30 17 ]
2025-04-02 15:59:39,CSI_DATA,STA,D8:B1:90:DB:E8:90,-51,11,1,7,0,0,1,0,0,0,1,-93,0,3,0,3283760620,0,110,0,0,93478.4,256,[110 96 6 0 -31 -6 -29 -5 -26 -2 -23 0 -18 1 -12 3 -6 4 -1 4 5 3 10 2 16 0 20 -3 23 -4 26 -7 27 -8 28 -9 27 -9 26 -10 25 -9 23 -7 20 -6 18 -3 15 0 12 2 10 5 0 0 0 0 0 0 0 0 0 0 0 0 0 0 0 0 0 0 0 0 0 0 13 -11 10 -8 6 -5 2 -2 -2 3 -6 6 -9 10 -13 14 -16 17 -18 21 -19 23 -20 25 -19 26 -18 26 -17 25 -16 23 -15 20 -15 17 -15 12 -16 8 -17 4 -19 0 -22 -3 -25 -6 -27 -8 -29 -8 ]
2025-04-02 15:59:40,CSI_DATA,STA,D8:B1:90:DB:E8:90,-53,11,1,7,0,0,1,1,0,0,1,-93,0,3,0,3284261415,0,110,0,0,93478.9,256,[110 96 6 0 -19 -17 -19 -16 -18 -16 -18 -16 -18 -15 -17 -15 -17 -14 -17 -13 -17 -13 -17 -12 -17 -13 -17 -12 -17 -11 -17 -11 -16 -11 -16 -11 -15 -11 -14 -11 -14 -11 -13 -11 -12 -12 -11 -12 -10 -12 -9 -12 -8 -12 0 0 0 0 0 0 0 0 0 0 0 0 0 0 0 0 0 0 0 0 0 0 -15 -12 -14 -13 -15 -14 -15 -15 -15 -16 -15 -16 -15 -17 -15 -17 -16 -18 -15 -19 -15 -19 -15 -19 -15 -20 -16 -20 -16 -19 -17 -19 -17 -18 -17
2025-04-02 15:59:41,CSI_DATA,STA,D8:B1:90:DB:E8:90,-56,11,1,6,0,0,1,0,0,0,1,-94,0,3,0,3285765797,0,110,0,0,93480.4,256,[110 96 6 0 -24 13 -20 12 -16 12 -11 12 -6 11 -1 10 3 9 7 8 10 7 14 6 18 5 20 5 21 4 23 3 24 4 24 6 23 6 22 7 20 9 16 10 14 10 9 11 6 10 1 10 -2 9 0 0 0 0 0 0 0 0 0 0 0 0 0 0 0 0 0 0 0 0 0 0 -25 -2 -20 2 -16 7 -11 12 -7 18 -3 23 -1 27 2 30 5 33 4 35 5 35 4 34 3 33 1 30 -1 28 -4 24 -7 21 -12 19 -14 17 -19 15 -22 14 -25 14 -28 13 -29 12 -30 12 -31 12 ]
2025-04-02 15:59:42,CSI_DATA,STA,D8:B1:90:DB:E8:90,-57,11,1,7,0,0,1,0,0,0,0,-94,0,3,0,3286269261,0,110,0,0,93480.9,256,[110 96 6 0 -25 -5 -24 -4 -24 -4 -23 -4 -23 -4 -23 -3 -22 -3 -22 -2 -22 -1 -21 -1 -21 -2 -21 -2 -20 -2 -20 -1 -20 -1 -19 -2 -19 -2 -18 -2 -18 -3 -17 -3 -16 -4 -15 -5 -15 -5 -14 -5 -13 -6 0 0 0 0 0 0 0 0 0 0 0 0 0 0 0 0 0 0 0 0 0 0 -23 -5 -22 -7 -23 -8 -23 -8 -23 -9 -23 -9 -24 -9 -24 -10 -24 -10 -24 -11 -24 -11 -24 -11 -24 -11 -24 -11 -23 -10 -24 -10 -24 -9 -24 -9 -24 -9 -25 -8 -25 -8 -25 -7
2025-04-02 15:59:42,CSI_DATA,STA,00:00:00:00:00:00,-52,11,0,0,0,0,0,0,0,0,0,-94,0,3,0,3286501446,0,14,0,0,93481.2,128,[14 -32 0 0 -36 -2 -34 0 -28 3 -24 5 -17 8 -11 10 -4 11 2 12 7 12 12 13 17 13 19 12 21 12 22 10 23 10 21 10 19 9 15 9 12 8 8 8 4 8 0 7 -4 8 -7 7 -10 7 0 0 0 0 0 0 0 0 0 0 0 0 0 0 0 0 0 0 0 0 0 0 -16 -12 -12 -8 -8 -4 -5 1 -1 6 2 12 5 17 8 22 9 26 10 29 10 31 9 31 8 31 7 29 5 26 1 21 -3 18 -6 13 -11 10 -16 6 -21 3 -26 0 -30 -2 -34 -5 -37 -6 -40 -6 ]
2025-04-02 15:59:44,CSI_DATA,STA,D8:B1:90:DB:E8:90,-51,11,1,6,0,0,1,0,0,0,1,-94,0,3,0,3288270580,0,110,0,0,93482.9,256,[110 96 6 0 -24 2 -24 3 -23 3 -22 3 -22 4 -21 4 -20 4 -21 5 -20 5 -19 5 -19 5 -19 5 -19 5 -18 5 -18 5 -17 5 -17 5 -18 4 -17 4 -17 3 -16 2 -15 1 -15 1 -15 0 -14 -1 0 0 0 0 0 0 0 0 0 0 0 0 0 0 0 0 0 0 0 0 0 0 -19 3 -19 3 -20 2 -21 1 -21 1 -22 1 -22 1 -23 1 -23 0 -23 0 -23 0 -23 0 -23 -1 -23 -1 -24 0 -24 0 -24 1 -23 1 -24 1 -23 2 -24 2 -24 2 -24 3 -24 2 -24 3 -24 3 ]
2025-04-02 15:59:44,CSI_DATA,STA,D8:B1:90:DB:E8:90,-52,11,1,7,0,0,1,0,0,0,1,-94,0,3,0,3288771268,0,110,0,0,93483.4,256,[110 96 6 0 -29 12 -26 13 -21 13 -16 12 -10 11 -5 10 1 8 5 6 9 3 13 0 17 -3 19 -5 21 -7 23 -9 23 -10 24 -9 23 -9 22 -7 21 -5 20 -3 19 -1 17 1 15 4 14 6 12 8 0 0 0 0 0 0 0 0 0 0 0 0 0 0 0 0 0 0 0 0 0 0 -11 -16 -10 -12 -8 -7 -7 -2 -6 3 -5 8 -3 14 -2 18 -1 22 0 25 1 27 1 28 1 28 1 27 0 25 -2 22 -4 20 -8 17 -11 15 -15 13 -19 11 -23 10 -27 10 -29 10 -32 10 -34 10 ]
2025-04-02 15:59:47,CSI_DATA,STA,D8:B1:90:DB:E8:90,-53,11,1,3,0,0,1,0,0,0,0,-94,0,3,0,3291788819,0,110,0,0,93486.5,256,[110 96 6 0 -9 48 -7 45 -6 42 -3 37 -1 32 1 26 3 19 4 12 5 5 6 -1 6 -6 6 -12 6 -16 6 -21 6 -23 6 -24 6 -25 6 -24 6 -22 6 -20 5 -16 5 -13 4 -9 3 -6 2 -2 0 0 0 0 0 0 0 0 0 0 0 0 0 0 0 0 0 0 0 0 0 0 -34 16 -16 15 -17 10 -6 7 -1 1 5 4 12 1 22 2 26 -1 29 -3 33 -2 35 -3 34 -3 33 -2 30 -1 28 1 23 4 19 7 14 11 9 16 5 22 1 27 -3 33 -5 37 -8 41 -11 45 ]
2025-04-02 15:59:48,CSI_DATA,STA,D8:B1:90:DB:E8:90,-51,11,1,7,0,0,1,0,0,0,1,-94,0,3,0,3292279230,0,110,0,0,93486.9,256,[110 96 6 0 -33 -24 -33 -21 -29 -15 -27 -11 -23 -6 -19 -1 -13 3 -9 8 -3 10 2 13 7 14 11 15 14 16 15 15 17 16 17 14 16 15 13 13 12 13 9 12 5 10 2 10 -1 10 -4 10 -7 9 0 0 0 0 0 0 0 0 0 0 0 0 0 0 0 0 0 0 0 0 0 0 9 -19 8 -15 5 -10 1 -6 -2 -1 -6 4 -9 9 -12 13 -15 16 -17 19 -19 20 -20 21 -20 20 -20 18 -20 16 -19 12 -19 8 -18 3 -19 -3 -20 -8 -22 -13 -24 -19 -26 -21 -28 -25 -30 -27 -32 -29 ]
2025-04-02 15:59:52,CSI_DATA,STA,D8:B1:90:DB:E8:90,-52,11,1,3,0,0,1,0,0,0,0,-94,0,3,0,3296288250,0,110,0,0,93491,256,[110 96 6 0 -20 -36 -21 -32 -21 -27 -23 -23 -24 -18 -26 -15 -27 -11 -29 -8 -30 -5 -31 -3 -32 0 -31 0 -30 1 -28 -1 -25 -1 -22 -1 -18 -2 -13 -3 -9 -2 -4 -1 0 0 4 2 7 3 9 5 11 7 0 0 0 0 0 0 0 0 0 0 0 0 0 0 0 0 0 0 0 0 0 0 4 24 -4 22 0 10 2 13 16 11 17 7 25 8 27 11 29 16 30 17 28 20 25 21 21 20 15 18 11 15 4 11 -2 6 -6 0 -11 -7 -14 -13 -18 -20 -19 -26 -21 -30 -22 -34 -22 -37 -20 -38 ]
2025-04-02 15:59:52,CSI_DATA,STA,D8:B1:90:DB:E8:90,-53,11,1,6,0,0,1,0,0,0,1,-94,0,3,0,3296785026,0,110,0,0,93491.4,256,[110 96 6 0 -39 -2 -36 0 -34 3 -31 5 -28 8 -26 12 -23 14 -22 18 -20 20 -19 21 -18 23 -17 23 -16 22 -14 20 -13 18 -13 16 -10 12 -8 9 -6 6 -3 3 -1 0 2 -2 5 -4 8 -6 10 -6 0 0 0 0 0 0 0 0 0 0 0 0 0 0 0 0 0 0 0 0 0 0 17 15 13 11 12 6 11 0 13 -5 16 -9 19 -13 23 -15 26 -16 29 -15 30 -12 30 -8 28 -5 24 -2 19 1 11 3 5 5 -2 6 -9 6 -16 6 -23 5 -28 4 -34 3 -37 0 -39 -2 -41 -2 ]
2025-04-02 15:59:56,CSI_DATA,STA,D8:B1:90:DB:E8:90,-51,11,1,5,0,0,1,0,0,0,1,-94,0,3,0,3300793700,0,110,0,0,93495.5,256,[110 96 6 0 -26 -10 -24 -9 -25 -9 -24 -8 -23 -8 -23 -7 -22 -7 -22 -6 -22 -6 -21 -5 -21 -6 -21 -6 -20 -6 -21 -5 -20 -5 -20 -6 -19 -5 -18 -5 -18 -6 -17 -6 -17 -7 -16 -8 -15 -7 -15 -7 -14 -8 0 0 0 0 0 0 0 0 0 0 0 0 0 0 0 0 0 0 0 0 0 0 -22 -8 -25 -10 -26 -7 -21 -11 -21 -7 -25 -7 -23 -10 -24 -10 -25 -11 -26 -12 -24 -12 -24 -12 -24 -13 -24 -13 -23 -13 -25 -12 -24 -12 -24 -12 -25 -10 -25 -10 -25 -1
2025-04-02 15:59:57,CSI_DATA,STA,D8:B1:90:DB:E8:90,-51,11,1,6,0,0,1,0,0,0,1,-94,0,3,0,3301292693,0,110,0,0,93496,256,[110 96 6 0 -22 -9 -22 -9 -21 -8 -21 -8 -21 -8 -21 -7 -20 -6 -20 -6 -19 -5 -19 -4 -19 -4 -19 -4 -19 -4 -19 -4 -19 -4 -18 -4 -18 -4 -17 -4 -16 -4 -16 -4 -16 -5 -15 -5 -15 -4 -14 -5 -13 -6 0 0 0 0 0 0 0 0 0 0 0 0 0 0 0 0 0 0 0 0 0 0 -20 -8 -20 -9 -19 -9 -20 -10 -19 -11 -20 -12 -19 -12 -20 -13 -19 -13 -20 -14 -20 -13 -20 -14 -20 -14 -20 -14 -20 -14 -20 -13 -20 -13 -20 -13 -21 -12 -21 -12 -21 -12
2025-04-02 15:59:57,CSI_DATA,STA,D8:B1:90:DB:E8:90,-51,11,1,6,0,0,1,0,0,0,1,-94,0,3,0,3301793371,0,110,0,0,93496.5,256,[110 96 6 0 18 -14 18 -14 18 -14 17 -13 16 -13 16 -13 15 -13 15 -14 14 -14 14 -14 13 -14 13 -13 12 -13 13 -14 12 -13 12 -13 12 -13 12 -12 12 -12 12 -11 12 -10 11 -9 11 -9 11 -9 12 -8 0 0 0 0 0 0 0 0 0 0 0 0 0 0 0 0 0 0 0 0 0 0 16 -14 16 -13 16 -12 17 -12 18 -12 19 -11 20 -11 20 -11 21 -11 21 -11 22 -11 22 -10 22 -10 21 -10 20 -11 21 -11 20 -11 20 -12 20 -12 19 -12 19 -12 19 -13 19 -13 19 -13
