2025-05-21 14:58:40,CSI_DATA,STA,D8:B1:90:DB:E8:90,-52,11,1,7,0,0,1,0,0,0,1,-95,0,2,0,3847032090,0,110,0,0,85451.8,256,[110 96 6 0 -33 -11 -32 -8 -32 -6 -11 -14 -12 -13 -12 -13 -13 -11 10 -17 7 -19 5 -19 3 -19 13 -10 11 -11 11 -11 9 -11 18 3 17 2 17 2 18 2 -7 -9 -7 -9 -7 -9 -7 -10 -8 -10 -8 -11 0 0 0 0 0 0 0 0 0 0 0 0 0 0 0 0 0 0 0 0 0 0 -21 -20 -20 -20 -18 15 -17 15 -16 16 -15 16 -4 32 -2 32 -1 33 1 33 -7 11 -6 10 -6 10 -6 10 -42 -12 -44 -9 -44 -5 -45 -2 -28 -7 -28 -5 -28 -2 -29 0 -33 -14 -34 -11 -34 -9 -35
2025-05-21 14:58:40,CSI_DATA,STA,D8:B1:90:DB:E8:90,-42,11,1,7,0,0,1,1,1,0,1,-95,0,2,0,3847525442,0,110,0,0,85452.3,384,[110 96 6 0 -13 31 -11 30 -9 28 -7 24 -4 20 -2 14 0 8 0 2 0 -5 -1 -12 -3 -18 -6 -23 -8 -27 -11 -31 -15 -32 -17 -33 -19 -32 -20 -30 -21 -27 -21 -24 -20 -20 -18 -16 -15 -12 -11 -9 -7 -6 0 0 0 0 0 0 0 0 0 0 0 0 0 0 0 0 0 0 0 0 0 0 -20 -14 -17 -14 -14 -14 -10 -11 -6 -10 0 -7 5 -4 10 -2 16 1 21 3 26 6 29 7 32 8 34 8 33 8 32 8 30 8 27 8 23 8 18 9 13 11 8 13 2 16 -2 20 -7 23 -10 26 ]
2025-05-21 14:58:41,CSI_DATA,STA,D8:B1:90:DB:E8:90,-43,11,1,7,0,0,1,1,1,0,1,-95,0,2,0,3848024279,0,110,0,0,85452.8,384,[110 96 6 0 -30 -16 -29 -15 -26 -12 -22 -10 -17 -7 -12 -5 -5 -4 1 -3 8 -4 14 -6 19 -9 24 -11 27 -15 29 -18 30 -21 29 -23 27 -25 24 -25 20 -25 16 -24 12 -22 8 -19 4 -15 1 -11 -1 -8 0 0 0 0 0 0 0 0 0 0 0 0 0 0 0 0 0 0 0 0 0 0 16 -15 15 -12 13 -8 11 -4 8 0 5 4 2 9 -1 14 -4 19 -6 23 -8 27 -9 30 -10 32 -10 32 -10 32 -9 29 -9 27 -9 23 -9 18 -10 13 -12 7 -14 1 -18 -3 -20 -8 -24 -12 -26 -15 ]
2025-05-21 14:58:41,CSI_DATA,STA,D8:B1:90:DB:E8:90,-42,11,1,7,0,0,1,1,1,0,1,-95,0,2,0,3848524853,0,110,0,0,85453.3,384,[110 96 6 0 -3 -30 -3 -29 -2 -26 -3 -23 -5 -18 -6 -13 -8 -8 -10 -2 -12 4 -14 9 -16 15 -17 19 -19 23 -20 26 -21 28 -21 29 -21 29 -20 28 -18 26 -16 25 -14 22 -12 19 -10 16 -7 13 -5 10 0 0 0 0 0 0 0 0 0 0 0 0 0 0 0 0 0 0 0 0 0 0 -20 -7 -17 -8 -13 -6 -11 -4 -8 -1 -5 4 -2 9 -1 14 1 19 1 25 1 29 0 32 -1 35 -2 35 -3 35 -5 33 -6 30 -6 26 -7 21 -8 15 -9 8 -9 1 -9 -6 -8 -12 -7 -18 -6 -23 ]
2025-05-21 14:58:42,CSI_DATA,STA,D8:B1:90:DB:E8:90,-48,11,1,7,0,0,1,0,0,0,1,-95,0,2,0,3849023517,0,110,0,0,85453.8,256,[110 96 6 0 -3 -34 -6 -34 -7 -32 -4 31 -2 31 0 30 2 30 -9 -20 -11 -19 -12 -18 -13 -18 -9 -14 -10 -13 -11 -13 -11 -12 5 4 6 4 6 4 6 3 -4 -9 -4 -9 -5 -8 -5 -8 -17 7 -17 7 0 0 0 0 0 0 0 0 0 0 0 0 0 0 0 0 0 0 0 0 0 0 -20 7 -21 7 25 5 25 6 26 5 27 5 -7 -1 -7 -1 -8 -1 -8 -1 -16 -10 -16 -10 -17 -10 -18 -9 10 -25 8 -25 7 -25 6 -26 4 18 6 18 7 17 8 16 -16 27 -15 27 -14 28 -13 29 ]
2025-05-21 14:58:42,CSI_DATA,STA,D8:B1:90:DB:E8:90,-41,11,1,7,0,0,1,1,1,0,1,-95,0,2,0,3849524288,0,110,0,0,85454.3,384,[110 96 6 0 29 -15 28 -15 27 -15 24 -15 21 -14 16 -13 10 -11 5 -9 0 -6 -6 -2 -11 2 -15 7 -18 12 -20 16 -21 20 -22 23 -22 25 -21 26 -19 26 -17 25 -15 24 -12 21 -10 18 -9 15 -7 11 0 0 0 0 0 0 0 0 0 0 0 0 0 0 0 0 0 0 0 0 0 0 21 14 18 15 15 14 12 12 8 9 4 6 -1 2 -5 -2 -10 -6 -15 -11 -18 -15 -22 -18 -25 -21 -27 -22 -28 -23 -28 -22 -27 -21 -24 -21 -21 -19 -16 -17 -11 -16 -5 -15 1 -14 8 -13 14 -13
2025-05-21 14:58:44,CSI_DATA,STA,D8:B1:90:DB:E8:90,-42,11,1,7,0,0,1,0,0,0,1,-95,0,2,0,3851035405,0,110,0,0,85455.8,256,[110 96 6 0 -15 -24 -16 -23 -15 -22 -15 -22 -16 -21 -16 -20 -16 -20 -17 -20 -17 -19 -18 -19 -18 -18 -18 -17 -18 -17 -18 -17 -18 -17 -18 -17 -18 -17 -17 -17 -17 -17 -16 -17 -16 -17 -15 -17 -15 -17 -15 -18 -14 -19 0 0 0 0 0 0 0 0 0 0 0 0 0 0 0 0 0 0 0 0 0 0 -14 -16 -12 -17 -12 -19 -12 -19 -11 -20 -11 -20 -11 -21 -11 -21 -11 -22 -11 -23 -10 -23 -10 -23 -10 -24 -10 -24 -10 -24 -11 -24 -11 -24 -1
2025-05-21 14:58:50,CSI_DATA,STA,D8:B1:90:DB:E8:90,-41,11,1,7,0,0,1,0,0,0,1,-95,0,2,0,3857053382,0,110,0,0,85461.8,256,[110 96 6 0 -7 -24 -8 -24 -7 -23 -8 -22 -8 -22 -9 -21 -9 -21 -9 -21 -9 -21 -10 -21 -10 -20 -11 -20 -11 -20 -11 -20 -11 -20 -11 -20 -11 -20 -10 -20 -10 -20 -9 -19 -9 -19 -8 -19 -8 -19 -8 -20 -6 -20 0 0 0 0 0 0 0 0 0 0 0 0 0 0 0 0 0 0 0 0 0 0 -9 -18 -8 -19 -6 -20 -6 -20 -5 -21 -5 -21 -5 -21 -4 -22 -3 -22 -3 -23 -3 -23 -2 -23 -2 -24 -2 -24 -2 -23 -3 -24 -3 -23 -3 -24 -4 -24 -4 -23 -5 -24 -5 -24
2025-05-21 14:58:50,CSI_DATA,STA,D8:B1:90:DB:E8:90,-41,11,1,7,0,0,1,1,1,0,1,-95,0,2,0,3857554288,0,110,0,0,85462.3,384,[110 96 6 0 30 1 31 2 31 2 29 1 28 1 25 -1 21 -3 18 -6 14 -9 9 -13 5 -16 1 -19 -2 -21 -5 -24 -8 -26 -10 -27 -11 -28 -12 -28 -12 -28 -12 -27 -11 -25 -10 -23 -8 -20 -6 -18 -3 -14 0 0 0 0 0 0 0 0 0 0 0 0 0 0 0 0 0 0 0 0 0 0 8 -26 11 -23 12 -21 11 -18 9 -15 6 -13 2 -10 -3 -8 -8 -7 -14 -6 -19 -7 -24 -8 -27 -8 -29 -10 -30 -11 -30 -13 -28 -14 -25 -15 -22 -15 -17 -14 -11 -14 -5 -13 1 -12 8 -10 14 -8
2025-05-21 14:58:51,CSI_DATA,STA,D8:B1:90:DB:E8:90,-42,11,1,7,0,0,1,1,1,0,1,-95,0,2,0,3858054239,0,110,0,0,85462.8,384,[110 96 6 0 24 -16 26 -16 26 -15 25 -16 23 -15 19 -15 15 -15 10 -15 6 -14 0 -14 -5 -14 -10 -13 -14 -13 -18 -12 -22 -12 -24 -11 -27 -11 -27 -11 -27 -10 -26 -10 -25 -9 -23 -9 -20 -8 -16 -8 -13 -8 0 0 0 0 0 0 0 0 0 0 0 0 0 0 0 0 0 0 0 0 0 0 2 -26 5 -24 6 -22 6 -19 5 -16 3 -12 -1 -9 -5 -5 -9 -2 -14 0 -19 2 -23 3 -27 3 -29 3 -31 2 -31 1 -30 0 -28 -2 -26 -3 -21 -5 -17 -8 -11 -9 -5 -11 1 -13 8 -14
2025-05-21 14:58:58,CSI_DATA,STA,D8:B1:90:DB:E8:90,-41,11,1,7,0,0,1,0,0,0,1,-95,0,2,0,3865073882,0,110,0,0,85469.8,256,[110 96 6 0 5 -27 4 -27 4 -26 4 -25 3 -25 2 -25 2 -25 1 -24 1 -24 0 -24 -1 -24 -1 -24 -1 -24 -2 -24 -2 -24 -1 -24 -1 -24 -1 -24 -1 -23 -1 -23 -1 -23 0 -23 0 -23 1 -23 2 -23 0 0 0 0 0 0 0 0 0 0 0 0 0 0 0 0 0 0 0 0 0 0 2 -22 3 -22 4 -22 5 -22 5 -22 6 -22 6 -23 7 -23 8 -23 8 -24 9 -24 10 -24 10 -24 9 -24 9 -25 9 -25 9 -25 9 -25 9 -25 9 -25 8 -25 8 -26 7 -26 7 -26 6 -27 6 -27 ]
2025-05-21 14:58:58,CSI_DATA,STA,D8:B1:90:DB:E8:90,-42,11,1,7,0,0,1,1,1,0,1,-95,0,2,0,3865574202,0,110,0,0,85470.3,384,[110 96 6 0 13 -26 15 -26 16 -26 15 -26 13 -24 12 -24 8 -22 4 -21 0 -19 -4 -17 -9 -16 -13 -14 -17 -13 -20 -12 -23 -11 -26 -11 -27 -10 -27 -10 -27 -10 -27 -9 -25 -9 -23 -9 -20 -8 -17 -8 -13 -8 0 0 0 0 0 0 0 0 0 0 0 0 0 0 0 0 0 0 0 0 0 0 -25 -10 -23 -13 -20 -14 -18 -13 -15 -11 -13 -8 -12 -4 -10 0 -10 5 -11 10 -11 15 -14 19 -15 22 -17 23 -19 24 -20 23 -20 21 -21 19 -20 15 -18 11 -16 6 -13 1 -10
2025-05-21 14:58:59,CSI_DATA,STA,D8:B1:90:DB:E8:90,-42,11,1,7,0,0,1,1,1,0,1,-95,0,2,0,3866079409,0,110,0,0,85470.8,384,[110 96 6 0 4 -30 6 -30 7 -30 6 -29 5 -28 3 -26 0 -23 -3 -20 -6 -17 -10 -14 -14 -10 -17 -7 -20 -4 -23 -2 -25 1 -27 3 -28 4 -29 4 -28 5 -27 4 -26 4 -24 4 -21 3 -19 1 -15 -1 0 0 0 0 0 0 0 0 0 0 0 0 0 0 0 0 0 0 0 0 0 0 -24 -12 -21 -14 -19 -15 -16 -14 -14 -12 -12 -9 -10 -5 -9 0 -9 6 -9 11 -10 16 -12 19 -13 23 -15 25 -16 26 -18 25 -19 24 -19 21 -19 18 -18 13 -17 8 -14 2 -12 -3 -10 -9 -6 -15 -3 -2
2025-05-21 14:59:00,CSI_DATA,STA,D8:B1:90:DB:E8:90,-41,11,1,7,0,0,1,0,0,0,1,-95,0,2,0,3867593611,0,110,0,0,85472.3,256,[110 96 6 0 -18 18 -18 18 -17 18 -16 19 -15 19 -14 19 -14 19 -13 19 -13 19 -12 20 -12 20 -12 20 -11 20 -11 20 -11 20 -12 19 -12 19 -12 19 -12 19 -12 18 -12 17 -12 17 -13 16 -14 16 -15 16 0 0 0 0 0 0 0 0 0 0 0 0 0 0 0 0 0 0 0 0 0 0 -13 15 -14 14 -15 14 -16 14 -16 14 -17 13 -18 14 -18 14 -19 14 -20 14 -21 14 -21 14 -21 14 -21 14 -21 14 -21 15 -21 15 -21 16 -21 16 -20 17 -20 17 -20 18 -19 17 -1
2025-05-21 14:59:01,CSI_DATA,STA,D8:B1:90:DB:E8:90,-42,11,1,7,0,0,1,1,1,0,1,-95,0,2,0,3868094158,0,110,0,0,85472.8,384,[110 96 6 0 -29 5 -31 4 -31 3 -30 3 -28 4 -25 5 -22 7 -19 10 -16 12 -13 15 -9 18 -6 21 -3 24 0 26 2 29 3 30 3 31 4 30 4 30 3 28 3 26 1 24 0 22 -1 18 -3 14 0 0 0 0 0 0 0 0 0 0 0 0 0 0 0 0 0 0 0 0 0 0 10 22 8 22 6 22 5 19 5 17 5 13 7 10 10 6 14 3 17 1 22 -1 25 -1 29 -1 31 -1 32 0 32 1 31 3 29 5 25 7 20 8 15 9 9 11 2 11 -5 11 -11 10 -17 9 ]
2025-05-21 14:59:03,CSI_DATA,STA,D8:B1:90:DB:E8:90,-41,11,1,7,0,0,1,0,0,0,1,-95,0,2,0,3870098607,0,110,0,0,85474.8,256,[110 96 6 0 15 21 16 21 15 19 16 20 16 19 16 19 17 18 17 18 17 17 18 16 18 16 17 15 18 15 17 15 17 15 17 15 17 15 17 15 16 14 16 15 15 15 15 15 14 15 14 16 13 18 0 0 0 0 0 0 0 0 0 0 0 0 0 0 0 0 0 0 0 0 0 0 16 13 15 14 13 16 13 17 13 18 13 19 12 20 12 21 12 21 12 22 12 22 12 23 12 23 12 23 11 22 11 22 11 22 12 21 13 22 13 22 14 22 14 22 15 22 16 22 16 22 16 21 ]
2025-05-21 14:59:03,CSI_DATA,STA,D8:B1:90:DB:E8:90,-42,11,1,7,0,0,1,1,1,0,1,-95,0,2,0,3870599172,0,110,0,0,85475.3,384,[110 96 6 0 21 -23 23 -22 24 -22 22 -21 20 -21 17 -21 14 -20 9 -20 5 -21 0 -21 -5 -21 -10 -21 -13 -21 -17 -22 -20 -22 -22 -23 -23 -22 -23 -22 -23 -22 -22 -21 -21 -20 -18 -19 -15 -17 -12 -16 -8 -13 0 0 0 0 0 0 0 0 0 0 0 0 0 0 0 0 0 0 0 0 0 0 -24 -14 -21 -15 -19 -16 -16 -15 -15 -13 -13 -9 -13 -5 -13 0 -14 5 -16 10 -18 13 -21 17 -24 19 -26 20 -27 19 -29 19 -28 16 -28 13 -25 9 -23 5 -19 1 -14 -4
2025-05-21 14:59:04,CSI_DATA,STA,D8:B1:90:DB:E8:90,-41,11,1,7,0,0,1,1,1,0,1,-95,0,2,0,3871103468,0,110,0,0,85475.8,384,[110 96 6 0 -20 23 -21 23 -22 22 -21 22 -19 21 -16 20 -12 19 -8 18 -3 18 1 17 6 17 11 16 15 16 19 16 22 16 24 17 25 16 26 16 25 16 24 15 22 15 20 14 17 13 14 12 10 10 0 0 0 0 0 0 0 0 0 0 0 0 0 0 0 0 0 0 0 0 0 0 23 10 21 12 18 13 16 12 14 10 12 6 11 2 10 -3 10 -8 11 -13 13 -17 16 -21 18 -23 20 -25 21 -25 23 -24 23 -22 23 -19 21 -15 19 -11 16 -5 12 0 8 5 3 9 -3 14 -8 17 ]
2025-05-21 14:59:09,CSI_DATA,STA,D8:B1:90:DB:E8:90,-41,11,1,7,0,0,1,0,0,0,1,-95,0,2,0,3876189854,0,110,0,0,85480.9,256,[110 96 6 0 -6 21 -6 23 -6 20 -4 19 -4 22 -5 20 -2 19 -2 21 -3 20 -1 19 0 20 -3 20 -1 18 0 20 -3 20 -1 18 0 20 -3 20 -2 17 -1 19 -3 19 -3 17 -2 19 -5 18 -5 16 0 0 0 0 0 0 0 0 0 0 0 0 0 0 0 0 0 0 0 0 0 0 -4 16 -3 18 -8 18 -8 15 -7 18 -10 19 -9 16 -8 19 -11 19 -10 17 -9 19 -12 20 -11 17 -9 19 -11 19 -11 18 -8 20 -11 20 -10 17 -7 19 -9 21 -9 19 -6 20 -8 22 -8 19 -5 21 ]
2025-05-21 14:59:10,CSI_DATA,STA,D8:B1:90:DB:E8:90,-42,11,1,7,0,0,1,1,1,0,1,-95,0,2,0,3876693894,0,110,0,0,85481.4,384,[110 96 6 0 -29 14 -29 14 -26 14 -23 14 -19 14 -14 13 -9 12 -4 10 2 8 7 5 12 3 17 0 20 -3 23 -6 26 -9 27 -10 27 -12 26 -13 24 -14 22 -13 20 -13 17 -11 14 -9 11 -7 8 -4 0 0 0 0 0 0 0 0 0 0 0 0 0 0 0 0 0 0 0 0 0 0 -23 -2 -21 -3 -18 -4 -14 -4 -10 -3 -6 -1 -1 1 5 3 10 6 14 9 18 12 21 14 23 16 24 18 24 19 22 18 21 18 17 18 14 17 10 16 4 16 -1 15 -7 15 -12 14 -18 14 -22 14 ]
2025-05-21 14:59:10,CSI_DATA,STA,D8:B1:90:DB:E8:90,-41,11,1,7,0,0,1,1,1,0,1,-95,0,2,0,3877190470,0,110,0,0,85481.9,384,[110 96 6 0 -31 8 -30 9 -29 8 -25 9 -22 10 -17 10 -12 11 -6 11 0 11 5 11 11 10 16 9 21 8 25 6 28 5 30 4 30 3 30 2 29 1 27 0 25 0 21 0 18 0 14 0 10 1 0 0 0 0 0 0 0 0 0 0 0 0 0 0 0 0 0 0 0 0 0 0 -23 6 -21 3 -19 1 -15 1 -11 1 -6 1 -1 2 5 4 10 6 15 9 19 11 22 14 25 16 26 18 26 19 24 19 22 20 19 19 15 18 10 17 4 16 -1 15 -7 14 -12 13 -18 12 -22 10 ]
2025-05-21 14:59:15,CSI_DATA,STA,D8:B1:90:DB:E8:90,-50,11,1,7,0,0,1,0,0,0,1,-95,0,2,0,3882208026,0,110,0,0,85486.9,256,[110 96 6 0 17 18 16 17 16 17 17 16 16 16 16 15 16 14 16 14 16 12 16 12 16 12 16 11 16 11 16 11 15 10 15 10 15 9 14 9 14 9 14 8 13 8 13 8 13 8 12 8 12 9 0 0 0 0 0 0 0 0 0 0 0 0 0 0 0 0 0 0 0 0 0 0 15 10 15 12 14 12 14 13 14 14 14 15 14 16 14 16 14 17 14 17 14 18 14 19 14 19 14 19 14 19 14 19 14 19 15 19 15 18 15 19 16 19 16 19 16 18 17 19 17 19 17 19 ]
2025-05-21 14:59:17,CSI_DATA,STA,D8:B1:90:DB:E8:90,-42,11,1,7,0,0,1,0,0,0,1,-95,0,2,0,3884211459,0,110,0,0,85488.9,256,[110 96 6 0 -6 -27 -7 -27 -7 -25 -7 -24 -8 -24 -8 -23 -9 -23 -9 -23 -10 -22 -10 -22 -11 -22 -11 -22 -11 -22 -11 -21 -11 -22 -11 -22 -11 -22 -11 -21 -11 -21 -10 -21 -10 -21 -9 -20 -9 -21 -8 -22 -7 -22 0 0 0 0 0 0 0 0 0 0 0 0 0 0 0 0 0 0 0 0 0 0 -7 -21 -6 -22 -5 -22 -5 -23 -4 -23 -4 -24 -3 -23 -3 -24 -2 -24 -2 -24 -1 -25 -1 -25 -1 -26 -1 -26 -1 -26 -1 -26 -2 -26 -2 -26 -3 -27 -3 -26 -4 -27 -4
2025-05-21 14:59:21,CSI_DATA,STA,D8:B1:90:DB:E8:90,-41,11,1,7,0,0,1,0,0,0,1,-95,0,2,0,3888224480,0,110,0,0,85493,256,[110 96 6 0 -24 -10 -24 -9 -24 -8 -23 -8 -23 -8 -23 -7 -23 -7 -23 -6 -22 -5 -23 -5 -23 -5 -24 -4 -23 -4 -23 -3 -23 -3 -24 -4 -23 -4 -23 -4 -23 -4 -22 -4 -22 -5 -21 -5 -21 -6 -21 -7 -21 -8 0 0 0 0 0 0 0 0 0 0 0 0 0 0 0 0 0 0 0 0 0 0 -20 -5 -20 -7 -20 -8 -20 -8 -20 -9 -20 -10 -20 -10 -21 -11 -21 -12 -21 -12 -21 -12 -21 -13 -21 -13 -22 -13 -22 -13 -23 -13 -22 -12 -23 -12 -23 -12 -23 -11 -24 -11 -
2025-05-21 14:59:21,CSI_DATA,STA,D8:B1:90:DB:E8:90,-42,11,1,7,0,0,1,1,1,0,1,-95,0,2,0,3888724098,0,110,0,0,85493.5,384,[110 96 6 0 -24 25 -24 24 -23 23 -21 22 -17 21 -13 20 -8 18 -3 17 3 15 8 13 14 12 19 10 23 9 28 7 30 6 32 5 33 4 32 3 31 2 30 2 27 1 24 1 20 1 16 1 12 2 0 0 0 0 0 0 0 0 0 0 0 0 0 0 0 0 0 0 0 0 0 0 4 24 2 22 0 20 0 16 1 12 3 8 5 3 9 -1 14 -5 18 -8 22 -11 26 -12 30 -13 32 -13 33 -12 33 -10 31 -7 30 -5 26 -2 22 2 17 6 11 10 5 13 -1 16 -7 19 -13 21 ]
2025-05-21 14:59:24,CSI_DATA,STA,D8:B1:90:DB:E8:90,-42,11,1,7,0,0,1,0,0,0,1,-95,0,2,0,3891251793,0,110,0,0,85496,256,[110 96 6 0 22 -9 22 -9 21 -10 21 -10 20 -10 20 -11 20 -11 18 -11 18 -12 17 -12 17 -13 17 -13 17 -13 17 -13 17 -13 17 -13 17 -12 17 -12 17 -12 17 -12 17 -12 17 -11 17 -11 18 -10 18 -9 0 0 0 0 0 0 0 0 0 0 0 0 0 0 0 0 0 0 0 0 0 0 17 -10 18 -9 18 -8 19 -7 19 -7 20 -6 21 -6 21 -6 22 -6 22 -5 23 -5 23 -4 23 -4 23 -5 23 -5 23 -5 23 -5 23 -6 23 -6 23 -6 23 -7 23 -7 23 -8 23 -8 23 -8 23 -9 ]
2025-05-21 14:59:27,CSI_DATA,STA,D8:B1:90:DB:E8:90,-47,11,1,7,0,0,1,0,0,0,1,-95,0,2,0,3894303828,0,110,0,0,85499,256,[110 96 6 0 -7 32 -7 31 -6 31 -1 29 -1 28 0 27 0 27 6 24 6 23 7 23 7 22 -1 -14 -1 -14 -1 -14 -1 -14 15 -23 15 -23 14 -23 15 -22 1 13 1 13 1 13 1 13 -17 12 -18 11 0 0 0 0 0 0 0 0 0 0 0 0 0 0 0 0 0 0 0 0 0 0 14 -4 15 -2 14 -6 15 -5 15 -5 16 -5 16 -10 17 -10 17 -10 17 -10 -26 18 -27 18 -27 18 -27 18 -14 16 -15 16 -15 15 -15 15 -19 16 -19 17 -19 17 -19 17 -5 26 -5 27 -5 27 -15 28 ]
2025-05-21 14:59:27,CSI_DATA,STA,D8:B1:90:DB:E8:90,-42,11,1,7,0,0,1,1,1,0,1,-95,0,2,0,3894804850,0,110,0,0,85499.5,384,[110 96 6 0 -33 -7 -33 -7 -32 -7 -30 -5 -27 -3 -24 -1 -19 1 -14 4 -9 6 -4 8 2 11 7 12 12 13 16 14 20 15 23 15 25 14 26 13 26 12 25 11 23 9 21 8 18 7 15 6 11 5 0 0 0 0 0 0 0 0 0 0 0 0 0 0 0 0 0 0 0 0 0 0 -26 1 -24 -2 -22 -3 -18 -4 -14 -3 -9 -2 -4 1 1 3 6 6 11 10 14 14 17 17 19 20 20 22 20 22 19 23 17 23 15 21 11 20 7 17 2 15 -3 12 -9 9 -15 5 -20 2 -24 -1 ]
2025-05-21 14:59:28,CSI_DATA,STA,D8:B1:90:DB:E8:90,-42,11,1,7,0,0,1,1,1,0,1,-95,0,2,0,3895307419,0,110,0,0,85500,384,[110 96 6 0 32 5 32 6 31 6 30 5 26 3 23 0 19 -3 15 -7 11 -10 7 -14 3 -18 -1 -21 -5 -24 -8 -26 -10 -28 -12 -30 -13 -30 -14 -29 -14 -29 -14 -27 -13 -25 -12 -23 -10 -20 -8 -17 -6 -13 0 0 0 0 0 0 0 0 0 0 0 0 0 0 0 0 0 0 0 0 0 0 12 -23 13 -20 13 -17 11 -14 8 -11 4 -9 -1 -7 -7 -6 -13 -6 -18 -6 -22 -8 -26 -10 -29 -11 -31 -13 -31 -14 -29 -16 -27 -17 -23 -16 -18 -16 -13 -15 -7 -14 0 -12 7 -10 13 -7 19
2025-05-21 14:59:29,CSI_DATA,STA,D8:B1:90:DB:E8:90,-41,11,1,7,0,0,1,0,0,0,1,-95,0,2,0,3896810636,0,110,0,0,85501.5,256,[110 96 6 0 -17 18 -17 19 -16 19 -16 18 -15 18 -14 18 -13 18 -13 19 -12 19 -12 19 -11 19 -11 19 -11 20 -11 20 -11 20 -11 19 -11 19 -11 19 -11 19 -11 18 -11 18 -11 18 -12 18 -13 18 -14 17 0 0 0 0 0 0 0 0 0 0 0 0 0 0 0 0 0 0 0 0 0 0 -11 16 -13 16 -13 15 -14 16 -15 15 -16 15 -16 15 -16 15 -17 15 -17 15 -18 16 -19 15 -19 15 -19 15 -19 16 -19 16 -19 17 -19 16 -19 17 -19 17 -19 18 -19 18 -18 18 -1
2025-05-21 14:59:31,CSI_DATA,STA,D8:B1:90:DB:E8:90,-42,11,1,7,0,0,1,1,1,0,1,-95,0,2,0,3897821097,0,110,0,0,85502.6,384,[110 96 6 0 -34 -13 -33 -13 -33 -13 -31 -11 -28 -9 -25 -5 -22 -2 -18 3 -14 6 -9 10 -4 14 0 18 5 20 9 23 12 25 15 27 16 27 17 27 18 27 18 25 17 23 15 21 12 19 9 16 6 13 0 0 0 0 0 0 0 0 0 0 0 0 0 0 0 0 0 0 0 0 0 0 -25 6 -24 3 -22 1 -18 0 -14 1 -9 2 -4 3 1 6 7 9 11 13 14 16 17 20 19 23 20 25 19 26 18 26 15 26 13 25 8 22 4 20 -1 16 -6 12 -12 8 -17 4 -22 -1 -26 -5 ]
2025-05-21 14:59:31,CSI_DATA,STA,D8:B1:90:DB:E8:90,-42,11,1,7,0,0,1,0,0,0,1,-95,0,2,0,3898320775,0,110,0,0,85503.1,256,[110 96 6 0 -1 26 0 26 0 25 1 25 2 25 2 25 3 24 3 24 4 24 4 23 5 23 5 23 5 23 5 23 6 23 6 24 5 23 5 23 5 23 5 22 4 22 4 22 3 22 1 23 0 23 0 0 0 0 0 0 0 0 0 0 0 0 0 0 0 0 0 0 0 0 0 0 2 22 1 22 -1 21 -1 22 -2 22 -3 22 -4 23 -4 23 -5 24 -5 24 -6 24 -6 25 -6 25 -6 25 -5 25 -5 25 -5 25 -5 25 -4 26 -3 26 -2 27 -3 27 -2 26 -1 26 -1 27 -1 27 ]
2025-05-21 14:59:36,CSI_DATA,STA,D8:B1:90:DB:E8:90,-44,11,1,7,0,0,1,0,0,0,1,-95,0,2,0,3903367794,0,110,0,0,85508.1,256,[110 96 6 0 -13 16 -11 17 -9 17 -6 -19 -8 -18 -9 -17 -10 -16 1 -29 -1 -28 -3 -28 -5 -27 9 4 9 4 9 3 9 3 9 2 9 2 9 1 8 1 8 1 8 0 7 0 7 0 7 0 7 0 0 0 0 0 0 0 0 0 0 0 0 0 0 0 0 0 0 0 0 0 0 0 6 12 6 12 17 -9 17 -10 17 -10 17 -11 24 -19 23 -20 23 -21 23 -22 29 -21 28 -22 27 -23 26 -24 -25 26 -23 28 -22 30 -20 31 -17 14 -16 14 -15 15 -14 16 -20 15 -19 16 -18 16 -19 17 ]
2025-05-21 14:59:40,CSI_DATA,STA,D8:B1:90:DB:E8:90,-42,11,1,7,0,0,1,0,0,0,1,-95,0,2,0,3907379617,0,110,0,0,85512.1,256,[110 96 6 0 -16 -20 -16 -20 -16 -19 -17 -19 -17 -18 -17 -17 -17 -17 -18 -16 -18 -16 -18 -15 -18 -15 -19 -15 -19 -15 -19 -14 -19 -14 -19 -14 -19 -14 -18 -14 -18 -14 -18 -14 -17 -14 -16 -14 -16 -15 -16 -15 -15 -16 0 0 0 0 0 0 0 0 0 0 0 0 0 0 0 0 0 0 0 0 0 0 -15 -15 -14 -17 -13 -17 -13 -18 -13 -19 -13 -20 -12 -20 -12 -21 -12 -21 -12 -22 -12 -22 -11 -22 -12 -22 -12 -22 -12 -23 -12 -22 -13 -22 -1
2025-05-21 14:59:42,CSI_DATA,STA,D8:B1:90:DB:E8:90,-49,11,1,7,0,0,1,0,0,0,1,-95,0,2,0,3909385686,0,110,0,0,85514.1,256,[110 96 6 0 -28 -1 -28 0 -26 1 -26 1 -25 3 -25 4 -23 5 -23 6 -22 7 -21 8 -21 8 -20 10 -20 10 -19 10 -18 11 -17 11 -17 11 -16 11 -15 11 -15 11 -14 11 -13 11 -13 11 -13 11 -13 10 0 0 0 0 0 0 0 0 0 0 0 0 0 0 0 0 0 0 0 0 0 0 15 10 15 11 22 6 23 6 24 5 25 5 -13 15 -13 16 -12 16 -11 17 -22 -14 -22 -14 -22 -14 -23 -13 -23 -13 -24 -12 -25 -12 -25 -11 -26 -10 -26 -9 -27 -7 -27 -7 -27 -6 -28 -5 -28 -4
2025-05-21 14:59:43,CSI_DATA,STA,D8:B1:90:DB:E8:90,-42,11,1,7,0,0,1,1,1,0,1,-95,0,2,0,3909887535,0,110,0,0,85514.6,384,[110 96 6 0 32 -15 33 -15 32 -15 30 -16 26 -16 21 -15 15 -14 9 -13 3 -11 -3 -8 -9 -5 -15 -1 -19 3 -22 7 -26 11 -28 14 -28 16 -28 18 -27 18 -26 19 -24 18 -21 16 -18 14 -16 11 -13 7 0 0 0 0 0 0 0 0 0 0 0 0 0 0 0 0 0 0 0 0 0 0 26 11 23 13 20 13 17 11 13 9 8 6 3 3 -1 -1 -6 -6 -11 -10 -15 -14 -19 -18 -22 -21 -24 -24 -25 -25 -25 -25 -24 -25 -21 -24 -18 -23 -14 -21 -9 -20 -3 -18 3 -17 10 -16 16 -15
2025-05-21 14:59:45,CSI_DATA,STA,D8:B1:90:DB:E8:90,-42,11,1,7,0,0,1,0,0,0,1,-95,0,2,0,3911924005,0,110,0,0,85516.7,256,[110 96 6 0 -6 -24 -6 -23 -6 -23 -6 -23 -7 -22 -7 -22 -7 -21 -8 -20 -8 -20 -8 -20 -9 -20 -9 -20 -10 -20 -10 -20 -10 -19 -10 -20 -9 -20 -9 -19 -9 -19 -9 -18 -9 -18 -8 -18 -7 -18 -7 -19 -6 -20 0 0 0 0 0 0 0 0 0 0 0 0 0 0 0 0 0 0 0 0 0 0 -6 -19 -5 -19 -4 -20 -4 -20 -3 -20 -3 -21 -3 -22 -2 -22 -2 -22 -1 -23 -1 -22 -1 -23 -1 -23 -1 -23 -1 -22 -1 -23 -2 -23 -2 -23 -2 -23 -3 -23 -4 -23 -4 -24 -4 -2
2025-05-21 14:59:46,CSI_DATA,STA,D8:B1:90:DB:E8:90,-40,11,1,7,0,0,1,1,1,0,1,-95,0,2,0,3912934171,0,110,0,0,85517.7,384,[110 96 6 0 29 -7 31 -7 31 -7 29 -7 26 -8 22 -9 18 -9 12 -9 7 -9 1 -7 -5 -5 -11 -3 -16 0 -19 1 -23 5 -26 7 -28 9 -28 11 -28 11 -28 12 -27 11 -24 11 -21 9 -19 6 -16 3 0 0 0 0 0 0 0 0 0 0 0 0 0 0 0 0 0 0 0 0 0 0 23 13 21 15 19 14 16 13 12 11 9 8 5 5 1 0 -3 -4 -7 -9 -11 -14 -13 -18 -17 -21 -19 -23 -20 -26 -21 -25 -19 -26 -19 -25 -17 -23 -13 -21 -9 -19 -5 -17 1 -14 7 -13 13 -11 18 -9 ]
2025-05-21 14:59:52,CSI_DATA,STA,D8:B1:90:DB:E8:90,-42,11,1,7,0,0,1,0,0,0,1,-95,0,2,0,3918985883,0,110,0,0,85523.7,256,[110 96 6 0 -24 -6 -23 -5 -23 -5 -22 -4 -22 -3 -22 -3 -22 -2 -22 -2 -22 -1 -22 -1 -22 0 -22 0 -22 0 -22 1 -22 1 -22 0 -22 0 -22 0 -21 -1 -21 -1 -21 -1 -21 -2 -21 -2 -21 -4 -20 -5 0 0 0 0 0 0 0 0 0 0 0 0 0 0 0 0 0 0 0 0 0 0 -18 -4 -18 -5 -18 -6 -18 -6 -19 -7 -19 -7 -20 -7 -20 -8 -20 -8 -21 -9 -20 -10 -20 -10 -20 -10 -21 -11 -21 -10 -21 -10 -21 -9 -22 -9 -21 -9 -22 -8 -22 -8 -23 -8 -22 -7 -23
2025-05-21 14:59:53,CSI_DATA,STA,D8:B1:90:DB:E8:90,-41,11,1,7,0,0,1,1,1,0,1,-95,0,2,0,3920010504,0,110,0,0,85524.7,384,[110 96 6 0 -14 22 -13 21 -12 19 -9 17 -6 14 -3 10 1 6 3 1 6 -5 8 -11 9 -16 10 -21 10 -25 10 -29 10 -32 9 -34 7 -34 6 -33 4 -32 3 -29 2 -26 1 -22 1 -18 1 -14 1 -10 0 0 0 0 0 0 0 0 0 0 0 0 0 0 0 0 0 0 0 0 0 0 -19 2 -17 0 -15 -1 -11 -1 -7 -1 -2 -1 4 -1 9 0 15 0 20 1 24 2 28 2 31 3 32 3 33 3 31 3 30 4 27 4 23 5 19 6 14 8 9 9 4 12 -1 14 -5 17 -9 19 ]
2025-05-21 14:59:55,CSI_DATA,STA,D8:B1:90:DB:E8:90,-42,11,1,7,0,0,1,0,0,0,1,-95,0,2,0,3922013574,0,110,0,0,85526.8,256,[110 96 6 0 8 -24 7 -24 7 -24 7 -24 6 -23 6 -23 5 -23 4 -23 4 -23 3 -23 3 -23 2 -23 2 -24 2 -24 2 -23 3 -22 3 -22 3 -22 3 -22 3 -22 3 -22 4 -21 4 -21 6 -21 7 -20 0 0 0 0 0 0 0 0 0 0 0 0 0 0 0 0 0 0 0 0 0 0 3 -20 4 -19 5 -20 6 -20 7 -19 8 -20 8 -19 9 -19 9 -20 10 -20 11 -20 11 -20 11 -20 11 -20 11 -21 11 -21 10 -21 10 -21 10 -22 10 -22 9 -23 10 -23 9 -23 9 -24 9 -24 8 -23 ]
2025-05-21 14:59:55,CSI_DATA,STA,D8:B1:90:DB:E8:90,-41,11,1,7,0,0,1,1,1,0,1,-95,0,2,0,3922514184,0,110,0,0,85527.3,384,[110 96 6 0 26 5 24 5 21 3 17 2 11 0 5 -1 -1 -2 -8 -3 -15 -3 -21 -2 -27 0 -32 2 -36 4 -38 6 -39 8 -40 10 -38 11 -36 12 -32 12 -28 12 -23 11 -19 9 -14 7 -10 5 -5 2 0 0 0 0 0 0 0 0 0 0 0 0 0 0 0 0 0 0 0 0 0 0 4 17 2 14 0 11 -1 7 -2 2 -3 -3 -4 -9 -5 -15 -6 -20 -6 -26 -6 -30 -6 -34 -7 -36 -7 -37 -7 -36 -6 -35 -5 -32 -3 -29 -1 -25 2 -20 6 -16 10 -11 14 -7 18 -3 21 0 25 3 ]
2025-05-21 14:59:58,CSI_DATA,STA,D8:B1:90:DB:E8:90,-46,11,1,7,0,0,1,0,0,0,1,-95,0,2,0,3925022892,0,110,0,0,85529.8,256,[110 96 6 0 21 -13 21 -13 21 -12 22 -16 22 -16 22 -15 21 -15 26 -17 26 -17 26 -17 26 -16 -20 2 -19 1 -19 0 -19 -1 -27 -3 -27 -4 -26 -5 -25 -6 -2 12 -3 12 -3 12 -3 12 12 6 11 8 0 0 0 0 0 0 0 0 0 0 0 0 0 0 0 0 0 0 0 0 0 0 -28 -2 -28 -5 -28 -7 -28 -9 -27 -10 -27 -12 -30 -13 -30 -15 -30 -17 -30 -19 -14 -9 -13 -10 -13 -11 -12 -11 -19 -10 -18 -11 -18 -11 -18 -11 -17 -28 -17 -28 -16 -28 -16 -29 -17
2025-05-21 14:59:59,CSI_DATA,STA,D8:B1:90:DB:E8:90,-41,11,1,7,0,0,1,1,1,0,1,-95,0,2,0,3926025734,0,110,0,0,85530.8,384,[110 96 6 0 19 -16 17 -14 14 -12 9 -9 4 -6 -1 -2 -6 3 -11 8 -15 13 -18 18 -20 24 -22 28 -23 32 -23 35 -22 37 -20 37 -18 36 -16 34 -13 30 -10 27 -7 22 -4 18 -2 13 -1 8 1 4 0 0 0 0 0 0 0 0 0 0 0 0 0 0 0 0 0 0 0 0 0 0 13 4 9 4 6 4 2 2 -3 0 -8 -2 -13 -4 -18 -7 -23 -9 -27 -12 -31 -14 -33 -15 -35 -16 -35 -17 -34 -17 -32 -17 -28 -16 -25 -15 -19 -14 -14 -14 -8 -14 -2 -15 4 -15 9 -16 14 -16 18 -17 ]
2025-05-21 15:00:01,CSI_DATA,STA,D8:B1:90:DB:E8:90,-42,11,1,7,0,0,1,0,0,0,1,-95,0,2,0,3928533501,0,110,0,0,85533.3,256,[110 96 6 0 16 -23 15 -22 15 -22 14 -21 13 -22 12 -22 12 -22 12 -21 12 -22 11 -22 11 -22 11 -22 11 -22 11 -22 11 -22 10 -21 10 -21 10 -21 10 -20 11 -20 11 -19 12 -19 12 -18 13 -18 14 -17 0 0 0 0 0 0 0 0 0 0 0 0 0 0 0 0 0 0 0 0 0 0 9 -16 10 -16 12 -16 12 -16 13 -16 13 -16 14 -16 15 -17 16 -16 17 -17 17 -17 17 -17 17 -17 18 -17 17 -17 17 -17 16 -17 17 -18 17 -18 17 -19 17 -20 17 -20 17 -21 17
2025-05-21 15:00:12,CSI_DATA,STA,D8:B1:90:DB:E8:90,-42,11,1,7,0,0,1,0,0,0,1,-95,0,2,0,3939623826,0,110,0,0,85544.4,256,[110 96 6 0 24 -10 24 -11 24 -11 23 -11 22 -11 22 -12 21 -12 21 -12 21 -12 20 -13 20 -13 21 -14 20 -14 20 -15 20 -15 20 -13 20 -13 19 -13 19 -12 19 -12 19 -12 18 -11 19 -11 19 -10 19 -9 0 0 0 0 0 0 0 0 0 0 0 0 0 0 0 0 0 0 0 0 0 0 15 -8 16 -8 17 -7 18 -6 19 -6 19 -6 20 -5 20 -5 21 -5 21 -5 22 -5 22 -4 22 -5 23 -5 23 -5 23 -5 23 -6 24 -6 23 -7 23 -7 24 -8 24 -9 24 -8 25 -8 25 -9 25 -9 ]
2025-05-21 15:00:13,CSI_DATA,STA,D8:B1:90:DB:E8:90,-42,11,1,7,0,0,1,1,1,0,1,-95,0,2,0,3940124463,0,110,0,0,85544.9,384,[110 96 6 0 1 -29 0 -27 0 -24 -1 -19 -1 -14 0 -8 2 -2 4 3 8 8 12 12 16 15 21 18 25 19 28 19 31 18 32 16 33 14 31 11 29 8 26 6 22 3 18 2 13 1 9 1 4 1 0 0 0 0 0 0 0 0 0 0 0 0 0 0 0 0 0 0 0 0 0 0 10 12 7 11 4 9 1 7 -3 5 -7 2 -11 0 -16 -2 -21 -4 -25 -6 -28 -7 -31 -8 -33 -7 -34 -7 -34 -7 -32 -6 -30 -6 -26 -6 -23 -7 -18 -9 -14 -11 -10 -14 -7 -17 -4 -21 -1 -24 1 -27 ]
2025-05-21 15:00:13,CSI_DATA,STA,D8:B1:90:DB:E8:90,-42,11,1,7,0,0,1,1,1,0,1,-95,0,2,0,3940624063,0,110,0,0,85545.4,384,[110 96 6 0 5 26 5 24 5 21 4 17 3 12 0 6 -3 1 -8 -3 -13 -6 -18 -9 -23 -10 -28 -10 -31 -9 -34 -8 -36 -6 -37 -4 -36 -2 -34 1 -30 3 -26 4 -22 5 -17 5 -12 4 -8 2 -4 0 0 0 0 0 0 0 0 0 0 0 0 0 0 0 0 0 0 0 0 0 0 0 -12 -11 -9 -11 -6 -10 -3 -8 1 -6 6 -5 10 -3 15 -2 20 -1 24 0 28 1 31 1 32 1 33 0 33 -1 31 -1 28 -1 26 0 23 1 19 4 15 7 12 10 9 15 8 18 6 22 5 25 ]
2025-05-21 15:00:18,CSI_DATA,STA,D8:B1:90:DB:E8:90,-43,11,1,7,0,0,1,0,0,0,1,-95,0,2,0,3945642391,0,110,0,0,85550.4,256,[110 96 6 0 -1 26 -1 26 0 25 0 24 1 24 1 24 2 23 2 24 3 23 3 23 4 23 3 22 3 22 4 22 4 21 3 22 3 22 3 21 3 21 3 21 2 21 2 21 2 20 0 21 -1 20 0 0 0 0 0 0 0 0 0 0 0 0 0 0 0 0 0 0 0 0 0 0 2 17 1 17 0 17 -1 18 -1 18 -2 18 -2 19 -2 19 -3 20 -3 21 -3 21 -3 22 -3 22 -3 22 -3 22 -3 22 -3 22 -2 23 -2 23 -2 24 -1 24 -1 24 -2 25 -1 25 -1 26 -1 25 ]
2025-05-21 15:00:19,CSI_DATA,STA,D8:B1:90:DB:E8:90,-42,11,1,7,0,0,1,1,1,0,1,-95,0,2,0,3946143540,0,110,0,0,85550.9,384,[110 96 6 0 9 29 10 27 9 23 8 18 6 13 3 7 -1 1 -6 -4 -11 -8 -17 -12 -23 -14 -29 -15 -33 -15 -37 -15 -39 -13 -40 -11 -39 -8 -37 -5 -34 -3 -30 -1 -25 1 -20 2 -14 2 -9 1 -4 0 0 0 0 0 0 0 0 0 0 0 0 0 0 0 0 0 0 0 0 0 0 0 -18 -3 -15 -4 -12 -5 -7 -5 -2 -6 3 -7 8 -8 14 -9 19 -10 24 -11 28 -12 31 -13 33 -14 33 -15 32 -15 31 -14 28 -12 25 -10 22 -7 19 -3 16 2 14 7 12 13 10 18 10 23 9 26 ]
2025-05-21 15:00:22,CSI_DATA,STA,D8:B1:90:DB:E8:90,-42,11,1,7,0,0,1,0,0,0,1,-95,0,2,0,3949653697,0,110,0,0,85554.4,256,[110 96 6 0 23 13 23 12 23 11 23 11 23 11 23 10 23 10 23 8 23 8 23 7 23 7 23 7 23 7 23 7 23 7 22 7 22 7 21 7 21 7 21 8 21 8 20 8 20 9 19 10 18 11 0 0 0 0 0 0 0 0 0 0 0 0 0 0 0 0 0 0 0 0 0 0 16 4 16 6 16 7 16 8 16 9 17 9 17 9 18 10 18 11 18 11 18 12 19 13 19 13 19 13 18 13 19 13 19 13 20 13 20 13 21 12 21 12 22 12 22 12 23 12 23 12 23 12 ]
2025-05-21 15:00:24,CSI_DATA,STA,D8:B1:90:DB:E8:90,-43,11,1,7,0,0,1,0,0,0,1,-95,0,2,0,3951661254,0,110,0,0,85556.4,256,[110 96 6 0 21 -14 21 -15 20 -14 21 -14 20 -14 20 -14 19 -14 18 -15 18 -15 17 -16 17 -16 17 -17 17 -17 17 -16 17 -17 16 -17 16 -16 16 -16 16 -16 15 -15 15 -15 15 -14 15 -14 16 -13 17 -12 0 0 0 0 0 0 0 0 0 0 0 0 0 0 0 0 0 0 0 0 0 0 13 -11 14 -11 14 -10 15 -10 15 -10 16 -10 16 -9 17 -9 18 -9 18 -9 19 -9 19 -9 20 -9 20 -10 20 -10 20 -10 20 -11 20 -11 21 -12 20 -12 21 -13 21 -13 20 -13 20 -14 20
2025-05-21 15:00:25,CSI_DATA,STA,D8:B1:90:DB:E8:90,-42,11,1,7,0,0,1,1,1,0,1,-95,0,2,0,3952161698,0,110,0,0,85556.9,384,[110 96 6 0 -30 -4 -27 -3 -24 -3 -19 -1 -13 0 -7 0 0 0 6 -1 12 -3 18 -5 23 -8 27 -11 30 -14 32 -17 33 -20 32 -21 30 -21 27 -22 24 -20 19 -19 15 -17 11 -14 8 -10 4 -7 1 -3 0 0 0 0 0 0 0 0 0 0 0 0 0 0 0 0 0 0 0 0 0 0 -1 -16 0 -13 1 -10 2 -6 2 -1 3 4 4 9 4 14 5 20 5 24 6 28 6 31 7 33 7 33 7 32 7 30 5 27 3 24 1 20 -3 16 -6 12 -11 8 -15 5 -19 1 -24 -1 -26 -3 ]
2025-05-21 15:00:27,CSI_DATA,STA,D8:B1:90:DB:E8:90,-42,11,1,7,0,0,1,0,0,0,1,-95,0,2,0,3954668584,0,110,0,0,85559.4,256,[110 96 6 0 7 -26 7 -26 7 -25 6 -25 6 -25 5 -25 5 -24 4 -25 3 -25 2 -25 2 -25 2 -25 2 -25 2 -25 3 -25 2 -24 2 -24 2 -24 3 -23 3 -23 4 -23 4 -22 4 -22 5 -22 7 -21 0 0 0 0 0 0 0 0 0 0 0 0 0 0 0 0 0 0 0 0 0 0 3 -18 4 -19 5 -19 6 -19 7 -19 8 -19 7 -20 8 -20 9 -21 9 -21 10 -20 10 -20 10 -21 10 -21 10 -22 10 -22 10 -22 10 -23 9 -23 9 -23 8 -24 9 -25 8 -24 8 -25 8 -25 8 -27 ]
2025-05-21 15:00:28,CSI_DATA,STA,D8:B1:90:DB:E8:90,-42,11,1,7,0,0,1,1,1,0,1,-95,0,2,0,3955169062,0,110,0,0,85559.9,384,[110 96 6 0 -14 23 -13 21 -11 18 -8 15 -5 10 -2 5 0 -1 2 -7 4 -13 4 -19 4 -25 4 -29 2 -33 1 -36 0 -37 -2 -37 -3 -35 -5 -33 -6 -30 -6 -25 -7 -21 -6 -16 -6 -12 -4 -7 -3 -3 0 0 0 0 0 0 0 0 0 0 0 0 0 0 0 0 0 0 0 0 0 0 -14 -3 -11 -3 -8 -3 -4 -3 0 -2 5 -1 10 -1 15 0 20 1 24 2 28 3 31 3 32 4 32 4 31 4 30 4 27 4 23 4 19 5 14 7 9 9 4 12 -1 14 -5 17 -9 19 -12 21 ]
2025-05-21 15:00:31,CSI_DATA,STA,D8:B1:90:DB:E8:90,-43,11,1,7,0,0,1,0,0,0,1,-95,0,2,0,3958179012,0,110,0,0,85562.9,256,[110 96 6 0 -28 2 -27 2 -26 2 -27 3 -26 4 -26 4 -25 4 -25 5 -24 5 -25 5 -24 6 -25 5 -25 6 -25 6 -25 5 -24 5 -24 5 -23 5 -23 4 -23 5 -22 4 -22 4 -22 3 -22 1 -22 0 0 0 0 0 0 0 0 0 0 0 0 0 0 0 0 0 0 0 0 0 0 0 -19 3 -19 2 -19 1 -20 0 -20 0 -21 -1 -22 -1 -22 -1 -22 -1 -23 -2 -23 -3 -24 -3 -24 -3 -24 -3 -24 -2 -24 -2 -24 -1 -25 -1 -26 0 -26 1 -27 1 -27 2 -27 2 -28 1 -28 2 -27 2 ]
2025-05-21 15:00:32,CSI_DATA,STA,D8:B1:90:DB:E8:90,-43,11,1,7,0,0,1,1,1,0,1,-95,0,2,0,3959202417,0,110,0,0,85563.9,384,[110 96 6 0 -15 25 -14 24 -11 21 -9 17 -6 13 -3 7 -1 1 0 -6 0 -13 0 -19 -1 -24 -3 -29 -5 -32 -8 -35 -10 -36 -12 -36 -13 -35 -14 -32 -15 -28 -14 -24 -13 -20 -11 -16 -9 -11 -6 -8 -3 -4 0 0 0 0 0 0 0 0 0 0 0 0 0 0 0 0 0 0 0 0 0 0 -12 -11 -10 -11 -7 -9 -3 -7 1 -5 5 -2 10 1 14 4 18 6 22 9 26 11 28 12 29 13 30 13 30 12 28 12 26 11 22 11 18 11 14 12 8 13 3 15 -2 17 -7 19 -11 21 -14 24 ]
2025-05-21 15:00:33,CSI_DATA,STA,D8:B1:90:DB:E8:90,-43,11,1,7,0,0,1,0,0,0,1,-95,0,2,0,3960225009,0,110,0,0,85565,256,[110 96 6 0 -13 -23 -13 -23 -13 -22 -13 -21 -13 -20 -13 -21 -13 -20 -14 -20 -14 -19 -14 -19 -15 -19 -15 -19 -16 -18 -15 -18 -15 -18 -15 -18 -15 -18 -14 -18 -14 -18 -14 -18 -13 -18 -13 -17 -13 -17 -12 -18 -11 -19 0 0 0 0 0 0 0 0 0 0 0 0 0 0 0 0 0 0 0 0 0 0 -10 -14 -9 -15 -9 -16 -8 -16 -8 -17 -8 -17 -7 -18 -8 -19 -7 -20 -7 -20 -7 -20 -7 -21 -7 -22 -7 -22 -8 -22 -8 -22 -9 -22 -8 -22 -9 -22 -9 -22
2025-05-21 15:00:35,CSI_DATA,STA,D8:B1:90:DB:E8:90,-42,11,1,7,0,0,1,1,1,0,1,-95,0,2,0,3961737112,0,110,0,0,85566.5,384,[110 96 6 0 13 26 13 24 12 21 11 16 8 11 5 6 1 2 -4 -3 -9 -7 -15 -10 -21 -12 -27 -13 -31 -13 -35 -12 -37 -10 -38 -9 -38 -6 -36 -4 -33 -2 -30 0 -26 1 -21 2 -16 2 -11 1 -7 -1 0 0 0 0 0 0 0 0 0 0 0 0 0 0 0 0 0 0 0 0 0 0 -18 1 -16 -1 -12 -2 -9 -3 -4 -4 1 -5 6 -7 11 -9 17 -10 21 -12 25 -13 28 -14 30 -16 31 -17 31 -17 29 -16 27 -15 25 -13 22 -10 19 -5 17 -1 16 4 15 10 14 15 13 19 13 23 ]
2025-05-21 15:00:35,CSI_DATA,STA,D8:B1:90:DB:E8:90,-43,11,1,7,0,0,1,0,0,0,1,-95,0,2,0,3962236494,0,110,0,0,85567,256,[110 96 6 0 21 14 21 14 21 13 21 12 21 11 21 11 21 10 21 10 21 9 21 9 21 8 21 8 21 8 21 8 20 8 21 8 20 8 20 8 20 8 19 9 19 9 18 9 18 10 17 11 17 12 0 0 0 0 0 0 0 0 0 0 0 0 0 0 0 0 0 0 0 0 0 0 15 8 15 9 14 10 14 11 14 11 15 11 14 11 15 12 15 13 15 13 15 15 15 15 16 15 16 16 16 15 17 15 17 15 18 15 18 14 18 14 19 14 20 14 20 14 20 14 20 14 21 14 ]
2025-05-21 15:00:36,CSI_DATA,STA,D8:B1:90:DB:E8:90,-42,11,1,7,0,0,1,1,1,0,1,-95,0,2,0,3963246690,0,110,0,0,85568,384,[110 96 6 0 -28 -2 -27 -2 -24 -1 -20 0 -15 1 -10 1 -3 1 3 0 9 -2 14 -4 20 -6 24 -9 27 -12 29 -16 30 -18 30 -20 28 -21 26 -21 23 -21 20 -19 16 -18 12 -15 9 -12 6 -9 4 -5 0 0 0 0 0 0 0 0 0 0 0 0 0 0 0 0 0 0 0 0 0 0 0 -17 1 -15 1 -12 2 -8 2 -4 3 1 3 6 3 11 3 16 4 21 4 25 4 28 4 30 5 31 5 31 5 29 4 27 3 25 1 21 -2 17 -6 14 -9 10 -14 7 -17 4 -21 1 -25 -1 ]
2025-05-21 15:00:42,CSI_DATA,STA,D8:B1:90:DB:E8:90,-50,11,1,7,0,0,1,0,0,0,1,-95,0,2,0,3969772377,0,110,0,0,85574.5,256,[110 96 6 0 -25 0 -24 0 -24 0 -23 1 -22 1 -21 2 -21 2 -21 3 -20 3 -20 3 -19 3 -19 4 -18 4 -18 4 -18 4 -17 4 -17 4 -16 3 -16 3 -15 3 -14 3 -14 3 -14 2 -13 2 -13 1 0 0 0 0 0 0 0 0 0 0 0 0 0 0 0 0 0 0 0 0 0 0 -18 4 -19 2 -19 1 -20 1 -20 0 -21 0 -21 -1 -22 -1 -22 -2 -23 -2 -24 -2 -24 -2 -24 -2 -23 -3 -24 -3 -24 -2 -24 -2 -24 -2 -24 -2 -25 -2 -25 -1 -25 -1 -26 -1 -25 0 -25 0 -24 0 ]
2025-05-21 15:00:43,CSI_DATA,STA,D8:B1:90:DB:E8:90,-41,11,1,7,0,0,1,1,1,0,1,-95,0,2,0,3970273755,0,110,0,0,85575,384,[110 96 6 0 -6 -26 -7 -26 -6 -24 -8 -21 -9 -18 -10 -14 -12 -9 -15 -5 -17 0 -19 5 -21 9 -23 13 -25 16 -26 18 -27 20 -27 21 -27 22 -27 21 -25 20 -24 19 -22 17 -19 15 -16 14 -14 11 -11 8 0 0 0 0 0 0 0 0 0 0 0 0 0 0 0 0 0 0 0 0 0 0 -21 5 -18 2 -15 1 -11 1 -7 1 -2 4 2 7 6 11 9 15 12 20 13 24 14 28 13 31 12 32 10 32 7 31 5 29 2 25 0 21 -2 16 -5 10 -5 3 -7 -2 -8 -8 -8 -14 -7 -19 ]
2025-05-21 15:00:45,CSI_DATA,STA,D8:B1:90:DB:E8:90,-41,11,1,7,0,0,1,0,0,0,1,-95,0,2,0,3972280729,0,110,0,0,85577,256,[110 96 6 0 24 0 24 0 23 0 24 -1 24 -1 23 -2 23 -2 23 -3 22 -4 22 -4 22 -4 21 -4 21 -4 21 -5 21 -4 21 -4 21 -4 20 -4 20 -3 19 -3 19 -3 19 -2 19 -2 19 -1 19 0 0 0 0 0 0 0 0 0 0 0 0 0 0 0 0 0 0 0 0 0 0 0 20 -4 21 -3 21 -1 21 -1 21 0 22 0 23 1 23 1 23 1 24 2 23 3 24 4 24 4 24 3 23 4 23 3 23 3 23 3 23 3 23 3 24 2 24 2 24 1 24 1 24 1 26 1 ]
2025-05-21 15:00:46,CSI_DATA,STA,D8:B1:90:DB:E8:90,-42,11,1,7,0,0,1,1,1,0,1,-95,0,2,0,3972783617,0,110,0,0,85577.5,384,[110 96 6 0 -24 17 -23 17 -21 16 -18 15 -14 14 -9 12 -4 10 2 8 7 5 13 2 18 0 22 -3 26 -6 28 -8 31 -10 32 -12 32 -13 31 -13 29 -14 27 -13 24 -13 20 -12 17 -10 14 -8 10 -6 0 0 0 0 0 0 0 0 0 0 0 0 0 0 0 0 0 0 0 0 0 0 -14 19 -14 16 -13 13 -11 10 -7 6 -2 4 4 1 9 -2 15 -3 21 -5 27 -5 31 -5 34 -5 36 -5 36 -4 35 -3 33 -1 29 0 25 1 20 3 14 6 8 8 2 10 -5 12 -11 14 -16 16 ]
2025-05-21 15:00:46,CSI_DATA,STA,D8:B1:90:DB:E8:90,-42,11,1,7,0,0,1,1,1,0,1,-95,0,2,0,3973284185,0,110,0,0,85578,384,[110 96 6 0 -27 -3 -26 -3 -24 -2 -21 -1 -18 1 -15 3 -11 6 -7 9 -2 12 2 14 6 18 9 21 11 23 14 25 15 25 16 27 17 26 16 25 16 24 15 22 14 20 12 17 11 15 9 12 7 9 0 0 0 0 0 0 0 0 0 0 0 0 0 0 0 0 0 0 0 0 0 0 -3 20 -5 17 -5 14 -4 11 -2 7 1 3 5 1 9 -2 14 -4 19 -5 23 -5 27 -4 29 -3 30 -2 29 -1 28 1 25 3 21 4 17 4 12 5 6 5 0 5 -6 5 -12 4 -17 2 -21 1 ]
2025-05-21 15:00:47,CSI_DATA,STA,D8:B1:90:DB:E8:90,-41,11,1,5,0,0,1,0,0,0,1,-95,0,2,0,3974789454,0,110,0,0,85579.5,256,[110 96 6 0 6 25 7 25 6 24 6 22 8 19 9 14 10 10 12 5 14 1 15 -4 16 -9 17 -12 18 -16 18 -19 19 -22 19 -23 19 -24 18 -23 16 -23 16 -22 14 -20 12 -16 11 -14 9 -11 8 -8 0 0 0 0 0 0 0 0 0 0 0 0 0 0 0 0 0 0 0 0 0 0 19 7 18 8 14 7 11 6 8 3 5 -1 3 -5 1 -10 -1 -15 -1 -21 -1 -24 0 -28 1 -31 2 -32 3 -33 6 -30 6 -28 7 -24 8 -21 9 -15 10 -10 10 -4 9 2 9 8 9 14 9 18 ]
2025-05-21 15:00:49,CSI_DATA,STA,D8:B1:90:DB:E8:90,-42,11,1,7,0,0,1,0,0,0,1,-95,0,2,0,3976292495,0,110,0,0,85581,256,[110 96 6 0 0 26 0 25 1 25 1 25 2 24 2 24 3 24 3 23 4 23 4 23 5 22 4 23 4 23 5 24 5 23 5 24 4 23 4 23 4 23 3 23 2 24 2 24 1 23 0 23 -2 23 0 0 0 0 0 0 0 0 0 0 0 0 0 0 0 0 0 0 0 0 0 0 0 19 -1 19 -3 19 -3 19 -4 20 -4 20 -5 20 -5 21 -5 22 -6 22 -5 22 -6 23 -6 23 -5 23 -5 22 -5 23 -5 23 -4 23 -5 24 -4 24 -3 25 -3 25 -2 25 -2 25 -1 26 -1 25 ]
2025-05-21 15:00:51,CSI_DATA,STA,D8:B1:90:DB:E8:90,-41,11,1,6,0,0,1,0,0,0,1,-95,0,2,0,3978300236,0,110,0,0,85583,256,[110 96 6 0 13 19 13 18 14 17 13 15 13 12 14 9 14 4 14 0 15 -5 15 -9 14 -14 14 -19 14 -22 15 -26 14 -29 15 -31 14 -31 14 -32 14 -31 13 -29 12 -28 12 -25 11 -22 10 -18 9 -14 0 0 0 0 0 0 0 0 0 0 0 0 0 0 0 0 0 0 0 0 0 0 16 -9 15 -7 14 -5 10 -4 7 -3 2 -4 -2 -5 -6 -7 -11 -11 -15 -14 -17 -18 -19 -22 -20 -24 -19 -26 -18 -28 -16 -28 -14 -27 -11 -25 -8 -22 -5 -18 -1 -14 2 -9 5 -4 8 1 10 6 11 11 ]
2025-05-21 15:00:51,CSI_DATA,STA,D8:B1:90:DB:E8:90,-42,11,1,7,0,0,1,0,0,0,0,-95,0,2,0,3978797396,0,110,0,0,85583.5,256,[110 96 6 0 -21 14 -21 15 -19 14 -17 15 -14 15 -10 15 -6 15 -1 16 4 16 9 16 14 16 19 17 23 17 26 17 29 17 31 18 33 18 33 18 32 17 31 17 28 16 25 15 22 14 19 13 14 12 0 0 0 0 0 0 0 0 0 0 0 0 0 0 0 0 0 0 0 0 0 0 13 14 10 14 7 13 5 10 4 6 4 1 4 -4 6 -9 8 -14 11 -18 14 -22 18 -24 21 -25 23 -25 25 -24 25 -21 25 -19 23 -15 21 -12 17 -8 13 -3 8 1 3 4 -3 7 -8 10 -13 12 ]
2025-05-21 15:00:52,CSI_DATA,STA,D8:B1:90:DB:E8:90,-42,11,1,6,0,0,1,0,0,0,1,-95,0,2,0,3979299784,0,110,0,0,85584,256,[110 96 6 0 23 -6 23 -6 22 -7 20 -8 17 -9 14 -11 10 -13 5 -15 1 -17 -4 -19 -8 -21 -12 -23 -16 -25 -19 -26 -22 -27 -24 -28 -24 -28 -24 -29 -24 -28 -23 -27 -21 -26 -19 -24 -16 -22 -12 -20 -9 -17 0 0 0 0 0 0 0 0 0 0 0 0 0 0 0 0 0 0 0 0 0 0 -4 -19 -2 -17 -1 -15 -1 -12 -2 -8 -4 -4 -7 0 -11 4 -15 6 -19 8 -24 10 -28 10 -31 9 -33 8 -33 6 -32 4 -30 2 -27 0 -23 -1 -18 -3 -13 -5 -7 -6 -1 -7 5 -7 10 -7 15
2025-05-21 15:00:54,CSI_DATA,STA,D8:B1:90:DB:E8:90,-42,11,1,6,0,0,1,0,0,0,1,-95,0,2,0,3981306848,0,110,0,0,85586,256,[110 96 6 0 26 -11 26 -10 24 -10 21 -10 16 -11 11 -12 5 -12 -1 -12 -7 -12 -13 -12 -19 -12 -24 -11 -29 -10 -32 -9 -35 -8 -36 -7 -37 -6 -36 -5 -34 -4 -32 -3 -29 -2 -25 -2 -21 -1 -17 -1 -13 -2 0 0 0 0 0 0 0 0 0 0 0 0 0 0 0 0 0 0 0 0 0 0 16 -13 15 -10 12 -7 9 -5 4 -3 -1 -2 -7 -1 -13 -1 -19 -1 -24 -3 -29 -4 -33 -6 -36 -8 -37 -9 -37 -10 -34 -11 -32 -12 -27 -12 -23 -13 -17 -13 -11 -13 -4 -13 2 -13 9
2025-05-21 15:00:56,CSI_DATA,STA,D8:B1:90:DB:E8:90,-42,11,1,6,0,0,1,0,0,0,1,-95,0,2,0,3983324509,0,110,0,0,85588.1,256,[110 96 6 0 28 -9 28 -9 25 -9 21 -10 16 -9 10 -8 4 -7 -2 -5 -8 -3 -13 0 -19 5 -23 9 -26 12 -28 16 -29 20 -29 21 -28 23 -27 24 -24 24 -22 23 -19 20 -16 18 -14 15 -12 11 -10 7 0 0 0 0 0 0 0 0 0 0 0 0 0 0 0 0 0 0 0 0 0 0 13 20 10 19 7 16 6 13 3 8 1 3 -1 -3 -3 -8 -5 -14 -7 -20 -9 -25 -11 -30 -12 -33 -13 -35 -13 -35 -13 -34 -12 -33 -10 -31 -8 -29 -4 -26 0 -23 5 -20 10 -17 14 -15 19 -12 25 -11 ]
2025-05-21 15:00:56,CSI_DATA,STA,D8:B1:90:DB:E8:90,-42,11,1,7,0,0,1,1,1,0,1,-95,0,2,0,3983825643,0,110,0,0,85588.6,384,[110 96 6 0 -29 15 -28 15 -25 15 -20 14 -16 12 -10 10 -5 7 1 3 5 -2 10 -8 13 -13 16 -18 17 -23 18 -27 18 -31 17 -33 15 -35 13 -34 11 -33 8 -31 7 -28 5 -24 4 -20 4 -15 4 -11 0 0 0 0 0 0 0 0 0 0 0 0 0 0 0 0 0 0 0 0 0 0 -13 -22 -10 -21 -8 -19 -6 -15 -3 -10 -1 -5 2 1 5 7 8 13 10 18 13 23 15 27 17 30 18 32 19 32 18 31 17 30 15 28 12 26 8 24 3 22 -2 19 -8 18 -13 17 -19 16 -23 16 ]
2025-05-21 15:01:03,CSI_DATA,STA,D8:B1:90:DB:E8:90,-41,11,1,6,0,0,1,0,0,0,1,-95,0,2,0,3989843850,0,110,0,0,85594.6,256,[110 96 6 0 23 8 22 7 23 7 22 7 23 7 22 7 22 6 22 6 22 5 22 4 22 4 22 4 22 4 22 4 22 4 23 4 22 4 22 4 21 4 20 5 20 5 20 6 19 6 19 7 19 8 0 0 0 0 0 0 0 0 0 0 0 0 0 0 0 0 0 0 0 0 0 0 19 4 18 5 18 6 18 7 19 8 18 9 19 9 19 10 20 10 20 11 20 11 20 11 21 11 20 11 20 11 21 11 21 10 22 10 21 10 21 10 22 9 22 9 22 9 22 9 23 9 23 9 ]
2025-05-21 15:01:03,CSI_DATA,STA,D8:B1:90:DB:E8:90,-42,11,1,7,0,0,1,0,0,0,1,-95,0,2,0,3990843615,0,110,0,0,85595.6,256,[110 96 6 0 29 -7 29 -7 25 -8 22 -9 16 -10 11 -12 5 -14 -1 -17 -6 -18 -12 -20 -17 -22 -21 -23 -25 -24 -26 -24 -28 -24 -29 -23 -29 -23 -28 -21 -26 -19 -25 -16 -22 -14 -19 -11 -16 -9 -13 -7 -9 -5 0 0 0 0 0 0 0 0 0 0 0 0 0 0 0 0 0 0 0 0 0 0 7 -21 8 -17 7 -13 4 -10 0 -6 -5 -3 -10 -1 -16 1 -21 2 -27 2 -31 1 -35 0 -37 -2 -37 -4 -36 -6 -33 -8 -30 -9 -24 -10 -19 -12 -12 -12 -5 -13 2 -13 8 -13 15 -12
2025-05-21 15:01:04,CSI_DATA,STA,D8:B1:90:DB:E8:90,-42,11,1,7,0,0,1,0,0,0,1,-95,0,2,0,3991343721,0,110,0,0,85596.1,256,[110 96 6 0 -19 -27 -19 -25 -17 -22 -16 -18 -15 -12 -14 -6 -13 0 -12 7 -9 13 -8 19 -5 24 -3 29 -1 33 1 35 3 37 4 36 5 36 6 33 6 30 7 27 7 23 7 19 6 15 5 11 4 7 0 0 0 0 0 0 0 0 0 0 0 0 0 0 0 0 0 0 0 0 0 0 -17 -15 -13 -14 -9 -12 -7 -8 -4 -3 -2 2 0 8 1 14 2 20 2 26 1 31 0 34 -1 36 -2 37 -4 37 -5 33 -7 30 -8 26 -10 20 -11 14 -13 8 -14 1 -16 -5 -17 -12 -18 -17 -18 -23 ]
2025-05-21 15:01:09,CSI_DATA,STA,D8:B1:90:DB:E8:90,-42,11,1,7,0,0,1,0,0,0,1,-95,0,2,0,3996361390,0,110,0,0,85601.1,256,[110 96 6 0 21 24 19 23 18 21 17 17 16 12 15 6 15 0 14 -6 14 -12 13 -18 13 -24 12 -28 12 -32 12 -35 11 -36 11 -37 11 -36 10 -35 8 -33 7 -30 5 -27 4 -23 2 -20 1 -16 -1 -12 0 0 0 0 0 0 0 0 0 0 0 0 0 0 0 0 0 0 0 0 0 0 18 -11 16 -8 13 -6 8 -4 3 -4 -2 -5 -8 -7 -13 -10 -18 -13 -22 -17 -24 -21 -25 -25 -25 -27 -24 -29 -21 -29 -18 -29 -14 -27 -10 -24 -5 -20 0 -15 4 -10 9 -4 12 2 16 8 18 14 20 19 ]
2025-05-21 15:01:10,CSI_DATA,STA,D8:B1:90:DB:E8:90,-42,11,1,7,0,0,1,0,0,0,1,-95,0,2,0,3996897884,0,110,0,0,85601.6,256,[110 96 6 0 -23 17 -22 16 -19 15 -15 14 -11 13 -6 12 0 11 5 10 11 9 16 7 21 6 25 6 28 4 31 4 32 3 33 2 32 1 31 0 29 -1 26 -2 24 -2 20 -3 17 -4 14 -4 10 -4 0 0 0 0 0 0 0 0 0 0 0 0 0 0 0 0 0 0 0 0 0 0 0 19 -2 16 -3 12 -2 8 0 4 2 -1 5 -6 9 -10 14 -13 17 -16 21 -17 25 -18 27 -17 28 -16 28 -14 27 -11 25 -8 22 -5 18 -2 13 1 8 5 2 8 -3 11 -8 13 -13 15 -17 17 ]
2025-05-21 15:01:10,CSI_DATA,STA,D8:B1:90:DB:E8:90,-41,11,1,7,0,0,1,0,0,0,1,-95,0,2,0,3997444645,0,100,0,0,85602.2,256,[100 -64 5 0 -10 -24 -10 -24 -10 -23 -11 -23 -11 -22 -11 -21 -12 -21 -12 -20 -12 -20 -13 -20 -13 -19 -14 -19 -14 -18 -14 -18 -14 -18 -14 -19 -13 -19 -13 -19 -12 -19 -12 -19 -11 -19 -11 -19 -10 -19 -9 -19 -8 -20 0 0 0 0 0 0 0 0 0 0 0 0 0 0 0 0 0 0 0 0 0 0 -10 -17 -9 -18 -8 -19 -8 -19 -7 -20 -7 -20 -7 -21 -7 -21 -7 -22 -7 -22 -6 -23 -6 -23 -6 -23 -6 -23 -6 -23 -7 -23 -7 -23 -7 -23 -8 -23 -8 -2
2025-05-21 15:01:15,CSI_DATA,STA,D8:B1:90:DB:E8:90,-42,11,1,7,0,0,1,0,0,0,1,-95,0,2,0,4001883974,0,110,0,0,85606.6,256,[110 96 6 0 -4 24 -4 24 -3 23 -2 23 -2 22 -2 22 -1 21 -1 22 -1 21 0 21 0 21 0 22 0 22 1 22 1 22 0 22 0 21 0 21 -1 20 -1 20 -1 20 -2 19 -2 19 -3 19 -4 19 0 0 0 0 0 0 0 0 0 0 0 0 0 0 0 0 0 0 0 0 0 0 -1 19 -2 19 -3 20 -4 20 -5 20 -5 21 -6 20 -7 21 -7 21 -8 21 -7 22 -7 22 -7 22 -7 22 -7 22 -7 23 -7 23 -7 23 -6 22 -6 23 -5 23 -5 23 -5 24 -4 24 -4 24 -4 24 ]
2025-05-21 15:01:17,CSI_DATA,STA,D8:B1:90:DB:E8:90,-41,11,1,7,0,0,1,0,0,0,1,-95,0,2,0,4003904130,0,110,0,0,85608.6,256,[110 96 6 0 3 -23 2 -23 2 -23 2 -23 1 -22 1 -22 0 -22 -1 -21 -1 -21 -2 -21 -2 -21 -2 -21 -3 -21 -3 -21 -3 -21 -2 -21 -2 -21 -2 -21 -2 -20 -1 -20 -1 -19 -1 -19 0 -19 1 -19 2 -19 0 0 0 0 0 0 0 0 0 0 0 0 0 0 0 0 0 0 0 0 0 0 0 -19 1 -19 2 -19 2 -19 3 -19 4 -19 4 -20 5 -20 5 -21 6 -21 6 -21 6 -21 7 -21 6 -21 6 -22 6 -22 6 -22 6 -23 5 -22 4 -22 4 -22 4 -23 4 -23 4 -24 3 -24 3 -23 ]
2025-05-21 15:01:20,CSI_DATA,STA,D8:B1:90:DB:E8:90,-42,11,1,7,0,0,1,0,0,0,1,-95,0,2,0,4007413355,0,110,0,0,85612.2,256,[110 96 6 0 -14 -20 -14 -20 -15 -19 -14 -19 -15 -18 -15 -18 -15 -17 -16 -18 -17 -18 -17 -17 -18 -17 -17 -17 -17 -16 -17 -16 -17 -16 -17 -17 -17 -16 -17 -17 -16 -17 -16 -17 -15 -18 -15 -18 -15 -18 -14 -19 -12 -19 0 0 0 0 0 0 0 0 0 0 0 0 0 0 0 0 0 0 0 0 0 0 -13 -14 -11 -15 -10 -16 -10 -16 -9 -17 -9 -17 -9 -18 -9 -19 -9 -19 -9 -20 -10 -20 -9 -21 -9 -21 -9 -21 -9 -20 -10 -21 -10 -20 -10 -21 -11
2025-05-21 15:01:23,CSI_DATA,STA,D8:B1:90:DB:E8:90,-42,11,1,7,0,0,1,0,0,0,1,-95,0,2,0,4009920953,0,110,0,0,85614.7,256,[110 96 6 0 -6 23 -5 23 -5 23 -4 23 -3 23 -3 23 -2 23 -2 23 -1 23 -1 22 0 22 -1 22 -1 22 0 22 0 22 -1 23 -1 22 -1 22 -1 22 -2 22 -3 21 -3 21 -4 21 -5 21 -6 21 0 0 0 0 0 0 0 0 0 0 0 0 0 0 0 0 0 0 0 0 0 0 -2 18 -3 18 -4 18 -5 18 -5 19 -6 19 -6 20 -7 20 -7 20 -8 21 -8 21 -8 21 -8 21 -8 21 -9 21 -9 21 -9 21 -8 22 -7 21 -7 22 -6 22 -6 22 -6 23 -6 23 -6 23 -6 23 ]
2025-05-21 15:01:29,CSI_DATA,STA,D8:B1:90:DB:E8:90,-54,11,1,7,0,0,1,0,0,0,1,-95,0,2,0,4015947936,0,110,0,0,85620.7,256,[110 96 6 0 9 -7 9 -7 8 -6 -16 -1 -18 -1 -18 -1 -18 -1 -23 -13 -25 -12 -26 -11 -27 -10 -32 -10 -33 -8 -34 -9 -35 -7 -44 -6 -44 -5 -43 -5 -44 -4 -42 0 -41 0 -41 0 -41 -1 -40 0 -39 -2 0 0 0 0 0 0 0 0 0 0 0 0 0 0 0 0 0 0 0 0 0 0 -33 -5 -33 -6 -22 -3 -22 -3 -22 -3 -23 -2 -19 -15 -19 -15 -19 -15 -20 -15 23 1 23 0 23 -1 22 -1 7 -2 8 -3 8 -3 8 -3 -10 -2 -10 -2 -9 -1 -8 -1 -3 -4 -2 -3 -1 -3 4 -2 ]
2025-05-21 15:01:29,CSI_DATA,STA,D8:B1:90:DB:E8:90,-41,11,1,7,0,0,1,1,1,0,1,-95,0,2,0,4016448270,0,110,0,0,85621.2,384,[110 96 6 0 6 -34 6 -33 5 -31 3 -28 1 -24 -3 -19 -5 -14 -9 -9 -12 -3 -14 3 -16 9 -17 15 -18 19 -19 23 -19 26 -19 28 -18 29 -17 28 -15 27 -13 25 -11 23 -9 20 -7 16 -5 12 -3 8 0 0 0 0 0 0 0 0 0 0 0 0 0 0 0 0 0 0 0 0 0 0 2 -25 4 -22 5 -19 4 -15 2 -10 -1 -5 -4 0 -8 5 -12 10 -17 14 -21 17 -25 19 -27 21 -29 21 -29 20 -30 19 -28 16 -27 13 -24 9 -21 5 -17 -1 -14 -6 -10 -12 -6 -17 -2 -23 1 -27 ]
2025-05-21 15:01:30,CSI_DATA,STA,D8:B1:90:DB:E8:90,-42,11,1,7,0,0,1,1,1,0,1,-95,0,2,0,4017448239,0,110,0,0,85622.2,384,[110 96 6 0 1 -32 1 -34 1 -33 0 -32 -1 -30 -3 -26 -5 -22 -7 -17 -8 -11 -9 -5 -10 1 -10 7 -10 13 -9 18 -8 23 -8 27 -7 29 -6 30 -5 30 -4 30 -4 29 -3 26 -3 22 -4 19 -5 15 0 0 0 0 0 0 0 0 0 0 0 0 0 0 0 0 0 0 0 0 0 0 8 -27 10 -25 11 -22 10 -19 8 -15 6 -11 2 -7 -2 -2 -7 2 -11 6 -16 10 -20 13 -24 15 -27 17 -29 18 -29 18 -29 17 -27 15 -26 13 -23 9 -20 5 -17 0 -14 -5 -10 -10 -7 -16 -4 -21 ]
2025-05-21 15:01:31,CSI_DATA,STA,D8:B1:90:DB:E8:90,-44,11,1,7,0,0,1,0,0,0,1,-95,0,2,0,4017947524,0,110,0,0,85622.7,256,[110 96 6 0 -12 20 -12 20 -11 20 -10 20 -10 20 -9 20 -9 20 -8 20 -8 21 -7 21 -6 21 -8 21 -8 21 -7 22 -7 22 -8 21 -8 21 -9 21 -9 21 -10 20 -10 20 -10 19 -10 19 -12 19 -13 18 0 0 0 0 0 0 0 0 0 0 0 0 0 0 0 0 0 0 0 0 0 0 -9 15 -11 14 -12 14 -12 14 -13 14 -14 14 -14 14 -14 14 -14 14 -15 14 -16 15 -16 15 -16 15 -16 15 -16 15 -16 15 -16 16 -15 16 -15 17 -15 17 -14 18 -14 18 -14 18 -13 19 -13 19 -13
2025-05-21 15:01:38,CSI_DATA,STA,D8:B1:90:DB:E8:90,-44,11,1,7,0,0,1,0,0,0,1,-95,0,2,0,4025513396,0,110,0,0,85630.3,256,[110 96 6 0 -23 8 -23 9 -22 9 -21 9 -21 10 -21 11 -20 11 -20 12 -20 12 -19 12 -19 13 -20 13 -20 13 -20 14 -20 14 -21 14 -20 14 -21 14 -21 14 -21 14 -21 13 -21 13 -22 12 -23 11 -24 10 0 0 0 0 0 0 0 0 0 0 0 0 0 0 0 0 0 0 0 0 0 0 -18 9 -18 8 -19 6 -20 5 -21 5 -21 4 -22 4 -22 4 -23 3 -23 3 -24 3 -24 3 -24 2 -25 2 -23 2 -24 3 -23 3 -23 3 -24 3 -23 4 -24 5 -24 5 -24 6 -24 6 -24 6 -23 7 ]
2025-05-21 15:01:41,CSI_DATA,STA,D8:B1:90:DB:E8:90,-45,11,1,7,0,0,1,0,0,0,1,-95,0,2,0,4028003913,0,110,0,0,85632.7,256,[110 96 6 0 20 -6 20 -6 19 -7 19 -7 19 -8 19 -9 19 -9 18 -10 17 -11 17 -11 17 -12 18 -12 18 -12 18 -12 18 -12 18 -12 19 -12 19 -12 19 -12 19 -11 19 -11 19 -10 19 -10 20 -9 21 -7 0 0 0 0 0 0 0 0 0 0 0 0 0 0 0 0 0 0 0 0 0 0 14 -7 15 -6 15 -5 16 -4 16 -3 17 -3 17 -3 18 -3 18 -2 19 -2 18 -1 19 -1 19 -1 19 -1 19 -1 19 -1 19 -2 19 -2 19 -3 19 -3 20 -3 20 -4 20 -4 20 -4 20 -4 20 -5 ]
2025-05-21 15:01:41,CSI_DATA,STA,D8:B1:90:DB:E8:90,-45,11,1,7,0,0,1,1,1,0,1,-95,0,2,0,4028504384,0,110,0,0,85633.2,384,[110 96 6 0 8 26 8 28 9 27 9 26 10 25 11 22 12 18 13 13 15 9 17 3 18 -2 19 -7 20 -12 21 -17 22 -21 22 -24 23 -27 22 -28 22 -29 21 -29 20 -28 19 -26 18 -24 17 -20 15 -16 0 0 0 0 0 0 0 0 0 0 0 0 0 0 0 0 0 0 0 0 0 0 25 4 23 8 20 9 17 10 14 9 10 7 7 4 3 0 0 -5 -2 -10 -3 -16 -3 -21 -3 -25 -2 -28 0 -30 1 -31 3 -31 5 -29 6 -26 7 -22 9 -17 10 -11 10 -5 10 1 11 7 10 13 ]
2025-05-21 15:01:42,CSI_DATA,STA,D8:B1:90:DB:E8:90,-45,11,1,7,0,0,1,1,1,0,1,-95,0,2,0,4029004364,0,110,0,0,85633.7,384,[110 96 6 0 -26 9 -27 9 -27 9 -26 9 -24 10 -21 10 -17 11 -13 13 -9 14 -4 15 1 17 6 18 10 19 14 20 18 21 21 22 23 22 24 22 24 22 24 21 23 20 22 19 19 17 17 16 13 14 0 0 0 0 0 0 0 0 0 0 0 0 0 0 0 0 0 0 0 0 0 0 4 23 1 23 -2 21 -3 19 -4 16 -3 12 -2 8 1 4 5 0 9 -3 13 -6 18 -7 21 -8 25 -8 26 -7 27 -5 27 -4 26 -2 23 0 19 2 15 4 9 6 4 7 -2 8 -8 9 -14 9 ]
2025-05-21 15:01:44,CSI_DATA,STA,D8:B1:90:DB:E8:90,-45,11,1,7,0,0,1,0,0,0,1,-95,0,2,0,4031022768,0,110,0,0,85635.8,256,[110 96 6 0 -13 -23 -14 -22 -14 -21 -14 -22 -15 -20 -15 -20 -16 -20 -16 -19 -17 -19 -17 -19 -18 -18 -18 -19 -19 -19 -20 -18 -20 -18 -20 -20 -19 -20 -19 -20 -19 -20 -19 -20 -18 -20 -18 -21 -17 -21 -16 -23 -15 -24 0 0 0 0 0 0 0 0 0 0 0 0 0 0 0 0 0 0 0 0 0 0 -12 -17 -11 -18 -9 -20 -9 -20 -9 -21 -9 -21 -9 -22 -8 -23 -8 -24 -8 -24 -7 -25 -7 -25 -7 -25 -7 -25 -6 -25 -7 -25 -7 -24 -7 -25 -8 -24 -8
2025-05-21 15:01:45,CSI_DATA,STA,D8:B1:90:DB:E8:90,-45,11,1,7,0,0,1,1,1,0,1,-95,0,2,0,4032025283,0,110,0,0,85636.8,384,[110 96 6 0 22 -12 24 -12 24 -12 24 -12 22 -13 20 -14 16 -15 13 -17 8 -17 4 -19 -1 -20 -6 -22 -11 -23 -14 -23 -18 -24 -21 -25 -23 -26 -25 -26 -26 -26 -26 -26 -25 -25 -23 -24 -21 -23 -18 -22 -14 -20 0 0 0 0 0 0 0 0 0 0 0 0 0 0 0 0 0 0 0 0 0 0 -9 -23 -5 -24 -2 -23 0 -21 1 -17 1 -13 0 -9 -2 -5 -5 0 -9 3 -13 6 -18 8 -22 9 -26 9 -28 9 -29 7 -29 5 -27 3 -25 0 -22 -2 -18 -4 -12 -6 -7 -8 -1 -9 5 -10
2025-05-21 15:01:45,CSI_DATA,STA,D8:B1:90:DB:E8:90,-46,11,1,7,0,0,1,1,1,0,1,-95,0,2,0,4032524339,0,110,0,0,85637.3,384,[110 96 6 0 -24 10 -25 10 -25 10 -25 11 -23 12 -20 13 -16 14 -12 15 -8 15 -2 16 3 16 9 17 14 16 18 16 22 16 26 15 29 15 31 14 32 13 32 13 31 12 30 11 27 11 25 11 20 11 0 0 0 0 0 0 0 0 0 0 0 0 0 0 0 0 0 0 0 0 0 0 -11 22 -14 19 -16 16 -16 13 -14 10 -11 7 -7 4 -3 2 3 0 8 -1 14 -1 19 -1 23 0 26 1 28 2 28 4 28 6 27 7 24 8 20 9 16 10 10 10 5 11 -1 11 -7 11 -13 11 ]
2025-05-21 15:01:52,CSI_DATA,STA,D8:B1:90:DB:E8:90,-44,11,1,7,0,0,1,0,0,0,1,-95,0,2,0,4039542722,0,110,0,0,85644.3,256,[110 96 6 0 13 -21 12 -21 11 -21 11 -21 9 -21 9 -21 8 -22 8 -22 7 -22 7 -23 6 -23 6 -24 5 -24 6 -25 6 -25 6 -25 6 -25 6 -24 7 -24 8 -23 8 -23 9 -23 9 -23 11 -23 12 -22 0 0 0 0 0 0 0 0 0 0 0 0 0 0 0 0 0 0 0 0 0 0 8 -18 9 -17 10 -17 10 -17 11 -17 12 -17 12 -17 13 -17 14 -17 14 -18 15 -17 15 -17 15 -17 15 -17 15 -18 15 -19 15 -19 15 -19 14 -19 14 -19 13 -20 13 -21 14 -20 14 -20 14 -21 13 -21 ]
2025-05-21 15:01:55,CSI_DATA,STA,D8:B1:90:DB:E8:90,-44,11,1,7,0,0,1,0,0,0,1,-95,0,2,0,4042075244,0,110,0,0,85646.8,256,[110 96 6 0 -14 19 -14 20 -13 20 -13 20 -12 20 -11 21 -11 21 -10 21 -9 22 -9 22 -8 22 -8 23 -8 23 -8 24 -8 24 -9 24 -9 24 -9 23 -10 23 -11 23 -11 23 -11 23 -11 23 -13 22 -14 21 0 0 0 0 0 0 0 0 0 0 0 0 0 0 0 0 0 0 0 0 0 0 -9 17 -10 16 -11 16 -12 16 -13 16 -14 16 -14 17 -15 17 -16 17 -16 17 -16 17 -16 17 -17 17 -17 17 -16 16 -17 17 -17 17 -16 17 -16 17 -16 17 -16 17 -16 18 -15 19 -15 19 -15 20
2025-05-21 15:01:57,CSI_DATA,STA,D8:B1:90:DB:E8:90,-45,11,1,7,0,0,1,0,0,0,1,-95,0,2,0,4044082711,0,110,0,0,85648.8,256,[110 96 6 0 -3 23 -2 23 -1 22 -1 22 0 22 1 22 2 22 2 22 3 22 3 22 4 22 3 23 3 23 4 23 4 23 3 24 3 24 3 24 3 23 2 23 2 23 1 23 0 24 -1 24 -2 24 0 0 0 0 0 0 0 0 0 0 0 0 0 0 0 0 0 0 0 0 0 0 0 18 -1 18 -3 18 -3 18 -4 19 -4 19 -4 19 -5 20 -5 20 -5 20 -6 21 -6 21 -6 22 -7 22 -6 21 -6 21 -5 22 -5 22 -5 21 -5 21 -4 22 -4 22 -4 22 -4 22 -3 22 -2 23 ]
2025-05-21 15:01:59,CSI_DATA,STA,D8:B1:90:DB:E8:90,-45,11,1,7,0,0,1,0,0,0,1,-95,0,2,0,4046083015,0,110,0,0,85650.8,256,[110 96 6 0 4 -23 3 -24 3 -23 3 -22 2 -22 1 -23 1 -22 0 -23 -1 -23 -2 -23 -2 -24 -3 -24 -3 -24 -3 -24 -3 -25 -2 -25 -1 -25 -1 -25 -1 -25 0 -25 0 -25 0 -24 0 -24 1 -25 3 -25 0 0 0 0 0 0 0 0 0 0 0 0 0 0 0 0 0 0 0 0 0 0 1 -18 3 -19 4 -19 5 -20 6 -19 7 -20 6 -20 7 -21 8 -21 8 -21 8 -21 8 -22 8 -22 8 -22 8 -22 8 -21 8 -22 7 -22 8 -22 8 -22 7 -22 7 -23 6 -21 6 -22 6 -23 5 -24 ]
2025-05-21 15:02:00,CSI_DATA,STA,D8:B1:90:DB:E8:90,-45,11,1,7,0,0,1,1,1,0,1,-95,0,2,0,4047085536,0,110,0,0,85651.8,384,[110 96 6 0 1 -26 2 -27 2 -27 2 -27 0 -25 -2 -23 -4 -21 -7 -18 -10 -15 -13 -11 -16 -7 -19 -3 -22 1 -24 4 -27 7 -28 9 -29 11 -30 12 -29 13 -29 13 -28 12 -26 11 -24 10 -22 8 -19 5 0 0 0 0 0 0 0 0 0 0 0 0 0 0 0 0 0 0 0 0 0 0 -23 -10 -20 -13 -18 -14 -15 -14 -12 -13 -9 -11 -7 -7 -5 -3 -4 2 -4 7 -4 12 -5 16 -6 20 -9 22 -10 24 -12 24 -13 23 -14 21 -14 18 -14 14 -13 10 -12 5 -11 0 -9 -6 -7 -11 -4 -1
2025-05-21 15:02:03,CSI_DATA,STA,D8:B1:90:DB:E8:90,-44,11,1,7,0,0,1,0,0,0,1,-95,0,2,0,4050593506,0,110,0,0,85655.3,256,[110 96 6 0 10 21 10 21 11 20 11 18 12 18 12 17 13 17 13 17 14 17 14 17 15 17 14 18 14 18 15 18 15 18 15 19 15 18 15 18 15 19 15 19 14 19 13 20 13 20 12 21 10 22 0 0 0 0 0 0 0 0 0 0 0 0 0 0 0 0 0 0 0 0 0 0 11 15 9 16 7 17 7 17 7 18 6 18 7 20 7 20 7 21 6 22 5 22 5 22 5 23 5 23 5 22 5 22 5 22 6 22 7 21 8 21 9 21 9 21 9 21 9 22 9 21 10 21 ]
2025-05-21 15:02:04,CSI_DATA,STA,D8:B1:90:DB:E8:90,-46,11,1,7,0,0,1,1,1,0,1,-95,0,2,0,4051097753,0,110,0,0,85655.8,384,[110 96 6 0 -6 -28 -5 -30 -5 -30 -5 -29 -6 -27 -8 -25 -9 -22 -12 -18 -13 -14 -16 -10 -18 -4 -20 0 -22 5 -24 9 -26 13 -27 16 -28 18 -28 20 -28 21 -28 20 -27 20 -25 18 -24 16 -22 13 -19 10 0 0 0 0 0 0 0 0 0 0 0 0 0 0 0 0 0 0 0 0 0 0 -26 -3 -25 -7 -23 -9 -20 -10 -17 -10 -13 -8 -9 -6 -6 -2 -3 3 -1 8 0 13 0 18 0 22 -1 25 -2 28 -4 29 -6 28 -7 26 -8 23 -9 19 -10 14 -10 8 -11 3 -10 -3 -9 -10 -8 -16
2025-05-21 15:02:06,CSI_DATA,STA,D8:B1:90:DB:E8:90,-45,11,1,7,0,0,1,0,0,0,1,-95,0,2,0,4053102423,0,110,0,0,85657.8,256,[110 96 6 0 11 -21 11 -22 10 -21 9 -21 8 -21 8 -22 7 -21 7 -22 6 -22 5 -22 4 -23 4 -22 4 -22 4 -23 4 -23 4 -23 4 -23 4 -23 4 -22 4 -22 4 -22 5 -21 5 -21 7 -21 8 -21 0 0 0 0 0 0 0 0 0 0 0 0 0 0 0 0 0 0 0 0 0 0 6 -19 7 -19 7 -19 8 -19 9 -19 10 -19 10 -20 12 -20 12 -20 13 -21 13 -20 14 -20 14 -20 14 -20 13 -20 13 -20 13 -20 13 -20 13 -21 12 -21 12 -21 13 -22 12 -22 12 -22 12 -22 12 -22 ]
2025-05-21 15:02:06,CSI_DATA,STA,D8:B1:90:DB:E8:90,-46,11,1,7,0,0,1,1,1,0,1,-95,0,2,0,4053604442,0,110,0,0,85658.3,384,[110 96 6 0 14 26 14 28 14 28 13 28 13 25 13 21 13 16 13 11 12 5 12 0 11 -7 10 -12 9 -18 8 -22 7 -27 6 -29 5 -32 4 -33 3 -33 2 -32 1 -30 0 -27 -1 -24 -1 -21 -1 -17 0 0 0 0 0 0 0 0 0 0 0 0 0 0 0 0 0 0 0 0 0 0 22 12 20 15 17 16 15 16 12 15 10 13 7 9 5 4 3 -1 2 -6 2 -12 2 -17 2 -22 3 -26 4 -28 5 -29 6 -30 8 -28 9 -26 10 -22 12 -17 13 -11 13 -6 14 0 15 7 15 13 ]
2025-05-21 15:02:12,CSI_DATA,STA,D8:B1:90:DB:E8:90,-46,11,1,7,0,0,1,0,0,0,1,-95,0,2,0,4059163681,0,110,0,0,85663.9,256,[110 96 6 0 -24 4 -24 4 -24 5 -23 5 -22 6 -22 6 -22 7 -21 7 -21 7 -21 8 -21 8 -21 8 -22 8 -22 9 -22 9 -23 9 -23 9 -23 9 -23 8 -23 8 -23 7 -24 6 -24 6 -23 5 -24 3 0 0 0 0 0 0 0 0 0 0 0 0 0 0 0 0 0 0 0 0 0 0 -19 5 -19 4 -20 3 -20 2 -21 2 -21 1 -21 2 -21 1 -22 1 -22 0 -23 0 -24 -1 -24 -1 -24 -1 -23 0 -24 0 -24 1 -24 1 -23 0 -24 1 -24 2 -24 2 -24 2 -25 2 -25 3 -24 4 ]
2025-05-21 15:02:12,CSI_DATA,STA,D8:B1:90:DB:E8:90,-46,11,1,7,0,0,1,1,1,0,1,-95,0,2,0,4059666272,0,110,0,0,85664.4,384,[110 96 6 0 -27 -14 -28 -16 -27 -17 -26 -16 -24 -13 -23 -11 -20 -7 -19 -2 -16 2 -14 7 -12 13 -11 18 -9 23 -8 27 -7 31 -6 33 -5 35 -5 35 -4 35 -4 34 -3 32 -2 30 -2 27 -2 24 -1 21 0 0 0 0 0 0 0 0 0 0 0 0 0 0 0 0 0 0 0 0 0 0 -2 26 -6 25 -9 24 -11 21 -11 18 -10 14 -7 11 -4 7 1 5 7 3 12 2 18 3 23 4 26 5 28 7 28 9 28 11 25 12 22 12 18 13 12 12 7 10 0 8 -6 5 -12 1 -17 -3 ]
2025-05-21 15:02:13,CSI_DATA,STA,D8:B1:90:DB:E8:90,-46,11,1,7,0,0,1,1,1,0,1,-95,0,2,0,4060664392,0,110,0,0,85665.4,384,[110 96 6 0 17 24 17 25 16 25 15 24 15 21 14 18 14 14 14 9 13 3 13 -2 12 -8 12 -14 11 -19 11 -23 10 -26 10 -30 9 -31 9 -32 8 -33 6 -32 4 -31 4 -29 3 -27 2 -24 2 -21 0 0 0 0 0 0 0 0 0 0 0 0 0 0 0 0 0 0 0 0 0 0 21 -16 23 -12 24 -9 23 -6 21 -3 18 -2 13 -1 9 -2 3 -3 -2 -6 -7 -9 -11 -13 -14 -17 -16 -20 -16 -23 -16 -25 -14 -25 -12 -26 -9 -24 -6 -21 -3 -18 2 -13 5 -8 9 -2 12 4 14 10 ]
2025-05-21 15:02:14,CSI_DATA,STA,D8:B1:90:DB:E8:90,-47,11,1,7,0,0,1,0,0,0,1,-95,0,2,0,4061163620,0,110,0,0,85665.9,256,[110 96 6 0 -7 23 -6 22 -6 22 -5 21 -5 21 -4 21 -3 21 -3 21 -2 21 -1 21 -1 21 0 22 0 22 0 22 0 22 0 23 0 23 0 23 0 23 -2 23 -2 23 -2 23 -3 23 -3 23 -5 23 0 0 0 0 0 0 0 0 0 0 0 0 0 0 0 0 0 0 0 0 0 0 -5 19 -6 19 -9 18 -10 18 -10 18 -11 18 -10 19 -11 19 -11 19 -12 20 -12 20 -13 19 -13 20 -13 20 -12 19 -12 20 -12 20 -11 20 -11 21 -10 21 -10 22 -10 22 -9 22 -8 22 -8 22 -8 22 ]
2025-05-21 15:02:25,CSI_DATA,STA,D8:B1:90:DB:E8:90,-40,11,1,7,0,0,1,0,0,0,1,-95,0,2,0,4072201611,0,110,0,0,85676.9,256,[110 96 6 0 -23 -2 -22 -2 -22 -1 -22 -1 -22 0 -20 1 -20 1 -20 1 -20 2 -20 2 -20 3 -20 3 -20 3 -20 4 -19 3 -19 3 -19 4 -19 3 -18 3 -18 3 -18 2 -18 2 -18 1 -18 0 -18 -1 0 0 0 0 0 0 0 0 0 0 0 0 0 0 0 0 0 0 0 0 0 0 -19 2 -19 0 -21 -1 -21 -1 -21 -2 -21 -3 -22 -3 -23 -3 -23 -4 -23 -5 -22 -5 -23 -6 -23 -5 -23 -6 -23 -6 -24 -6 -23 -5 -23 -5 -23 -4 -23 -5 -23 -3 -23 -4 -22 -3 -23 -2 -23 -3 -23 -2 ]
2025-05-21 15:02:25,CSI_DATA,STA,D8:B1:90:DB:E8:90,-41,11,1,7,0,0,1,1,1,0,1,-95,0,2,0,4072702314,0,110,0,0,85677.4,384,[110 96 6 0 -2 31 -2 29 -1 28 0 25 2 20 4 16 4 10 6 5 7 -1 7 -7 7 -13 6 -18 5 -22 4 -26 3 -29 1 -30 -1 -31 -3 -30 -3 -29 -4 -27 -4 -24 -5 -21 -5 -17 -4 -13 -3 -10 0 0 0 0 0 0 0 0 0 0 0 0 0 0 0 0 0 0 0 0 0 0 -10 21 -11 18 -10 14 -9 10 -7 6 -4 3 0 -1 4 -6 8 -11 12 -15 16 -17 20 -18 22 -20 24 -21 24 -21 24 -19 22 -17 21 -15 18 -11 16 -7 13 -1 10 4 8 10 5 15 3 19 0 24 ]
2025-05-21 15:02:28,CSI_DATA,STA,D8:B1:90:DB:E8:90,-42,11,1,7,0,0,1,0,0,0,1,-95,0,2,0,4075709577,0,110,0,0,85680.4,256,[110 96 6 0 13 20 14 19 14 18 14 18 15 17 15 17 15 16 14 16 14 16 14 15 15 15 15 15 15 14 16 14 15 14 15 15 14 14 14 14 14 14 14 14 13 14 13 14 12 14 11 16 10 16 0 0 0 0 0 0 0 0 0 0 0 0 0 0 0 0 0 0 0 0 0 0 14 15 12 16 12 17 11 18 11 19 11 19 11 20 11 20 10 21 10 22 10 22 10 23 9 23 9 23 10 21 10 21 9 21 10 21 11 21 11 20 12 20 12 21 13 21 13 21 13 21 14 20 ]
2025-05-21 15:02:29,CSI_DATA,STA,D8:B1:90:DB:E8:90,-41,11,1,7,0,0,1,1,1,0,1,-95,0,2,0,4076209243,0,110,0,0,85680.9,384,[110 96 6 0 -22 -11 -23 -12 -23 -13 -23 -12 -22 -11 -21 -8 -20 -5 -19 -1 -17 3 -16 7 -15 12 -14 16 -12 20 -11 23 -11 26 -11 29 -10 30 -11 31 -10 31 -10 30 -10 29 -10 26 -11 24 -11 20 -11 16 0 0 0 0 0 0 0 0 0 0 0 0 0 0 0 0 0 0 0 0 0 0 -7 21 -9 20 -9 18 -8 16 -6 14 -3 12 0 10 5 9 10 9 15 9 20 11 24 13 27 14 29 16 29 18 28 19 27 20 24 20 21 20 16 18 11 16 6 13 1 10 -5 7 -9 3 -14 -1 ]
2025-05-21 15:02:29,CSI_DATA,STA,D8:B1:90:DB:E8:90,-41,11,1,7,0,0,1,1,1,0,1,-95,0,2,0,4076709109,0,110,0,0,85681.4,384,[110 96 6 0 -15 -17 -16 -19 -15 -19 -15 -18 -15 -16 -15 -14 -15 -10 -15 -6 -15 -3 -15 2 -15 7 -15 11 -15 15 -15 18 -15 22 -16 24 -16 25 -16 26 -16 26 -16 25 -15 24 -15 22 -14 19 -14 16 -13 12 0 0 0 0 0 0 0 0 0 0 0 0 0 0 0 0 0 0 0 0 0 0 -18 11 -18 9 -17 7 -15 6 -12 6 -9 6 -5 7 -1 9 3 12 7 15 10 19 12 22 14 25 14 27 14 29 13 29 11 29 9 28 7 26 4 23 1 19 -2 14 -5 9 -8 4 -11 -1 -13 -7 ]
2025-05-21 15:02:30,CSI_DATA,STA,D8:B1:90:DB:E8:90,-41,11,1,7,0,0,1,0,0,0,1,-95,0,2,0,4077208656,0,110,0,0,85681.9,256,[110 96 6 0 17 -18 17 -18 17 -18 16 -18 15 -18 15 -18 14 -18 13 -18 13 -18 12 -19 11 -19 12 -20 11 -20 11 -20 12 -20 11 -19 12 -19 11 -19 11 -18 11 -18 11 -17 11 -17 12 -17 13 -16 15 -16 0 0 0 0 0 0 0 0 0 0 0 0 0 0 0 0 0 0 0 0 0 0 12 -17 13 -16 14 -14 15 -14 16 -14 17 -13 18 -13 18 -13 19 -13 19 -13 20 -13 20 -12 20 -12 20 -12 20 -13 19 -13 19 -13 19 -14 19 -15 19 -15 18 -15 19 -16 19 -17 19
2025-05-21 15:02:30,CSI_DATA,STA,D8:B1:90:DB:E8:90,-42,11,1,7,0,0,1,1,1,0,1,-95,0,2,0,4077709653,0,110,0,0,85682.4,384,[110 96 6 0 -21 -18 -21 -19 -21 -20 -20 -19 -20 -17 -20 -14 -19 -10 -18 -6 -18 -2 -17 3 -16 8 -15 12 -14 16 -14 20 -13 23 -13 26 -12 27 -12 28 -12 28 -12 27 -12 25 -12 24 -12 20 -12 16 -12 12 0 0 0 0 0 0 0 0 0 0 0 0 0 0 0 0 0 0 0 0 0 0 -22 10 -21 8 -21 6 -18 5 -15 5 -11 6 -7 8 -3 10 1 13 4 17 7 21 9 24 10 27 10 29 10 30 9 31 6 29 5 29 2 25 -1 22 -4 18 -7 14 -11 8 -14 3 -16 -3 -18 -8 ]
2025-05-21 15:02:31,CSI_DATA,STA,D8:B1:90:DB:E8:90,-42,11,1,7,0,0,1,1,1,0,1,-95,0,2,0,4078218385,0,110,0,0,85683,384,[110 96 6 0 -28 4 -30 3 -30 3 -29 3 -26 4 -23 5 -19 6 -15 8 -11 10 -6 12 -1 14 4 16 9 17 13 19 16 20 19 22 21 23 22 23 22 23 21 23 20 22 17 21 14 20 11 18 7 16 0 0 0 0 0 0 0 0 0 0 0 0 0 0 0 0 0 0 0 0 0 0 -12 23 -13 20 -13 18 -12 16 -9 14 -6 12 -2 10 3 8 9 8 14 7 19 8 23 9 27 9 29 11 30 11 30 12 28 13 26 13 23 13 18 13 13 13 8 12 1 12 -5 11 -11 10 -17 8 ]
2025-05-21 15:02:32,CSI_DATA,STA,D8:B1:90:DB:E8:90,-42,11,1,7,0,0,1,0,0,0,1,-95,0,2,0,4079216900,0,110,0,0,85684,256,[110 96 6 0 16 -22 15 -22 15 -22 14 -22 13 -22 13 -22 12 -22 12 -22 11 -22 10 -23 10 -23 10 -22 10 -22 10 -23 10 -22 10 -22 10 -22 10 -22 10 -21 10 -21 10 -21 11 -20 11 -20 12 -19 13 -19 0 0 0 0 0 0 0 0 0 0 0 0 0 0 0 0 0 0 0 0 0 0 11 -19 12 -18 13 -18 14 -18 14 -18 15 -18 15 -17 16 -17 17 -17 17 -17 18 -18 19 -17 19 -17 19 -18 18 -18 18 -18 18 -19 18 -19 17 -19 16 -19 16 -20 17 -21 16 -21 16 -
2025-05-21 15:02:32,CSI_DATA,STA,D8:B1:90:DB:E8:90,-43,11,1,7,0,0,1,1,1,0,1,-95,0,2,0,4079717399,0,110,0,0,85684.5,384,[110 96 6 0 -27 -4 -28 -5 -28 -5 -27 -4 -25 -3 -23 -1 -20 1 -16 4 -13 7 -9 10 -5 13 -1 16 3 19 6 21 9 24 11 26 12 27 13 28 13 28 12 27 10 26 8 24 6 22 3 19 0 16 0 0 0 0 0 0 0 0 0 0 0 0 0 0 0 0 0 0 0 0 0 0 -16 17 -16 15 -15 13 -13 11 -10 10 -6 9 -2 9 3 9 8 10 12 12 16 14 20 16 22 17 23 19 24 20 23 20 21 20 19 20 16 19 12 17 7 16 2 14 -3 11 -9 9 -14 6 -18 3 ]
2025-05-21 15:02:35,CSI_DATA,STA,D8:B1:90:DB:E8:90,-42,11,1,7,0,0,1,0,0,0,1,-95,0,2,0,4082718213,0,110,0,0,85687.5,256,[110 96 6 0 -14 -23 -15 -23 -14 -22 -16 -22 -16 -21 -16 -20 -16 -20 -16 -19 -17 -18 -17 -18 -18 -18 -17 -17 -18 -17 -17 -17 -18 -17 -18 -17 -18 -17 -17 -17 -17 -17 -16 -17 -16 -17 -15 -17 -15 -18 -14 -18 -13 -19 0 0 0 0 0 0 0 0 0 0 0 0 0 0 0 0 0 0 0 0 0 0 -14 -17 -13 -18 -12 -19 -11 -20 -11 -20 -11 -21 -10 -22 -10 -22 -9 -23 -9 -23 -9 -24 -8 -24 -9 -24 -9 -24 -8 -25 -8 -25 -9 -25 -9 -25 -11
2025-05-21 15:02:40,CSI_DATA,STA,D8:B1:90:DB:E8:90,-42,11,1,7,0,0,1,0,0,0,1,-95,0,2,0,4087268405,0,110,0,0,85692,256,[110 96 6 0 26 -5 26 -5 25 -6 24 -6 24 -7 24 -7 23 -8 23 -8 22 -9 22 -10 22 -10 23 -10 22 -11 22 -10 22 -10 22 -10 22 -10 22 -10 22 -10 22 -9 22 -8 22 -8 22 -7 22 -6 23 -5 0 0 0 0 0 0 0 0 0 0 0 0 0 0 0 0 0 0 0 0 0 0 20 -6 21 -5 21 -3 22 -2 22 -2 23 -1 22 0 23 -1 24 1 24 0 25 1 25 1 26 1 26 1 26 1 25 1 26 0 25 -1 26 -1 25 -1 26 -3 27 -2 25 -3 26 -4 26 -4 27 -5 ]
2025-05-21 15:02:41,CSI_DATA,STA,D8:B1:90:DB:E8:90,-42,11,1,7,0,0,1,1,1,0,1,-95,0,2,0,4088248450,0,110,0,0,85693,384,[110 96 6 0 -3 -25 -2 -25 -2 -26 -2 -25 -3 -23 -5 -21 -6 -18 -8 -14 -11 -11 -13 -7 -14 -3 -16 2 -18 5 -20 9 -21 12 -23 15 -23 16 -24 17 -24 17 -24 17 -23 16 -23 14 -21 11 -19 8 -17 5 0 0 0 0 0 0 0 0 0 0 0 0 0 0 0 0 0 0 0 0 0 0 -19 -11 -17 -12 -15 -11 -13 -10 -11 -7 -9 -4 -8 0 -8 5 -7 10 -7 15 -9 19 -10 22 -11 25 -12 27 -13 27 -14 27 -14 25 -14 24 -14 20 -14 17 -13 12 -13 7 -11 1 -10 -4 -8 -9 -
2025-05-21 15:02:43,CSI_DATA,STA,D8:B1:90:DB:E8:90,-41,11,1,7,0,0,1,0,0,0,1,-95,0,2,0,4090263701,0,110,0,0,85695,256,[110 96 6 0 18 -15 17 -16 17 -16 18 -16 17 -16 17 -16 16 -16 16 -17 16 -17 15 -17 15 -17 14 -17 14 -17 14 -18 14 -18 14 -18 14 -17 14 -17 14 -17 14 -16 14 -16 14 -15 15 -15 15 -14 16 -13 0 0 0 0 0 0 0 0 0 0 0 0 0 0 0 0 0 0 0 0 0 0 13 -14 14 -13 14 -12 15 -12 15 -12 16 -12 17 -12 18 -12 18 -12 19 -11 20 -11 20 -11 20 -11 20 -11 19 -12 19 -12 19 -12 19 -13 19 -13 19 -14 19 -14 19 -15 19 -15 19 -
2025-05-21 15:02:44,CSI_DATA,STA,D8:B1:90:DB:E8:90,-41,11,1,7,0,0,1,1,1,0,1,-95,0,2,0,4091764320,0,110,0,0,85696.5,384,[110 96 6 0 4 -30 5 -31 6 -31 5 -30 4 -28 1 -25 -1 -21 -5 -18 -8 -13 -11 -8 -15 -4 -19 1 -22 5 -25 9 -28 12 -31 15 -31 16 -33 17 -32 17 -32 16 -30 14 -28 12 -26 9 -23 6 -18 2 0 0 0 0 0 0 0 0 0 0 0 0 0 0 0 0 0 0 0 0 0 0 -20 -18 -17 -19 -15 -19 -13 -16 -12 -13 -11 -8 -10 -3 -11 3 -12 9 -13 14 -15 19 -17 24 -18 27 -20 29 -21 29 -22 29 -22 27 -22 25 -21 21 -19 17 -18 12 -15 6 -13 0 -10 -6 -7 -12
2025-05-21 15:02:45,CSI_DATA,STA,D8:B1:90:DB:E8:90,-41,11,1,7,0,0,1,0,0,0,1,-95,0,2,0,4092763451,0,110,0,0,85697.5,256,[110 96 6 0 -26 7 -26 8 -25 8 -25 9 -24 9 -24 10 -23 10 -23 10 -23 11 -23 11 -23 11 -22 11 -22 12 -22 12 -22 12 -22 12 -22 12 -22 11 -21 11 -21 9 -21 9 -21 8 -21 7 -22 6 -22 4 0 0 0 0 0 0 0 0 0 0 0 0 0 0 0 0 0 0 0 0 0 0 -20 7 -21 6 -21 5 -22 4 -22 4 -23 3 -23 4 -24 3 -24 3 -25 3 -25 2 -25 2 -25 1 -25 1 -25 2 -26 2 -25 3 -25 4 -26 4 -26 5 -26 5 -26 6 -26 6 -26 6 -26 7 -26 7 ]
2025-05-21 15:02:48,CSI_DATA,STA,D8:B1:90:DB:E8:90,-41,11,1,7,0,0,1,0,0,0,1,-95,0,2,0,4095284975,0,110,0,0,85700,256,[110 96 6 0 9 21 9 21 9 20 9 19 10 19 10 18 11 18 10 17 10 17 10 17 11 16 11 17 11 17 12 17 12 17 12 17 11 17 11 17 11 17 10 16 10 16 9 16 9 17 8 17 7 18 0 0 0 0 0 0 0 0 0 0 0 0 0 0 0 0 0 0 0 0 0 0 8 15 7 16 6 17 5 18 5 18 4 18 4 19 4 19 4 20 4 20 3 20 3 21 3 21 3 21 4 21 4 21 4 21 5 21 5 20 5 20 6 20 7 21 7 21 7 21 8 21 8 21 ]
2025-05-21 15:02:50,CSI_DATA,STA,D8:B1:90:DB:E8:90,-41,11,1,7,0,0,1,0,0,0,1,-95,0,2,0,4097292300,0,110,0,0,85702,256,[110 96 6 0 9 22 9 22 10 21 10 21 11 21 11 20 11 20 11 19 11 18 11 18 12 18 12 18 13 18 13 18 13 18 12 18 12 18 12 18 12 17 11 17 11 17 10 17 9 18 9 18 7 19 0 0 0 0 0 0 0 0 0 0 0 0 0 0 0 0 0 0 0 0 0 0 10 17 8 18 7 18 7 19 6 19 6 20 6 21 6 21 6 22 5 22 5 22 5 22 5 22 5 22 5 23 5 22 5 23 5 22 6 23 7 23 7 22 8 23 8 22 9 23 9 23 9 23 ]
2025-05-21 15:02:50,CSI_DATA,STA,D8:B1:90:DB:E8:90,-42,11,1,7,0,0,1,1,1,0,1,-95,0,2,0,4097791329,0,110,0,0,85702.5,384,[110 96 6 0 -19 28 -20 29 -19 28 -17 27 -14 25 -11 22 -6 18 -2 14 2 9 7 4 11 -2 14 -7 17 -12 20 -17 22 -22 23 -25 23 -26 23 -28 22 -28 21 -27 19 -25 17 -22 15 -19 14 -15 11 -10 0 0 0 0 0 0 0 0 0 0 0 0 0 0 0 0 0 0 0 0 0 0 -21 19 -21 17 -20 14 -17 12 -13 10 -8 7 -3 6 3 3 10 2 16 1 22 0 27 0 32 -1 35 -1 36 -1 37 -1 35 -1 33 1 30 2 26 4 21 7 15 10 9 13 3 16 -3 20 -9 23 ]
2025-05-21 15:02:52,CSI_DATA,STA,D8:B1:90:DB:E8:90,-50,11,1,7,0,0,1,0,0,0,1,-95,0,2,0,4099297091,0,110,0,0,85704,256,[110 96 6 0 -13 17 -12 17 -11 16 -10 16 -9 16 -9 15 -8 16 -7 15 -6 15 -6 15 -5 15 -4 15 -4 15 -3 14 -3 14 -2 14 -2 14 -2 14 -1 13 -1 13 -1 13 -1 13 -1 13 -1 13 -2 13 0 0 0 0 0 0 0 0 0 0 0 0 0 0 0 0 0 0 0 0 0 0 19 -24 21 -23 26 -34 28 -34 30 -34 31 -34 -15 18 -15 18 -16 18 -17 18 -18 18 -18 17 -18 17 -18 17 -18 17 -17 17 -17 17 -17 17 -16 17 -16 17 -16 18 -16 18 -15 18 -15 18 -15 18 -14 18 ]
2025-05-21 15:02:53,CSI_DATA,STA,D8:B1:90:DB:E8:90,-42,11,1,7,0,0,1,1,1,0,1,-95,0,2,0,4100797574,0,110,0,0,85705.5,384,[110 96 6 0 -12 -28 -11 -30 -11 -29 -11 -28 -11 -25 -12 -22 -13 -17 -14 -13 -15 -7 -17 -2 -18 4 -21 9 -22 14 -24 17 -25 21 -26 24 -27 25 -27 26 -27 25 -27 24 -26 22 -24 19 -22 16 -20 12 -17 8 0 0 0 0 0 0 0 0 0 0 0 0 0 0 0 0 0 0 0 0 0 0 -26 9 -25 6 -23 4 -20 4 -16 5 -12 6 -8 9 -3 13 0 17 5 22 7 26 9 31 9 34 9 37 8 38 6 38 4 37 3 34 1 30 -2 26 -4 20 -6 13 -8 7 -10 0 -11 -7 -12 -14 ]
2025-05-21 15:02:54,CSI_DATA,STA,D8:B1:90:DB:E8:90,-41,11,1,7,0,0,1,0,0,0,1,-95,0,2,0,4101296572,0,110,0,0,85706,256,[110 96 6 0 15 19 15 18 16 18 16 17 16 17 16 16 17 15 17 15 18 14 17 13 18 13 18 13 18 12 19 12 18 12 19 13 18 12 18 12 17 12 16 13 16 12 16 13 15 13 15 14 14 15 0 0 0 0 0 0 0 0 0 0 0 0 0 0 0 0 0 0 0 0 0 0 15 13 14 14 13 15 13 15 13 16 12 16 13 17 13 18 12 19 13 20 12 20 12 20 12 20 12 20 11 20 12 21 12 20 12 20 13 20 14 20 14 20 15 20 14 20 15 20 15 20 15 19 ]
2025-05-21 15:03:00,CSI_DATA,STA,D8:B1:90:DB:E8:90,-41,11,1,7,0,0,1,0,0,0,1,-95,0,2,0,4107314430,0,110,0,0,85712.1,256,[110 96 6 0 -24 8 -24 9 -23 9 -23 9 -22 9 -22 10 -21 10 -20 11 -20 11 -19 12 -19 12 -19 12 -19 12 -19 13 -19 13 -19 13 -19 12 -19 12 -18 12 -19 11 -18 11 -18 11 -19 10 -19 8 -20 7 0 0 0 0 0 0 0 0 0 0 0 0 0 0 0 0 0 0 0 0 0 0 -17 10 -18 9 -20 7 -20 7 -20 6 -22 6 -23 5 -23 5 -23 4 -24 4 -24 4 -24 4 -24 4 -24 4 -24 5 -24 5 -25 5 -24 5 -24 6 -24 6 -24 7 -24 7 -25 7 -25 7 -25 8 -24 8 ]
2025-05-21 15:03:01,CSI_DATA,STA,D8:B1:90:DB:E8:90,-42,11,1,7,0,0,1,1,1,0,1,-95,0,2,0,4107817285,0,110,0,0,85712.6,384,[110 96 6 0 21 16 21 17 21 18 20 17 19 14 18 11 17 7 16 3 15 -1 13 -6 12 -12 11 -16 11 -20 10 -25 10 -28 11 -31 11 -32 11 -33 11 -32 11 -31 11 -29 12 -26 12 -22 11 -18 10 -13 0 0 0 0 0 0 0 0 0 0 0 0 0 0 0 0 0 0 0 0 0 0 12 -21 13 -18 13 -17 11 -14 8 -13 4 -12 0 -11 -5 -12 -10 -13 -15 -15 -19 -17 -22 -20 -25 -22 -26 -23 -25 -24 -25 -25 -22 -25 -20 -24 -16 -22 -13 -20 -8 -17 -3 -13 2 -9 7 -4 11
2025-05-21 15:03:01,CSI_DATA,STA,D8:B1:90:DB:E8:90,-42,11,1,7,0,0,1,1,1,0,1,-95,0,2,0,4108315062,0,110,0,0,85713.1,384,[110 96 6 0 16 -18 17 -18 17 -18 16 -17 14 -17 12 -16 8 -15 4 -15 0 -14 -4 -14 -9 -14 -13 -13 -17 -13 -21 -13 -24 -13 -26 -14 -27 -14 -28 -14 -27 -15 -26 -15 -24 -15 -22 -14 -18 -14 -15 -13 -11 -12 0 0 0 0 0 0 0 0 0 0 0 0 0 0 0 0 0 0 0 0 0 0 -17 -14 -15 -14 -14 -14 -13 -12 -11 -10 -11 -6 -11 -2 -12 2 -13 7 -15 11 -17 14 -20 17 -22 18 -24 19 -25 19 -26 18 -25 16 -25 14 -22 11 -20 8 -17 4 -13
2025-05-21 15:03:02,CSI_DATA,STA,D8:B1:90:DB:E8:90,-42,11,1,7,0,0,1,1,1,0,1,-95,0,2,0,4108815937,0,110,0,0,85713.6,384,[110 96 6 0 9 25 8 27 8 27 8 25 8 23 9 20 10 16 11 11 13 6 14 1 16 -4 18 -9 20 -13 22 -16 23 -19 25 -22 25 -22 26 -23 26 -22 25 -21 24 -19 23 -17 20 -14 18 -10 15 -7 0 0 0 0 0 0 0 0 0 0 0 0 0 0 0 0 0 0 0 0 0 0 22 -9 21 -7 20 -6 17 -5 14 -6 10 -7 6 -9 2 -12 -1 -17 -5 -20 -7 -25 -8 -28 -10 -32 -9 -34 -9 -35 -7 -35 -6 -34 -4 -32 -2 -28 0 -24 3 -18 5 -13 7 -6 8 0 9 7 9 13 ]
2025-05-21 15:03:04,CSI_DATA,STA,D8:B1:90:DB:E8:90,-41,11,1,7,0,0,1,0,0,0,1,-95,0,2,0,4111352781,0,110,0,0,85716.1,256,[110 96 6 0 19 -18 17 -18 18 -19 16 -17 15 -18 15 -18 14 -18 14 -19 13 -19 12 -19 12 -20 12 -20 11 -19 11 -20 11 -19 11 -19 11 -19 11 -19 11 -18 12 -18 12 -18 12 -18 12 -17 14 -16 15 -15 0 0 0 0 0 0 0 0 0 0 0 0 0 0 0 0 0 0 0 0 0 0 13 -16 14 -15 15 -14 15 -14 16 -14 16 -13 17 -13 18 -14 19 -13 19 -13 20 -13 20 -13 20 -13 20 -13 20 -13 20 -14 19 -14 20 -15 19 -15 19 -15 19 -16 19 -17 20 -17 19
2025-05-21 15:03:04,CSI_DATA,STA,D8:B1:90:DB:E8:90,-42,11,1,7,0,0,1,1,1,0,1,-95,0,2,0,4111553368,0,100,0,0,85716.3,384,[100 -64 5 0 15 -22 17 -22 17 -22 16 -21 13 -20 10 -18 6 -17 2 -15 -3 -13 -8 -11 -13 -9 -18 -7 -22 -6 -26 -4 -30 -3 -32 -3 -33 -3 -34 -3 -33 -3 -32 -3 -30 -4 -28 -5 -24 -5 -20 -6 -15 -7 0 0 0 0 0 0 0 0 0 0 0 0 0 0 0 0 0 0 0 0 0 0 -13 -20 -11 -20 -9 -19 -8 -16 -8 -13 -8 -8 -9 -3 -11 1 -13 6 -17 10 -20 14 -23 16 -26 18 -28 19 -28 19 -29 19 -29 16 -27 14 -25 11 -22 7 -18 3 -14 -1 -9 -6 -4 -10 1
2025-05-21 15:03:06,CSI_DATA,STA,D8:B1:90:DB:E8:90,-41,11,1,7,0,0,1,0,0,0,1,-95,0,2,0,4113364079,0,110,0,0,85718.1,256,[110 96 6 0 -15 -21 -16 -21 -15 -20 -16 -19 -16 -18 -17 -18 -16 -17 -17 -17 -17 -16 -18 -16 -18 -15 -18 -15 -18 -15 -17 -15 -18 -15 -18 -15 -18 -15 -17 -15 -17 -15 -17 -15 -16 -15 -16 -15 -16 -16 -15 -17 -14 -18 0 0 0 0 0 0 0 0 0 0 0 0 0 0 0 0 0 0 0 0 0 0 -14 -15 -13 -17 -13 -18 -13 -19 -13 -19 -13 -20 -12 -20 -12 -21 -12 -21 -12 -22 -12 -22 -12 -22 -12 -22 -12 -22 -11 -23 -11 -23 -12 -23 -1
2025-05-21 15:03:07,CSI_DATA,STA,D8:B1:90:DB:E8:90,-41,11,1,7,0,0,1,1,1,0,1,-95,0,2,0,4114363124,0,110,0,0,85719.1,384,[110 96 6 0 -22 8 -24 9 -23 8 -23 8 -21 9 -18 9 -14 10 -11 11 -6 12 -2 13 2 15 7 16 11 18 14 18 18 20 19 21 21 22 21 22 21 22 20 22 19 21 16 20 14 19 11 17 7 15 0 0 0 0 0 0 0 0 0 0 0 0 0 0 0 0 0 0 0 0 0 0 7 20 5 20 3 18 3 16 4 12 5 9 7 5 11 1 15 -2 18 -5 23 -7 27 -8 30 -9 32 -9 33 -8 33 -7 32 -5 30 -4 27 -2 23 0 18 2 12 4 7 6 1 7 -5 8 -11 8 ]
2025-05-21 15:03:11,CSI_DATA,STA,D8:B1:90:DB:E8:90,-42,11,1,7,0,0,1,0,0,0,1,-95,0,2,0,4117878485,0,110,0,0,85722.6,256,[110 96 6 0 17 14 17 14 17 13 17 13 17 13 17 12 17 12 17 11 17 10 18 10 18 10 17 9 17 9 17 9 18 9 18 9 18 9 17 9 17 9 16 10 16 10 16 10 15 10 15 11 14 12 0 0 0 0 0 0 0 0 0 0 0 0 0 0 0 0 0 0 0 0 0 0 15 11 14 12 14 12 13 13 13 14 13 14 13 15 13 15 13 16 13 16 13 17 13 17 13 17 13 17 13 16 13 16 13 16 13 16 14 16 14 16 15 15 15 15 16 15 16 15 16 15 17 15 ]
2025-05-21 15:03:13,CSI_DATA,STA,D8:B1:90:DB:E8:90,-41,11,1,7,0,0,1,0,0,0,1,-95,0,2,0,4119886735,0,110,0,0,85724.6,256,[110 96 6 0 -16 20 -15 20 -14 20 -14 19 -13 20 -12 20 -12 20 -12 19 -11 19 -11 20 -10 20 -10 20 -10 20 -10 20 -10 20 -10 20 -10 20 -10 19 -10 19 -10 19 -10 18 -10 18 -11 18 -12 17 -13 17 0 0 0 0 0 0 0 0 0 0 0 0 0 0 0 0 0 0 0 0 0 0 -10 17 -11 16 -12 16 -13 15 -14 15 -14 15 -15 16 -16 16 -16 16 -17 16 -17 16 -17 16 -17 16 -17 16 -17 16 -17 16 -17 16 -16 17 -17 17 -17 17 -16 18 -16 18 -16 19 -1
2025-05-21 15:03:18,CSI_DATA,STA,D8:B1:90:DB:E8:90,-41,11,1,7,0,0,1,0,0,0,1,-95,0,2,0,4124902830,0,110,0,0,85729.6,256,[110 96 6 0 13 -21 12 -21 11 -21 12 -21 11 -21 10 -21 9 -21 9 -21 9 -21 8 -21 7 -21 7 -21 7 -22 7 -22 7 -22 7 -21 7 -21 7 -21 8 -20 7 -21 8 -21 8 -20 8 -20 9 -20 10 -19 0 0 0 0 0 0 0 0 0 0 0 0 0 0 0 0 0 0 0 0 0 0 9 -19 11 -19 11 -18 12 -18 13 -17 13 -18 14 -17 15 -18 16 -18 15 -18 16 -18 16 -18 16 -18 16 -18 17 -18 16 -18 16 -19 16 -19 16 -20 16 -19 15 -20 16 -21 14 -20 14 -20 14 -21 14 -21
2025-05-21 15:03:18,CSI_DATA,STA,D8:B1:90:DB:E8:90,-43,11,1,7,0,0,1,1,1,0,1,-95,0,2,0,4125403901,0,110,0,0,85730.1,384,[110 96 6 0 -13 29 -13 29 -12 27 -10 25 -7 22 -5 17 -3 12 -1 5 0 -1 1 -8 0 -14 -1 -20 -3 -25 -4 -29 -7 -32 -9 -33 -11 -34 -13 -32 -14 -30 -15 -27 -15 -23 -15 -19 -14 -15 -12 -11 -10 -7 0 0 0 0 0 0 0 0 0 0 0 0 0 0 0 0 0 0 0 0 0 0 -26 -3 -25 -5 -23 -7 -20 -7 -16 -6 -12 -6 -7 -5 -1 -4 5 -3 11 -2 17 -1 22 0 26 1 30 1 32 1 31 1 31 1 29 1 26 2 22 4 18 6 13 8 7 12 2 15 -3 19 -7 22 ]
