2025-05-21 14:48:25,CSI_DATA,STA,D8:B1:90:DB:E8:90,-49,11,1,7,0,0,1,1,0,0,1,-94,0,2,0,3322140546,0,110,0,0,84926.9,256,[110 96 6 0 -12 21 -12 21 -12 21 -10 21 -10 21 -9 21 -9 21 -9 22 -9 22 -8 22 -8 22 -8 24 -8 24 -9 24 -9 23 -8 24 -9 24 -9 23 -10 23 -10 22 -10 21 -10 21 -11 20 -12 20 -13 19 0 0 0 0 0 0 0 0 0 0 0 0 0 0 0 0 0 0 0 0 0 0 -9 12 -10 12 -11 11 -11 11 -11 12 -12 12 -12 12 -13 12 -13 12 -14 12 -14 14 -14 14 -14 14 -14 14 -13 15 -14 15 -13 16 -13 16 -13 17 -13 18 -13 18 -12 19 -13 19 -12 19 -12 20 -1
2025-05-21 14:48:26,CSI_DATA,STA,D8:B1:90:DB:E8:90,-50,11,1,7,0,0,1,1,0,0,1,-94,0,2,0,3322640106,0,110,0,0,84927.4,256,[110 96 6 0 -22 -11 -23 -11 -21 -10 -23 -10 -22 -9 -22 -9 -22 -9 -23 -9 -22 -8 -22 -9 -22 -9 -23 -8 -23 -8 -23 -7 -23 -8 -22 -7 -22 -7 -21 -8 -21 -8 -21 -9 -20 -10 -19 -10 -18 -10 -18 -10 -18 -11 0 0 0 0 0 0 0 0 0 0 0 0 0 0 0 0 0 0 0 0 0 0 -12 -8 -12 -8 -13 -8 -13 -9 -13 -9 -14 -10 -14 -9 -15 -10 -15 -11 -15 -11 -16 -11 -16 -11 -16 -12 -17 -12 -18 -11 -18 -11 -18 -11 -18 -11 -19 -11 -19 -10
2025-05-21 14:48:26,CSI_DATA,STA,D8:B1:90:DB:E8:90,-51,11,1,7,0,0,1,1,0,0,1,-94,0,2,0,3323141326,0,110,0,0,84927.9,256,[110 96 6 0 9 -23 9 -23 9 -22 8 -23 8 -23 8 -23 7 -23 7 -22 7 -22 6 -22 5 -22 5 -22 5 -22 5 -21 5 -21 4 -22 5 -21 5 -21 6 -21 5 -21 5 -20 5 -20 6 -19 6 -18 8 -18 0 0 0 0 0 0 0 0 0 0 0 0 0 0 0 0 0 0 0 0 0 0 5 -17 6 -17 7 -17 7 -17 8 -17 9 -18 9 -18 10 -18 11 -18 10 -18 11 -18 12 -18 12 -18 12 -19 12 -19 12 -19 11 -19 11 -20 10 -21 9 -21 9 -22 10 -22 10 -22 9 -22 10 -22 10 -24 ]
2025-05-21 14:48:27,CSI_DATA,STA,D8:B1:90:DB:E8:90,-51,11,1,7,0,0,1,1,0,0,1,-94,0,2,0,3323640059,0,110,0,0,84928.4,256,[110 96 6 0 -21 14 -20 14 -20 15 -20 15 -19 15 -19 14 -18 15 -19 16 -18 16 -18 16 -17 15 -17 16 -17 16 -17 16 -17 16 -17 17 -18 16 -18 15 -18 15 -17 15 -16 13 -16 13 -16 12 -18 11 -18 10 0 0 0 0 0 0 0 0 0 0 0 0 0 0 0 0 0 0 0 0 0 0 -13 11 -14 10 -15 10 -15 10 -16 10 -17 10 -18 11 -19 11 -19 10 -20 10 -19 11 -19 10 -19 10 -19 10 -19 11 -20 11 -19 11 -20 12 -20 12 -20 13 -20 14 -20 14 -20 15 -2
2025-05-21 14:48:27,CSI_DATA,STA,D8:B1:90:DB:E8:90,-52,11,1,7,0,0,1,1,0,0,1,-94,0,2,0,3324140178,0,110,0,0,84928.9,256,[110 96 6 0 19 -13 19 -13 19 -13 18 -14 18 -14 17 -14 17 -13 17 -14 16 -14 16 -14 15 -13 16 -15 16 -15 16 -15 16 -15 15 -15 16 -15 15 -14 15 -14 15 -14 14 -13 14 -12 14 -12 15 -12 15 -11 0 0 0 0 0 0 0 0 0 0 0 0 0 0 0 0 0 0 0 0 0 0 13 -11 14 -11 14 -11 15 -10 15 -10 17 -10 16 -10 17 -10 17 -10 18 -10 18 -10 19 -10 18 -10 19 -10 19 -10 19 -10 19 -11 19 -11 19 -12 19 -11 19 -12 20 -12 20 -13 19
2025-05-21 14:48:34,CSI_DATA,STA,D8:B1:90:DB:E8:90,-51,11,1,7,0,0,1,1,0,0,1,-94,0,2,0,3330668379,0,110,0,0,84935.4,256,[110 96 6 0 -11 -20 -12 -20 -11 -19 -13 -20 -13 -20 -13 -19 -13 -19 -13 -18 -13 -18 -13 -18 -14 -18 -14 -19 -15 -19 -14 -18 -14 -19 -14 -19 -13 -19 -13 -19 -12 -19 -12 -18 -12 -19 -11 -18 -11 -18 -9 -18 -8 -19 0 0 0 0 0 0 0 0 0 0 0 0 0 0 0 0 0 0 0 0 0 0 -7 -14 -6 -15 -7 -15 -7 -15 -6 -16 -6 -16 -6 -17 -6 -18 -5 -18 -6 -18 -5 -19 -5 -19 -5 -19 -6 -20 -7 -20 -7 -19 -7 -19 -7 -20 -8 -20 -8 -20
2025-05-21 14:48:35,CSI_DATA,STA,D8:B1:90:DB:E8:90,-51,11,1,7,0,0,1,1,0,0,1,-94,0,2,0,3331691807,0,110,0,0,84936.4,256,[110 96 6 0 -11 -23 -11 -22 -11 -21 -11 -21 -11 -21 -11 -21 -11 -20 -11 -20 -11 -20 -12 -19 -12 -19 -13 -19 -13 -19 -13 -19 -12 -19 -13 -19 -12 -18 -12 -18 -11 -18 -10 -17 -10 -17 -9 -17 -9 -17 -9 -17 -8 -17 0 0 0 0 0 0 0 0 0 0 0 0 0 0 0 0 0 0 0 0 0 0 -10 -16 -9 -16 -8 -17 -8 -17 -8 -18 -7 -18 -8 -20 -7 -20 -7 -20 -7 -21 -6 -22 -6 -21 -6 -22 -6 -22 -6 -22 -6 -22 -7 -22 -7 -22 -8 -23 -8 -22 -
2025-05-21 14:48:36,CSI_DATA,STA,D8:B1:90:DB:E8:90,-52,11,1,7,0,0,1,1,0,0,1,-94,0,2,0,3332203952,0,110,0,0,84936.9,256,[110 96 6 0 21 5 21 5 21 5 22 6 21 5 21 5 21 4 21 4 20 3 20 3 20 3 21 3 21 3 21 3 21 3 21 4 21 4 21 4 20 4 20 4 19 5 18 5 18 6 18 5 17 6 0 0 0 0 0 0 0 0 0 0 0 0 0 0 0 0 0 0 0 0 0 0 16 2 16 3 16 3 16 4 16 5 16 5 17 6 17 6 18 7 18 7 17 8 18 8 18 8 18 8 18 8 18 7 19 7 19 7 20 7 20 6 20 6 21 5 21 5 21 6 21 6 22 5 ]
2025-05-21 14:48:36,CSI_DATA,STA,D8:B1:90:DB:E8:90,-51,11,1,7,0,0,1,1,0,0,1,-94,0,2,0,3332715691,0,110,0,0,84937.5,256,[110 96 6 0 -23 -11 -23 -11 -22 -9 -23 -10 -23 -9 -23 -9 -22 -9 -24 -8 -23 -7 -24 -7 -24 -7 -24 -6 -24 -6 -23 -6 -23 -6 -23 -6 -22 -6 -22 -6 -21 -6 -21 -7 -21 -8 -20 -8 -19 -8 -19 -8 -18 -9 0 0 0 0 0 0 0 0 0 0 0 0 0 0 0 0 0 0 0 0 0 0 -17 -6 -17 -7 -16 -7 -16 -8 -16 -8 -16 -9 -17 -10 -17 -10 -17 -11 -17 -11 -17 -12 -17 -12 -17 -13 -18 -13 -19 -13 -19 -12 -19 -13 -19 -12 -20 -12 -21 -12 -21 -1
2025-05-21 14:48:37,CSI_DATA,STA,D8:B1:90:DB:E8:90,-51,11,1,7,0,0,1,1,0,0,1,-94,0,2,0,3333225289,0,110,0,0,84938,256,[110 96 6 0 -22 -13 -22 -12 -21 -11 -21 -12 -21 -11 -21 -11 -21 -10 -21 -10 -21 -9 -21 -9 -21 -9 -24 -8 -24 -8 -23 -7 -23 -8 -23 -8 -22 -8 -22 -8 -21 -9 -21 -8 -21 -9 -19 -9 -19 -9 -19 -10 -18 -11 0 0 0 0 0 0 0 0 0 0 0 0 0 0 0 0 0 0 0 0 0 0 -15 -8 -14 -9 -14 -10 -14 -11 -14 -11 -14 -12 -14 -12 -15 -13 -15 -13 -16 -14 -15 -13 -15 -13 -16 -14 -16 -14 -16 -14 -16 -14 -17 -14 -17 -14 -19 -13 -18 -
2025-05-21 14:48:38,CSI_DATA,STA,D8:B1:90:DB:E8:90,-52,11,1,7,0,0,1,1,0,0,1,-94,0,2,0,3334249126,0,110,0,0,84939,256,[110 96 6 0 -14 -20 -14 -20 -13 -18 -14 -19 -14 -19 -14 -19 -14 -18 -15 -18 -15 -17 -15 -18 -16 -18 -16 -18 -16 -18 -15 -17 -15 -18 -16 -18 -15 -17 -14 -18 -14 -18 -14 -17 -13 -18 -13 -17 -12 -18 -10 -17 -9 -18 0 0 0 0 0 0 0 0 0 0 0 0 0 0 0 0 0 0 0 0 0 0 -11 -13 -10 -14 -10 -15 -10 -15 -10 -16 -9 -17 -9 -17 -9 -18 -9 -18 -9 -19 -9 -19 -8 -20 -9 -20 -9 -20 -10 -19 -9 -19 -10 -19 -10 -20 -12 -19
2025-05-21 14:48:41,CSI_DATA,STA,D8:B1:90:DB:E8:90,-51,11,1,7,0,0,1,1,0,0,1,-94,0,2,0,3337832155,0,110,0,0,84942.6,256,[110 96 6 0 -17 -17 -17 -17 -17 -16 -18 -17 -18 -16 -18 -16 -18 -15 -19 -15 -18 -14 -19 -14 -19 -14 -20 -14 -20 -14 -20 -14 -20 -14 -19 -14 -19 -14 -18 -15 -17 -15 -18 -14 -18 -15 -17 -14 -16 -15 -15 -15 -14 -16 0 0 0 0 0 0 0 0 0 0 0 0 0 0 0 0 0 0 0 0 0 0 -11 -11 -11 -12 -11 -12 -11 -13 -11 -13 -11 -14 -11 -15 -11 -15 -11 -16 -12 -16 -11 -17 -11 -17 -12 -17 -12 -17 -12 -17 -12 -17 -12 -17 -1
2025-05-21 14:48:42,CSI_DATA,STA,D8:B1:90:DB:E8:90,-51,11,1,7,0,0,1,1,0,0,1,-94,0,2,0,3338315708,0,110,0,0,84943.1,256,[110 96 6 0 -20 -13 -21 -13 -20 -12 -20 -12 -20 -11 -20 -11 -20 -11 -21 -11 -20 -10 -21 -10 -21 -10 -21 -11 -21 -11 -21 -11 -21 -11 -21 -11 -20 -11 -20 -11 -19 -11 -20 -11 -19 -12 -18 -12 -17 -13 -17 -13 -16 -14 0 0 0 0 0 0 0 0 0 0 0 0 0 0 0 0 0 0 0 0 0 0 -13 -10 -13 -11 -13 -11 -13 -11 -13 -12 -13 -13 -13 -13 -14 -14 -13 -14 -14 -14 -14 -14 -14 -15 -14 -15 -15 -15 -16 -15 -16 -14 -16 -14 -1
2025-05-21 14:48:46,CSI_DATA,STA,D8:B1:90:DB:E8:90,-51,11,1,7,0,0,1,1,0,0,1,-94,0,2,0,3342850845,0,110,0,0,84947.6,256,[110 96 6 0 -15 -20 -15 -20 -15 -19 -16 -20 -16 -19 -16 -19 -16 -18 -16 -17 -15 -17 -15 -17 -16 -17 -17 -16 -17 -16 -16 -15 -16 -15 -17 -16 -16 -16 -15 -15 -15 -16 -14 -15 -14 -16 -13 -16 -12 -16 -11 -15 -10 -15 0 0 0 0 0 0 0 0 0 0 0 0 0 0 0 0 0 0 0 0 0 0 -12 -14 -11 -15 -10 -16 -10 -17 -10 -17 -9 -18 -10 -18 -10 -18 -10 -19 -10 -19 -11 -20 -11 -20 -11 -21 -11 -21 -10 -20 -10 -20 -11 -20 -10
2025-05-21 14:48:49,CSI_DATA,STA,D8:B1:90:DB:E8:90,-51,11,1,7,0,0,1,1,0,0,1,-94,0,2,0,3345835292,0,110,0,0,84950.6,256,[110 96 6 0 -22 -13 -21 -12 -21 -12 -21 -12 -21 -12 -21 -11 -20 -11 -21 -10 -21 -10 -21 -10 -21 -10 -21 -9 -21 -9 -22 -9 -21 -8 -22 -9 -20 -9 -21 -9 -20 -9 -20 -9 -19 -9 -19 -10 -18 -10 -17 -10 -16 -11 0 0 0 0 0 0 0 0 0 0 0 0 0 0 0 0 0 0 0 0 0 0 -16 -8 -16 -9 -16 -10 -15 -10 -17 -11 -16 -11 -16 -12 -16 -12 -16 -13 -17 -14 -16 -14 -16 -14 -16 -15 -16 -15 -16 -15 -17 -15 -17 -14 -18 -15 -18 -1
2025-05-21 14:48:52,CSI_DATA,STA,D8:B1:90:DB:E8:90,-51,11,1,7,0,0,1,1,0,0,1,-94,0,2,0,3348362965,0,110,0,0,84953.1,256,[110 96 6 0 3 -29 2 -28 2 -27 1 -27 0 -27 0 -26 0 -26 -1 -27 -1 -26 -1 -26 -2 -26 -2 -26 -2 -26 -2 -25 -2 -25 -4 -26 -3 -25 -3 -25 -2 -24 -1 -24 -1 -24 -1 -24 -1 -23 0 -22 1 -22 0 0 0 0 0 0 0 0 0 0 0 0 0 0 0 0 0 0 0 0 0 0 1 -22 3 -24 2 -22 5 -23 1 -22 3 -23 1 -25 3 -25 6 -25 3 -26 6 -25 6 -23 5 -25 5 -24 4 -28 6 -26 6 -28 4 -24 4 -26 3 -24 3 -27 3 -26 4 -28 3 -27 2 -27 4 -29 ]
2025-05-21 14:48:56,CSI_DATA,STA,D8:B1:90:DB:E8:90,-51,11,1,7,0,0,1,1,0,0,1,-94,0,2,0,3352874586,0,110,0,0,84957.6,256,[110 96 6 0 17 17 17 17 17 16 18 16 18 15 18 15 18 14 18 14 18 14 18 14 18 14 19 14 19 14 19 13 19 13 19 14 18 14 17 13 17 13 16 13 16 14 14 14 14 15 14 15 13 15 0 0 0 0 0 0 0 0 0 0 0 0 0 0 0 0 0 0 0 0 0 0 13 11 12 12 12 12 12 13 12 13 12 14 12 15 12 16 12 16 12 17 12 17 12 17 12 17 13 17 13 17 13 17 13 17 14 16 15 17 15 17 15 17 16 17 16 17 17 17 17 18 16 17 ]
2025-05-21 14:49:05,CSI_DATA,STA,D8:B1:90:DB:E8:90,-51,11,1,7,0,0,1,1,0,0,1,-94,0,2,0,3361940188,0,110,0,0,84966.7,256,[110 96 6 0 -18 -18 -18 -18 -17 -18 -18 -18 -17 -17 -18 -17 -18 -17 -18 -17 -17 -16 -18 -16 -18 -16 -19 -16 -19 -15 -19 -15 -19 -15 -18 -16 -18 -15 -17 -15 -17 -15 -17 -15 -16 -15 -15 -15 -14 -16 -14 -16 -13 -16 0 0 0 0 0 0 0 0 0 0 0 0 0 0 0 0 0 0 0 0 0 0 -13 -11 -12 -11 -12 -13 -12 -13 -12 -14 -12 -14 -12 -15 -12 -15 -12 -16 -12 -17 -12 -17 -12 -17 -12 -17 -12 -17 -13 -18 -13 -17 -13 -17 -1
2025-05-21 14:49:06,CSI_DATA,STA,D8:B1:90:DB:E8:90,-52,11,1,7,0,0,1,1,0,0,1,-94,0,2,0,3362440106,0,110,0,0,84967.2,256,[110 96 6 0 -23 -4 -24 -4 -23 -3 -24 -3 -23 -3 -23 -2 -23 -2 -24 -1 -23 -1 -23 0 -23 -1 -24 0 -24 0 -24 0 -24 0 -23 0 -23 0 -22 -1 -22 -1 -22 -1 -21 -2 -21 -2 -20 -3 -21 -3 -21 -4 0 0 0 0 0 0 0 0 0 0 0 0 0 0 0 0 0 0 0 0 0 0 -17 -2 -17 -3 -17 -3 -18 -4 -18 -4 -18 -4 -18 -4 -18 -5 -19 -5 -19 -6 -19 -6 -19 -6 -19 -7 -20 -7 -21 -5 -20 -5 -20 -5 -20 -5 -21 -5 -22 -5 -22 -4 -22 -4 -23 -3 -23 -4 -2
2025-05-21 14:49:06,CSI_DATA,STA,D8:B1:90:DB:E8:90,-52,11,1,5,0,0,1,1,1,0,0,-94,0,2,0,3362942460,0,110,0,0,84967.7,384,[110 96 6 0 -37 -21 -39 -19 -40 -19 -40 -18 -39 -18 -38 -18 -34 -18 -30 -17 -25 -17 -20 -17 -15 -16 -9 -15 -3 -13 2 -11 7 -8 11 -6 13 -2 14 1 13 2 12 4 10 4 7 4 5 2 1 0 -1 -3 0 0 0 0 0 0 0 0 0 0 0 0 0 0 0 0 0 0 0 0 0 0 -17 5 -15 2 -14 0 -11 -2 -10 -4 -8 -6 -6 -8 -5 -10 -4 -12 -3 -15 -2 -18 -1 -21 -1 -23 -1 -26 -1 -27 -2 -29 -3 -30 -5 -32 -7 -33 -9 -33 -12 -33 -15 -32 -18 -30 -21 -29 -24 -27
2025-05-21 14:49:07,CSI_DATA,STA,D8:B1:90:DB:E8:90,-52,11,1,6,0,0,1,0,0,0,1,-94,0,2,0,3363442243,0,110,0,0,84968.2,256,[110 96 6 0 32 14 34 12 34 11 35 12 33 11 31 11 29 11 25 12 22 11 17 12 13 12 8 11 3 11 -1 9 -5 7 -8 6 -10 3 -11 1 -11 -1 -10 -2 -9 -3 -6 -2 -4 -2 -1 0 1 2 0 0 0 0 0 0 0 0 0 0 0 0 0 0 0 0 0 0 0 0 0 0 13 -6 13 -4 11 -2 10 0 9 2 8 4 6 6 6 7 5 10 4 12 3 14 2 17 2 18 3 21 3 22 4 23 5 24 6 24 8 25 10 25 12 25 15 23 17 22 20 21 23 20 24 18 ]
2025-05-21 14:49:16,CSI_DATA,STA,D8:B1:90:DB:E8:90,-51,11,1,7,0,0,1,0,0,0,0,-94,0,2,0,3372961119,0,110,0,0,84977.7,256,[110 96 6 0 -20 16 -20 16 -19 16 -19 17 -19 17 -18 17 -18 17 -19 18 -19 18 -18 18 -18 18 -18 19 -18 19 -18 18 -18 18 -18 18 -18 18 -19 17 -18 17 -18 17 -17 16 -17 15 -18 14 -19 14 -20 13 0 0 0 0 0 0 0 0 0 0 0 0 0 0 0 0 0 0 0 0 0 0 -13 11 -13 11 -14 10 -14 10 -14 9 -16 10 -16 10 -17 10 -17 10 -18 9 -18 10 -18 9 -18 9 -18 9 -19 11 -19 11 -19 11 -18 12 -19 12 -19 13 -19 13 -19 13 -20 14 -20 14
2025-05-21 14:49:17,CSI_DATA,STA,D8:B1:90:DB:E8:90,-51,11,1,6,0,0,1,0,0,0,1,-94,0,2,0,3373459553,0,110,0,0,84978.2,256,[110 96 6 0 -16 -17 -17 -16 -16 -16 -17 -17 -17 -16 -18 -16 -17 -15 -18 -14 -18 -14 -19 -14 -19 -14 -19 -14 -19 -13 -19 -13 -19 -13 -19 -14 -18 -14 -18 -15 -17 -14 -17 -15 -16 -15 -15 -15 -15 -15 -14 -15 -13 -15 0 0 0 0 0 0 0 0 0 0 0 0 0 0 0 0 0 0 0 0 0 0 -11 -10 -10 -11 -10 -12 -10 -12 -10 -13 -10 -13 -10 -14 -10 -14 -10 -15 -11 -15 -10 -16 -10 -16 -11 -16 -11 -16 -11 -16 -12 -16 -12 -15 -1
2025-05-21 14:49:19,CSI_DATA,STA,D8:B1:90:DB:E8:90,-60,11,1,5,0,0,1,0,0,0,1,-94,0,2,0,3375469503,0,110,0,0,84980.2,256,[110 96 6 0 -6 -20 -9 -18 -12 -16 -1 -17 -4 -17 -7 -15 -9 -13 1 -8 0 -8 -1 -7 -2 -6 -2 0 -2 1 -2 1 -2 1 -10 8 -9 9 -7 8 -6 8 8 -27 5 -26 1 -26 -1 -25 33 -7 32 -10 0 0 0 0 0 0 0 0 0 0 0 0 0 0 0 0 0 0 0 0 0 0 31 0 32 -3 23 3 23 0 24 -3 24 -6 7 10 9 9 10 8 11 7 12 6 12 4 13 2 13 0 26 2 26 -2 26 -6 24 -10 18 32 24 29 28 26 33 22 16 8 16 7 19 4 4 -9 ]
2025-05-21 14:49:22,CSI_DATA,STA,D8:B1:90:DB:E8:90,-52,11,1,6,0,0,1,0,0,0,1,-94,0,2,0,3378976735,0,110,0,0,84983.7,256,[110 96 6 0 -5 -39 -7 -40 -7 -41 -9 -40 -9 -39 -9 -38 -7 -35 -6 -33 -5 -29 -3 -24 -1 -20 0 -15 3 -10 5 -5 6 0 5 4 5 8 4 10 3 11 1 12 -2 11 -4 9 -5 7 -6 4 -8 -1 0 0 0 0 0 0 0 0 0 0 0 0 0 0 0 0 0 0 0 0 0 0 -5 -19 -3 -18 -1 -16 1 -15 2 -13 4 -11 6 -8 8 -7 9 -4 11 -2 13 0 15 1 16 2 17 2 17 2 17 2 17 0 17 -2 16 -5 14 -7 13 -11 11 -15 9 -18 5 -22 4 -27 2 -30 ]
2025-05-21 14:49:23,CSI_DATA,STA,D8:B1:90:DB:E8:90,-52,11,1,6,0,0,1,0,0,0,1,-94,0,2,0,3379991625,0,110,0,0,84984.7,256,[110 96 6 0 -25 32 -24 34 -24 36 -23 35 -21 35 -22 33 -20 30 -20 27 -19 23 -17 18 -16 13 -14 8 -11 3 -9 -2 -6 -5 -3 -9 -1 -11 2 -11 4 -11 6 -10 7 -8 7 -5 6 -2 4 2 1 5 0 0 0 0 0 0 0 0 0 0 0 0 0 0 0 0 0 0 0 0 0 0 -8 16 -8 15 -9 12 -10 10 -10 8 -10 5 -11 3 -12 0 -13 -3 -14 -6 -14 -9 -15 -11 -15 -13 -17 -14 -17 -14 -19 -13 -20 -12 -21 -11 -21 -8 -22 -5 -23 -1 -23 3 -24 7 -24 11 -24 15 -25 20 ]
2025-05-21 14:49:26,CSI_DATA,STA,D8:B1:90:DB:E8:90,-52,11,1,6,0,0,1,0,0,0,1,-94,0,2,0,3383001230,0,110,0,0,84987.7,256,[110 96 6 0 34 -30 33 -31 33 -32 32 -32 31 -31 30 -29 29 -26 27 -23 25 -19 22 -14 20 -8 16 -3 13 1 9 5 5 8 1 11 -2 12 -5 11 -7 10 -8 8 -8 6 -7 4 -4 1 -1 -1 3 -3 0 0 0 0 0 0 0 0 0 0 0 0 0 0 0 0 0 0 0 0 0 0 4 -20 6 -18 7 -15 8 -11 8 -9 9 -6 10 -2 10 0 11 3 13 5 13 7 15 9 16 9 18 10 19 10 21 9 22 7 24 6 25 4 27 1 28 -2 30 -6 31 -10 32 -13 33 -17 34 -21 ]
2025-05-21 14:49:27,CSI_DATA,STA,D8:B1:90:DB:E8:90,-52,11,1,7,0,0,1,0,0,0,1,-94,0,2,0,3383508461,0,110,0,0,84988.2,256,[110 96 6 0 -40 4 -39 5 -40 6 -39 6 -38 6 -36 5 -34 3 -31 2 -28 0 -24 -2 -20 -4 -15 -6 -10 -7 -6 -8 -2 -9 2 -9 5 -8 7 -7 8 -5 7 -4 7 -3 5 -1 2 -1 -1 -1 -5 -3 0 0 0 0 0 0 0 0 0 0 0 0 0 0 0 0 0 0 0 0 0 0 -11 13 -11 11 -11 8 -11 6 -10 4 -10 1 -10 -1 -9 -3 -9 -6 -9 -8 -10 -10 -10 -12 -11 -14 -12 -15 -13 -16 -14 -17 -16 -17 -17 -16 -20 -16 -21 -15 -24 -13 -26 -12 -29 -8 -30 -7 -33 -4 -34 -1 ]
2025-05-21 14:49:33,CSI_DATA,STA,D8:B1:90:DB:E8:90,-52,11,1,6,0,0,1,0,0,0,1,-94,0,2,0,3389522367,0,110,0,0,84994.3,256,[110 96 6 0 25 38 27 39 27 38 28 38 27 36 25 35 23 32 19 31 15 28 10 25 6 21 2 17 -2 13 -6 8 -9 4 -10 0 -11 -4 -10 -7 -9 -9 -6 -10 -4 -10 -1 -8 2 -5 4 -2 5 2 0 0 0 0 0 0 0 0 0 0 0 0 0 0 0 0 0 0 0 0 0 0 17 10 14 10 11 10 8 11 5 10 2 11 -1 11 -3 11 -6 12 -9 12 -11 13 -13 14 -14 15 -15 17 -15 18 -15 20 -14 21 -13 23 -10 25 -7 28 -4 29 0 31 3 32 7 34 11 35 15 36 ]
2025-05-21 14:49:33,CSI_DATA,STA,D8:B1:90:DB:E8:90,-51,11,1,6,0,0,1,0,0,0,1,-94,0,2,0,3390021492,0,110,0,0,84994.8,256,[110 96 6 0 3 -26 2 -26 2 -25 2 -26 1 -25 1 -25 1 -25 0 -24 1 -24 0 -24 -1 -24 -1 -26 -1 -26 0 -26 0 -26 0 -25 1 -25 2 -24 2 -24 2 -25 2 -24 2 -24 3 -23 4 -22 5 -22 0 0 0 0 0 0 0 0 0 0 0 0 0 0 0 0 0 0 0 0 0 0 2 -17 2 -17 3 -17 3 -18 4 -18 5 -18 5 -19 5 -20 6 -20 6 -20 7 -20 7 -21 6 -21 6 -21 6 -21 6 -21 5 -21 5 -22 4 -23 3 -23 3 -24 3 -25 3 -24 3 -24 3 -24 4 -26 ]
2025-05-21 14:49:38,CSI_DATA,STA,D8:B1:90:DB:E8:90,-51,11,1,7,0,0,1,0,0,0,1,-94,0,2,0,3394601817,0,110,0,0,84999.3,256,[110 96 6 0 -5 -25 -5 -25 -4 -24 -6 -24 -6 -23 -6 -23 -6 -23 -6 -23 -6 -22 -6 -22 -7 -22 -8 -23 -8 -23 -7 -22 -7 -22 -7 -23 -6 -23 -6 -22 -5 -22 -6 -21 -5 -21 -5 -20 -4 -19 -4 -20 -3 -20 0 0 0 0 0 0 0 0 0 0 0 0 0 0 0 0 0 0 0 0 0 0 -5 -17 -4 -18 -4 -18 -3 -19 -3 -19 -2 -20 -3 -20 -2 -21 -2 -22 -2 -22 -2 -22 -1 -22 -2 -23 -1 -23 -3 -23 -3 -23 -3 -23 -3 -23 -4 -23 -4 -23 -5 -24 -4 -24 -5 -24 -6
2025-05-21 14:49:39,CSI_DATA,STA,D8:B1:90:DB:E8:90,-53,11,1,7,0,0,1,0,0,0,1,-94,0,2,0,3395601866,0,110,0,0,85000.3,256,[110 96 6 0 26 -21 26 -23 27 -24 27 -24 25 -24 25 -23 24 -20 23 -18 21 -15 19 -10 17 -6 14 -1 11 3 8 5 5 8 1 11 -2 11 -4 11 -6 10 -7 9 -8 7 -7 5 -5 3 -2 1 1 0 0 0 0 0 0 0 0 0 0 0 0 0 0 0 0 0 0 0 0 0 0 0 3 -13 4 -11 5 -9 5 -8 6 -6 7 -4 8 -2 9 0 11 2 12 4 14 6 15 8 17 9 19 10 20 10 22 10 23 10 25 9 25 8 26 6 26 4 27 0 28 -2 27 -5 27 -8 28 -12 ]
2025-05-21 14:49:41,CSI_DATA,STA,D8:B1:90:DB:E8:90,-53,11,1,7,0,0,1,0,0,0,1,-94,0,2,0,3398108424,0,110,0,0,85002.8,256,[110 96 6 0 37 -5 37 -7 37 -7 37 -8 35 -7 34 -6 32 -5 29 -3 25 -2 21 1 17 3 13 5 9 7 4 7 0 8 -4 8 -7 7 -9 5 -10 4 -10 2 -8 0 -6 -1 -4 -2 0 -2 3 -1 0 0 0 0 0 0 0 0 0 0 0 0 0 0 0 0 0 0 0 0 0 0 10 -12 11 -9 10 -7 10 -5 9 -2 9 0 8 3 8 5 8 7 8 9 7 11 8 13 8 14 9 15 10 16 11 15 13 15 15 15 17 14 19 12 22 11 25 10 27 6 29 5 31 2 33 0 ]
2025-05-21 14:49:43,CSI_DATA,STA,D8:B1:90:DB:E8:90,-52,11,1,7,0,0,1,0,0,0,1,-94,0,2,0,3399620522,0,110,0,0,85004.4,256,[110 96 6 0 37 6 37 4 37 3 37 3 35 3 33 4 31 4 28 5 24 6 20 7 16 8 11 9 6 9 2 8 -2 8 -5 7 -7 5 -9 4 -9 2 -9 1 -8 0 -6 0 -4 0 -1 1 2 3 0 0 0 0 0 0 0 0 0 0 0 0 0 0 0 0 0 0 0 0 0 0 11 -11 11 -8 11 -6 10 -4 10 -2 9 1 8 3 8 5 8 7 8 9 8 12 8 13 9 15 10 17 11 18 12 18 13 19 15 19 17 19 19 18 21 18 24 17 26 15 28 14 30 12 32 11 ]
2025-05-21 14:49:46,CSI_DATA,STA,D8:B1:90:DB:E8:90,-59,11,1,7,0,0,1,0,0,0,1,-94,0,2,0,3403132285,0,110,0,0,85007.9,256,[110 96 6 0 -1 25 2 24 5 23 -11 16 -9 16 -6 16 -4 16 -4 8 -3 7 -3 7 -2 7 -10 -25 -13 -24 -15 -22 -18 -21 20 12 20 10 19 8 19 5 21 0 20 -3 18 -5 17 -6 11 16 12 15 0 0 0 0 0 0 0 0 0 0 0 0 0 0 0 0 0 0 0 0 0 0 -36 0 -36 2 -25 -8 -26 -6 -26 -4 -27 -3 -14 -4 -14 -3 -15 -1 -14 0 -21 -12 -22 -10 -23 -8 -23 -6 -17 -8 -17 -6 -18 -4 -18 -2 -23 -28 -26 -25 -30 -21 -32 -19 -10 -6 -10 -6 -11 -5 -7 5 ]
2025-05-21 14:49:52,CSI_DATA,STA,D8:B1:90:DB:E8:90,-51,11,1,7,0,0,1,0,0,0,1,-94,0,2,0,3408645032,0,110,0,0,85013.4,256,[110 96 6 0 24 0 24 0 24 0 24 -1 23 -1 23 -1 23 -1 22 -3 22 -3 22 -3 21 -3 22 -3 21 -3 22 -3 21 -3 21 -2 21 -2 21 -2 20 -1 20 -1 19 0 19 0 18 1 18 1 17 2 0 0 0 0 0 0 0 0 0 0 0 0 0 0 0 0 0 0 0 0 0 0 17 -2 17 -1 18 -1 18 -1 19 0 19 0 20 0 21 0 21 1 22 1 22 1 22 1 22 1 22 2 22 1 22 1 22 1 22 0 23 -1 23 -1 23 -1 24 -1 25 -1 25 -1 25 -1 25 -1 ]
2025-05-21 14:49:54,CSI_DATA,STA,D8:B1:90:DB:E8:90,-51,11,1,7,0,0,1,0,0,0,1,-94,0,2,0,3411155376,0,110,0,0,85015.9,256,[110 96 6 0 8 -19 8 -19 9 -19 8 -19 8 -19 7 -18 7 -18 7 -19 7 -19 7 -19 6 -19 5 -19 5 -19 5 -19 5 -19 4 -20 5 -19 5 -18 5 -18 6 -18 5 -17 6 -17 6 -16 7 -17 7 -16 0 0 0 0 0 0 0 0 0 0 0 0 0 0 0 0 0 0 0 0 0 0 6 -15 7 -15 7 -15 8 -15 9 -15 9 -15 9 -15 9 -15 10 -16 10 -15 11 -16 11 -16 11 -15 11 -16 10 -16 10 -17 10 -17 10 -18 9 -17 9 -17 9 -18 9 -18 10 -19 9 -19 10 -19 11 -19 ]
2025-05-21 14:49:58,CSI_DATA,STA,D8:B1:90:DB:E8:90,-51,11,1,7,0,0,1,0,0,0,1,-94,0,2,0,3414683749,0,110,0,0,85019.4,256,[110 96 6 0 -22 12 -22 11 -21 12 -20 11 -20 12 -20 12 -19 12 -19 14 -19 14 -19 14 -18 14 -17 14 -17 14 -18 14 -18 14 -17 14 -17 14 -17 13 -17 12 -17 13 -17 11 -17 11 -17 10 -18 10 -19 9 0 0 0 0 0 0 0 0 0 0 0 0 0 0 0 0 0 0 0 0 0 0 -14 10 -15 9 -16 9 -16 8 -16 8 -17 8 -18 8 -18 8 -19 8 -20 8 -20 8 -20 7 -20 7 -20 7 -20 7 -21 8 -21 7 -21 8 -21 8 -21 9 -21 9 -21 9 -21 10 -21 10 -21 10 -22 11 ]
2025-05-21 14:50:02,CSI_DATA,STA,D8:B1:90:DB:E8:90,-51,11,1,7,0,0,1,0,0,0,1,-94,0,2,0,3418692603,0,110,0,0,85023.4,256,[110 96 6 0 20 -12 20 -11 20 -12 19 -11 19 -11 19 -11 18 -11 18 -13 17 -13 17 -13 16 -13 15 -14 15 -14 16 -14 15 -14 16 -13 16 -13 16 -13 16 -12 15 -12 15 -11 15 -10 15 -9 15 -9 16 -8 0 0 0 0 0 0 0 0 0 0 0 0 0 0 0 0 0 0 0 0 0 0 15 -12 15 -11 16 -11 17 -10 17 -10 18 -10 18 -10 19 -10 19 -10 20 -9 21 -9 21 -9 21 -8 21 -8 20 -8 20 -9 21 -9 21 -9 21 -10 21 -10 21 -10 22 -11 21 -11 22 -11 22 -11
2025-05-21 14:50:08,CSI_DATA,STA,D8:B1:90:DB:E8:90,-51,11,1,7,0,0,1,0,0,0,1,-94,0,2,0,3424260744,0,110,0,0,85029,256,[110 96 6 0 -25 -5 -25 -4 -24 -4 -24 -4 -24 -4 -24 -3 -23 -3 -24 -1 -23 0 -23 0 -23 0 -22 1 -23 1 -22 1 -22 1 -22 1 -22 1 -22 0 -21 0 -22 0 -21 -1 -20 -2 -20 -2 -20 -2 -20 -3 0 0 0 0 0 0 0 0 0 0 0 0 0 0 0 0 0 0 0 0 0 0 -18 0 -18 -1 -20 -2 -20 -2 -20 -3 -21 -3 -20 -3 -21 -4 -21 -4 -21 -5 -22 -5 -22 -6 -22 -6 -23 -6 -22 -6 -23 -6 -23 -5 -23 -5 -23 -6 -24 -5 -24 -4 -25 -5 -25 -4 -25 -4 -25 -5 -25
2025-05-21 14:50:08,CSI_DATA,STA,D8:B1:90:DB:E8:90,-52,11,1,7,0,0,1,1,1,0,1,-94,0,2,0,3424760191,0,110,0,0,85029.5,384,[110 96 6 0 34 13 35 12 35 11 34 11 33 11 30 11 28 11 25 11 21 11 17 12 13 12 8 11 4 10 -1 8 -4 7 -6 5 -8 3 -9 0 -8 -1 -8 -2 -6 -3 -4 -2 -1 -1 1 0 3 3 0 0 0 0 0 0 0 0 0 0 0 0 0 0 0 0 0 0 0 0 0 0 12 -7 11 -4 10 -2 9 -1 8 1 7 4 6 5 5 7 6 9 5 11 5 13 5 15 6 16 7 18 7 19 9 20 11 21 13 21 15 21 17 21 19 21 22 20 24 19 27 19 28 18 30 16 ]
2025-05-21 14:50:08,CSI_DATA,STA,D8:B1:90:DB:E8:90,-52,11,1,7,0,0,1,1,1,0,1,-94,0,2,0,3425260043,0,110,0,0,85030,384,[110 96 6 0 16 43 17 41 17 42 18 40 17 39 15 37 13 35 9 32 6 29 3 25 0 21 -3 16 -6 11 -8 6 -10 2 -10 -2 -9 -5 -8 -7 -6 -8 -5 -9 -3 -7 -1 -4 0 -2 0 1 -1 5 0 0 0 0 0 0 0 0 0 0 0 0 0 0 0 0 0 0 0 0 0 0 17 5 13 7 11 8 7 8 5 9 2 9 0 10 -3 11 -5 12 -8 13 -9 15 -11 16 -12 18 -12 20 -12 21 -12 23 -12 25 -10 27 -8 30 -5 32 -3 34 -1 36 2 38 5 39 7 40 8 40 ]
2025-05-21 14:50:14,CSI_DATA,STA,D8:B1:90:DB:E8:90,-51,11,1,7,0,0,1,0,0,0,1,-94,0,2,0,3430850959,0,110,0,0,85035.6,256,[110 96 6 0 24 -3 25 -3 24 -3 24 -4 23 -4 23 -5 23 -5 23 -6 22 -7 22 -7 21 -6 23 -7 23 -7 22 -7 23 -7 22 -6 22 -6 22 -6 21 -5 22 -5 21 -5 20 -4 20 -4 20 -3 20 -2 0 0 0 0 0 0 0 0 0 0 0 0 0 0 0 0 0 0 0 0 0 0 18 -4 18 -3 18 -3 18 -2 19 -1 20 -1 20 -1 21 -1 21 0 21 0 22 0 22 0 22 1 22 1 23 1 22 0 23 0 22 0 23 0 23 -1 23 -1 24 -1 24 -2 24 -1 24 -2 25 -2 ]
2025-05-21 14:50:15,CSI_DATA,STA,D8:B1:90:DB:E8:90,-53,11,1,7,0,0,1,1,1,0,1,-94,0,2,0,3431364745,0,110,0,0,85036.1,384,[110 96 6 0 -29 -25 -30 -24 -30 -22 -30 -22 -30 -21 -28 -21 -25 -20 -22 -19 -18 -19 -14 -17 -11 -16 -6 -14 -3 -12 2 -10 5 -7 7 -4 8 -2 8 0 8 1 6 2 5 3 3 2 0 1 -2 -1 -4 -4 0 0 0 0 0 0 0 0 0 0 0 0 0 0 0 0 0 0 0 0 0 0 -15 -1 -13 -3 -12 -4 -10 -5 -8 -6 -6 -7 -5 -9 -3 -10 -2 -11 0 -13 1 -15 2 -16 2 -18 3 -20 2 -21 2 -21 1 -23 -1 -24 -3 -25 -5 -26 -8 -27 -11 -27 -13 -26 -16 -27 -19 -26 -21 -26 ]
2025-05-21 14:50:17,CSI_DATA,STA,D8:B1:90:DB:E8:90,-51,11,1,7,0,0,1,0,0,0,1,-94,0,2,0,3433868155,0,110,0,0,85038.6,256,[110 96 6 0 23 7 22 7 22 6 23 6 22 6 22 6 22 5 22 5 22 4 21 4 21 4 23 3 23 3 23 3 23 3 23 3 22 2 21 3 21 3 20 3 20 4 19 5 18 5 19 5 19 6 0 0 0 0 0 0 0 0 0 0 0 0 0 0 0 0 0 0 0 0 0 0 18 1 18 2 18 3 18 3 19 5 19 5 19 6 19 6 20 6 20 7 20 7 20 7 21 8 21 8 21 9 21 8 21 8 21 8 22 8 22 8 22 8 23 8 23 7 23 7 23 8 23 7 ]
2025-05-21 14:50:18,CSI_DATA,STA,D8:B1:90:DB:E8:90,-52,11,1,7,0,0,1,1,1,0,1,-94,0,2,0,3434367202,0,110,0,0,85039.1,384,[110 96 6 0 -38 2 -37 4 -37 4 -36 4 -35 4 -33 4 -30 2 -28 1 -25 -1 -22 -3 -18 -5 -14 -7 -10 -8 -6 -9 -2 -9 1 -9 4 -8 5 -7 6 -6 5 -5 5 -4 3 -3 1 -3 -2 -4 -4 -5 0 0 0 0 0 0 0 0 0 0 0 0 0 0 0 0 0 0 0 0 0 0 -7 13 -8 10 -9 7 -8 5 -8 3 -9 1 -9 -1 -10 -3 -10 -5 -12 -6 -13 -8 -14 -10 -16 -11 -17 -12 -19 -13 -21 -14 -23 -13 -25 -13 -27 -13 -29 -12 -31 -11 -32 -9 -34 -7 -35 -6 -36 -4 -37 -2 ]
2025-05-21 14:50:18,CSI_DATA,STA,D8:B1:90:DB:E8:90,-53,11,1,7,0,0,1,1,1,0,1,-94,0,2,0,3434867886,0,110,0,0,85039.6,384,[110 96 6 0 16 30 17 30 17 28 18 28 17 27 16 25 14 24 11 23 9 20 5 19 3 16 0 13 -3 11 -6 8 -8 4 -9 2 -9 -1 -9 -3 -8 -4 -7 -5 -5 -4 -4 -2 -3 -1 -2 1 -2 4 0 0 0 0 0 0 0 0 0 0 0 0 0 0 0 0 0 0 0 0 0 0 14 2 12 4 9 5 7 5 5 6 4 7 2 8 1 9 0 10 -2 11 -3 13 -3 14 -4 16 -4 18 -4 19 -4 21 -3 23 -2 24 0 27 1 27 3 29 5 30 6 30 8 31 10 32 11 31 ]
2025-05-21 14:50:21,CSI_DATA,STA,D8:B1:90:DB:E8:90,-51,11,1,7,0,0,1,0,0,0,1,-94,0,2,0,3437895954,0,110,0,0,85042.6,256,[110 96 6 0 -16 -20 -16 -19 -16 -19 -16 -19 -16 -18 -16 -18 -16 -17 -16 -17 -16 -17 -16 -17 -16 -17 -17 -16 -17 -16 -17 -16 -16 -16 -17 -16 -16 -15 -16 -15 -15 -15 -16 -15 -15 -15 -14 -15 -13 -16 -12 -15 -12 -15 0 0 0 0 0 0 0 0 0 0 0 0 0 0 0 0 0 0 0 0 0 0 -13 -13 -13 -14 -13 -15 -13 -15 -13 -16 -12 -16 -13 -17 -12 -17 -12 -18 -12 -19 -11 -20 -11 -20 -11 -20 -11 -20 -13 -18 -13 -19 -13 -19 -1
2025-05-21 14:50:24,CSI_DATA,STA,D8:B1:90:DB:E8:90,-51,11,1,7,0,0,1,0,0,0,1,-94,0,2,0,3440403675,0,110,0,0,85045.1,256,[110 96 6 0 -26 2 -26 3 -25 3 -25 3 -24 3 -24 3 -24 4 -24 3 -23 4 -23 4 -23 4 -23 5 -23 5 -23 5 -22 4 -22 4 -22 4 -22 4 -21 3 -21 3 -21 2 -20 2 -19 1 -20 1 -19 0 0 0 0 0 0 0 0 0 0 0 0 0 0 0 0 0 0 0 0 0 0 0 -17 4 -18 4 -18 4 -19 3 -19 3 -20 3 -20 3 -21 2 -22 2 -22 2 -22 2 -22 1 -23 0 -23 0 -23 0 -23 1 -23 1 -23 1 -24 2 -24 2 -24 2 -24 2 -25 3 -25 3 -26 3 -26 3 ]
2025-05-21 14:50:25,CSI_DATA,STA,D8:B1:90:DB:E8:90,-52,11,1,7,0,0,1,1,1,0,1,-94,0,2,0,3441912297,0,110,0,0,85046.7,384,[110 96 6 0 -23 27 -22 29 -21 29 -20 29 -20 28 -20 27 -20 24 -20 21 -19 18 -17 13 -16 8 -14 3 -12 -1 -9 -5 -7 -8 -4 -11 -1 -12 1 -12 3 -12 4 -11 4 -9 4 -7 3 -5 0 -3 -3 -2 0 0 0 0 0 0 0 0 0 0 0 0 0 0 0 0 0 0 0 0 0 0 5 12 3 11 1 10 0 8 -2 7 -4 6 -6 5 -8 4 -11 2 -13 2 -15 1 -18 -1 -20 -1 -22 -2 -24 -1 -26 -1 -27 0 -28 1 -29 2 -29 4 -29 6 -29 8 -28 12 -27 14 -27 17 -26 20 ]
2025-05-21 14:50:27,CSI_DATA,STA,D8:B1:90:DB:E8:90,-51,11,1,7,0,0,1,0,0,0,1,-94,0,2,0,3443420465,0,110,0,0,85048.2,256,[110 96 6 0 -16 19 -15 19 -15 19 -14 19 -13 19 -13 19 -12 19 -12 19 -12 19 -12 19 -11 19 -12 20 -11 20 -11 20 -11 19 -11 19 -11 19 -11 18 -12 18 -11 18 -11 18 -11 17 -11 16 -12 16 -13 15 0 0 0 0 0 0 0 0 0 0 0 0 0 0 0 0 0 0 0 0 0 0 -11 14 -12 13 -11 13 -12 13 -13 13 -13 13 -13 14 -14 14 -15 15 -15 14 -16 15 -16 14 -16 14 -16 14 -16 15 -16 15 -16 15 -16 16 -14 16 -15 17 -14 17 -14 18 -15 19 -1
2025-05-21 14:50:30,CSI_DATA,STA,D8:B1:90:DB:E8:90,-50,11,1,7,0,0,1,0,0,0,1,-94,0,2,0,3446930428,0,110,0,0,85051.7,256,[110 96 6 0 21 -9 21 -9 20 -10 20 -10 19 -10 19 -10 19 -11 19 -12 19 -12 18 -12 18 -12 18 -12 18 -12 18 -12 18 -12 18 -11 18 -11 18 -11 17 -10 18 -10 17 -9 17 -8 17 -8 17 -7 17 -6 0 0 0 0 0 0 0 0 0 0 0 0 0 0 0 0 0 0 0 0 0 0 13 -6 13 -6 14 -6 15 -6 15 -6 16 -6 16 -6 17 -6 17 -6 18 -6 18 -6 18 -5 18 -5 19 -5 19 -6 19 -6 19 -6 20 -7 19 -7 20 -7 20 -8 20 -8 20 -9 20 -8 21 -9 22 -10 ]
2025-05-21 14:50:38,CSI_DATA,STA,D8:B1:90:DB:E8:90,-52,11,1,7,0,0,1,0,0,0,1,-94,0,2,0,3454981951,0,110,0,0,85059.7,256,[110 96 6 0 15 -18 15 -18 15 -18 14 -18 13 -18 13 -18 13 -18 12 -20 12 -20 12 -20 11 -19 10 -20 10 -19 11 -19 10 -19 10 -20 11 -20 10 -19 11 -18 10 -19 10 -18 10 -17 10 -16 11 -16 12 -15 0 0 0 0 0 0 0 0 0 0 0 0 0 0 0 0 0 0 0 0 0 0 10 -14 11 -14 11 -14 11 -14 12 -14 12 -14 13 -14 13 -15 14 -14 14 -14 14 -15 15 -14 15 -14 15 -14 16 -15 16 -15 15 -15 15 -16 15 -16 15 -16 15 -17 15 -17 15 -17 15
2025-05-21 14:50:39,CSI_DATA,STA,D8:B1:90:DB:E8:90,-52,11,1,7,0,0,1,1,1,0,1,-94,0,2,0,3455439939,0,100,0,0,85060.2,384,[100 -64 5 0 40 19 40 17 40 16 40 15 38 16 36 16 33 16 29 16 24 15 19 15 15 15 9 14 4 13 -1 10 -5 8 -8 5 -10 2 -11 0 -10 -2 -9 -3 -8 -3 -5 -2 -3 -1 -1 1 1 4 0 0 0 0 0 0 0 0 0 0 0 0 0 0 0 0 0 0 0 0 0 0 12 -11 12 -8 11 -5 10 -2 10 0 8 3 8 5 7 8 7 11 6 13 7 16 7 18 8 20 9 23 10 24 11 25 13 26 15 27 18 28 20 28 23 28 25 28 28 26 30 25 33 24 34 22 ]
2025-05-21 14:50:41,CSI_DATA,STA,D8:B1:90:DB:E8:90,-51,11,1,7,0,0,1,0,0,0,1,-94,0,2,0,3457484514,0,110,0,0,85062.2,256,[110 96 6 0 -3 -23 -3 -23 -3 -22 -4 -23 -4 -22 -4 -22 -4 -21 -6 -22 -6 -21 -7 -21 -7 -21 -7 -21 -7 -21 -6 -20 -6 -20 -7 -21 -6 -21 -6 -21 -5 -20 -5 -20 -5 -20 -4 -19 -4 -19 -2 -18 -2 -18 0 0 0 0 0 0 0 0 0 0 0 0 0 0 0 0 0 0 0 0 0 0 -4 -16 -4 -16 -4 -18 -3 -19 -3 -19 -2 -20 -2 -19 -1 -20 0 -20 -1 -20 0 -22 0 -22 0 -22 1 -22 0 -22 1 -22 0 -22 0 -22 -2 -22 -2 -22 -3 -23 -2 -23 -4 -23 -4 -24 -4 -
2025-05-21 14:50:42,CSI_DATA,STA,D8:B1:90:DB:E8:90,-52,11,1,7,0,0,1,1,1,0,1,-94,0,2,0,3458993585,0,110,0,0,85063.7,384,[110 96 6 0 39 -14 38 -15 37 -16 36 -16 35 -16 33 -14 31 -12 29 -10 27 -7 23 -4 20 0 16 3 12 6 8 8 5 10 1 11 -2 11 -4 10 -6 9 -6 7 -5 5 -4 4 -2 3 2 2 5 3 0 0 0 0 0 0 0 0 0 0 0 0 0 0 0 0 0 0 0 0 0 0 6 -17 7 -14 8 -11 9 -8 10 -6 11 -4 11 -1 13 1 14 3 15 5 17 6 18 8 21 9 23 9 25 9 26 9 29 9 30 7 32 7 34 5 35 3 37 1 38 -2 38 -3 39 -6 40 -9 ]
2025-05-21 14:50:47,CSI_DATA,STA,D8:B1:90:DB:E8:90,-51,11,1,7,0,0,1,0,0,0,1,-94,0,2,0,3464007093,0,110,0,0,85068.7,256,[110 96 6 0 24 -2 25 -2 24 -2 24 -2 24 -2 23 -3 23 -3 23 -4 23 -5 22 -5 22 -5 22 -5 21 -5 22 -5 22 -5 22 -4 22 -4 21 -4 21 -3 21 -4 20 -4 19 -3 19 -2 19 -2 19 -1 0 0 0 0 0 0 0 0 0 0 0 0 0 0 0 0 0 0 0 0 0 0 18 -4 18 -2 18 -2 19 -2 20 -1 20 -1 21 -1 21 -1 22 0 22 0 23 0 23 0 23 0 23 0 23 0 24 0 24 -1 24 -1 24 -1 24 -1 25 -1 25 -2 24 -2 25 -2 25 -2 26 -2 ]
2025-05-21 14:50:48,CSI_DATA,STA,D8:B1:90:DB:E8:90,-52,11,1,7,0,0,1,1,1,0,1,-94,0,2,0,3464519444,0,110,0,0,85069.3,384,[110 96 6 0 42 -2 42 -3 40 -4 40 -5 37 -5 36 -4 33 -2 30 -1 27 0 23 3 19 6 15 8 11 10 6 10 2 10 -1 11 -4 10 -5 8 -6 7 -6 6 -5 5 -3 4 -1 4 3 4 5 6 0 0 0 0 0 0 0 0 0 0 0 0 0 0 0 0 0 0 0 0 0 0 11 -15 11 -11 10 -8 10 -6 10 -3 9 -1 9 1 10 3 10 5 12 7 12 9 15 10 16 11 18 13 21 14 22 14 25 14 27 13 31 13 33 12 35 11 38 10 39 7 40 7 42 5 43 3 ]
2025-05-21 14:50:52,CSI_DATA,STA,D8:B1:90:DB:E8:90,-51,11,1,7,0,0,1,0,0,0,1,-94,0,2,0,3468532502,0,110,0,0,85073.3,256,[110 96 6 0 -6 25 -6 25 -5 24 -4 25 -3 25 -3 24 -2 24 -1 24 0 24 0 24 1 23 0 25 0 25 0 24 0 24 0 24 0 23 -1 23 -1 22 -2 22 -2 22 -3 21 -4 21 -4 20 -5 19 0 0 0 0 0 0 0 0 0 0 0 0 0 0 0 0 0 0 0 0 0 0 -3 18 -4 18 -5 18 -5 19 -6 19 -6 20 -6 19 -7 20 -7 20 -7 20 -8 21 -8 21 -8 21 -8 22 -8 21 -9 22 -8 22 -8 22 -7 22 -7 23 -6 23 -7 23 -7 23 -6 24 -7 24 -7 24 ]
2025-05-21 14:50:53,CSI_DATA,STA,D8:B1:90:DB:E8:90,-52,11,1,7,0,0,1,1,1,0,1,-94,0,2,0,3470045669,0,110,0,0,85074.8,384,[110 96 6 0 45 -8 46 -10 46 -11 45 -11 43 -11 42 -9 39 -7 36 -6 31 -3 26 0 22 3 16 5 11 7 5 8 0 8 -4 8 -7 7 -9 5 -10 3 -10 1 -9 0 -6 -2 -3 -3 1 -3 5 -2 0 0 0 0 0 0 0 0 0 0 0 0 0 0 0 0 0 0 0 0 0 0 11 -15 11 -12 11 -9 11 -6 11 -4 11 0 11 2 11 5 11 8 11 10 11 13 12 15 13 17 14 18 16 19 17 19 19 19 21 18 24 16 26 14 29 12 32 10 34 6 36 5 39 1 41 -2 ]
2025-05-21 14:50:55,CSI_DATA,STA,D8:B1:90:DB:E8:90,-51,11,1,7,0,0,1,0,0,0,1,-94,0,2,0,3472072023,0,110,0,0,85076.8,256,[110 96 6 0 -23 -3 -23 -2 -22 -2 -23 -2 -22 -1 -22 -1 -21 -1 -22 0 -21 1 -21 1 -21 1 -23 1 -23 1 -22 1 -22 1 -22 1 -22 1 -22 0 -21 0 -22 0 -21 -1 -21 -1 -20 -2 -19 -1 -19 -2 0 0 0 0 0 0 0 0 0 0 0 0 0 0 0 0 0 0 0 0 0 0 -16 -2 -16 -3 -16 -2 -17 -3 -17 -3 -17 -3 -18 -4 -18 -4 -18 -5 -19 -5 -18 -5 -19 -5 -19 -5 -19 -5 -19 -5 -20 -5 -20 -4 -20 -4 -20 -4 -20 -4 -21 -4 -21 -4 -22 -3 -22 -3 -22 -3 -
2025-05-21 14:50:56,CSI_DATA,STA,D8:B1:90:DB:E8:90,-52,11,1,7,0,0,1,1,1,0,1,-94,0,2,0,3472572093,0,110,0,0,85077.3,384,[110 96 6 0 -9 -40 -10 -40 -10 -40 -11 -39 -10 -38 -9 -37 -7 -34 -4 -31 -2 -28 0 -23 2 -19 4 -14 5 -9 7 -4 7 0 7 4 6 7 4 9 2 10 0 10 -2 8 -3 5 -4 3 -4 -1 -3 -4 0 0 0 0 0 0 0 0 0 0 0 0 0 0 0 0 0 0 0 0 0 0 -12 -10 -9 -10 -7 -10 -4 -10 -2 -9 0 -9 3 -9 5 -8 8 -8 10 -9 12 -9 13 -10 14 -10 16 -11 16 -12 17 -14 16 -15 16 -18 14 -20 12 -22 10 -24 8 -27 5 -29 2 -31 0 -33 -1 -35 ]
2025-05-21 14:50:58,CSI_DATA,STA,D8:B1:90:DB:E8:90,-51,11,1,7,0,0,1,0,0,0,1,-94,0,2,0,3474576450,0,110,0,0,85079.3,256,[110 96 6 0 24 5 24 5 24 5 24 5 23 4 23 4 23 4 23 3 22 2 22 2 22 3 22 3 22 2 22 2 22 2 22 3 22 3 22 3 21 3 20 3 20 4 19 5 19 6 18 6 17 7 0 0 0 0 0 0 0 0 0 0 0 0 0 0 0 0 0 0 0 0 0 0 17 5 17 6 17 5 17 6 18 6 18 7 19 7 19 7 20 8 19 9 20 9 20 10 20 10 20 10 21 8 21 7 21 8 22 7 22 8 23 8 23 7 23 8 24 6 24 7 24 7 25 6 ]
2025-05-21 14:50:59,CSI_DATA,STA,D8:B1:90:DB:E8:90,-52,11,1,7,0,0,1,1,1,0,1,-94,0,2,0,3476083160,0,110,0,0,85080.8,384,[110 96 6 0 -27 -29 -28 -28 -27 -26 -28 -26 -26 -26 -25 -25 -23 -24 -19 -22 -16 -21 -13 -19 -9 -18 -5 -16 -1 -14 3 -11 5 -8 7 -5 8 -2 8 -1 8 1 6 2 4 2 2 1 0 -1 -2 -2 -3 -6 0 0 0 0 0 0 0 0 0 0 0 0 0 0 0 0 0 0 0 0 0 0 -16 -4 -14 -6 -12 -7 -9 -8 -7 -9 -5 -9 -3 -10 -2 -11 -1 -12 0 -14 2 -15 2 -16 2 -18 2 -19 2 -21 1 -22 0 -23 -2 -24 -4 -26 -6 -27 -9 -28 -11 -29 -14 -29 -17 -29 -19 -29 -21 -29 ]
2025-05-21 14:51:02,CSI_DATA,STA,D8:B1:90:DB:E8:90,-51,11,1,7,0,0,1,0,0,0,1,-94,0,2,0,3478610354,0,110,0,0,85083.4,256,[110 96 6 0 -24 -12 -23 -11 -23 -10 -22 -10 -22 -10 -23 -9 -22 -9 -23 -9 -23 -9 -23 -8 -23 -9 -24 -8 -23 -8 -23 -7 -23 -7 -24 -8 -24 -8 -24 -8 -23 -8 -22 -8 -21 -9 -20 -9 -20 -10 -20 -10 -20 -11 0 0 0 0 0 0 0 0 0 0 0 0 0 0 0 0 0 0 0 0 0 0 -16 -8 -16 -9 -17 -9 -17 -10 -17 -10 -17 -11 -18 -10 -18 -10 -18 -11 -19 -11 -18 -12 -18 -13 -19 -13 -18 -13 -19 -13 -19 -13 -19 -13 -19 -12 -20 -13 -21 -1
2025-05-21 14:51:03,CSI_DATA,STA,D8:B1:90:DB:E8:90,-52,11,1,7,0,0,1,1,1,0,1,-94,0,2,0,3479611521,0,110,0,0,85084.4,384,[110 96 6 0 30 23 32 23 32 22 33 22 31 21 29 21 26 20 22 19 18 17 14 17 10 15 6 13 1 11 -3 8 -6 5 -8 2 -10 0 -10 -3 -9 -5 -7 -6 -5 -6 -3 -5 0 -4 2 -2 5 1 0 0 0 0 0 0 0 0 0 0 0 0 0 0 0 0 0 0 0 0 0 0 14 3 12 4 10 5 8 6 6 7 4 8 1 9 0 10 -2 11 -3 12 -4 13 -5 14 -5 16 -5 17 -5 19 -4 19 -2 21 -1 21 2 23 4 24 7 24 10 25 13 24 17 25 20 24 23 24 ]
2025-05-21 14:51:05,CSI_DATA,STA,D8:B1:90:DB:E8:90,-51,11,1,7,0,0,1,0,0,0,1,-94,0,2,0,3481611887,0,110,0,0,85086.4,256,[110 96 6 0 22 -3 22 -4 21 -4 22 -5 21 -5 21 -5 21 -6 21 -6 20 -7 20 -7 20 -6 22 -7 21 -8 22 -8 22 -8 22 -7 22 -7 22 -6 22 -6 21 -6 20 -5 20 -5 20 -4 20 -4 20 -2 0 0 0 0 0 0 0 0 0 0 0 0 0 0 0 0 0 0 0 0 0 0 15 -2 15 -2 15 -2 16 -1 16 -1 17 -1 17 -1 18 0 18 0 19 1 19 1 19 1 19 1 19 1 19 1 19 0 19 0 20 0 20 -2 20 -2 20 -2 22 -2 21 -3 22 -3 22 -3 22 -4 ]
2025-05-21 14:51:06,CSI_DATA,STA,D8:B1:90:DB:E8:90,-52,11,1,7,0,0,1,1,1,0,1,-94,0,2,0,3482632502,0,110,0,0,85087.4,384,[110 96 6 0 32 -36 30 -35 30 -34 27 -33 26 -31 25 -29 24 -26 23 -22 21 -19 19 -15 17 -10 14 -6 11 -2 9 1 6 3 3 5 2 6 0 5 -1 5 -1 4 -1 3 1 2 3 1 6 1 9 1 0 0 0 0 0 0 0 0 0 0 0 0 0 0 0 0 0 0 0 0 0 0 -6 -19 -2 -17 1 -15 3 -12 6 -10 7 -7 9 -5 11 -4 11 -2 13 -3 14 -3 15 -3 17 -4 19 -5 20 -7 23 -9 24 -12 26 -15 27 -18 29 -20 31 -23 32 -25 33 -29 33 -30 34 -31 35 -33 ]
2025-05-21 14:51:06,CSI_DATA,STA,D8:B1:90:DB:E8:90,-52,11,1,7,0,0,1,1,1,0,1,-94,0,2,0,3483145214,0,110,0,0,85087.9,384,[110 96 6 0 26 -30 25 -30 25 -30 24 -29 23 -27 22 -25 21 -22 20 -19 19 -16 17 -12 14 -7 12 -4 9 0 7 3 4 5 1 7 -2 7 -4 7 -5 6 -5 4 -4 3 -3 2 -1 0 1 0 5 0 0 0 0 0 0 0 0 0 0 0 0 0 0 0 0 0 0 0 0 0 0 0 -5 -14 -2 -12 0 -11 2 -9 3 -7 5 -5 6 -4 8 -3 9 -2 11 -2 13 -2 14 -1 16 -2 18 -3 20 -3 22 -5 23 -6 25 -8 26 -10 27 -12 27 -14 28 -16 28 -19 28 -21 27 -23 28 -24 ]
2025-05-21 14:51:07,CSI_DATA,STA,D8:B1:90:DB:E8:90,-51,11,1,7,0,0,1,0,0,0,1,-94,0,2,0,3484147465,0,110,0,0,85088.9,256,[110 96 6 0 -8 -24 -8 -23 -7 -23 -9 -21 -8 -21 -8 -20 -8 -20 -8 -20 -8 -20 -8 -20 -9 -20 -9 -20 -9 -19 -9 -19 -8 -19 -8 -19 -8 -19 -8 -18 -7 -18 -7 -18 -7 -18 -6 -18 -5 -17 -4 -17 -3 -17 0 0 0 0 0 0 0 0 0 0 0 0 0 0 0 0 0 0 0 0 0 0 -8 -18 -7 -18 -7 -19 -6 -19 -6 -20 -5 -20 -6 -21 -5 -22 -5 -22 -4 -23 -4 -23 -3 -23 -4 -23 -4 -23 -5 -22 -5 -22 -6 -22 -6 -23 -6 -23 -7 -23 -7 -23 -7 -24 -7 -23 -8
2025-05-21 14:51:08,CSI_DATA,STA,D8:B1:90:DB:E8:90,-52,11,1,7,0,0,1,1,1,0,1,-94,0,2,0,3484649983,0,110,0,0,85089.4,384,[110 96 6 0 -20 30 -18 30 -18 30 -16 30 -15 29 -15 27 -15 25 -15 23 -15 20 -15 16 -14 12 -13 8 -12 4 -11 1 -10 -3 -8 -5 -6 -7 -5 -8 -3 -8 -2 -7 -2 -6 -2 -5 -3 -3 -5 -2 -6 -1 0 0 0 0 0 0 0 0 0 0 0 0 0 0 0 0 0 0 0 0 0 0 5 13 3 12 1 11 -1 10 -3 9 -4 7 -6 7 -8 6 -9 6 -11 6 -14 5 -16 6 -17 6 -19 7 -21 8 -23 9 -24 10 -25 12 -26 14 -26 16 -27 18 -26 20 -27 22 -25 23 -25 25 -25 26 ]
2025-05-21 14:51:08,CSI_DATA,STA,D8:B1:90:DB:E8:90,-53,11,1,7,0,0,1,1,1,0,1,-94,0,2,0,3485148932,0,110,0,0,85089.9,384,[110 96 6 0 -10 34 -8 33 -8 34 -6 33 -6 32 -7 30 -7 27 -8 25 -9 22 -10 18 -11 13 -11 8 -11 4 -11 0 -10 -4 -8 -7 -7 -9 -5 -11 -3 -11 -2 -11 -1 -9 -1 -7 -2 -5 -3 -3 -5 -1 0 0 0 0 0 0 0 0 0 0 0 0 0 0 0 0 0 0 0 0 0 0 10 8 7 8 5 7 3 7 1 7 -1 6 -3 6 -5 6 -7 7 -9 7 -12 8 -14 8 -16 10 -18 11 -19 12 -21 14 -21 15 -22 17 -22 19 -21 21 -21 22 -20 24 -20 26 -18 27 -16 29 -15 30 ]
2025-05-21 14:51:11,CSI_DATA,STA,D8:B1:90:DB:E8:90,-51,11,1,7,0,0,1,0,0,0,1,-94,0,2,0,3487155340,0,110,0,0,85091.9,256,[110 96 6 0 -5 -24 -5 -25 -5 -24 -6 -25 -6 -24 -6 -24 -7 -23 -7 -24 -7 -23 -8 -23 -9 -23 -10 -23 -10 -23 -9 -22 -9 -22 -10 -23 -9 -23 -8 -22 -7 -22 -7 -22 -7 -22 -6 -21 -6 -21 -5 -20 -5 -20 0 0 0 0 0 0 0 0 0 0 0 0 0 0 0 0 0 0 0 0 0 0 -5 -17 -4 -18 -4 -18 -3 -19 -3 -19 -2 -21 -2 -20 -2 -21 -1 -21 -1 -21 -1 -22 -1 -22 -1 -23 -1 -23 -1 -23 -1 -23 -2 -24 -1 -23 -2 -24 -2 -24 -3 -24 -3 -25 -4 -24
2025-05-21 14:51:15,CSI_DATA,STA,D8:B1:90:DB:E8:90,-50,11,1,7,0,0,1,0,0,0,1,-94,0,2,0,3491166475,0,110,0,0,85095.9,256,[110 96 6 0 17 18 16 17 17 18 17 18 16 18 17 17 17 17 16 17 17 16 17 16 17 16 18 15 18 15 18 15 18 15 19 16 18 16 18 16 17 16 16 16 15 16 14 17 14 17 14 17 12 18 0 0 0 0 0 0 0 0 0 0 0 0 0 0 0 0 0 0 0 0 0 0 11 11 11 11 10 12 10 13 10 13 10 14 11 14 11 14 11 15 11 15 11 16 11 16 11 16 11 16 11 16 12 16 12 16 13 16 13 16 14 17 14 17 15 17 14 17 16 18 15 17 15 18 ]
2025-05-21 14:51:16,CSI_DATA,STA,D8:B1:90:DB:E8:90,-51,11,1,7,0,0,1,1,1,0,1,-94,0,2,0,3492168279,0,110,0,0,85096.9,384,[110 96 6 0 -39 -22 -40 -22 -40 -21 -40 -20 -39 -18 -37 -17 -34 -16 -31 -14 -27 -13 -23 -12 -19 -10 -14 -9 -10 -8 -4 -7 -1 -6 3 -4 6 -2 8 -1 8 1 8 2 7 3 5 5 3 5 0 5 -3 5 0 0 0 0 0 0 0 0 0 0 0 0 0 0 0 0 0 0 0 0 0 0 -18 -12 -15 -14 -13 -14 -10 -14 -7 -13 -4 -12 -1 -11 3 -10 6 -9 8 -8 11 -6 12 -6 13 -5 13 -5 12 -5 11 -6 8 -6 6 -8 2 -10 -1 -11 -6 -14 -11 -15 -15 -16 -21 -18 -25 -19 -28 -20 ]
2025-05-21 14:51:16,CSI_DATA,STA,D8:B1:90:DB:E8:90,-51,11,1,5,0,0,1,0,0,0,1,-94,0,2,0,3492666416,0,110,0,0,85097.4,256,[110 96 6 0 11 -38 9 -40 10 -41 8 -41 8 -41 8 -39 8 -36 8 -34 8 -30 9 -25 9 -20 9 -14 10 -9 10 -4 9 1 8 6 6 9 5 11 3 13 1 13 -1 13 -3 11 -3 8 -4 6 -4 2 0 0 0 0 0 0 0 0 0 0 0 0 0 0 0 0 0 0 0 0 0 0 -4 -18 -2 -17 -1 -16 1 -14 3 -12 4 -9 6 -6 8 -3 10 0 12 2 14 5 15 7 17 10 18 11 19 11 20 11 20 9 21 7 20 5 20 2 19 -3 19 -6 18 -11 16 -16 16 -21 15 -25 ]
2025-05-21 14:51:16,CSI_DATA,STA,D8:B1:90:DB:E8:90,-50,11,1,7,0,0,1,0,0,0,1,-94,0,2,0,3493172968,0,110,0,0,85097.9,256,[110 96 6 0 -23 9 -24 10 -22 10 -23 10 -23 10 -22 10 -22 10 -23 11 -22 11 -22 12 -21 11 -21 12 -21 12 -21 12 -22 12 -21 12 -23 12 -22 11 -21 10 -21 9 -20 8 -19 8 -19 7 -21 6 -21 5 0 0 0 0 0 0 0 0 0 0 0 0 0 0 0 0 0 0 0 0 0 0 -15 4 -15 4 -16 4 -17 4 -17 3 -18 4 -19 4 -19 4 -19 4 -20 3 -21 3 -21 3 -21 2 -21 3 -20 3 -21 4 -21 5 -21 5 -22 6 -22 6 -23 7 -23 7 -22 8 -23 9 -23 9 -23 10 ]
2025-05-21 14:51:21,CSI_DATA,STA,D8:B1:90:DB:E8:90,-50,11,1,7,0,0,1,0,0,0,1,-94,0,2,0,3498186613,0,110,0,0,85102.9,256,[110 96 6 0 4 23 5 23 5 21 5 22 5 21 5 21 6 21 6 20 6 20 7 20 8 20 8 20 8 21 7 20 7 20 8 21 7 21 6 20 6 20 5 20 4 20 4 19 4 19 3 18 2 18 0 0 0 0 0 0 0 0 0 0 0 0 0 0 0 0 0 0 0 0 0 0 2 15 1 16 1 16 0 17 0 17 0 18 -1 18 -1 18 -1 19 -1 19 -1 20 -2 20 -1 20 -1 21 -1 21 -1 21 0 21 0 21 1 20 2 20 2 20 3 21 3 22 4 22 4 23 4 22 ]
2025-05-21 14:51:26,CSI_DATA,STA,D8:B1:90:DB:E8:90,-50,11,1,7,0,0,1,0,0,0,1,-94,0,2,0,3502196665,0,110,0,0,85106.9,256,[110 96 6 0 23 -6 22 -6 23 -6 22 -6 22 -6 22 -6 21 -6 22 -8 22 -8 21 -9 21 -8 22 -9 21 -9 22 -9 22 -9 23 -8 22 -8 22 -8 22 -7 22 -8 21 -7 21 -5 20 -5 21 -3 20 -2 0 0 0 0 0 0 0 0 0 0 0 0 0 0 0 0 0 0 0 0 0 0 16 -5 16 -4 17 -4 17 -3 18 -2 18 -2 19 -3 19 -2 20 -2 20 -1 20 -2 20 -1 20 -1 20 -1 21 -1 21 -2 21 -2 22 -2 21 -4 22 -4 22 -4 23 -5 22 -6 23 -5 23 -6 24 -7 ]
2025-05-21 14:51:27,CSI_DATA,STA,D8:B1:90:DB:E8:90,-53,11,1,7,0,0,1,0,0,0,0,-94,0,2,0,3504207893,0,110,0,0,85108.9,256,[110 96 6 0 37 4 37 2 37 1 36 1 34 1 32 1 29 2 26 3 22 4 18 6 14 7 11 9 7 10 3 11 -1 11 -4 12 -6 11 -7 10 -8 9 -8 7 -7 6 -6 3 -4 2 -2 1 2 -1 0 0 0 0 0 0 0 0 0 0 0 0 0 0 0 0 0 0 0 0 0 0 17 3 14 6 11 7 9 9 5 10 2 11 -1 13 -4 14 -6 14 -8 15 -10 16 -11 16 -11 17 -11 17 -10 17 -8 17 -5 17 -2 16 2 17 6 16 10 15 15 14 19 11 23 11 27 9 31 7 ]
2025-05-21 14:51:34,CSI_DATA,STA,D8:B1:90:DB:E8:90,-51,11,1,6,0,0,1,0,0,0,1,-94,0,2,0,3510717157,0,110,0,0,85115.5,256,[110 96 6 0 -41 -17 -42 -15 -43 -15 -42 -13 -42 -11 -40 -10 -37 -9 -33 -8 -29 -8 -25 -8 -20 -7 -15 -7 -10 -7 -5 -7 0 -7 3 -6 7 -5 9 -4 10 -3 10 -1 10 1 8 2 6 4 2 6 -1 6 0 0 0 0 0 0 0 0 0 0 0 0 0 0 0 0 0 0 0 0 0 0 -17 -20 -13 -19 -11 -19 -7 -16 -4 -15 -1 -12 1 -10 4 -8 6 -6 9 -4 10 -2 11 -1 11 -1 11 -1 10 -2 9 -3 7 -5 5 -7 0 -9 -3 -11 -8 -13 -12 -14 -17 -15 -22 -17 -26 -18 -29 -18 ]
2025-05-21 14:51:36,CSI_DATA,STA,D8:B1:90:DB:E8:90,-50,11,1,6,0,0,1,0,0,0,1,-94,0,2,0,3512719688,0,110,0,0,85117.5,256,[110 96 6 0 42 -8 42 -10 42 -12 40 -14 38 -15 35 -15 31 -14 27 -13 22 -11 18 -8 13 -6 8 -2 4 1 0 5 -3 7 -7 10 -9 12 -11 13 -13 12 -14 11 -13 10 -13 7 -12 4 -11 0 -9 -4 0 0 0 0 0 0 0 0 0 0 0 0 0 0 0 0 0 0 0 0 0 0 15 20 12 19 10 18 6 16 3 14 0 11 -3 9 -6 6 -10 4 -12 2 -14 0 -16 -2 -16 -2 -16 -2 -16 -2 -14 -1 -12 0 -9 1 -4 2 0 3 5 3 11 3 17 2 22 2 28 0 33 -2 ]
2025-05-21 14:51:37,CSI_DATA,STA,D8:B1:90:DB:E8:90,-51,11,1,7,0,0,1,1,1,0,1,-94,0,2,0,3513234580,0,110,0,0,85118,384,[110 96 6 0 22 37 25 38 26 35 28 35 27 32 27 29 25 26 22 22 19 19 16 16 11 13 7 11 3 9 -2 7 -6 5 -9 3 -12 1 -14 -1 -14 -2 -14 -4 -13 -5 -10 -6 -8 -7 -4 -8 -1 -9 0 0 0 0 0 0 0 0 0 0 0 0 0 0 0 0 0 0 0 0 0 0 -18 19 -18 16 -18 13 -17 10 -15 7 -15 3 -13 0 -12 -4 -10 -7 -9 -9 -8 -11 -7 -12 -7 -13 -6 -13 -6 -11 -6 -10 -6 -7 -5 -3 -4 1 -3 6 -1 11 1 16 3 20 7 25 10 29 13 33 ]
2025-05-21 14:51:38,CSI_DATA,STA,D8:B1:90:DB:E8:90,-51,11,1,7,0,0,1,0,0,0,1,-94,0,2,0,3514768102,0,110,0,0,85119.5,256,[110 96 6 0 -40 32 -37 33 -37 35 -33 35 -30 35 -27 33 -23 30 -20 27 -18 23 -15 18 -13 14 -11 9 -10 4 -8 -1 -7 -5 -6 -8 -4 -11 -3 -13 -1 -14 1 -14 3 -13 5 -11 8 -9 10 -6 13 -3 0 0 0 0 0 0 0 0 0 0 0 0 0 0 0 0 0 0 0 0 0 0 -12 -24 -9 -22 -6 -21 -4 -19 -1 -17 2 -15 5 -13 7 -11 10 -9 12 -7 14 -6 14 -5 14 -5 13 -4 11 -5 8 -5 5 -4 1 -3 -3 -2 -8 0 -14 2 -19 5 -24 10 -29 13 -33 17 -36 21 ]
2025-05-21 14:51:39,CSI_DATA,STA,D8:B1:90:DB:E8:90,-50,11,1,7,0,0,1,1,0,0,1,-94,0,2,0,3515789287,0,110,0,0,85120.5,256,[110 96 6 0 23 -7 22 -7 23 -8 23 -8 23 -8 23 -8 22 -8 22 -9 22 -10 21 -10 21 -9 21 -10 20 -10 22 -11 21 -10 22 -10 21 -9 21 -8 21 -8 21 -7 20 -6 20 -6 20 -5 20 -4 20 -3 0 0 0 0 0 0 0 0 0 0 0 0 0 0 0 0 0 0 0 0 0 0 16 -5 16 -4 16 -4 16 -3 17 -3 18 -2 19 -3 19 -3 20 -3 20 -2 20 -3 21 -3 21 -2 21 -2 21 -3 22 -4 21 -4 22 -5 21 -4 22 -4 22 -5 23 -5 23 -6 23 -6 23 -6 23 -8 ]
2025-05-21 14:51:40,CSI_DATA,STA,D8:B1:90:DB:E8:90,-52,11,1,7,0,0,1,0,0,0,1,-94,0,2,0,3516812089,0,110,0,0,85121.6,256,[110 96 6 0 44 6 43 5 43 4 42 4 40 4 37 4 34 5 31 6 28 7 24 8 20 10 17 11 13 13 9 13 5 13 2 13 -1 12 -3 11 -4 8 -4 6 -4 4 -2 2 0 0 3 -2 6 -3 0 0 0 0 0 0 0 0 0 0 0 0 0 0 0 0 0 0 0 0 0 0 20 6 17 8 14 10 10 11 7 13 4 14 1 14 -2 15 -3 15 -5 15 -6 16 -5 16 -4 17 -3 17 -1 17 2 17 6 17 9 17 13 17 18 16 22 15 27 15 30 13 34 13 37 12 39 10 ]
2025-05-21 14:51:41,CSI_DATA,STA,D8:B1:90:DB:E8:90,-51,11,1,7,0,0,1,1,0,0,1,-94,0,2,0,3517324726,0,110,0,0,85122.1,256,[110 96 6 0 5 -24 5 -24 5 -24 5 -24 4 -24 3 -24 3 -24 3 -24 2 -23 2 -24 1 -23 1 -24 1 -24 1 -24 2 -24 0 -24 2 -23 2 -23 2 -22 3 -22 3 -22 3 -22 4 -21 6 -21 6 -21 0 0 0 0 0 0 0 0 0 0 0 0 0 0 0 0 0 0 0 0 0 0 3 -18 4 -18 5 -18 5 -19 6 -19 6 -19 7 -19 7 -20 8 -20 8 -20 9 -21 8 -21 8 -20 8 -21 8 -21 9 -22 8 -21 8 -22 7 -22 7 -22 6 -22 6 -23 7 -23 6 -24 6 -24 7 -24 ]
2025-05-21 14:51:41,CSI_DATA,STA,D8:B1:90:DB:E8:90,-51,11,1,7,0,0,1,1,0,0,1,-94,0,2,0,3517835900,0,110,0,0,85122.6,256,[110 96 6 0 3 -23 3 -23 3 -22 2 -22 1 -22 1 -22 1 -21 1 -21 1 -21 0 -21 0 -21 -1 -22 -1 -22 -1 -22 0 -21 0 -22 1 -22 1 -21 2 -21 2 -20 3 -20 3 -19 4 -19 5 -19 6 -18 0 0 0 0 0 0 0 0 0 0 0 0 0 0 0 0 0 0 0 0 0 0 4 -17 5 -17 5 -17 5 -17 6 -18 6 -18 6 -19 7 -19 7 -19 7 -19 8 -19 8 -19 8 -19 8 -19 6 -20 6 -20 6 -20 6 -21 6 -21 6 -21 5 -21 5 -22 5 -22 5 -22 4 -22 5 -23 ]
2025-05-21 14:51:43,CSI_DATA,STA,D8:B1:90:DB:E8:90,-51,11,1,7,0,0,1,0,0,0,1,-94,0,2,0,3519863768,0,110,0,0,85124.6,256,[110 96 6 0 40 -26 40 -28 39 -28 38 -29 35 -29 32 -27 29 -25 26 -22 22 -19 18 -15 15 -11 11 -7 7 -2 4 2 1 5 -2 8 -5 10 -7 11 -9 11 -9 9 -9 8 -10 5 -8 2 -7 -2 -4 -5 0 0 0 0 0 0 0 0 0 0 0 0 0 0 0 0 0 0 0 0 0 0 27 -7 25 -4 22 -2 19 1 15 3 11 5 7 7 3 8 -1 9 -4 10 -7 11 -8 11 -10 11 -9 12 -8 11 -7 10 -4 9 -1 7 3 6 7 4 12 0 17 -3 21 -7 26 -10 31 -14 35 -18 ]
2025-05-21 14:51:48,CSI_DATA,STA,D8:B1:90:DB:E8:90,-49,11,1,5,0,0,1,0,0,0,0,-94,0,2,0,3524386874,0,110,0,0,85129.1,256,[110 96 6 0 6 -48 4 -50 3 -49 0 -49 -2 -46 -3 -43 -4 -38 -4 -34 -3 -28 -3 -22 -1 -16 1 -11 3 -5 6 1 8 5 9 10 10 13 10 15 10 16 8 17 6 16 4 15 1 13 -2 10 -6 6 0 0 0 0 0 0 0 0 0 0 0 0 0 0 0 0 0 0 0 0 0 0 25 -9 23 -7 21 -4 18 -3 14 -1 11 2 6 4 3 6 -1 8 -4 9 -7 11 -8 12 -10 13 -10 13 -9 13 -8 11 -6 9 -3 6 -1 3 1 -1 4 -7 6 -12 7 -18 8 -24 9 -30 10 -36 ]
2025-05-21 14:51:50,CSI_DATA,STA,D8:B1:90:DB:E8:90,-49,11,1,7,0,0,1,0,0,0,1,-94,0,2,0,3526411882,0,110,0,0,85131.2,256,[110 96 6 0 4 44 6 45 7 45 9 43 10 40 10 37 11 33 10 28 8 23 6 18 3 13 0 8 -3 3 -6 -1 -9 -5 -11 -9 -12 -12 -13 -13 -12 -15 -11 -15 -9 -15 -7 -14 -3 -12 -1 -10 3 -7 0 0 0 0 0 0 0 0 0 0 0 0 0 0 0 0 0 0 0 0 0 0 -19 19 -19 16 -17 13 -16 10 -13 6 -11 3 -8 0 -5 -4 -3 -7 -1 -10 1 -13 3 -14 4 -16 4 -16 3 -16 2 -14 1 -12 0 -9 -1 -5 -2 0 -3 6 -3 12 -3 17 -2 24 -2 29 -2 34 ]
2025-05-21 14:51:51,CSI_DATA,STA,D8:B1:90:DB:E8:90,-48,11,1,7,0,0,1,1,0,0,1,-94,0,2,0,3527917160,0,110,0,0,85132.7,256,[110 96 6 0 -9 -23 -9 -23 -8 -22 -10 -23 -10 -22 -11 -23 -11 -23 -11 -21 -11 -21 -11 -21 -12 -21 -12 -21 -11 -21 -11 -21 -11 -21 -11 -21 -10 -21 -9 -21 -8 -21 -8 -21 -8 -21 -8 -21 -7 -20 -6 -21 -4 -21 0 0 0 0 0 0 0 0 0 0 0 0 0 0 0 0 0 0 0 0 0 0 -5 -16 -5 -17 -5 -17 -4 -17 -4 -18 -4 -18 -5 -18 -4 -19 -4 -20 -5 -20 -4 -20 -4 -20 -4 -21 -4 -21 -5 -21 -5 -21 -6 -21 -6 -21 -7 -22 -7 -22 -8 -22 -8
2025-05-21 14:51:52,CSI_DATA,STA,D8:B1:90:DB:E8:90,-50,11,1,7,0,0,1,0,0,0,1,-94,0,2,0,3528416368,0,110,0,0,85133.2,256,[110 96 6 0 -33 31 -33 34 -31 34 -30 36 -26 34 -24 33 -20 30 -17 27 -15 22 -12 18 -10 13 -8 7 -7 2 -5 -4 -4 -9 -3 -12 -2 -16 0 -17 1 -18 2 -18 3 -17 5 -14 6 -11 7 -7 8 -2 0 0 0 0 0 0 0 0 0 0 0 0 0 0 0 0 0 0 0 0 0 0 -25 -10 -23 -11 -20 -11 -17 -11 -13 -10 -9 -9 -5 -8 0 -7 3 -6 7 -6 10 -5 12 -5 14 -5 14 -5 14 -6 12 -5 10 -5 6 -4 3 -3 -1 -1 -6 1 -11 4 -16 8 -20 11 -25 16 -29 20 ]
2025-05-21 14:51:52,CSI_DATA,STA,D8:B1:90:DB:E8:90,-51,11,1,7,0,0,1,1,0,0,1,-94,0,2,0,3528918115,0,110,0,0,85133.7,256,[110 96 6 0 22 10 24 9 23 8 25 10 25 9 25 9 25 8 23 5 23 4 23 4 23 4 21 3 21 4 21 3 21 4 23 5 23 5 22 6 22 6 23 7 22 8 21 8 20 9 18 5 17 6 0 0 0 0 0 0 0 0 0 0 0 0 0 0 0 0 0 0 0 0 0 0 -2 14 -2 14 14 -11 15 -11 15 -11 16 -11 13 -8 13 -8 13 -8 13 -8 16 3 17 4 17 4 17 4 18 10 19 10 20 9 20 9 21 8 21 8 22 7 23 7 20 6 21 7 22 7 25 10 ]
2025-05-21 14:51:55,CSI_DATA,STA,D8:B1:90:DB:E8:90,-50,11,1,7,0,0,1,0,0,0,1,-94,0,2,0,3531446637,0,110,0,0,85136.2,256,[110 96 6 0 46 5 48 2 48 0 47 -2 44 -4 41 -5 37 -6 33 -5 27 -5 22 -4 16 -2 10 0 5 3 0 6 -4 9 -8 10 -11 12 -13 12 -15 11 -16 10 -15 8 -14 6 -12 3 -10 -1 -8 -5 0 0 0 0 0 0 0 0 0 0 0 0 0 0 0 0 0 0 0 0 0 0 9 25 6 23 4 21 2 18 1 15 -2 11 -4 8 -6 4 -8 0 -10 -3 -12 -5 -14 -7 -15 -8 -15 -9 -15 -8 -14 -8 -12 -6 -9 -4 -5 -1 -1 1 4 3 10 6 15 5 22 7 28 7 34 7 ]
2025-05-21 14:51:56,CSI_DATA,STA,D8:B1:90:DB:E8:90,-48,11,1,7,0,0,1,1,0,0,1,-94,0,2,0,3532470958,0,110,0,0,85137.2,256,[110 96 6 0 -7 -24 -7 -24 -6 -23 -7 -22 -8 -22 -8 -22 -8 -22 -8 -21 -9 -22 -9 -22 -9 -22 -9 -22 -9 -22 -9 -22 -8 -22 -8 -22 -7 -21 -7 -21 -6 -21 -6 -22 -5 -22 -4 -22 -3 -22 -2 -21 -1 -21 0 0 0 0 0 0 0 0 0 0 0 0 0 0 0 0 0 0 0 0 0 0 -4 -17 -3 -17 -3 -18 -2 -18 -2 -19 -1 -19 -2 -19 -1 -20 -1 -20 -1 -21 0 -21 0 -21 -1 -21 -1 -21 -2 -21 -2 -22 -3 -22 -2 -22 -4 -22 -5 -22 -5 -23 -5 -23 -6 -23 -6 -
2025-05-21 14:52:04,CSI_DATA,STA,D8:B1:90:DB:E8:90,-51,11,1,5,0,0,1,0,0,0,0,-94,0,2,0,3540501179,0,110,0,0,85145.2,256,[110 96 6 0 -33 36 -32 38 -31 37 -30 37 -27 36 -25 33 -21 30 -19 27 -16 22 -14 18 -11 13 -9 8 -7 4 -4 -1 -2 -4 0 -7 3 -10 4 -11 5 -10 6 -9 6 -8 7 -5 6 -3 4 1 1 5 0 0 0 0 0 0 0 0 0 0 0 0 0 0 0 0 0 0 0 0 0 0 -20 16 -20 13 -18 9 -16 5 -14 2 -11 -2 -8 -4 -5 -7 -2 -9 -1 -11 1 -12 2 -12 3 -12 2 -12 1 -11 -1 -9 -3 -7 -6 -4 -9 -1 -12 3 -15 8 -19 12 -22 17 -25 20 -28 24 -31 29 ]
2025-05-21 14:52:05,CSI_DATA,STA,D8:B1:90:DB:E8:90,-50,11,1,7,0,0,1,1,0,0,1,-94,0,2,0,3542008936,0,110,0,0,85146.8,256,[110 96 6 0 16 18 16 17 15 17 15 17 15 17 15 17 15 16 16 16 16 15 16 15 17 15 17 15 17 15 17 15 17 15 17 16 16 15 16 15 15 16 14 16 15 16 13 17 13 17 13 17 11 17 0 0 0 0 0 0 0 0 0 0 0 0 0 0 0 0 0 0 0 0 0 0 11 13 10 13 10 14 10 14 10 15 10 15 10 15 10 16 10 17 10 17 11 16 11 17 11 17 12 17 12 17 12 17 12 17 13 17 13 17 13 17 14 17 14 17 14 17 15 18 15 18 15 17 ]
2025-05-21 14:52:06,CSI_DATA,STA,D8:B1:90:DB:E8:90,-52,11,1,5,0,0,1,0,0,0,0,-94,0,2,0,3543011226,0,110,0,0,85147.8,256,[110 96 6 0 -24 38 -23 40 -23 40 -21 39 -20 37 -18 35 -17 32 -16 29 -14 25 -13 21 -12 16 -10 12 -9 7 -7 3 -6 -2 -3 -5 -1 -7 0 -9 3 -9 4 -8 5 -7 5 -5 5 -3 3 1 1 4 0 0 0 0 0 0 0 0 0 0 0 0 0 0 0 0 0 0 0 0 0 0 -11 20 -12 17 -12 14 -13 10 -12 7 -12 4 -11 1 -10 -2 -9 -3 -9 -5 -8 -6 -8 -7 -9 -7 -9 -6 -10 -5 -11 -3 -13 -1 -14 2 -15 5 -17 8 -18 12 -20 17 -22 21 -22 25 -23 28 -24 32 ]
2025-05-21 14:52:08,CSI_DATA,STA,D8:B1:90:DB:E8:90,-52,11,1,5,0,0,1,0,0,0,0,-94,0,2,0,3544517638,0,110,0,0,85149.3,256,[110 96 6 0 -17 34 -17 36 -17 35 -16 35 -15 33 -15 31 -13 28 -13 26 -12 22 -11 19 -10 15 -9 11 -8 7 -7 3 -6 -1 -4 -4 -2 -6 0 -7 2 -8 3 -7 4 -6 4 -4 3 -2 2 0 0 3 0 0 0 0 0 0 0 0 0 0 0 0 0 0 0 0 0 0 0 0 0 0 -3 19 -5 17 -6 14 -7 12 -8 9 -8 7 -8 4 -8 2 -8 0 -9 -2 -8 -3 -9 -3 -9 -4 -10 -3 -10 -2 -11 -1 -12 1 -13 3 -14 6 -14 9 -15 12 -16 16 -17 19 -17 22 -17 26 -19 29 ]
2025-05-21 14:52:08,CSI_DATA,STA,D8:B1:90:DB:E8:90,-50,11,1,7,0,0,1,1,0,0,1,-94,0,2,0,3545017122,0,110,0,0,85149.8,256,[110 96 6 0 -26 4 -25 4 -25 4 -25 4 -24 4 -24 4 -24 5 -24 5 -24 6 -24 6 -23 6 -24 6 -24 6 -24 6 -24 6 -24 6 -24 6 -24 5 -23 4 -25 3 -24 2 -24 2 -23 1 -23 0 -23 -1 0 0 0 0 0 0 0 0 0 0 0 0 0 0 0 0 0 0 0 0 0 0 -19 1 -19 0 -19 0 -19 -1 -20 -1 -20 -1 -20 -1 -21 -2 -21 -2 -22 -3 -22 -3 -22 -3 -22 -3 -22 -3 -22 -1 -23 0 -22 0 -23 0 -23 0 -24 1 -24 1 -24 2 -24 2 -25 1 -25 2 -25 2 ]
2025-05-21 14:52:11,CSI_DATA,STA,D8:B1:90:DB:E8:90,-51,11,1,7,0,0,1,0,0,0,1,-94,0,2,0,3548025564,0,110,0,0,85152.8,256,[110 96 6 0 -22 -44 -24 -43 -23 -42 -24 -42 -23 -40 -23 -38 -21 -36 -18 -32 -15 -29 -12 -26 -9 -22 -6 -17 -2 -13 2 -9 4 -5 6 -1 7 3 7 6 6 8 5 9 3 8 1 7 0 5 -3 3 -4 -1 0 0 0 0 0 0 0 0 0 0 0 0 0 0 0 0 0 0 0 0 0 0 -17 -18 -14 -18 -10 -18 -7 -16 -4 -15 -1 -13 1 -11 4 -9 6 -8 7 -7 9 -6 10 -6 10 -6 10 -7 10 -8 9 -9 8 -12 7 -15 5 -18 3 -21 -1 -24 -3 -28 -6 -30 -10 -34 -12 -36 -14 -39 ]
2025-05-21 14:52:13,CSI_DATA,STA,D8:B1:90:DB:E8:90,-52,11,1,3,0,0,1,0,0,0,0,-94,0,2,0,3549560185,0,110,0,0,85154.3,256,[110 96 6 0 3 45 4 45 4 45 6 45 6 43 6 40 5 37 4 33 2 30 0 25 -1 20 -3 15 -5 10 -6 5 -7 1 -7 -4 -7 -7 -6 -10 -4 -11 -3 -12 -1 -11 1 -9 2 -7 3 -4 3 0 0 0 0 0 0 0 0 0 0 0 0 0 0 0 0 0 0 0 0 0 0 0 6 22 3 20 -1 18 -3 15 -5 13 -6 10 -8 7 -9 4 -10 2 -11 0 -12 -2 -13 -2 -13 -3 -14 -2 -13 -1 -14 1 -13 4 -13 7 -12 11 -11 15 -10 19 -8 23 -7 28 -5 32 -3 36 -3 38 ]
2025-05-21 14:52:13,CSI_DATA,STA,D8:B1:90:DB:E8:90,-50,11,1,7,0,0,1,1,0,0,1,-94,0,2,0,3550042178,0,110,0,0,85154.8,256,[110 96 6 0 11 -22 11 -22 11 -21 11 -22 11 -21 10 -22 10 -22 9 -22 9 -22 9 -22 8 -22 8 -22 9 -23 9 -22 10 -22 9 -22 10 -22 10 -21 11 -20 12 -21 12 -20 12 -19 13 -18 14 -17 15 -16 0 0 0 0 0 0 0 0 0 0 0 0 0 0 0 0 0 0 0 0 0 0 11 -15 12 -14 10 -15 11 -15 11 -15 13 -16 12 -16 13 -16 13 -17 14 -16 14 -17 14 -17 14 -17 14 -17 13 -18 13 -18 13 -18 13 -19 11 -20 12 -20 11 -21 11 -21 11 -21 11 -22 12
2025-05-21 14:52:14,CSI_DATA,STA,D8:B1:90:DB:E8:90,-50,11,1,7,0,0,1,1,0,0,1,-94,0,2,0,3550542046,0,110,0,0,85155.3,256,[110 96 6 0 -9 23 -8 23 -8 22 -6 23 -6 23 -5 23 -5 23 -5 23 -5 23 -5 22 -4 23 -5 23 -5 23 -5 22 -6 22 -5 23 -5 22 -5 21 -6 21 -7 21 -7 21 -8 20 -9 19 -9 18 -10 17 0 0 0 0 0 0 0 0 0 0 0 0 0 0 0 0 0 0 0 0 0 0 -8 16 -8 16 -9 16 -9 16 -10 17 -10 17 -11 17 -11 17 -12 17 -12 17 -12 18 -12 18 -11 18 -12 18 -11 18 -11 18 -11 18 -11 19 -10 20 -10 20 -10 20 -10 21 -9 21 -9 22 -8 22 -9 21 ]
2025-05-21 14:52:14,CSI_DATA,STA,D8:B1:90:DB:E8:90,-50,11,1,7,0,0,1,1,0,0,1,-94,0,2,0,3551043137,0,110,0,0,85155.8,256,[110 96 6 0 -16 -21 -16 -20 -15 -19 -16 -20 -16 -19 -16 -19 -16 -18 -16 -17 -16 -17 -16 -17 -17 -17 -18 -17 -18 -17 -17 -17 -17 -17 -17 -17 -17 -17 -16 -17 -16 -17 -15 -17 -15 -17 -14 -17 -13 -17 -13 -17 -12 -18 0 0 0 0 0 0 0 0 0 0 0 0 0 0 0 0 0 0 0 0 0 0 -11 -15 -10 -16 -11 -15 -10 -16 -11 -16 -10 -17 -10 -17 -11 -18 -10 -18 -10 -19 -10 -19 -10 -19 -11 -19 -11 -19 -11 -20 -12 -19 -12 -19 -1
2025-05-21 14:52:15,CSI_DATA,STA,D8:B1:90:DB:E8:90,-52,11,1,7,0,0,1,0,0,0,1,-94,0,2,0,3551544052,0,110,0,0,85156.3,256,[110 96 6 0 34 31 35 30 34 29 34 29 33 27 31 25 27 23 23 21 19 19 14 17 10 14 5 11 0 9 -4 6 -8 3 -10 0 -12 -3 -13 -5 -12 -7 -11 -8 -9 -8 -6 -7 -4 -6 -1 -3 2 0 0 0 0 0 0 0 0 0 0 0 0 0 0 0 0 0 0 0 0 0 0 0 21 6 17 8 14 10 10 10 6 10 2 11 -2 11 -5 11 -8 10 -10 9 -13 9 -14 9 -14 10 -14 11 -12 12 -11 13 -9 15 -6 16 -2 19 2 20 6 22 10 24 14 25 19 28 22 29 25 29 ]
2025-05-21 14:52:20,CSI_DATA,STA,D8:B1:90:DB:E8:90,-51,11,1,7,0,0,1,0,0,0,1,-94,0,2,0,3557100414,0,110,0,0,85161.8,256,[110 96 6 0 -39 -20 -39 -19 -40 -18 -39 -17 -38 -16 -36 -14 -33 -13 -29 -12 -25 -11 -21 -11 -16 -10 -11 -10 -6 -9 -2 -9 3 -8 6 -7 9 -6 11 -4 12 -2 11 -1 10 0 8 2 5 3 2 4 -2 4 0 0 0 0 0 0 0 0 0 0 0 0 0 0 0 0 0 0 0 0 0 0 -14 -19 -10 -18 -8 -17 -5 -16 -2 -15 1 -13 3 -11 5 -10 8 -8 9 -7 11 -6 12 -6 12 -6 11 -6 11 -8 9 -8 7 -10 4 -11 1 -13 -3 -15 -7 -17 -12 -18 -16 -18 -21 -20 -25 -21 -28 -21 ]
2025-05-21 14:52:21,CSI_DATA,STA,D8:B1:90:DB:E8:90,-50,11,1,7,0,0,1,1,0,0,1,-94,0,2,0,3557602284,0,110,0,0,85162.3,256,[110 96 6 0 -22 13 -21 13 -21 13 -20 14 -19 14 -19 14 -18 14 -19 16 -19 16 -19 16 -18 16 -17 17 -17 17 -18 18 -18 17 -18 17 -18 16 -18 16 -18 15 -18 14 -18 14 -18 13 -18 12 -19 11 -20 10 0 0 0 0 0 0 0 0 0 0 0 0 0 0 0 0 0 0 0 0 0 0 -15 9 -16 9 -16 8 -16 8 -17 8 -18 8 -18 7 -18 7 -19 8 -19 7 -20 8 -20 7 -20 7 -20 7 -20 8 -20 9 -20 9 -20 9 -20 10 -20 10 -20 10 -21 11 -21 11 -20 12 -20 12 -21 13
2025-05-21 14:52:23,CSI_DATA,STA,D8:B1:90:DB:E8:90,-52,11,1,7,0,0,1,0,0,0,1,-94,0,2,0,3559601611,0,110,0,0,85164.3,256,[110 96 6 0 42 7 41 6 41 6 39 5 37 5 35 5 32 6 29 6 26 5 22 6 19 7 15 8 11 8 8 9 4 9 2 9 -1 8 -3 7 -4 6 -5 6 -5 5 -4 5 -3 5 -2 6 0 7 0 0 0 0 0 0 0 0 0 0 0 0 0 0 0 0 0 0 0 0 0 0 10 -13 11 -9 11 -6 10 -3 10 0 9 3 8 6 7 8 6 11 6 12 5 13 5 14 6 15 7 15 9 15 11 15 14 15 16 14 20 14 23 13 27 12 30 11 33 10 36 9 38 9 39 8 ]
2025-05-21 14:52:23,CSI_DATA,STA,D8:B1:90:DB:E8:90,-51,11,1,7,0,0,1,1,0,0,1,-94,0,2,0,3559671732,0,100,0,0,85164.4,256,[100 -64 5 0 -22 -2 -22 -1 -21 -2 -21 -1 -21 -1 -20 -1 -20 -1 -21 0 -20 1 -20 0 -20 -1 -20 0 -20 0 -20 1 -19 0 -20 0 -19 0 -19 -1 -18 -1 -19 -2 -18 -3 -17 -4 -17 -4 -17 -4 -17 -5 0 0 0 0 0 0 0 0 0 0 0 0 0 0 0 0 0 0 0 0 0 0 -14 -1 -15 -2 -15 -2 -15 -2 -16 -2 -17 -3 -16 -3 -17 -4 -16 -5 -18 -6 -17 -5 -16 -6 -17 -6 -18 -5 -19 -5 -19 -3 -20 -4 -19 -3 -20 -3 -20 -3 -20 -3 -21 -3 -21 -1 -20 -2 -21
2025-05-21 14:52:26,CSI_DATA,STA,D8:B1:90:DB:E8:90,-52,11,1,7,0,0,1,0,0,0,1,-94,0,2,0,3562619354,0,110,0,0,85167.4,256,[110 96 6 0 18 37 20 38 19 37 20 37 19 34 17 32 14 30 11 27 7 24 4 21 0 17 -3 14 -6 10 -9 7 -12 3 -12 0 -13 -2 -13 -5 -12 -6 -11 -7 -9 -6 -6 -5 -4 -4 -2 -2 0 1 0 0 0 0 0 0 0 0 0 0 0 0 0 0 0 0 0 0 0 0 0 0 13 14 10 13 7 12 4 11 1 9 -3 8 -6 6 -9 5 -13 3 -16 1 -18 0 -20 0 -21 -1 -22 0 -22 1 -22 2 -21 4 -19 7 -16 10 -12 13 -9 16 -5 20 -2 22 3 26 7 30 10 31 ]
2025-05-21 14:52:26,CSI_DATA,STA,D8:B1:90:DB:E8:90,-51,11,1,7,0,0,1,1,0,0,1,-94,0,2,0,3563121023,0,110,0,0,85167.9,256,[110 96 6 0 -15 -24 -15 -24 -14 -22 -15 -21 -15 -21 -15 -21 -15 -20 -15 -20 -15 -19 -16 -19 -16 -19 -17 -19 -17 -19 -16 -18 -15 -19 -15 -18 -14 -18 -14 -18 -13 -18 -13 -18 -12 -18 -12 -18 -11 -17 -10 -18 -9 -18 0 0 0 0 0 0 0 0 0 0 0 0 0 0 0 0 0 0 0 0 0 0 -11 -13 -11 -14 -10 -15 -10 -16 -10 -16 -10 -17 -11 -17 -11 -18 -10 -19 -11 -19 -10 -20 -11 -20 -11 -21 -11 -21 -11 -21 -10 -21 -11 -21 -11
2025-05-21 14:52:29,CSI_DATA,STA,D8:B1:90:DB:E8:90,-52,11,1,7,0,0,1,0,0,0,1,-94,0,2,0,3565624477,0,110,0,0,85170.4,256,[110 96 6 0 -34 19 -33 19 -33 19 -33 18 -31 16 -30 14 -28 11 -26 8 -23 6 -21 2 -18 -1 -15 -4 -11 -7 -8 -9 -6 -11 -3 -12 0 -12 1 -12 2 -11 2 -10 2 -9 1 -8 -1 -7 -3 -7 -4 -8 0 0 0 0 0 0 0 0 0 0 0 0 0 0 0 0 0 0 0 0 0 0 2 14 0 12 -2 9 -4 7 -6 4 -7 2 -9 -1 -11 -3 -12 -6 -15 -8 -16 -9 -17 -11 -19 -11 -20 -11 -22 -12 -23 -11 -24 -10 -26 -8 -27 -6 -28 -4 -30 0 -30 2 -31 7 -31 9 -32 12 -34 14 ]
2025-05-21 14:52:31,CSI_DATA,STA,D8:B1:90:DB:E8:90,-52,11,1,7,0,0,1,0,0,0,1,-94,0,2,0,3568129458,0,110,0,0,85172.9,256,[110 96 6 0 -35 11 -35 12 -35 11 -34 11 -32 9 -31 7 -28 5 -25 4 -22 1 -18 -2 -15 -5 -11 -7 -6 -9 -2 -10 1 -11 5 -11 7 -11 9 -10 10 -9 10 -7 9 -6 7 -5 6 -5 3 -5 1 -5 0 0 0 0 0 0 0 0 0 0 0 0 0 0 0 0 0 0 0 0 0 0 0 14 -1 11 -3 9 -4 7 -4 4 -5 1 -7 -2 -7 -6 -8 -9 -9 -12 -9 -15 -10 -17 -11 -19 -12 -21 -13 -21 -14 -21 -15 -20 -16 -18 -18 -17 -19 -14 -21 -11 -23 -8 -25 -4 -27 -2 -28 1 -30 4 ]
2025-05-21 14:52:32,CSI_DATA,STA,D8:B1:90:DB:E8:90,-51,11,1,7,0,0,1,1,0,0,1,-94,0,2,0,3568630065,0,110,0,0,85173.4,256,[110 96 6 0 -16 -21 -15 -20 -15 -19 -15 -19 -15 -19 -15 -19 -15 -18 -15 -17 -14 -17 -15 -16 -15 -17 -16 -17 -16 -17 -16 -16 -16 -16 -15 -17 -14 -16 -14 -16 -13 -16 -13 -15 -13 -16 -12 -16 -11 -16 -11 -15 -10 -15 0 0 0 0 0 0 0 0 0 0 0 0 0 0 0 0 0 0 0 0 0 0 -11 -12 -10 -12 -10 -13 -10 -14 -10 -14 -10 -15 -10 -15 -10 -16 -10 -16 -10 -17 -10 -17 -10 -18 -10 -18 -10 -19 -10 -19 -11 -18 -11 -18 -1
2025-05-21 14:52:35,CSI_DATA,STA,D8:B1:90:DB:E8:90,-52,11,1,7,0,0,1,0,0,0,1,-94,0,2,0,3571643116,0,110,0,0,85176.4,256,[110 96 6 0 -35 18 -35 20 -35 20 -35 19 -33 18 -32 16 -30 12 -28 10 -24 6 -21 2 -18 -2 -14 -6 -10 -9 -6 -11 -2 -13 1 -14 5 -15 6 -14 8 -13 8 -12 8 -10 7 -8 5 -7 3 -6 0 -5 0 0 0 0 0 0 0 0 0 0 0 0 0 0 0 0 0 0 0 0 0 0 0 15 -2 12 -4 10 -4 7 -5 4 -7 1 -8 -3 -9 -6 -10 -9 -11 -13 -12 -16 -13 -18 -14 -20 -16 -21 -17 -22 -18 -21 -19 -20 -20 -18 -22 -16 -23 -12 -25 -9 -26 -5 -27 0 -29 3 -30 7 -32 11 ]
2025-05-21 14:52:38,CSI_DATA,STA,D8:B1:90:DB:E8:90,-52,11,1,7,0,0,1,0,0,0,1,-94,0,2,0,3574647728,0,110,0,0,85179.4,256,[110 96 6 0 -4 42 -3 42 -4 42 -4 40 -4 38 -5 35 -7 31 -8 28 -9 23 -10 18 -10 12 -11 6 -11 1 -11 -3 -10 -7 -8 -11 -7 -13 -5 -15 -3 -15 -2 -14 -1 -13 0 -10 -1 -8 -2 -5 -4 -3 0 0 0 0 0 0 0 0 0 0 0 0 0 0 0 0 0 0 0 0 0 0 16 5 12 6 8 6 5 6 1 6 -3 5 -7 4 -11 3 -15 2 -18 1 -21 1 -24 0 -25 0 -27 0 -27 1 -28 2 -27 4 -26 6 -23 9 -21 12 -19 15 -16 19 -14 23 -11 27 -9 31 -8 34 ]
2025-05-21 14:52:39,CSI_DATA,STA,D8:B1:90:DB:E8:90,-50,11,1,7,0,0,1,1,0,0,1,-94,0,2,0,3575658987,0,110,0,0,85180.4,256,[110 96 6 0 12 -24 11 -23 13 -23 12 -23 12 -23 11 -23 10 -23 10 -23 11 -23 10 -23 9 -22 8 -22 7 -21 8 -22 8 -21 8 -21 9 -20 9 -20 8 -20 9 -20 9 -20 9 -19 9 -18 10 -16 11 -15 0 0 0 0 0 0 0 0 0 0 0 0 0 0 0 0 0 0 0 0 0 0 7 -16 7 -16 8 -16 8 -16 9 -16 10 -17 11 -16 11 -17 12 -17 13 -17 13 -17 14 -18 13 -18 13 -18 12 -18 13 -20 12 -19 13 -20 12 -20 13 -21 12 -21 12 -22 13 -22 12 -22 12 -22 13 -23
2025-05-21 14:52:41,CSI_DATA,STA,D8:B1:90:DB:E8:90,-53,11,1,7,0,0,1,0,0,0,1,-94,0,2,0,3577663433,0,110,0,0,85182.4,256,[110 96 6 0 19 -36 18 -37 18 -37 17 -36 17 -34 17 -31 16 -28 15 -26 15 -22 14 -17 13 -13 12 -8 11 -4 10 0 8 3 6 6 5 8 3 9 2 9 1 9 0 7 0 6 1 4 2 2 3 0 0 0 0 0 0 0 0 0 0 0 0 0 0 0 0 0 0 0 0 0 0 0 -5 -18 -2 -17 0 -14 2 -12 4 -10 5 -7 7 -4 9 -2 10 0 11 2 13 4 14 5 15 6 16 6 17 5 18 4 19 2 20 -1 20 -3 20 -7 20 -11 20 -14 20 -18 19 -22 19 -26 21 -29 ]
2025-05-21 14:52:41,CSI_DATA,STA,D8:B1:90:DB:E8:90,-51,11,1,7,0,0,1,1,0,0,1,-94,0,2,0,3578165382,0,110,0,0,85182.9,256,[110 96 6 0 -23 10 -22 10 -22 10 -22 11 -21 11 -21 11 -20 11 -20 11 -20 11 -19 11 -18 11 -19 12 -19 12 -19 12 -19 11 -19 12 -19 11 -19 11 -19 10 -20 10 -19 9 -19 9 -19 7 -18 7 -19 6 0 0 0 0 0 0 0 0 0 0 0 0 0 0 0 0 0 0 0 0 0 0 -15 8 -16 7 -16 7 -17 7 -18 7 -18 7 -19 6 -19 6 -20 6 -21 6 -21 6 -21 6 -21 6 -21 6 -21 6 -22 6 -22 6 -22 7 -22 7 -22 8 -22 8 -22 8 -23 10 -23 9 -24 9 -23 10 ]
2025-05-21 14:52:44,CSI_DATA,STA,D8:B1:90:DB:E8:90,-52,11,1,7,0,0,1,0,0,0,1,-94,0,2,0,3580671365,0,110,0,0,85185.4,256,[110 96 6 0 2 42 4 43 4 42 5 41 4 39 3 37 2 33 0 30 -1 26 -3 21 -5 16 -7 12 -9 7 -10 3 -11 -1 -11 -5 -10 -7 -10 -9 -8 -9 -7 -9 -5 -8 -4 -6 -2 -4 -1 -1 -1 2 0 0 0 0 0 0 0 0 0 0 0 0 0 0 0 0 0 0 0 0 0 0 8 18 5 17 2 15 0 13 -3 10 -6 7 -9 5 -12 1 -14 -2 -16 -4 -18 -6 -20 -8 -21 -9 -21 -9 -21 -9 -22 -7 -22 -5 -20 -1 -18 3 -16 7 -14 12 -12 16 -10 21 -7 26 -5 30 -3 34 ]
2025-05-21 14:52:46,CSI_DATA,STA,D8:B1:90:DB:E8:90,-51,11,1,7,0,0,1,1,0,0,1,-94,0,2,0,3582181019,0,110,0,0,85186.9,256,[110 96 6 0 -6 24 -5 24 -6 24 -4 23 -3 23 -3 23 -3 22 -2 23 -2 22 -1 22 -1 22 -1 23 -1 22 -1 22 -1 21 -1 23 -1 22 -2 21 -2 21 -2 20 -2 20 -3 19 -3 19 -5 18 -6 17 0 0 0 0 0 0 0 0 0 0 0 0 0 0 0 0 0 0 0 0 0 0 -4 16 -5 16 -4 16 -5 16 -5 17 -5 17 -6 18 -7 19 -7 19 -8 20 -8 19 -8 20 -8 20 -8 20 -8 20 -9 21 -8 20 -8 21 -7 21 -7 22 -7 22 -7 23 -8 23 -7 23 -7 24 -6 23 ]
2025-05-21 14:52:47,CSI_DATA,STA,D8:B1:90:DB:E8:90,-52,11,1,7,0,0,1,0,0,0,1,-94,0,2,0,3584183721,0,110,0,0,85188.9,256,[110 96 6 0 -22 31 -22 32 -22 32 -21 31 -21 29 -21 27 -20 24 -19 21 -18 18 -17 14 -16 9 -15 5 -13 1 -12 -2 -10 -5 -8 -8 -6 -9 -4 -10 -2 -10 -2 -9 -1 -7 -1 -5 -2 -3 -4 -2 -6 0 0 0 0 0 0 0 0 0 0 0 0 0 0 0 0 0 0 0 0 0 0 0 1 16 -2 15 -4 12 -6 10 -7 8 -9 5 -11 3 -12 0 -14 -3 -16 -5 -17 -7 -18 -9 -19 -9 -21 -10 -21 -10 -22 -9 -23 -7 -23 -5 -24 -2 -23 1 -24 5 -24 9 -23 13 -23 17 -23 21 -24 24 ]
2025-05-21 14:52:51,CSI_DATA,STA,D8:B1:90:DB:E8:90,-52,11,1,7,0,0,1,0,0,0,1,-94,0,2,0,3587691335,0,110,0,0,85192.4,256,[110 96 6 0 -39 13 -38 14 -38 14 -36 13 -34 13 -32 11 -29 9 -26 7 -22 4 -18 1 -15 -2 -11 -4 -7 -7 -4 -9 0 -10 3 -11 5 -11 6 -10 7 -9 7 -8 6 -7 4 -5 2 -4 -1 -3 -4 -3 0 0 0 0 0 0 0 0 0 0 0 0 0 0 0 0 0 0 0 0 0 0 -12 14 -12 10 -12 7 -11 3 -10 0 -9 -4 -7 -7 -5 -11 -3 -14 -2 -16 -1 -18 -1 -20 0 -21 -1 -21 -2 -21 -3 -20 -5 -18 -8 -16 -11 -14 -14 -11 -17 -8 -21 -6 -24 -1 -27 2 -30 5 -33 8 ]
2025-05-21 14:52:59,CSI_DATA,STA,D8:B1:90:DB:E8:90,-52,11,1,7,0,0,1,0,0,0,1,-94,0,2,0,3595248400,0,110,0,0,85200,256,[110 96 6 0 33 24 35 24 33 22 34 23 31 22 29 21 27 20 22 20 17 18 13 17 9 15 4 13 -1 12 -5 9 -8 7 -10 4 -11 1 -12 -1 -11 -2 -10 -3 -9 -3 -6 -2 -4 -1 -2 0 0 3 0 0 0 0 0 0 0 0 0 0 0 0 0 0 0 0 0 0 0 0 0 0 17 -4 15 -2 13 1 10 3 7 5 5 7 2 9 0 11 -3 13 -5 15 -7 16 -8 18 -9 19 -9 20 -9 21 -8 21 -6 22 -4 22 0 24 3 24 8 24 11 24 15 23 20 24 23 24 27 24 ]
2025-05-21 14:53:05,CSI_DATA,STA,D8:B1:90:DB:E8:90,-52,11,1,7,0,0,1,0,0,0,1,-94,0,2,0,3601273625,0,110,0,0,85206,256,[110 96 6 0 29 -34 28 -35 28 -34 27 -34 26 -32 25 -30 24 -26 23 -23 20 -19 18 -14 17 -9 14 -4 12 1 9 5 7 8 4 11 2 12 0 13 -2 13 -3 12 -3 10 -3 7 -2 5 0 3 2 0 0 0 0 0 0 0 0 0 0 0 0 0 0 0 0 0 0 0 0 0 0 0 -1 -22 1 -19 3 -16 4 -12 5 -9 6 -5 7 0 9 3 9 8 10 11 11 14 12 17 12 18 13 19 14 19 15 18 16 16 18 13 19 10 20 6 21 0 23 -4 24 -10 24 -15 26 -19 27 -24 ]
2025-05-21 14:53:05,CSI_DATA,STA,D8:B1:90:DB:E8:90,-51,11,1,7,0,0,1,1,0,0,1,-94,0,2,0,3601778203,0,110,0,0,85206.5,256,[110 96 6 0 14 18 15 18 14 17 16 17 16 17 16 16 16 16 17 15 17 14 16 14 17 14 17 13 17 13 16 13 16 13 16 14 16 13 15 13 14 13 14 13 13 13 12 14 12 14 12 13 11 13 0 0 0 0 0 0 0 0 0 0 0 0 0 0 0 0 0 0 0 0 0 0 11 10 10 11 10 12 10 13 10 13 10 14 10 14 11 15 10 16 11 16 10 16 10 16 10 17 10 17 11 16 11 16 11 16 12 16 13 17 13 17 14 17 14 17 14 17 14 17 15 17 14 17 ]
2025-05-21 14:53:08,CSI_DATA,STA,D8:B1:90:DB:E8:90,-52,11,1,5,0,0,1,0,0,0,0,-94,0,2,0,3604786811,0,110,0,0,85209.5,256,[110 96 6 0 -17 30 -16 31 -16 30 -15 29 -15 28 -15 26 -15 23 -15 21 -15 17 -15 13 -15 10 -15 6 -14 2 -13 -1 -12 -3 -10 -6 -8 -8 -7 -8 -5 -9 -4 -8 -3 -7 -2 -5 -2 -3 -3 -1 -5 1 0 0 0 0 0 0 0 0 0 0 0 0 0 0 0 0 0 0 0 0 0 0 0 13 -2 11 -3 9 -5 7 -5 5 -7 4 -9 2 -10 1 -12 -1 -14 -2 -15 -3 -17 -4 -18 -4 -20 -5 -20 -4 -22 -3 -22 -2 -22 0 -22 2 -22 5 -21 8 -21 11 -20 15 -19 18 -19 21 -19 23 ]
2025-05-21 14:53:09,CSI_DATA,STA,D8:B1:90:DB:E8:90,-51,11,1,7,0,0,1,1,0,0,1,-94,0,2,0,3605286379,0,110,0,0,85210,256,[110 96 6 0 9 -24 8 -23 9 -23 8 -23 8 -23 7 -23 7 -22 7 -22 7 -22 6 -22 5 -22 5 -23 4 -22 6 -22 6 -21 5 -22 6 -22 6 -22 6 -21 7 -20 6 -20 7 -19 7 -18 8 -18 9 -17 0 0 0 0 0 0 0 0 0 0 0 0 0 0 0 0 0 0 0 0 0 0 5 -16 6 -16 6 -17 7 -16 7 -17 8 -17 9 -18 10 -18 10 -18 11 -18 11 -18 11 -18 11 -18 11 -18 11 -19 12 -19 11 -19 12 -20 10 -20 10 -21 10 -21 10 -22 9 -23 9 -22 9 -22 10 -23 ]
2025-05-21 14:53:09,CSI_DATA,STA,D8:B1:90:DB:E8:90,-51,11,1,7,0,0,1,1,0,0,1,-94,0,2,0,3605788970,0,110,0,0,85210.5,256,[110 96 6 0 7 24 7 24 7 23 8 23 8 23 8 22 8 21 8 21 8 20 8 20 9 20 10 21 10 21 9 20 9 20 10 20 9 19 8 19 8 18 8 18 7 18 7 18 6 18 6 18 4 17 0 0 0 0 0 0 0 0 0 0 0 0 0 0 0 0 0 0 0 0 0 0 8 15 7 16 6 16 6 17 6 17 6 18 5 18 5 19 5 19 5 20 5 20 5 20 5 21 5 21 5 21 5 22 5 22 5 22 6 22 6 22 7 22 7 23 7 23 8 23 8 24 7 23 ]
2025-05-21 14:53:11,CSI_DATA,STA,D8:B1:90:DB:E8:90,-52,11,1,7,0,0,1,0,0,0,1,-94,0,2,0,3607793927,0,110,0,0,85212.5,256,[110 96 6 0 -36 20 -35 21 -36 21 -35 21 -33 20 -32 18 -30 16 -28 14 -26 11 -24 7 -21 4 -19 0 -16 -3 -12 -6 -9 -9 -6 -11 -3 -12 0 -12 1 -11 3 -10 3 -8 3 -6 2 -4 0 -2 -2 0 0 0 0 0 0 0 0 0 0 0 0 0 0 0 0 0 0 0 0 0 0 0 -12 13 -12 10 -11 7 -11 4 -10 1 -9 -2 -9 -4 -8 -7 -7 -9 -7 -12 -7 -14 -7 -16 -8 -16 -9 -17 -10 -16 -12 -16 -14 -14 -16 -12 -18 -11 -20 -8 -22 -5 -25 -1 -27 3 -29 6 -31 9 -33 12 ]
2025-05-21 14:53:14,CSI_DATA,STA,D8:B1:90:DB:E8:90,-52,11,1,5,0,0,1,0,0,0,0,-94,0,2,0,3610348115,0,110,0,0,85215.1,256,[110 96 6 0 -48 -12 -49 -10 -48 -9 -47 -9 -44 -8 -42 -7 -38 -6 -34 -6 -30 -6 -25 -5 -20 -5 -16 -5 -11 -5 -6 -4 -2 -4 2 -3 5 -2 6 -1 7 1 6 3 5 4 3 4 0 5 -3 6 -7 5 0 0 0 0 0 0 0 0 0 0 0 0 0 0 0 0 0 0 0 0 0 0 -21 -10 -18 -12 -15 -12 -11 -12 -8 -11 -5 -11 -1 -10 1 -9 3 -8 4 -7 5 -6 6 -6 6 -7 4 -7 3 -7 1 -8 -2 -8 -5 -9 -10 -11 -14 -11 -18 -12 -23 -13 -28 -12 -33 -13 -37 -13 -40 -13 ]
