type,seq,mac,rssi,rate,noise_floor,fft_gain,agc_gain,channel,local_timestamp,sig_len,rx_state,len,first_word,data
CSI_DATA,STA,D8:B1:90:DB:E8:90,-45,11,1,6,0,0,1,0,0,0,1,-95,0,4,0,55938636,0,110,0,0,56.3029,256,[110 96 6 0 8 16 6 18 5 20 5 21 5 21 5 20 5 18 4 16 4 12 3 9 0 6 -2 1 -5 -2 -8 -6 -11 -9 -14 -12 -17 -14 -19 -16 -20 -18 -21 -18 -22 -19 -22 -19 -21 -19 -19 -19 -17 -19 0 0 0 0 0 0 0 0 0 0 0 0 0 0 0 0 0 0 0 0 0 0 -19 -5 -19 -6 -18 -6 -17 -6 -15 -4 -13 -3 -8 -1 -4 1 1 3 5 4 11 6 16 7 21 7 26 7 30 7 32 6 34 4 35 2 35 1 34 0 32 -1 30 -1 26 0 23 2 19 5 16 7 ]
CSI_DATA,STA,D8:B1:90:DB:E8:90,-51,11,1,7,0,0,1,0,0,0,0,-95,0,4,0,56439004,0,110,0,0,56.8032,256,[110 96 6 0 17 6 17 6 17 6 17 5 16 5 17 5 17 5 17 4 17 4 17 3 17 3 18 4 17 4 17 4 18 5 17 5 17 6 16 6 16 6 15 7 15 7 14 8 14 8 13 9 13 10 0 0 0 0 0 0 0 0 0 0 0 0 0 0 0 0 0 0 0 0 0 0 22 15 22 18 10 32 9 33 8 34 8 36 -1 -39 0 -40 2 -41 3 -42 -18 -23 -18 -23 -18 -24 -18 -24 14 7 14 6 14 7 14 6 15 6 15 6 15 6 16 7 16 6 16 6 17 6 17 6 ]
CSI_DATA,STA,D8:B1:90:DB:E8:90,-45,11,1,6,0,0,1,0,0,0,1,-95,0,4,0,58442069,0,110,0,0,58.8063,256,[110 96 6 0 25 4 25 3 25 3 24 3 24 3 23 2 23 1 23 0 22 0 22 -1 22 -1 22 -1 22 -1 22 -1 21 -1 22 -1 21 -1 20 -1 20 -1 19 0 19 0 18 0 18 1 18 2 17 3 0 0 0 0 0 0 0 0 0 0 0 0 0 0 0 0 0 0 0 0 0 0 17 -2 17 -1 17 1 18 1 19 2 19 3 20 3 20 4 21 4 21 5 21 5 21 6 21 6 21 6 21 6 22 5 22 5 22 5 24 5 24 5 24 4 25 5 24 4 24 4 24 4 26 4 ]
CSI_DATA,STA,D8:B1:90:DB:E8:90,-44,11,1,6,0,0,1,0,0,0,1,-95,0,4,0,58947851,0,110,0,0,59.3121,256,[110 96 6 0 15 -10 17 -8 18 -7 19 -7 19 -6 18 -6 16 -6 14 -5 12 -5 8 -3 5 -1 1 1 -2 4 -5 7 -8 10 -10 13 -12 16 -14 18 -14 20 -15 21 -15 22 -16 21 -16 21 -16 19 -16 17 0 0 0 0 0 0 0 0 0 0 0 0 0 0 0 0 0 0 0 0 0 0 -7 16 -7 16 -7 16 -7 14 -5 13 -4 10 -2 7 0 3 2 -1 4 -6 6 -11 7 -16 8 -21 8 -25 7 -28 6 -31 5 -33 4 -34 2 -34 1 -33 0 -31 0 -29 1 -26 2 -23 5 -20 8 -17 ]
CSI_DATA,STA,D8:B1:90:DB:E8:90,-44,11,1,6,0,0,1,0,0,0,1,-95,0,4,0,59447891,0,110,0,0,59.812,256,[110 96 6 0 1 19 -1 21 -2 21 -2 23 -2 22 -2 22 -2 20 -1 17 -1 14 -1 10 -2 6 -3 1 -5 -3 -7 -7 -10 -11 -11 -15 -14 -18 -16 -20 -18 -22 -19 -22 -19 -23 -19 -23 -18 -23 -17 -23 -14 -23 0 0 0 0 0 0 0 0 0 0 0 0 0 0 0 0 0 0 0 0 0 0 -14 -15 -14 -16 -13 -15 -12 -14 -11 -12 -9 -9 -7 -6 -4 -2 0 2 3 6 8 10 12 13 16 16 21 18 25 19 27 19 30 19 31 17 33 16 31 14 31 13 28 12 25 11 21 11 17 12 13 14 ]
CSI_DATA,STA,D8:B1:90:DB:E8:90,-45,11,1,6,0,0,1,0,0,0,1,-95,0,4,0,59950109,0,110,0,0,60.3144,256,[110 96 6 0 -18 -13 -17 -16 -17 -18 -16 -19 -16 -19 -16 -19 -14 -17 -13 -14 -11 -11 -8 -8 -4 -5 0 -2 4 1 9 3 14 5 18 8 22 8 25 10 28 10 29 11 30 11 30 11 28 12 27 12 24 14 0 0 0 0 0 0 0 0 0 0 0 0 0 0 0 0 0 0 0 0 0 0 20 -7 20 -7 19 -6 17 -6 15 -6 12 -6 7 -5 2 -5 -4 -4 -10 -2 -16 -1 -22 1 -27 3 -31 6 -34 8 -37 11 -37 13 -38 15 -37 16 -36 17 -34 17 -31 15 -29 13 -26 9 -23 5 -22 0 ]
CSI_DATA,STA,D8:B1:90:DB:E8:90,-44,11,1,7,0,0,1,1,0,0,1,-95,0,4,0,60458921,0,110,0,0,60.8233,256,[110 96 6 0 20 16 21 16 20 14 20 15 20 14 20 14 20 13 21 12 20 11 21 11 21 11 20 11 20 10 20 10 20 10 19 10 19 10 19 10 18 9 17 9 17 9 16 9 16 9 15 10 14 11 0 0 0 0 0 0 0 0 0 0 0 0 0 0 0 0 0 0 0 0 0 0 16 8 16 9 15 11 15 12 15 12 16 13 15 14 16 15 15 16 15 16 16 17 16 18 16 18 16 18 16 18 16 17 16 17 16 17 17 17 18 17 19 16 19 16 19 16 19 17 20 17 21 17 ]
CSI_DATA,STA,D8:B1:90:DB:E8:90,-44,11,1,7,0,0,1,0,0,0,1,-95,0,4,0,62472526,0,110,0,0,62.8368,256,[110 96 6 0 18 -6 20 -3 21 -2 22 -1 22 -1 21 -1 19 -1 17 -1 14 -2 10 -1 5 0 1 2 -3 4 -7 6 -12 8 -15 11 -18 13 -20 15 -22 17 -23 18 -23 18 -23 18 -23 17 -23 15 -23 12 0 0 0 0 0 0 0 0 0 0 0 0 0 0 0 0 0 0 0 0 0 0 -12 16 -12 15 -12 14 -11 13 -9 12 -7 10 -4 7 -1 3 3 -1 6 -5 9 -10 12 -15 14 -20 15 -24 15 -28 15 -31 14 -33 13 -35 12 -36 10 -34 9 -33 9 -31 8 -28 10 -24 11 -19 13 -16 ]
CSI_DATA,STA,D8:B1:90:DB:E8:90,-45,11,1,6,0,0,1,0,0,0,1,-95,0,4,0,62970418,0,110,0,0,63.3346,256,[110 96 6 0 -3 18 -5 19 -7 19 -8 20 -8 20 -8 19 -7 17 -6 15 -4 12 -3 9 -3 5 -2 0 -2 -5 -2 -9 -3 -14 -3 -18 -4 -22 -5 -25 -5 -27 -5 -28 -6 -29 -5 -28 -5 -28 -3 -27 -1 -26 0 0 0 0 0 0 0 0 0 0 0 0 0 0 0 0 0 0 0 0 0 0 -14 -13 -14 -14 -13 -14 -12 -13 -12 -11 -10 -8 -7 -4 -5 -1 -2 4 2 7 6 12 10 15 14 18 18 21 21 22 24 23 26 23 28 22 29 20 28 19 27 18 25 17 22 16 18 15 14 15 10 16 ]
CSI_DATA,STA,D8:B1:90:DB:E8:90,-49,11,1,6,0,0,1,0,0,0,1,-95,0,4,0,65987792,0,110,0,0,66.352,256,[110 96 6 0 15 7 15 6 16 5 16 4 16 3 16 2 16 1 16 0 16 -1 16 -2 16 -3 16 -4 16 -4 16 -5 16 -6 15 -6 15 -6 15 -7 14 -7 14 -7 14 -7 13 -7 13 -7 13 -7 13 -6 0 0 0 0 0 0 0 0 0 0 0 0 0 0 0 0 0 0 0 0 0 0 -8 20 -9 20 -21 14 -21 15 -21 16 -22 16 1 27 1 28 1 29 2 30 -20 -17 -21 -17 -21 -16 -22 -15 25 6 24 5 25 4 25 2 -30 8 -29 10 -29 11 -29 13 -9 6 -9 6 -9 7 -2 3 ]
CSI_DATA,STA,D8:B1:90:DB:E8:90,-44,11,1,7,0,0,1,0,0,0,1,-95,0,4,0,67000724,0,110,0,0,67.365,256,[110 96 6 0 -2 26 -2 26 -1 26 0 26 0 26 0 25 1 25 1 24 2 23 2 23 3 23 3 23 3 23 3 23 3 23 3 23 2 22 2 22 1 21 1 21 1 20 1 20 0 20 -1 19 -2 19 0 0 0 0 0 0 0 0 0 0 0 0 0 0 0 0 0 0 0 0 0 0 4 18 2 19 2 18 1 19 0 20 0 20 -1 21 -2 22 -3 23 -3 23 -4 23 -4 24 -5 24 -5 24 -4 24 -4 24 -4 24 -4 24 -4 25 -4 25 -3 25 -3 26 -3 26 -2 27 -2 27 -2 27 ]
CSI_DATA,STA,D8:B1:90:DB:E8:90,-44,11,1,7,0,0,1,0,0,0,1,-95,0,4,0,68004901,0,110,0,0,68.3691,256,[110 96 6 0 -16 -23 -17 -23 -16 -22 -17 -21 -17 -21 -17 -20 -17 -19 -17 -19 -17 -18 -18 -18 -18 -18 -18 -17 -18 -17 -18 -17 -18 -17 -17 -16 -16 -16 -16 -16 -15 -16 -15 -16 -14 -16 -13 -15 -13 -16 -12 -16 -11 -16 0 0 0 0 0 0 0 0 0 0 0 0 0 0 0 0 0 0 0 0 0 0 -15 -12 -15 -14 -14 -15 -14 -16 -14 -17 -14 -18 -13 -18 -14 -19 -13 -20 -13 -21 -13 -21 -13 -21 -13 -22 -13 -22 -13 -23 -13 -23 -14 -23 -13
CSI_DATA,STA,D8:B1:90:DB:E8:90,-44,11,1,7,0,0,1,0,0,0,1,-95,0,4,0,71523282,0,110,0,0,71.8875,256,[110 96 6 0 1 25 2 25 2 24 2 25 3 24 3 24 4 23 4 23 4 23 5 22 5 22 6 21 6 22 6 21 5 21 6 21 5 20 5 20 5 19 4 19 4 19 4 18 3 18 2 18 1 17 0 0 0 0 0 0 0 0 0 0 0 0 0 0 0 0 0 0 0 0 0 0 4 17 4 17 3 19 2 19 1 20 1 21 0 21 0 22 -1 22 -1 23 -2 23 -3 23 -3 23 -3 23 -3 23 -3 23 -2 23 -2 23 -2 24 -1 24 0 25 0 25 0 25 1 26 1 26 1 26 ]
CSI_DATA,STA,D8:B1:90:DB:E8:90,-45,11,1,7,0,0,1,0,0,0,1,-95,0,4,0,72023778,0,110,0,0,72.3879,256,[110 96 6 0 -21 -10 -22 -10 -21 -9 -21 -8 -21 -8 -20 -8 -20 -7 -21 -6 -20 -5 -21 -5 -21 -4 -20 -4 -20 -4 -20 -4 -20 -4 -20 -4 -19 -4 -19 -4 -18 -4 -18 -4 -18 -4 -17 -4 -17 -5 -16 -5 -16 -6 0 0 0 0 0 0 0 0 0 0 0 0 0 0 0 0 0 0 0 0 0 0 -16 -3 -16 -4 -16 -6 -17 -6 -17 -7 -17 -7 -17 -9 -18 -9 -18 -10 -18 -10 -18 -10 -17 -11 -18 -11 -18 -11 -18 -12 -18 -12 -19 -12 -18 -11 -19 -11 -19 -11 -20 -10 -20
CSI_DATA,STA,D8:B1:90:DB:E8:90,-44,11,1,7,0,0,1,1,0,0,1,-95,0,4,0,74532485,0,110,0,0,74.8969,256,[110 96 6 0 15 -18 15 -18 15 -18 14 -18 13 -18 13 -19 12 -18 11 -19 11 -19 10 -19 9 -19 10 -19 9 -20 9 -19 9 -19 9 -19 9 -19 8 -18 9 -18 8 -17 8 -17 8 -16 8 -16 9 -15 9 -14 0 0 0 0 0 0 0 0 0 0 0 0 0 0 0 0 0 0 0 0 0 0 8 -16 9 -15 9 -15 10 -15 11 -15 12 -15 13 -15 14 -15 15 -15 15 -15 16 -15 16 -15 16 -15 16 -15 17 -15 17 -15 16 -15 17 -15 16 -16 16 -16 15 -17 16 -17 16 -17 16 -17 16 -18 17 -18
CSI_DATA,STA,D8:B1:90:DB:E8:90,-44,11,1,7,0,0,1,1,0,0,1,-95,0,4,0,75041769,0,110,0,0,75.4062,256,[110 96 6 0 -17 17 -17 17 -15 16 -16 17 -15 18 -15 17 -14 17 -14 18 -13 17 -12 18 -12 18 -11 18 -12 18 -11 18 -11 18 -11 18 -11 17 -11 16 -11 16 -11 15 -11 15 -11 14 -11 14 -11 14 -12 13 0 0 0 0 0 0 0 0 0 0 0 0 0 0 0 0 0 0 0 0 0 0 -8 14 -9 14 -11 14 -11 14 -12 14 -13 14 -14 14 -15 14 -15 14 -15 14 -17 15 -17 15 -17 15 -17 15 -17 15 -17 15 -17 15 -17 15 -17 16 -17 16 -17 17 -17 17 -16 17 -16 17
CSI_DATA,STA,D8:B1:90:DB:E8:90,-49,11,1,7,0,0,1,1,0,0,1,-95,0,4,0,76558503,0,110,0,0,76.9229,256,[110 96 6 0 -15 -20 -15 -20 -15 -19 17 16 17 16 17 15 17 14 27 13 27 12 28 12 28 11 -9 -8 -9 -7 -9 -7 -9 -7 -3 -8 -3 -7 -3 -7 -3 -7 -6 -4 -6 -4 -5 -4 -5 -4 2 -12 2 -12 0 0 0 0 0 0 0 0 0 0 0 0 0 0 0 0 0 0 0 0 0 0 -3 -14 -2 -14 5 -24 6 -25 7 -25 8 -26 8 -20 8 -20 9 -21 9 -21 -15 26 -16 26 -16 26 -16 26 -19 18 -18 17 -18 18 -17 18 7 -13 6 -13 6 -14 6 -14 17 -3 18 -4 18 -4 -21 -18 ]
CSI_DATA,STA,D8:B1:90:DB:E8:90,-44,11,1,7,0,0,1,1,0,0,1,-95,0,4,0,77059109,0,110,0,0,77.4236,256,[110 96 6 0 26 -1 26 -1 26 -2 25 -3 25 -3 25 -4 24 -4 24 -4 24 -5 23 -5 23 -6 23 -5 22 -5 22 -6 22 -6 22 -6 22 -5 21 -5 21 -5 20 -4 20 -4 19 -3 19 -3 19 -2 18 -1 0 0 0 0 0 0 0 0 0 0 0 0 0 0 0 0 0 0 0 0 0 0 17 -6 18 -5 18 -4 19 -3 20 -3 20 -2 21 -1 22 0 22 0 23 1 23 2 24 2 24 3 24 3 24 3 25 3 25 3 25 2 25 2 25 2 26 1 26 1 26 0 26 1 27 0 27 -1 ]
CSI_DATA,STA,D8:B1:90:DB:E8:90,-44,11,1,7,0,0,1,1,0,0,1,-95,0,4,0,79066008,0,110,0,0,79.4304,256,[110 96 6 0 -15 23 -14 23 -13 23 -13 22 -12 23 -12 23 -11 22 -11 23 -10 23 -10 23 -9 23 -9 22 -9 21 -9 22 -9 21 -9 22 -9 21 -9 20 -9 19 -8 19 -9 18 -9 18 -9 17 -10 17 -10 16 0 0 0 0 0 0 0 0 0 0 0 0 0 0 0 0 0 0 0 0 0 0 -6 18 -7 17 -9 18 -10 18 -10 18 -11 18 -12 19 -13 19 -14 19 -14 19 -15 20 -15 19 -16 20 -16 20 -16 20 -17 20 -16 20 -16 21 -15 20 -15 20 -15 21 -15 22 -15 22 -15 23 -15 23 -15 23
CSI_DATA,STA,D8:B1:90:DB:E8:90,-44,11,1,7,0,0,1,1,0,0,1,-95,0,4,0,80075080,0,110,0,0,80.4395,256,[110 96 6 0 -7 23 -7 23 -6 22 -5 22 -5 22 -4 21 -4 21 -4 21 -3 20 -2 21 -2 20 -2 21 -2 21 -2 20 -2 20 -1 20 -2 20 -2 19 -2 18 -2 18 -3 18 -3 17 -3 17 -4 17 -5 16 0 0 0 0 0 0 0 0 0 0 0 0 0 0 0 0 0 0 0 0 0 0 0 16 -1 16 -3 16 -3 17 -4 17 -5 18 -6 19 -6 19 -7 20 -7 20 -9 20 -9 20 -9 20 -9 20 -9 20 -9 20 -9 20 -8 20 -9 20 -8 21 -8 21 -8 21 -7 21 -7 22 -7 22 -7 23 ]
CSI_DATA,STA,D8:B1:90:DB:E8:90,-44,11,1,7,0,0,1,1,0,0,1,-95,0,4,0,80574614,0,110,0,0,80.939,256,[110 96 6 0 8 25 9 25 9 23 10 23 10 23 10 22 11 21 11 20 11 19 12 19 12 19 13 19 13 20 13 19 13 19 13 19 12 18 12 18 11 18 11 17 10 17 10 17 9 17 9 17 7 17 0 0 0 0 0 0 0 0 0 0 0 0 0 0 0 0 0 0 0 0 0 0 10 15 9 16 8 17 7 18 7 19 7 20 6 21 6 21 5 22 5 23 5 22 4 23 4 23 4 23 5 23 5 23 5 23 6 23 6 24 6 23 7 24 7 24 8 24 8 24 8 24 9 25 ]
CSI_DATA,STA,D8:B1:90:DB:E8:90,-51,11,1,7,0,0,1,1,0,0,1,-95,0,4,0,81083146,0,110,0,0,81.4475,256,[110 96 6 0 -2 23 -3 22 -4 22 7 21 6 20 5 20 4 20 -6 26 -7 25 -8 24 -9 24 8 31 6 31 4 32 2 32 11 2 11 3 10 4 10 4 10 -16 10 -15 11 -13 12 -12 16 -24 18 -22 0 0 0 0 0 0 0 0 0 0 0 0 0 0 0 0 0 0 0 0 0 0 7 -1 7 1 23 -16 25 -14 27 -12 29 -9 16 4 17 5 17 8 16 9 8 -20 10 -19 11 -18 13 -17 -13 0 -13 -1 -13 -2 -13 -2 -6 -24 -5 -24 -4 -25 -2 -25 3 -6 4 -6 4 -5 14 1 ]
CSI_DATA,STA,D8:B1:90:DB:E8:90,-44,11,1,7,0,0,1,1,0,0,1,-95,0,4,0,82590501,0,110,0,0,82.9549,256,[110 96 6 0 19 -18 19 -18 18 -18 18 -18 17 -18 17 -18 15 -18 15 -18 14 -18 14 -18 13 -18 13 -19 13 -19 13 -18 13 -18 13 -18 13 -18 13 -17 13 -17 12 -16 12 -15 12 -15 12 -14 12 -14 13 -13 0 0 0 0 0 0 0 0 0 0 0 0 0 0 0 0 0 0 0 0 0 0 11 -15 12 -14 13 -14 14 -13 15 -13 16 -13 17 -13 17 -13 18 -13 18 -14 20 -13 20 -12 21 -13 21 -13 20 -13 20 -13 20 -14 20 -14 20 -14 19 -14 19 -15 20 -16 19 -16 19 -
CSI_DATA,STA,D8:B1:90:DB:E8:90,-44,11,1,7,0,0,1,1,0,0,1,-95,0,4,0,84600249,0,110,0,0,84.9647,256,[110 96 6 0 -24 10 -24 11 -23 11 -24 11 -23 12 -23 11 -22 12 -21 13 -21 13 -20 13 -20 13 -20 14 -20 14 -19 14 -19 14 -19 13 -19 13 -19 12 -18 11 -19 11 -18 10 -18 10 -17 9 -18 9 -18 7 0 0 0 0 0 0 0 0 0 0 0 0 0 0 0 0 0 0 0 0 0 0 -15 11 -16 10 -17 9 -18 9 -19 8 -20 8 -21 8 -21 8 -22 7 -23 7 -23 7 -24 7 -24 6 -24 7 -24 7 -25 7 -24 8 -24 8 -24 8 -24 8 -24 9 -24 9 -24 10 -24 10 -24 11 -25 11 ]
CSI_DATA,STA,D8:B1:90:DB:E8:90,-50,11,1,7,0,0,1,1,0,0,1,-95,0,4,0,85609645,0,110,0,0,85.9741,256,[110 96 6 0 12 11 12 11 12 11 12 11 12 11 11 11 11 11 12 11 11 10 11 11 12 11 12 11 12 11 11 11 11 11 11 12 10 12 9 12 9 12 8 12 8 13 7 13 6 13 5 14 4 14 0 0 0 0 0 0 0 0 0 0 0 0 0 0 0 0 0 0 0 0 0 0 17 10 16 12 6 24 5 25 4 26 3 27 -6 27 -7 27 -8 27 -9 27 22 28 22 29 21 30 21 31 -4 -13 -4 -13 -5 -14 -5 -14 20 9 21 9 21 9 21 9 -1 -22 0 -21 0 -21 12 11 ]
CSI_DATA,STA,D8:B1:90:DB:E8:90,-52,11,1,7,0,0,1,1,0,0,1,-95,0,4,0,87135547,0,110,0,0,87.5001,256,[110 96 6 0 1 -18 -1 -18 -2 -18 -4 -17 -6 -17 -8 -16 -9 -15 -11 -14 -12 -13 -13 -12 -14 -11 -16 -9 -16 -8 -17 -6 -17 -5 -18 -4 -17 -3 -18 -1 -17 -1 -17 0 -17 1 -16 2 -16 3 -16 4 -16 4 0 0 0 0 0 0 0 0 0 0 0 0 0 0 0 0 0 0 0 0 0 0 5 22 6 22 -9 30 -8 31 -6 33 -4 34 -24 9 -25 10 -24 13 -24 14 30 -18 29 -21 28 -23 26 -26 14 -1 14 -3 14 -4 14 -6 13 -7 13 -9 12 -11 11 -12 10 -13 9 -14 7 -15 6 -16 ]
CSI_DATA,STA,D8:B1:90:DB:E8:90,-44,11,1,7,0,0,1,1,0,0,1,-95,0,4,0,90655289,0,110,0,0,91.0197,256,[110 96 6 0 -2 -27 -2 -27 -3 -26 -2 -25 -3 -25 -3 -25 -4 -24 -4 -24 -5 -24 -5 -24 -6 -24 -6 -24 -7 -23 -6 -23 -6 -23 -6 -22 -6 -21 -6 -21 -6 -21 -6 -20 -5 -20 -5 -19 -5 -19 -4 -19 -3 -19 0 0 0 0 0 0 0 0 0 0 0 0 0 0 0 0 0 0 0 0 0 0 -5 -18 -4 -19 -2 -20 -2 -21 -1 -21 -1 -22 0 -21 0 -22 1 -23 1 -23 2 -24 2 -24 2 -25 2 -25 2 -25 2 -25 1 -25 1 -25 1 -25 0 -25 -1 -26 -1 -26 -1 -27 -1 -27 -1 -27 -1 -
CSI_DATA,STA,D8:B1:90:DB:E8:90,-44,11,1,7,0,0,1,1,0,0,1,-95,0,4,0,91664920,0,110,0,0,92.0293,256,[110 96 6 0 -22 16 -22 16 -21 16 -20 17 -19 17 -19 17 -17 17 -17 17 -17 17 -16 17 -16 17 -15 18 -15 18 -15 18 -15 18 -15 18 -14 17 -14 16 -14 16 -13 15 -13 15 -13 14 -14 13 -14 13 -15 12 0 0 0 0 0 0 0 0 0 0 0 0 0 0 0 0 0 0 0 0 0 0 -12 15 -13 14 -14 14 -15 14 -16 13 -17 13 -17 14 -18 14 -19 14 -19 14 -21 12 -21 12 -21 11 -21 12 -22 12 -22 12 -22 12 -22 12 -22 13 -21 14 -22 15 -22 15 -22 15 -22
CSI_DATA,STA,D8:B1:90:DB:E8:90,-45,11,1,7,0,0,1,1,0,0,1,-95,0,4,0,93174003,0,110,0,0,93.5384,256,[110 96 6 0 5 -25 5 -26 4 -25 4 -25 3 -24 3 -24 2 -24 2 -24 1 -23 1 -23 0 -23 0 -23 0 -23 0 -23 0 -23 1 -23 1 -22 1 -22 1 -21 1 -20 2 -20 2 -19 2 -19 2 -18 3 -18 0 0 0 0 0 0 0 0 0 0 0 0 0 0 0 0 0 0 0 0 0 0 -1 -18 0 -19 1 -19 2 -20 3 -20 3 -21 5 -21 6 -22 6 -22 7 -22 7 -22 7 -22 7 -22 8 -23 7 -23 7 -23 7 -23 7 -24 8 -24 7 -24 6 -25 7 -25 6 -24 6 -25 6 -25 6 -26 ]
CSI_DATA,STA,D8:B1:90:DB:E8:90,-45,11,1,7,0,0,1,1,0,0,1,-95,0,4,0,93674354,0,110,0,0,94.0388,256,[110 96 6 0 -4 -26 -5 -26 -5 -25 -5 -25 -6 -24 -6 -24 -7 -24 -7 -23 -8 -23 -8 -23 -9 -22 -9 -22 -9 -22 -9 -21 -9 -21 -9 -21 -9 -20 -8 -20 -8 -19 -8 -19 -7 -19 -7 -18 -6 -18 -6 -18 -4 -18 0 0 0 0 0 0 0 0 0 0 0 0 0 0 0 0 0 0 0 0 0 0 -8 -17 -7 -17 -6 -18 -5 -19 -5 -19 -5 -20 -4 -21 -3 -22 -3 -22 -3 -23 -2 -23 -2 -24 -2 -24 -2 -24 -1 -24 -1 -24 -2 -24 -2 -24 -2 -25 -2 -24 -3 -25 -3 -25 -3 -26 -4 -
CSI_DATA,STA,D8:B1:90:DB:E8:90,-45,11,1,7,0,0,1,1,0,0,1,-95,0,4,0,94178479,0,110,0,0,94.5429,256,[110 96 6 0 -22 -8 -22 -8 -21 -7 -21 -7 -21 -6 -21 -6 -21 -5 -22 -5 -21 -5 -21 -5 -21 -4 -21 -4 -21 -3 -20 -3 -20 -3 -20 -4 -19 -4 -19 -3 -19 -4 -18 -4 -18 -4 -17 -4 -16 -5 -17 -5 -16 -6 0 0 0 0 0 0 0 0 0 0 0 0 0 0 0 0 0 0 0 0 0 0 -17 -3 -17 -4 -17 -6 -17 -7 -17 -7 -18 -8 -18 -8 -18 -9 -19 -9 -19 -10 -18 -11 -18 -12 -19 -12 -19 -12 -19 -12 -19 -12 -19 -11 -19 -11 -20 -11 -20 -10 -21 -10 -21 -1
CSI_DATA,STA,D8:B1:90:DB:E8:90,-49,11,1,7,0,0,1,1,0,0,1,-95,0,4,0,96182901,0,110,0,0,96.5474,256,[110 96 6 0 -12 19 -12 19 -11 19 -7 33 -6 33 -5 33 -5 32 -4 24 -4 23 -4 23 -3 23 -3 24 -3 23 -3 23 -3 23 -6 18 -6 18 -6 16 -6 16 6 23 5 22 4 22 4 22 3 23 2 23 0 0 0 0 0 0 0 0 0 0 0 0 0 0 0 0 0 0 0 0 0 0 20 -5 21 -3 6 -10 7 -10 7 -10 8 -11 -6 -6 -5 -6 -5 -6 -5 -7 5 14 5 14 5 15 5 15 -3 18 -4 18 -4 18 -4 18 -9 28 -9 29 -8 30 -8 30 -4 30 -4 30 -4 30 -23 6 ]
CSI_DATA,STA,D8:B1:90:DB:E8:90,-44,11,1,7,0,0,1,1,0,0,1,-95,0,4,0,98190548,0,110,0,0,98.555,256,[110 96 6 0 -22 -11 -22 -11 -22 -10 -21 -9 -21 -9 -21 -9 -20 -8 -21 -8 -20 -7 -21 -7 -21 -6 -20 -6 -20 -6 -20 -5 -20 -5 -20 -5 -19 -5 -19 -6 -18 -6 -18 -6 -17 -6 -17 -6 -17 -6 -16 -7 -15 -8 0 0 0 0 0 0 0 0 0 0 0 0 0 0 0 0 0 0 0 0 0 0 -17 -4 -17 -6 -17 -6 -17 -7 -17 -8 -17 -8 -17 -10 -17 -11 -17 -11 -18 -12 -18 -12 -17 -12 -18 -13 -18 -13 -18 -13 -18 -12 -19 -12 -18 -12 -19 -13 -19 -13 -20 -12 -
CSI_DATA,STA,D8:B1:90:DB:E8:90,-44,11,1,7,0,0,1,1,0,0,1,-95,0,4,0,98692093,0,110,0,0,99.0565,256,[110 96 6 0 -4 -23 -4 -22 -4 -22 -5 -23 -5 -22 -5 -22 -6 -21 -6 -21 -6 -21 -7 -21 -7 -20 -7 -20 -7 -20 -7 -20 -7 -19 -7 -19 -7 -18 -7 -18 -6 -18 -5 -18 -5 -17 -5 -17 -5 -17 -4 -17 -3 -17 0 0 0 0 0 0 0 0 0 0 0 0 0 0 0 0 0 0 0 0 0 0 -6 -16 -5 -16 -4 -17 -4 -17 -3 -18 -3 -18 -2 -19 -1 -20 -1 -20 0 -21 0 -21 0 -22 0 -22 0 -22 0 -21 0 -22 0 -21 0 -22 -1 -23 -2 -23 -2 -23 -2 -24 -3 -24 -3 -24 -3 -24
CSI_DATA,STA,D8:B1:90:DB:E8:90,-44,11,1,7,0,0,1,1,0,0,1,-95,0,4,0,101209117,0,110,0,0,101.574,256,[110 96 6 0 0 25 1 25 1 24 1 24 2 23 2 23 3 23 4 23 4 23 5 22 5 22 5 21 5 21 6 21 6 21 5 21 5 20 4 19 4 19 3 20 3 19 3 18 2 18 2 18 0 18 0 0 0 0 0 0 0 0 0 0 0 0 0 0 0 0 0 0 0 0 0 0 6 17 4 18 3 18 2 19 2 20 1 20 0 21 0 22 0 22 -1 23 -1 23 -2 23 -2 24 -1 24 -3 23 -3 24 -3 24 -2 24 -2 25 -2 25 -1 25 -1 26 -1 25 0 25 0 26 0 26 ]
CSI_DATA,STA,D8:B1:90:DB:E8:90,-50,11,1,7,0,0,1,1,0,0,1,-95,0,4,0,102219034,0,110,0,0,102.583,256,[110 96 6 0 24 -30 24 -30 23 -30 8 -17 7 -18 7 -18 6 -18 20 8 20 8 19 7 19 7 -8 -4 -8 -4 -8 -4 -8 -4 12 13 12 13 11 12 11 13 16 8 15 8 15 9 14 9 10 12 9 13 0 0 0 0 0 0 0 0 0 0 0 0 0 0 0 0 0 0 0 0 0 0 4 16 4 17 -9 19 -10 20 -10 20 -12 20 21 -21 22 -21 23 -20 24 -20 -16 5 -16 4 -16 4 -16 4 -18 10 -18 10 -18 10 -17 10 11 -11 11 -11 11 -12 11 -12 19 -16 18 -16 19 -16 13 -18 ]
CSI_DATA,STA,D8:B1:90:DB:E8:90,-50,11,1,7,0,0,1,1,0,0,1,-95,0,4,0,103729359,0,110,0,0,104.094,256,[110 96 6 0 4 42 5 41 5 40 5 25 5 24 6 24 7 23 9 21 10 20 10 19 11 19 7 23 7 22 7 22 7 22 -7 10 -7 10 -7 9 -7 8 -15 17 -15 16 -14 16 -14 16 -19 12 -20 11 0 0 0 0 0 0 0 0 0 0 0 0 0 0 0 0 0 0 0 0 0 0 -17 5 -18 4 -2 -4 -3 -4 -3 -4 -3 -4 0 20 -1 20 -1 21 -1 21 8 -27 8 -27 8 -27 9 -28 6 -19 6 -19 5 -20 5 -20 12 -32 11 -32 11 -33 10 -33 -7 0 -7 1 -7 1 -8 -20 ]
CSI_DATA,STA,D8:B1:90:DB:E8:90,-44,11,1,7,0,0,1,1,0,0,1,-95,0,4,0,105733742,0,110,0,0,106.098,256,[110 96 6 0 -6 -23 -7 -22 -8 -22 -7 -22 -8 -21 -9 -21 -9 -21 -10 -21 -10 -20 -10 -20 -11 -19 -11 -19 -11 -19 -11 -18 -11 -18 -11 -18 -10 -18 -10 -18 -10 -17 -9 -17 -9 -17 -9 -16 -8 -16 -7 -16 -7 -16 0 0 0 0 0 0 0 0 0 0 0 0 0 0 0 0 0 0 0 0 0 0 -10 -15 -9 -15 -8 -16 -7 -17 -7 -18 -6 -18 -5 -19 -5 -20 -5 -20 -5 -21 -3 -21 -3 -22 -3 -22 -3 -22 -3 -22 -3 -22 -4 -22 -4 -23 -5 -23 -5 -23 -6 -23 -6 -
CSI_DATA,STA,D8:B1:90:DB:E8:90,-44,11,1,7,0,0,1,1,0,0,1,-95,0,4,0,106740055,0,110,0,0,107.105,256,[110 96 6 0 18 14 18 14 19 13 18 13 18 12 18 12 18 11 17 11 17 11 17 10 17 10 17 10 17 9 18 9 17 9 18 10 17 9 17 9 16 9 15 9 15 9 14 9 14 9 13 9 12 10 0 0 0 0 0 0 0 0 0 0 0 0 0 0 0 0 0 0 0 0 0 0 14 6 14 7 14 8 14 9 14 10 14 11 14 12 14 13 15 13 15 14 14 15 14 16 14 16 14 16 15 15 15 15 15 15 16 15 16 16 16 16 17 15 17 15 17 14 17 15 18 15 19 15 ]
CSI_DATA,STA,D8:B1:90:DB:E8:90,-49,11,1,7,0,0,1,1,0,0,1,-95,0,4,0,109248639,0,110,0,0,109.613,256,[110 96 6 0 17 3 17 2 17 1 13 0 12 0 12 -1 12 -2 -8 29 -7 29 -5 29 -3 29 -8 -3 -8 -2 -8 -2 -8 -2 -6 -12 -7 -12 -6 -12 -6 -11 -4 -23 -4 -22 -5 -21 -5 -21 -11 -23 -10 -24 0 0 0 0 0 0 0 0 0 0 0 0 0 0 0 0 0 0 0 0 0 0 -25 3 -26 2 -27 1 -28 0 -29 0 -30 1 -32 0 -33 0 -33 0 -34 1 -25 0 -25 0 -25 0 -25 1 -27 -1 -27 0 -27 1 -27 2 -27 9 -27 10 -27 11 -26 13 7 -1 7 -1 7 -1 7 2 ]
CSI_DATA,STA,D8:B1:90:DB:E8:90,-44,11,1,7,0,0,1,1,0,0,1,-95,0,4,0,109748353,0,110,0,0,110.113,256,[110 96 6 0 26 -2 26 -3 25 -4 25 -4 24 -5 24 -5 24 -6 24 -7 23 -7 23 -7 22 -7 22 -7 22 -8 22 -8 22 -8 22 -7 21 -7 20 -7 20 -6 19 -6 19 -6 18 -5 18 -4 19 -4 19 -3 0 0 0 0 0 0 0 0 0 0 0 0 0 0 0 0 0 0 0 0 0 0 17 -7 18 -6 18 -5 19 -4 19 -4 20 -3 21 -3 22 -2 23 -1 23 -1 23 1 23 1 23 1 23 1 24 2 25 1 25 1 25 0 25 -1 25 -1 25 -2 26 -2 26 -2 26 -2 26 -2 27 -2 ]
CSI_DATA,STA,D8:B1:90:DB:E8:90,-44,11,1,7,0,0,1,1,0,0,1,-95,0,4,0,110248725,0,110,0,0,110.613,256,[110 96 6 0 26 2 26 1 26 0 26 1 25 0 25 0 24 -1 24 -2 24 -2 23 -3 23 -4 23 -3 23 -3 22 -3 22 -3 22 -4 22 -3 22 -3 21 -3 20 -3 20 -2 19 -2 19 -2 19 -1 19 0 0 0 0 0 0 0 0 0 0 0 0 0 0 0 0 0 0 0 0 0 0 0 17 -4 18 -3 19 -1 20 -1 20 0 21 0 21 1 22 2 22 2 23 3 22 3 23 3 23 4 23 4 23 4 23 4 24 4 24 4 24 3 24 2 25 2 25 2 26 2 27 2 27 2 27 1 ]
CSI_DATA,STA,D8:B1:90:DB:E8:90,-44,11,1,7,0,0,1,1,0,0,1,-95,0,4,0,111758457,0,110,0,0,112.123,256,[110 96 6 0 -25 13 -24 14 -23 14 -22 13 -21 14 -21 14 -20 14 -20 14 -20 15 -19 15 -18 15 -18 15 -18 15 -18 15 -18 15 -17 15 -17 14 -17 14 -16 13 -17 13 -17 12 -16 12 -16 12 -17 11 -17 9 0 0 0 0 0 0 0 0 0 0 0 0 0 0 0 0 0 0 0 0 0 0 -14 13 -15 12 -16 12 -17 11 -18 11 -18 11 -20 10 -20 10 -21 10 -22 10 -22 8 -23 8 -23 8 -23 8 -23 8 -24 8 -24 9 -24 9 -24 9 -24 9 -24 10 -24 11 -24 12 -24 12 -24 13
CSI_DATA,STA,D8:B1:90:DB:E8:90,-45,11,1,7,0,0,1,1,0,0,1,-95,0,4,0,112767095,0,110,0,0,113.132,256,[110 96 6 0 11 21 12 22 12 20 13 21 13 20 13 20 14 18 13 18 14 17 14 17 14 16 15 17 15 17 14 16 15 16 14 16 14 16 14 15 13 15 12 15 11 15 10 14 10 14 9 15 8 15 0 0 0 0 0 0 0 0 0 0 0 0 0 0 0 0 0 0 0 0 0 0 12 11 12 13 11 13 11 15 10 15 11 17 10 17 11 18 10 19 10 19 9 20 9 21 9 21 9 21 10 21 9 20 10 21 10 20 11 22 12 21 12 21 12 21 12 21 13 22 13 22 13 23 ]
CSI_DATA,STA,D8:B1:90:DB:E8:90,-44,11,1,7,0,0,1,1,0,0,1,-95,0,4,0,113267620,0,110,0,0,113.632,256,[110 96 6 0 -24 -15 -24 -14 -24 -13 -23 -12 -23 -11 -23 -11 -23 -10 -23 -9 -23 -9 -23 -8 -23 -8 -23 -8 -23 -7 -22 -7 -22 -7 -22 -7 -21 -7 -21 -7 -21 -7 -20 -7 -20 -8 -19 -8 -18 -8 -18 -8 -17 -9 0 0 0 0 0 0 0 0 0 0 0 0 0 0 0 0 0 0 0 0 0 0 -19 -6 -18 -7 -19 -9 -19 -9 -19 -10 -19 -10 -20 -11 -20 -12 -20 -13 -21 -14 -20 -14 -20 -15 -20 -15 -20 -16 -20 -15 -21 -15 -21 -15 -21 -14 -21 -15 -21 -14 -
CSI_DATA,STA,D8:B1:90:DB:E8:90,-45,11,1,7,0,0,1,1,0,0,1,-95,0,4,0,115275160,0,110,0,0,115.64,256,[110 96 6 0 -19 17 -19 18 -18 18 -17 17 -16 17 -16 17 -15 17 -16 17 -15 18 -15 18 -14 18 -13 18 -13 18 -14 17 -13 17 -13 17 -13 17 -13 16 -13 15 -13 15 -13 14 -13 14 -13 13 -13 13 -13 12 0 0 0 0 0 0 0 0 0 0 0 0 0 0 0 0 0 0 0 0 0 0 -8 15 -10 15 -11 14 -12 14 -12 14 -13 15 -14 15 -15 15 -16 15 -16 16 -17 16 -17 16 -18 15 -18 16 -18 14 -19 14 -19 14 -19 14 -19 15 -19 15 -18 16 -19 16 -19 17 -18 1
CSI_DATA,STA,D8:B1:90:DB:E8:90,-44,11,1,7,0,0,1,1,0,0,1,-95,0,4,0,116783960,0,110,0,0,117.148,256,[110 96 6 0 17 -17 16 -17 16 -17 15 -17 15 -18 14 -18 14 -18 13 -18 12 -18 12 -18 11 -18 11 -18 11 -18 11 -18 11 -18 11 -18 10 -17 10 -17 10 -16 10 -16 10 -15 10 -15 10 -14 11 -13 11 -13 0 0 0 0 0 0 0 0 0 0 0 0 0 0 0 0 0 0 0 0 0 0 9 -14 10 -14 11 -13 12 -13 12 -13 13 -13 14 -13 15 -14 16 -14 16 -14 17 -13 17 -13 17 -13 18 -13 17 -13 17 -13 18 -13 18 -14 17 -15 17 -15 17 -16 17 -16 17 -16 17 -
CSI_DATA,STA,D8:B1:90:DB:E8:90,-45,11,1,7,0,0,1,1,0,0,1,-95,0,4,0,117294585,0,110,0,0,117.659,256,[110 96 6 0 3 -26 2 -26 2 -25 2 -25 2 -25 1 -25 1 -24 0 -24 -1 -24 -1 -24 -2 -23 -2 -23 -3 -23 -2 -22 -2 -22 -2 -23 -2 -22 -2 -22 -2 -21 -2 -21 -1 -20 -1 -20 0 -19 0 -19 1 -18 0 0 0 0 0 0 0 0 0 0 0 0 0 0 0 0 0 0 0 0 0 0 -4 -18 -3 -19 -2 -19 -1 -20 -1 -20 0 -20 1 -22 2 -22 2 -23 3 -23 3 -24 4 -23 4 -24 4 -24 5 -23 5 -23 4 -23 4 -23 4 -25 3 -24 2 -25 3 -25 2 -25 2 -25 2 -26 3 -26 ]
CSI_DATA,STA,D8:B1:90:DB:E8:90,-44,11,1,7,0,0,1,1,0,0,1,-95,0,4,0,118294123,0,110,0,0,118.659,256,[110 96 6 0 4 25 4 25 5 24 5 24 5 24 5 23 6 23 7 23 7 23 7 23 8 22 7 21 8 21 8 21 8 21 8 21 7 20 7 20 7 19 6 19 6 19 5 18 4 18 3 18 3 18 0 0 0 0 0 0 0 0 0 0 0 0 0 0 0 0 0 0 0 0 0 0 7 17 5 17 4 18 4 19 3 19 3 20 3 22 3 22 2 23 2 24 1 24 0 24 0 24 0 24 1 24 1 24 1 24 1 25 3 26 3 26 4 26 4 27 4 25 4 25 4 26 4 27 ]
CSI_DATA,STA,D8:B1:90:DB:E8:90,-45,11,1,7,0,0,1,1,0,0,1,-95,0,4,0,120294799,0,110,0,0,120.659,256,[110 96 6 0 25 -6 24 -6 24 -7 23 -7 23 -7 22 -8 22 -8 22 -9 22 -9 21 -9 20 -10 20 -10 20 -10 19 -10 19 -10 20 -10 19 -9 19 -9 18 -9 18 -8 17 -8 17 -7 17 -7 17 -6 17 -5 0 0 0 0 0 0 0 0 0 0 0 0 0 0 0 0 0 0 0 0 0 0 16 -8 17 -7 17 -6 18 -5 19 -5 19 -4 20 -4 21 -4 21 -3 22 -3 23 -3 23 -3 23 -3 23 -3 23 -2 24 -2 24 -3 24 -3 24 -4 24 -4 24 -5 25 -5 25 -5 25 -5 25 -5 25 -6 ]
CSI_DATA,STA,D8:B1:90:DB:E8:90,-45,11,1,7,0,0,1,1,0,0,1,-95,0,4,0,120804130,0,110,0,0,121.169,256,[110 96 6 0 21 -14 21 -14 21 -14 20 -14 19 -15 19 -16 18 -16 18 -15 17 -16 17 -16 16 -16 16 -16 15 -17 15 -16 15 -16 15 -16 15 -15 15 -15 14 -15 14 -14 14 -14 13 -13 14 -13 14 -12 14 -11 0 0 0 0 0 0 0 0 0 0 0 0 0 0 0 0 0 0 0 0 0 0 12 -13 13 -12 15 -12 16 -11 17 -11 18 -11 18 -10 19 -11 19 -10 20 -10 21 -10 21 -9 21 -9 21 -10 21 -10 21 -10 21 -10 21 -11 22 -11 21 -11 21 -12 22 -12 23 -13 23 -1
CSI_DATA,STA,D8:B1:90:DB:E8:90,-50,11,1,7,0,0,1,1,0,0,1,-95,0,4,0,121804389,0,110,0,0,122.169,256,[110 96 6 0 -3 14 -2 15 -1 14 25 20 27 18 27 16 28 14 17 -3 16 -5 16 -6 16 -6 17 -13 16 -14 15 -15 14 -15 9 -9 8 -9 8 -8 7 -9 14 -3 13 -2 13 -3 13 -3 4 19 3 19 0 0 0 0 0 0 0 0 0 0 0 0 0 0 0 0 0 0 0 0 0 0 -17 -4 -18 -5 -6 -8 -6 -9 -6 -8 -7 -9 28 11 29 12 30 12 31 12 23 15 24 14 25 14 25 13 0 18 1 18 2 18 2 17 -1 30 0 30 2 30 4 30 0 5 1 5 1 5 -8 -11 ]
CSI_DATA,STA,D8:B1:90:DB:E8:90,-44,11,1,7,0,0,1,1,0,0,1,-95,0,4,0,122303864,0,110,0,0,122.668,256,[110 96 6 0 3 -27 2 -26 2 -26 2 -25 1 -25 1 -25 0 -24 -1 -24 -1 -24 -1 -23 -2 -23 -2 -23 -3 -23 -3 -23 -3 -22 -2 -22 -2 -22 -2 -21 -2 -21 -2 -20 -2 -20 -1 -19 -1 -19 0 -19 1 -19 0 0 0 0 0 0 0 0 0 0 0 0 0 0 0 0 0 0 0 0 0 0 -2 -18 -1 -18 1 -19 1 -19 2 -20 3 -20 3 -21 4 -22 4 -22 5 -23 7 -22 7 -23 7 -23 8 -23 7 -23 6 -23 6 -23 6 -24 5 -25 5 -25 4 -25 4 -26 4 -26 4 -26 4 -26 4 -27 ]
CSI_DATA,STA,D8:B1:90:DB:E8:90,-51,11,1,7,0,0,1,1,0,0,1,-95,0,4,0,122804164,0,110,0,0,123.169,256,[110 96 6 0 6 34 8 33 10 32 9 18 10 18 11 17 13 15 -2 30 1 29 3 29 5 28 4 38 6 37 9 36 11 35 -4 0 -4 0 -4 0 -4 0 -12 -17 -13 -17 -13 -16 -13 -15 -16 -20 -16 -20 0 0 0 0 0 0 0 0 0 0 0 0 0 0 0 0 0 0 0 0 0 0 -16 3 -16 3 0 12 0 12 0 13 1 14 12 8 12 8 13 9 14 8 -2 11 -2 11 -1 12 -1 11 -29 -3 -30 -2 -30 0 -30 2 -16 -8 -17 -7 -18 -5 -18 -4 5 -13 5 -13 4 -13 -12 14 ]
CSI_DATA,STA,D8:B1:90:DB:E8:90,-50,11,1,7,0,0,1,1,0,0,1,-95,0,4,0,123304867,0,110,0,0,123.669,256,[110 96 6 0 -13 -27 -12 -28 -10 -27 2 -20 2 -19 3 -18 4 -18 3 -26 4 -25 5 -24 6 -24 7 -32 9 -32 10 -31 12 -30 5 -23 7 -22 9 -21 10 -20 -18 -4 -17 -5 -16 -6 -16 -7 -22 4 -23 1 0 0 0 0 0 0 0 0 0 0 0 0 0 0 0 0 0 0 0 0 0 0 4 -1 4 0 2 17 1 18 -1 19 -3 20 15 13 14 14 13 16 12 17 -2 17 -4 17 -5 17 -6 16 -5 -9 -4 -9 -4 -9 -3 -9 -15 -3 -15 -4 -15 -5 -15 -6 -27 -2 -27 -3 -27 -5 -12 14 ]
CSI_DATA,STA,D8:B1:90:DB:E8:90,-44,11,1,7,0,0,1,1,0,0,1,-95,0,4,0,124313093,0,110,0,0,124.678,256,[110 96 6 0 24 10 24 10 24 9 24 8 24 8 24 7 23 6 24 6 23 5 23 5 23 4 23 4 23 4 23 4 23 4 22 4 22 4 21 4 20 4 20 5 19 5 18 5 18 5 18 6 17 7 0 0 0 0 0 0 0 0 0 0 0 0 0 0 0 0 0 0 0 0 0 0 18 2 18 4 17 5 18 7 18 7 19 8 19 8 20 9 20 9 20 10 20 11 20 11 21 12 21 12 21 12 21 11 22 11 21 11 23 11 23 10 24 10 24 10 23 9 23 10 24 10 25 10 ]
CSI_DATA,STA,D8:B1:90:DB:E8:90,-44,11,1,7,0,0,1,1,0,0,1,-95,0,4,0,125321261,0,110,0,0,125.686,256,[110 96 6 0 -5 26 -4 27 -4 26 -3 25 -2 25 -2 25 -1 24 -1 24 0 23 0 23 1 23 1 23 1 24 1 23 1 23 1 23 1 22 0 22 0 21 0 20 -1 20 -1 19 -1 19 -2 19 -3 18 0 0 0 0 0 0 0 0 0 0 0 0 0 0 0 0 0 0 0 0 0 0 1 18 -1 19 -2 18 -2 19 -3 19 -4 20 -4 20 -5 21 -6 22 -6 22 -7 23 -7 23 -7 23 -8 24 -7 24 -8 23 -7 24 -7 24 -7 24 -6 24 -6 25 -6 25 -6 25 -5 26 -5 27 -5 26 ]
CSI_DATA,STA,D8:B1:90:DB:E8:90,-45,11,1,5,0,0,1,1,1,0,0,-95,0,4,0,126833359,0,110,0,0,127.198,384,[110 96 6 0 20 -4 21 -2 23 -1 23 0 23 0 22 0 20 -1 17 -1 14 -1 10 -1 6 0 1 2 -4 4 -8 6 -12 9 -16 11 -19 14 -21 16 -23 17 -24 18 -24 19 -24 19 -24 18 -24 16 -24 13 0 0 0 0 0 0 0 0 0 0 0 0 0 0 0 0 0 0 0 0 0 0 -14 15 -15 15 -14 14 -13 13 -11 12 -8 10 -5 7 -1 3 3 0 7 -5 10 -9 14 -14 16 -19 18 -24 19 -28 19 -31 18 -34 17 -35 15 -36 13 -35 12 -34 12 -31 11 -28 11 -24 12 -19 14 -16 ]
CSI_DATA,STA,D8:B1:90:DB:E8:90,-45,11,1,7,0,0,1,1,0,0,1,-95,0,4,0,127331170,0,110,0,0,127.696,256,[110 96 6 0 11 -20 11 -21 11 -20 10 -20 9 -19 9 -19 9 -19 8 -20 7 -20 7 -20 6 -20 6 -20 6 -20 5 -19 6 -20 6 -19 6 -18 6 -18 6 -18 6 -17 6 -17 6 -16 6 -16 7 -15 7 -14 0 0 0 0 0 0 0 0 0 0 0 0 0 0 0 0 0 0 0 0 0 0 5 -16 7 -16 7 -15 8 -16 8 -16 9 -16 9 -16 10 -16 11 -17 11 -16 13 -17 13 -17 13 -17 13 -17 13 -17 13 -17 13 -18 12 -17 13 -18 13 -18 12 -19 12 -19 12 -19 12 -20 12 -20 12 -19 ]
CSI_DATA,STA,D8:B1:90:DB:E8:90,-44,11,1,7,0,0,1,0,0,0,0,-95,0,4,0,127833036,0,110,0,0,128.197,256,[110 96 6 0 -22 12 -23 13 -21 13 -21 13 -21 14 -21 13 -19 13 -19 14 -18 14 -18 14 -17 15 -18 15 -18 15 -17 15 -17 15 -16 14 -16 14 -16 13 -16 12 -16 13 -16 12 -15 11 -15 11 -15 10 -16 10 0 0 0 0 0 0 0 0 0 0 0 0 0 0 0 0 0 0 0 0 0 0 -13 13 -15 12 -16 10 -17 10 -17 10 -19 10 -19 9 -20 9 -21 9 -21 9 -22 9 -22 9 -22 9 -22 8 -22 9 -23 9 -23 10 -22 10 -23 10 -22 10 -23 11 -23 11 -23 13 -23 13 -23 13
CSI_DATA,STA,D8:B1:90:DB:E8:90,-44,11,1,6,0,0,1,0,0,0,1,-95,0,4,0,129839428,0,110,0,0,130.204,256,[110 96 6 0 -23 -7 -23 -7 -22 -6 -22 -6 -22 -6 -22 -6 -21 -5 -22 -4 -21 -4 -21 -3 -21 -3 -21 -3 -21 -2 -21 -2 -21 -2 -20 -2 -20 -2 -19 -3 -19 -3 -19 -3 -18 -4 -18 -4 -17 -4 -17 -4 -17 -5 0 0 0 0 0 0 0 0 0 0 0 0 0 0 0 0 0 0 0 0 0 0 -17 -2 -17 -3 -17 -5 -18 -5 -18 -6 -19 -6 -19 -7 -20 -8 -20 -8 -20 -9 -20 -9 -20 -10 -20 -10 -20 -10 -20 -10 -20 -10 -20 -9 -20 -9 -21 -8 -21 -8 -22 -8 -22 -8 -22 -
CSI_DATA,STA,D8:B1:90:DB:E8:90,-45,11,1,6,0,0,1,0,0,0,1,-95,0,4,0,130340004,0,110,0,0,130.704,256,[110 96 6 0 14 6 14 8 15 10 14 11 14 11 14 11 13 9 11 8 9 6 7 4 3 3 -1 1 -5 0 -9 -1 -12 -2 -16 -3 -19 -3 -22 -4 -24 -4 -25 -4 -26 -4 -25 -4 -25 -4 -23 -5 -22 -7 0 0 0 0 0 0 0 0 0 0 0 0 0 0 0 0 0 0 0 0 0 0 -15 8 -16 7 -15 7 -14 6 -12 6 -9 5 -6 4 -2 3 3 1 7 -1 11 -2 15 -5 19 -7 22 -10 24 -13 26 -15 26 -17 26 -19 25 -19 24 -19 22 -19 21 -17 19 -15 18 -12 17 -8 16 -5 ]
CSI_DATA,STA,D8:B1:90:DB:E8:90,-45,11,1,5,0,0,1,0,0,0,1,-95,0,4,0,131351239,0,110,0,0,131.715,256,[110 96 6 0 24 6 25 6 24 5 23 5 24 4 23 4 23 3 23 2 23 2 22 2 22 1 22 1 22 1 22 1 22 1 21 1 21 1 20 2 19 2 19 2 18 2 18 2 17 2 17 3 16 4 0 0 0 0 0 0 0 0 0 0 0 0 0 0 0 0 0 0 0 0 0 0 18 -1 18 0 18 1 18 2 19 3 19 4 20 4 20 4 21 6 21 6 21 7 21 7 21 8 21 8 21 7 21 7 22 7 22 7 23 7 23 7 24 7 24 7 24 6 25 7 25 7 26 6 ]
CSI_DATA,STA,D8:B1:90:DB:E8:90,-44,11,1,7,0,0,1,0,0,0,0,-95,0,4,0,132359123,0,110,0,0,132.723,256,[110 96 6 0 20 10 20 11 20 9 20 9 19 9 19 8 19 7 19 7 19 6 19 6 19 5 20 5 19 5 19 5 19 5 18 6 18 6 17 6 17 6 16 6 16 6 15 6 15 6 14 7 14 7 0 0 0 0 0 0 0 0 0 0 0 0 0 0 0 0 0 0 0 0 0 0 15 3 16 5 14 5 15 6 15 7 15 8 16 9 17 9 17 10 17 11 17 11 17 11 17 12 17 12 17 12 16 12 17 12 17 11 18 12 18 11 18 11 19 11 19 10 19 11 20 11 21 11 ]
CSI_DATA,STA,D8:B1:90:DB:E8:90,-44,11,1,7,0,0,1,0,0,0,0,-95,0,4,0,134367312,0,110,0,0,134.732,256,[110 96 6 0 -24 -14 -24 -13 -24 -12 -24 -12 -24 -11 -24 -11 -23 -10 -23 -9 -23 -8 -23 -8 -23 -7 -23 -7 -23 -6 -23 -6 -22 -6 -23 -7 -22 -7 -22 -7 -21 -7 -20 -7 -20 -7 -19 -7 -19 -7 -18 -8 -18 -9 0 0 0 0 0 0 0 0 0 0 0 0 0 0 0 0 0 0 0 0 0 0 -19 -3 -19 -5 -18 -8 -18 -8 -19 -9 -19 -10 -19 -11 -19 -12 -19 -13 -20 -14 -19 -15 -19 -15 -19 -16 -19 -16 -19 -15 -20 -15 -20 -15 -20 -15 -21 -15 -22 -15 -2
CSI_DATA,STA,D8:B1:90:DB:E8:90,-49,11,1,7,0,0,1,0,0,0,0,-95,0,4,0,136880655,0,110,0,0,137.245,256,[110 96 6 0 7 -13 7 -13 7 -14 7 -14 7 -14 6 -14 5 -14 5 -14 5 -15 5 -15 4 -15 4 -15 4 -15 4 -15 4 -15 4 -15 5 -15 4 -14 5 -14 5 -14 5 -14 5 -13 6 -13 6 -12 7 -12 0 0 0 0 0 0 0 0 0 0 0 0 0 0 0 0 0 0 0 0 0 0 12 -20 13 -20 15 -21 16 -21 18 -21 19 -20 19 -23 20 -24 21 -23 23 -23 22 -22 22 -22 23 -22 22 -22 20 -21 20 -21 19 -21 19 -21 17 -20 17 -21 16 -21 16 -22 8 -12 9 -12 8 -12 9 -13 ]
CSI_DATA,STA,D8:B1:90:DB:E8:90,-51,11,1,7,0,0,1,0,0,0,1,-95,0,4,0,137879354,0,110,0,0,138.244,256,[110 96 6 0 -13 34 -13 33 -13 33 3 17 3 17 4 17 4 16 -10 -8 -10 -8 -10 -8 -10 -8 -22 -6 -21 -6 -20 -6 -20 -7 -14 -11 -13 -11 -12 -11 -12 -11 1 -11 1 -11 2 -11 2 -11 19 8 18 9 0 0 0 0 0 0 0 0 0 0 0 0 0 0 0 0 0 0 0 0 0 0 -5 11 -6 11 3 16 1 17 0 18 0 19 22 14 22 15 21 17 21 18 23 16 23 17 23 18 23 19 10 4 9 5 9 5 10 5 -18 -8 -18 -8 -18 -8 -18 -8 12 -24 12 -25 12 -25 -23 21 ]
CSI_DATA,STA,D8:B1:90:DB:E8:90,-51,11,1,7,0,0,1,0,0,0,1,-95,0,4,0,139388739,0,110,0,0,139.753,256,[110 96 6 0 5 -22 8 -20 11 -18 -17 10 -18 7 -19 4 -19 1 -3 8 -4 8 -5 7 -6 6 10 -33 14 -30 19 -27 23 -23 -28 -7 -26 -11 -23 -14 -19 -18 -11 2 -11 0 -11 -2 -10 -4 11 4 9 7 0 0 0 0 0 0 0 0 0 0 0 0 0 0 0 0 0 0 0 0 0 0 -17 9 -20 5 -9 16 -12 14 -16 12 -18 9 -20 7 -22 3 -23 -1 -23 -6 -20 -1 -19 -5 -18 -8 -17 -11 -6 14 -9 13 -11 12 -13 10 -2 24 -5 24 -9 23 -13 22 12 -25 16 -23 20 -20 -17 -21 ]
CSI_DATA,STA,D8:B1:90:DB:E8:90,-49,11,1,7,0,0,1,0,0,0,1,-95,0,4,0,140390906,0,110,0,0,140.755,256,[110 96 6 0 11 10 11 10 12 10 12 9 13 9 13 8 13 7 13 7 13 7 13 7 13 7 13 7 13 7 14 7 14 6 14 7 14 6 13 6 13 7 13 7 12 7 12 8 11 8 11 8 10 9 0 0 0 0 0 0 0 0 0 0 0 0 0 0 0 0 0 0 0 0 0 0 18 16 17 17 18 18 17 18 18 20 17 20 17 22 17 22 16 24 16 25 17 25 17 25 17 26 17 26 18 25 18 25 18 24 19 25 18 21 19 21 20 21 20 21 10 11 10 11 10 11 11 10 ]
CSI_DATA,STA,D8:B1:90:DB:E8:90,-52,11,1,7,0,0,1,0,0,0,1,-95,0,4,0,141899471,0,110,0,0,142.264,256,[110 96 6 0 10 3 10 4 10 3 -21 -29 -22 -29 -22 -28 -22 -27 -6 -11 -6 -11 -7 -11 -7 -11 0 14 0 14 0 14 0 14 -18 -24 -18 -23 -17 -23 -17 -22 -12 -21 -12 -20 -11 -21 -10 -21 -11 -12 -10 -13 0 0 0 0 0 0 0 0 0 0 0 0 0 0 0 0 0 0 0 0 0 0 5 17 3 18 9 19 9 20 8 21 8 22 7 20 7 20 7 21 6 21 2 5 3 5 3 5 3 5 -5 24 -5 24 -5 25 -5 25 -8 -24 -8 -24 -9 -24 -8 -24 -15 -12 -15 -12 -16 -12 -15 -8 ]
CSI_DATA,STA,D8:B1:90:DB:E8:90,-44,11,1,7,0,0,1,1,0,0,1,-95,0,4,0,144406304,0,110,0,0,144.771,256,[110 96 6 0 -1 26 0 26 0 25 0 25 1 24 1 24 2 23 2 24 2 23 3 23 3 22 4 23 3 22 4 22 3 22 4 22 3 21 3 21 2 20 2 20 2 20 2 19 1 19 1 18 0 18 0 0 0 0 0 0 0 0 0 0 0 0 0 0 0 0 0 0 0 0 0 0 4 17 3 18 2 18 2 19 1 19 1 20 0 21 -1 22 -1 23 -1 23 -2 23 -3 24 -2 24 -3 24 -3 24 -3 24 -3 24 -2 24 -2 24 -1 24 -1 25 -1 25 0 26 0 26 0 27 0 27 ]
CSI_DATA,STA,D8:B1:90:DB:E8:90,-45,11,1,7,0,0,1,1,0,0,1,-95,0,4,0,146411820,0,110,0,0,146.776,256,[110 96 6 0 -13 22 -13 22 -12 22 -12 22 -11 22 -10 21 -10 21 -10 21 -9 21 -8 20 -8 20 -8 21 -8 21 -7 21 -7 20 -7 20 -7 20 -7 19 -7 19 -7 18 -7 18 -7 17 -7 17 -8 16 -9 16 0 0 0 0 0 0 0 0 0 0 0 0 0 0 0 0 0 0 0 0 0 0 -7 16 -8 16 -9 16 -10 16 -10 16 -11 16 -12 17 -13 17 -13 18 -14 18 -15 17 -15 17 -15 18 -15 18 -15 17 -15 17 -15 18 -15 18 -14 19 -14 20 -14 20 -14 21 -14 21 -14 22 -14 22 -13 21 ]
CSI_DATA,STA,D8:B1:90:DB:E8:90,-45,11,1,7,0,0,1,1,0,0,1,-95,0,4,0,147421493,0,110,0,0,147.786,256,[110 96 6 0 -8 -25 -8 -25 -8 -24 -8 -24 -9 -23 -9 -23 -9 -22 -10 -22 -10 -21 -11 -21 -11 -20 -11 -20 -12 -20 -11 -19 -11 -19 -11 -20 -11 -19 -11 -19 -10 -19 -10 -18 -9 -17 -9 -17 -8 -17 -8 -17 -6 -17 0 0 0 0 0 0 0 0 0 0 0 0 0 0 0 0 0 0 0 0 0 0 -9 -15 -8 -17 -7 -18 -7 -19 -6 -19 -6 -20 -6 -21 -6 -21 -5 -22 -5 -23 -4 -23 -4 -24 -4 -24 -4 -24 -5 -24 -5 -24 -5 -24 -5 -25 -5 -24 -6 -24 -6 -24 -6 -
CSI_DATA,STA,D8:B1:90:DB:E8:90,-45,11,1,7,0,0,1,1,0,0,1,-95,0,4,0,147922615,0,110,0,0,148.287,256,[110 96 6 0 4 24 5 24 6 23 5 23 6 23 6 23 7 22 7 22 7 21 8 21 9 21 8 21 8 20 8 20 8 20 7 20 7 19 7 19 6 18 6 18 6 18 5 17 5 17 4 17 3 17 0 0 0 0 0 0 0 0 0 0 0 0 0 0 0 0 0 0 0 0 0 0 7 15 7 16 6 16 5 17 5 18 5 18 4 19 4 20 3 21 3 21 3 22 2 22 3 22 2 23 2 23 2 22 3 23 3 23 3 23 3 23 4 24 4 24 4 24 5 24 5 25 5 25 ]
CSI_DATA,STA,D8:B1:90:DB:E8:90,-45,11,1,7,0,0,1,1,0,0,1,-95,0,4,0,148422482,0,110,0,0,148.787,256,[110 96 6 0 4 -25 4 -26 3 -24 3 -24 2 -24 2 -24 1 -23 1 -24 1 -23 0 -23 -1 -23 -1 -22 -1 -22 -1 -22 -1 -22 -1 -22 -1 -22 0 -22 -1 -21 0 -20 -1 -20 0 -19 0 -19 1 -18 2 -18 0 0 0 0 0 0 0 0 0 0 0 0 0 0 0 0 0 0 0 0 0 0 -1 -18 0 -19 1 -19 2 -20 2 -19 3 -20 4 -20 5 -21 6 -21 6 -22 7 -22 7 -23 7 -23 7 -23 7 -22 7 -22 7 -22 7 -22 7 -24 6 -24 6 -25 6 -25 5 -25 5 -25 5 -26 5 -25 ]
CSI_DATA,STA,D8:B1:90:DB:E8:90,-45,11,1,7,0,0,1,1,0,0,1,-95,0,4,0,149428852,0,110,0,0,149.793,256,[110 96 6 0 24 2 24 2 24 1 24 1 24 0 23 0 23 -1 22 -2 22 -2 22 -3 22 -3 21 -3 21 -3 21 -3 21 -4 21 -3 21 -3 20 -3 20 -3 19 -2 19 -2 18 -2 18 -2 18 -1 17 1 0 0 0 0 0 0 0 0 0 0 0 0 0 0 0 0 0 0 0 0 0 0 17 -2 17 -1 18 0 18 1 19 1 20 2 21 3 21 3 22 4 22 4 22 5 22 5 22 6 22 6 22 5 22 5 22 5 23 4 23 4 23 4 24 3 24 3 23 2 24 3 24 2 25 2 ]
CSI_DATA,STA,D8:B1:90:DB:E8:90,-45,11,1,7,0,0,1,1,0,0,1,-95,0,4,0,150434983,0,110,0,0,150.799,256,[110 96 6 0 1 26 2 25 3 24 3 24 3 24 3 23 4 23 4 22 5 22 5 21 6 21 6 21 6 21 6 21 6 20 6 20 6 20 5 19 5 19 5 18 4 18 4 17 4 17 3 18 2 17 0 0 0 0 0 0 0 0 0 0 0 0 0 0 0 0 0 0 0 0 0 0 4 16 3 17 2 18 1 19 1 19 0 19 0 21 -1 21 -1 22 -1 23 -2 22 -2 22 -2 23 -2 23 -2 24 -2 23 -2 24 -1 24 -1 24 0 24 0 24 0 25 0 24 2 25 1 25 1 25 ]
CSI_DATA,STA,D8:B1:90:DB:E8:90,-45,11,1,6,0,0,1,0,0,0,1,-95,0,4,0,150936524,0,110,0,0,151.301,256,[110 96 6 0 -16 -7 -16 -9 -16 -11 -16 -12 -15 -12 -15 -12 -14 -11 -13 -9 -10 -7 -8 -5 -4 -4 -1 -2 3 0 7 1 11 2 15 3 18 3 21 3 23 3 24 4 24 4 24 4 23 5 22 6 20 7 0 0 0 0 0 0 0 0 0 0 0 0 0 0 0 0 0 0 0 0 0 0 13 -10 14 -10 13 -9 12 -8 10 -8 8 -7 4 -6 1 -4 -3 -2 -8 0 -12 2 -16 5 -20 8 -22 10 -24 13 -26 15 -26 17 -26 19 -25 19 -23 20 -23 19 -21 17 -20 15 -18 12 -17 8 -17 4 ]
CSI_DATA,STA,D8:B1:90:DB:E8:90,-48,11,1,6,0,0,1,0,0,0,1,-95,0,4,0,152943117,0,110,0,0,153.307,256,[110 96 6 0 -30 -8 -30 -7 -28 -8 22 14 21 14 21 14 20 13 21 19 21 18 21 17 21 17 19 19 18 19 18 20 17 20 16 14 16 14 15 14 14 14 19 17 18 17 17 17 16 17 15 18 13 19 0 0 0 0 0 0 0 0 0 0 0 0 0 0 0 0 0 0 0 0 0 0 -14 13 -16 12 -13 18 -14 18 -15 18 -17 17 -8 2 -8 2 -8 2 -9 2 -19 -14 -19 -14 -18 -15 -18 -15 -21 -9 -21 -10 -21 -10 -21 -10 -31 -12 -31 -12 -31 -12 -31 -13 -15 4 -15 3 -16 3 -22 -6 ]
CSI_DATA,STA,D8:B1:90:DB:E8:90,-44,11,1,7,0,0,1,0,0,0,0,-95,0,4,0,153441987,0,110,0,0,153.806,256,[110 96 6 0 23 -12 23 -12 22 -12 23 -13 22 -13 21 -13 21 -13 20 -14 19 -14 19 -15 18 -15 18 -15 18 -15 18 -15 18 -15 18 -14 18 -14 18 -13 17 -13 17 -12 16 -12 16 -11 16 -11 16 -9 16 -8 0 0 0 0 0 0 0 0 0 0 0 0 0 0 0 0 0 0 0 0 0 0 14 -12 16 -11 16 -10 16 -10 17 -9 19 -9 20 -9 21 -9 21 -9 22 -8 23 -8 23 -8 23 -8 23 -8 23 -8 23 -8 23 -8 23 -9 24 -9 24 -9 23 -10 24 -11 23 -11 24 -11 24 -11 24 -11
CSI_DATA,STA,D8:B1:90:DB:E8:90,-51,11,1,5,0,0,1,0,0,0,1,-95,0,4,0,153951880,0,110,0,0,154.316,256,[110 96 6 0 -7 20 -6 20 -7 19 -1 17 -1 15 0 15 0 15 -12 -6 -12 -5 -12 -5 -12 -5 -19 -10 -18 -10 -18 -10 -18 -10 -14 -14 -13 -14 -13 -14 -12 -13 -3 -10 -2 -10 -2 -10 -2 -10 17 -3 17 -2 0 0 0 0 0 0 0 0 0 0 0 0 0 0 0 0 0 0 0 0 0 0 22 -8 23 -7 -9 -7 -9 -8 -9 -8 -9 -8 1 9 1 9 0 10 0 9 6 14 5 15 5 15 5 15 -18 -33 -18 -33 -18 -33 -19 -32 -19 -32 -20 -32 -20 -32 -21 -32 14 18 14 18 14 18 -6 -25 ]
CSI_DATA,STA,D8:B1:90:DB:E8:90,-45,11,1,6,0,0,1,0,0,0,1,-95,0,4,0,154451403,0,110,0,0,154.816,256,[110 96 6 0 10 -18 13 -18 15 -17 16 -18 16 -18 15 -18 14 -16 12 -15 9 -12 7 -9 4 -6 2 -1 1 4 0 9 -1 14 -2 18 -2 22 -2 25 -2 28 -2 29 -2 30 -3 30 -3 29 -4 28 -6 26 0 0 0 0 0 0 0 0 0 0 0 0 0 0 0 0 0 0 0 0 0 0 5 19 4 20 4 19 4 18 4 15 3 12 3 8 2 3 2 -3 0 -8 -2 -14 -4 -20 -6 -25 -9 -29 -12 -32 -14 -33 -17 -35 -18 -34 -20 -34 -21 -32 -21 -30 -18 -27 -16 -25 -12 -23 -8 -21 -3 -20 ]
CSI_DATA,STA,D8:B1:90:DB:E8:90,-44,11,1,6,0,0,1,0,0,0,1,-95,0,4,0,156960292,0,110,0,0,157.324,256,[110 96 6 0 -3 17 -6 17 -7 18 -8 18 -8 18 -8 17 -7 16 -6 14 -5 11 -4 8 -3 4 -3 0 -3 -4 -3 -8 -4 -12 -5 -16 -5 -19 -6 -22 -7 -24 -7 -25 -8 -26 -7 -25 -6 -25 -5 -24 -3 -23 0 0 0 0 0 0 0 0 0 0 0 0 0 0 0 0 0 0 0 0 0 0 -9 -15 -9 -15 -9 -15 -8 -14 -8 -12 -6 -9 -5 -6 -3 -2 -1 2 1 6 4 11 7 15 10 18 13 21 16 22 18 23 20 23 22 23 23 22 23 20 23 19 21 18 18 16 15 16 11 16 7 15 ]
CSI_DATA,STA,D8:B1:90:DB:E8:90,-45,11,1,6,0,0,1,0,0,0,1,-95,0,4,0,157960507,0,110,0,0,158.325,256,[110 96 6 0 0 -20 2 -21 4 -21 5 -22 5 -22 5 -21 4 -19 3 -17 2 -14 2 -10 1 -6 2 -1 2 3 4 7 5 12 7 16 8 20 10 22 11 23 11 25 12 25 12 25 11 25 9 25 7 24 0 0 0 0 0 0 0 0 0 0 0 0 0 0 0 0 0 0 0 0 0 0 11 14 10 15 10 15 9 14 8 12 7 8 5 5 3 1 0 -3 -3 -8 -7 -12 -10 -16 -14 -19 -18 -22 -21 -24 -24 -24 -27 -24 -29 -24 -30 -22 -29 -20 -28 -19 -26 -18 -23 -16 -20 -16 -16 -16 -11 -17 ]
CSI_DATA,STA,D8:B1:90:DB:E8:90,-45,11,1,7,0,0,1,0,0,0,1,-95,0,4,0,159470841,0,110,0,0,159.835,256,[110 96 6 0 -9 -19 -7 -22 -5 -23 -4 -24 -4 -24 -4 -23 -4 -21 -4 -18 -4 -15 -3 -11 -1 -7 0 -2 3 3 6 7 9 11 11 15 14 18 16 21 18 22 19 23 19 24 19 24 18 24 16 24 13 24 0 0 0 0 0 0 0 0 0 0 0 0 0 0 0 0 0 0 0 0 0 0 20 3 20 4 19 5 17 4 15 3 12 1 8 -1 3 -3 -2 -5 -8 -6 -13 -8 -19 -10 -24 -10 -29 -10 -34 -10 -36 -9 -39 -8 -39 -6 -40 -4 -38 -3 -37 -2 -34 -3 -31 -3 -27 -5 -23 -7 -19 -10 ]
CSI_DATA,STA,D8:B1:90:DB:E8:90,-45,11,1,6,0,0,1,0,0,0,1,-95,0,4,0,159968987,0,110,0,0,160.333,256,[110 96 6 0 12 16 11 18 10 20 9 21 10 21 9 20 9 19 8 16 7 13 4 9 2 6 -1 2 -5 -2 -9 -5 -13 -8 -17 -10 -20 -12 -23 -14 -25 -15 -27 -15 -27 -16 -27 -16 -26 -16 -24 -17 -21 -18 0 0 0 0 0 0 0 0 0 0 0 0 0 0 0 0 0 0 0 0 0 0 -21 -1 -21 -2 -21 -2 -19 -2 -17 -1 -13 0 -9 1 -5 2 1 3 7 3 13 4 19 4 25 3 30 2 33 0 36 -1 37 -3 38 -5 38 -7 36 -8 35 -8 32 -7 29 -6 25 -3 22 1 19 4 ]
CSI_DATA,STA,D8:B1:90:DB:E8:90,-44,11,1,6,0,0,1,0,0,0,1,-95,0,4,0,161979120,0,110,0,0,162.343,256,[110 96 6 0 15 -22 15 -23 14 -22 14 -22 13 -22 13 -21 12 -21 12 -21 11 -21 10 -22 10 -22 9 -22 9 -22 9 -21 9 -22 9 -21 9 -21 9 -20 9 -20 9 -19 9 -19 9 -18 9 -18 9 -17 10 -16 0 0 0 0 0 0 0 0 0 0 0 0 0 0 0 0 0 0 0 0 0 0 7 -16 9 -16 10 -17 12 -17 12 -17 13 -17 13 -17 15 -17 16 -17 15 -17 17 -17 17 -17 17 -17 17 -18 17 -18 17 -17 17 -18 17 -18 17 -19 16 -19 16 -20 16 -20 16 -21 16 -22 16 -22 17 -
CSI_DATA,STA,D8:B1:90:DB:E8:90,-51,11,1,7,0,0,1,0,0,0,1,-95,0,4,0,162480786,0,110,0,0,162.845,256,[110 96 6 0 10 22 10 23 9 22 1 19 1 18 0 18 -1 18 10 1 9 2 9 2 9 2 -18 -11 -17 -12 -16 -13 -15 -14 16 5 16 6 15 6 14 7 -4 -8 -3 -8 -3 -8 -2 -8 -13 -7 -12 -9 0 0 0 0 0 0 0 0 0 0 0 0 0 0 0 0 0 0 0 0 0 0 5 -21 8 -21 13 -13 14 -12 16 -11 18 -10 20 -14 21 -12 23 -10 24 -8 21 -4 22 -2 22 0 22 1 20 1 20 2 19 3 19 5 22 4 21 5 21 6 21 7 32 -3 32 -1 33 0 -12 -23 ]
CSI_DATA,STA,D8:B1:90:DB:E8:90,-52,11,1,7,0,0,1,0,0,0,1,-95,0,4,0,164483695,0,110,0,0,164.848,256,[110 96 6 0 -43 6 -43 6 -42 5 -22 22 -21 21 -21 20 -20 20 -9 -20 -8 -20 -8 -20 -8 -20 -12 -5 -11 -5 -10 -5 -10 -6 -6 0 -5 0 -5 0 -5 -1 -13 -23 -12 -23 -11 -23 -9 -23 0 -14 1 -14 0 0 0 0 0 0 0 0 0 0 0 0 0 0 0 0 0 0 0 0 0 0 3 -9 4 -9 21 9 21 11 21 13 21 14 6 -15 7 -15 8 -15 9 -16 -19 18 -21 18 -21 17 -22 16 -9 3 -10 3 -10 3 -9 3 -15 1 -15 1 -16 1 -16 1 -6 18 -6 17 -7 18 -21 12 ]
CSI_DATA,STA,D8:B1:90:DB:E8:90,-45,11,1,7,0,0,1,0,0,0,1,-95,0,4,0,164988858,0,110,0,0,165.353,256,[110 96 6 0 13 -23 13 -23 12 -23 11 -22 10 -22 10 -22 9 -22 8 -22 8 -22 7 -22 6 -22 6 -22 6 -22 6 -22 6 -21 6 -21 6 -21 6 -20 6 -20 6 -19 7 -19 6 -18 7 -18 7 -16 8 -16 0 0 0 0 0 0 0 0 0 0 0 0 0 0 0 0 0 0 0 0 0 0 4 -18 5 -18 6 -18 7 -18 8 -18 8 -18 9 -19 10 -19 11 -19 11 -20 12 -21 12 -20 12 -21 13 -21 14 -20 14 -20 13 -20 14 -21 14 -20 13 -20 12 -21 13 -21 13 -22 13 -23 13 -23 13 -23 ]
CSI_DATA,STA,D8:B1:90:DB:E8:90,-44,11,1,7,0,0,1,0,0,0,1,-95,0,4,0,165998074,0,110,0,0,166.362,256,[110 96 6 0 24 9 24 8 24 7 24 7 24 6 24 6 24 5 23 4 23 3 23 2 23 2 23 2 23 2 23 2 23 2 22 2 22 2 21 2 20 3 20 3 19 3 18 4 18 4 18 5 17 5 0 0 0 0 0 0 0 0 0 0 0 0 0 0 0 0 0 0 0 0 0 0 18 2 18 4 18 4 18 5 18 6 19 6 19 7 20 8 20 9 20 9 21 10 21 11 21 11 21 11 20 11 21 11 21 11 22 10 22 10 22 10 22 9 23 10 24 9 24 9 25 10 25 9 ]
CSI_DATA,STA,D8:B1:90:DB:E8:90,-45,11,1,6,0,0,1,1,0,0,1,-95,0,4,0,166499797,0,110,0,0,166.864,256,[110 96 6 0 -13 -16 -12 -18 -11 -19 -10 -21 -10 -20 -10 -20 -9 -18 -9 -15 -7 -13 -5 -10 -3 -7 1 -4 4 -1 8 1 13 3 16 5 20 6 22 6 25 7 26 7 26 7 26 7 25 7 24 8 22 9 0 0 0 0 0 0 0 0 0 0 0 0 0 0 0 0 0 0 0 0 0 0 17 8 16 9 15 8 14 8 12 6 10 4 7 2 3 0 -2 -2 -7 -4 -12 -6 -17 -8 -22 -8 -26 -8 -30 -7 -33 -6 -35 -4 -36 -3 -36 -2 -35 0 -33 1 -30 1 -28 1 -25 -2 -21 -4 -19 -7 ]
CSI_DATA,STA,D8:B1:90:DB:E8:90,-45,11,1,7,0,0,1,1,0,0,1,-95,0,4,0,166998898,0,110,0,0,167.363,256,[110 96 6 0 -28 -9 -28 -9 -27 -8 -26 -7 -27 -7 -26 -6 -26 -6 -27 -5 -26 -5 -26 -4 -26 -3 -25 -3 -25 -3 -25 -3 -25 -3 -25 -3 -24 -3 -24 -3 -23 -3 -22 -4 -22 -4 -21 -4 -20 -4 -20 -5 -20 -6 0 0 0 0 0 0 0 0 0 0 0 0 0 0 0 0 0 0 0 0 0 0 -21 -2 -21 -3 -21 -4 -21 -5 -22 -6 -22 -7 -23 -7 -24 -8 -24 -9 -24 -10 -24 -11 -24 -12 -24 -12 -24 -12 -24 -12 -24 -12 -24 -12 -25 -11 -25 -12 -25 -11 -26 -11 -26 -
CSI_DATA,STA,D8:B1:90:DB:E8:90,-45,11,1,5,0,0,1,1,1,0,0,-95,0,4,0,167501288,0,110,0,0,167.866,384,[110 96 6 0 -19 -10 -19 -13 -18 -15 -18 -16 -18 -16 -17 -15 -16 -14 -15 -12 -12 -9 -9 -7 -5 -5 0 -3 4 -2 9 0 14 0 19 1 22 1 26 1 28 1 29 1 30 0 29 1 29 2 28 3 25 5 0 0 0 0 0 0 0 0 0 0 0 0 0 0 0 0 0 0 0 0 0 0 20 -5 20 -5 19 -4 17 -4 15 -4 12 -4 7 -4 2 -3 -3 -2 -9 -1 -15 0 -20 2 -25 4 -29 7 -32 10 -34 12 -35 14 -35 16 -34 18 -33 18 -31 18 -29 16 -26 14 -24 10 -22 7 -21 2 ]
CSI_DATA,STA,D8:B1:90:DB:E8:90,-44,11,1,7,0,0,1,0,0,0,0,-95,0,4,0,167997245,0,110,0,0,168.361,256,[110 96 6 0 -24 -14 -24 -14 -24 -13 -22 -13 -22 -12 -22 -11 -22 -11 -22 -10 -22 -9 -22 -9 -22 -8 -23 -8 -23 -8 -23 -7 -23 -8 -22 -7 -22 -7 -21 -7 -20 -7 -20 -7 -19 -7 -19 -7 -18 -8 -18 -8 -17 -10 0 0 0 0 0 0 0 0 0 0 0 0 0 0 0 0 0 0 0 0 0 0 -18 -5 -19 -7 -18 -8 -19 -9 -18 -10 -19 -11 -19 -11 -19 -12 -19 -12 -19 -13 -19 -14 -19 -14 -19 -14 -20 -14 -20 -14 -20 -14 -21 -14 -20 -14 -22 -15 -22 -14
CSI_DATA,STA,D8:B1:90:DB:E8:90,-48,11,1,6,0,0,1,0,0,0,1,-95,0,4,0,170508298,0,110,0,0,170.873,256,[110 96 6 0 15 14 15 13 15 13 23 -6 22 -7 22 -7 22 -8 27 -10 27 -10 26 -11 26 -11 -19 10 -18 10 -18 10 -17 10 -19 6 -18 6 -19 6 -18 5 -18 4 -17 4 -17 3 -17 3 -17 2 -17 1 0 0 0 0 0 0 0 0 0 0 0 0 0 0 0 0 0 0 0 0 0 0 -4 13 -5 13 -6 5 -6 5 -6 5 -6 6 -24 -7 -24 -8 -25 -9 -25 -10 21 -2 21 -1 21 -1 21 -1 -12 19 -11 19 -11 19 -10 20 6 -18 6 -18 5 -18 5 -19 -18 -13 -18 -13 -18 -13 -32 -6 ]
CSI_DATA,STA,D8:B1:90:DB:E8:90,-45,11,1,6,0,0,1,0,0,0,1,-95,0,4,0,171008375,0,110,0,0,171.373,256,[110 96 6 0 -22 13 -22 13 -21 13 -21 13 -21 14 -20 13 -19 13 -20 14 -19 14 -19 14 -18 15 -18 15 -17 15 -17 15 -17 14 -17 14 -16 13 -16 13 -16 12 -17 12 -16 11 -16 11 -16 10 -16 9 -16 8 0 0 0 0 0 0 0 0 0 0 0 0 0 0 0 0 0 0 0 0 0 0 -13 13 -14 12 -15 11 -16 11 -17 10 -18 10 -19 10 -20 10 -20 10 -21 9 -21 9 -21 9 -22 8 -22 9 -22 9 -22 9 -22 9 -22 9 -22 10 -21 11 -22 11 -22 11 -22 12 -23 12 -23 13
CSI_DATA,STA,D8:B1:90:DB:E8:90,-44,11,1,6,0,0,1,0,0,0,1,-95,0,4,0,171508857,0,110,0,0,171.873,256,[110 96 6 0 11 -24 11 -24 10 -24 9 -23 8 -23 8 -23 7 -23 7 -24 7 -23 6 -23 5 -24 5 -23 5 -23 5 -23 5 -23 4 -23 5 -22 4 -22 5 -21 5 -20 5 -20 5 -19 5 -19 6 -19 7 -18 0 0 0 0 0 0 0 0 0 0 0 0 0 0 0 0 0 0 0 0 0 0 4 -18 6 -19 7 -19 8 -19 8 -19 9 -19 10 -19 10 -20 11 -20 12 -20 13 -21 14 -20 14 -21 14 -21 14 -20 14 -21 14 -21 14 -21 14 -22 14 -22 13 -23 13 -23 12 -22 12 -23 13 -23 12 -24 ]
CSI_DATA,STA,D8:B1:90:DB:E8:90,-45,11,1,6,0,0,1,0,0,0,1,-95,0,4,0,172009025,0,110,0,0,172.373,256,[110 96 6 0 -4 -18 -1 -20 0 -21 1 -22 1 -21 1 -21 1 -19 0 -16 0 -13 0 -10 0 -6 1 -2 2 3 4 7 5 12 7 15 9 18 10 21 11 23 11 24 12 24 12 24 11 24 9 24 7 23 0 0 0 0 0 0 0 0 0 0 0 0 0 0 0 0 0 0 0 0 0 0 16 7 16 8 15 8 14 8 12 6 10 4 7 1 3 -2 0 -4 -5 -7 -10 -10 -14 -12 -19 -14 -23 -15 -27 -15 -29 -16 -32 -15 -33 -14 -34 -12 -32 -11 -32 -10 -29 -10 -26 -9 -22 -10 -18 -11 -14 -13 ]
CSI_DATA,STA,D8:B1:90:DB:E8:90,-45,11,1,7,0,0,1,1,0,0,1,-95,0,4,0,172509151,0,110,0,0,172.874,256,[110 96 6 0 -25 14 -24 15 -23 15 -23 15 -22 15 -22 15 -20 15 -21 16 -19 15 -19 16 -19 16 -19 17 -19 17 -18 17 -18 17 -18 16 -18 16 -18 15 -17 14 -17 14 -17 13 -16 12 -17 12 -17 11 -17 10 0 0 0 0 0 0 0 0 0 0 0 0 0 0 0 0 0 0 0 0 0 0 -14 14 -15 13 -16 13 -17 13 -18 13 -20 12 -20 12 -21 12 -22 12 -22 12 -23 12 -23 11 -23 11 -24 11 -25 11 -25 11 -25 12 -25 11 -25 12 -24 12 -24 12 -25 13 -24 13 -25
CSI_DATA,STA,D8:B1:90:DB:E8:90,-51,11,1,7,0,0,1,0,0,0,1,-95,0,4,0,175017749,0,110,0,0,175.382,256,[110 96 6 0 9 -16 8 -16 8 -16 -25 7 -25 6 -24 7 -24 7 -6 -6 -6 -6 -6 -6 -6 -6 6 -3 6 -3 6 -3 5 -3 12 10 11 9 11 9 10 9 -19 13 -19 12 -19 12 -19 11 -13 0 -12 -1 0 0 0 0 0 0 0 0 0 0 0 0 0 0 0 0 0 0 0 0 0 0 6 27 4 28 0 32 -2 32 -3 33 -5 34 4 11 4 11 3 12 3 12 -23 22 -23 22 -24 22 -24 22 1 33 1 34 1 33 2 34 -3 24 -3 25 -3 26 -2 26 11 2 11 2 11 2 -17 -10 ]
CSI_DATA,STA,D8:B1:90:DB:E8:90,-48,11,1,7,0,0,1,0,0,0,1,-95,0,4,0,176527580,0,110,0,0,176.892,256,[110 96 6 0 -29 -25 -30 -25 -30 -23 27 -2 26 -2 25 -3 25 -4 0 9 1 8 1 8 2 9 4 9 4 9 4 9 4 9 5 7 5 7 5 7 4 7 1 15 0 14 0 14 0 15 8 12 7 12 0 0 0 0 0 0 0 0 0 0 0 0 0 0 0 0 0 0 0 0 0 0 -9 -7 -8 -8 -1 1 -1 1 -1 2 -1 2 -6 3 -6 3 -7 3 -6 3 -19 8 -19 9 -20 9 -19 9 -16 20 -16 20 -15 21 -15 21 11 36 12 36 13 36 14 36 -14 -33 -14 -33 -15 -32 5 -29 ]
CSI_DATA,STA,D8:B1:90:DB:E8:90,-51,11,1,7,0,0,1,0,0,0,1,-95,0,4,0,177535755,0,110,0,0,177.9,256,[110 96 6 0 -15 8 -15 7 -15 6 -11 2 -11 2 -11 2 -11 1 -9 14 -9 13 -9 13 -10 12 15 4 15 5 14 6 13 7 -15 13 -16 12 -17 11 -17 10 1 24 -1 23 -3 22 -5 22 5 -4 5 -3 0 0 0 0 0 0 0 0 0 0 0 0 0 0 0 0 0 0 0 0 0 0 -1 16 -3 16 -4 16 -6 17 -7 16 -10 16 -11 15 -13 15 -14 14 -16 13 -16 13 -17 12 -18 11 -19 10 -16 9 -17 8 -18 7 -18 6 -19 5 -19 4 -19 3 -19 2 12 23 12 24 10 25 -13 -16 ]
CSI_DATA,STA,D8:B1:90:DB:E8:90,-45,11,1,7,0,0,1,0,0,0,1,-95,0,4,0,178035240,0,110,0,0,178.399,256,[110 96 6 0 1 -23 1 -23 1 -23 0 -23 0 -22 0 -22 -1 -21 -1 -22 -2 -21 -2 -21 -3 -21 -3 -21 -3 -21 -3 -20 -3 -20 -2 -20 -2 -20 -2 -19 -2 -19 -2 -18 -2 -18 -1 -17 -1 -17 0 -17 1 -17 0 0 0 0 0 0 0 0 0 0 0 0 0 0 0 0 0 0 0 0 0 0 -3 -16 -2 -17 -1 -17 0 -18 0 -18 1 -19 1 -19 2 -19 3 -20 3 -20 3 -20 4 -21 4 -21 4 -21 4 -21 4 -21 3 -21 3 -21 3 -22 3 -22 3 -23 3 -23 2 -23 2 -24 2 -24 2 -24 ]
CSI_DATA,STA,D8:B1:90:DB:E8:90,-45,11,1,7,0,0,1,1,0,0,1,-95,0,4,0,179044340,0,110,0,0,179.409,256,[110 96 6 0 -22 -14 -22 -13 -22 -13 -22 -13 -22 -12 -23 -11 -22 -10 -22 -9 -22 -9 -22 -8 -22 -8 -23 -8 -22 -8 -23 -8 -22 -8 -21 -8 -21 -8 -20 -8 -20 -7 -19 -7 -19 -8 -18 -7 -18 -8 -17 -9 -16 -10 0 0 0 0 0 0 0 0 0 0 0 0 0 0 0 0 0 0 0 0 0 0 -17 -6 -17 -7 -18 -9 -18 -10 -18 -11 -18 -12 -18 -12 -19 -13 -19 -13 -19 -14 -18 -14 -19 -15 -18 -15 -19 -15 -18 -15 -19 -15 -19 -15 -19 -14 -20 -15 -20 -14
CSI_DATA,STA,D8:B1:90:DB:E8:90,-44,11,1,7,0,0,1,1,0,0,1,-95,0,4,0,179547663,0,110,0,0,179.912,256,[110 96 6 0 -27 -3 -27 -3 -26 -3 -24 -3 -25 -1 -24 -1 -24 0 -24 0 -24 0 -23 0 -23 1 -23 1 -23 2 -23 2 -23 2 -22 1 -22 1 -22 1 -21 1 -20 1 -20 0 -19 0 -19 0 -19 -1 -19 -2 0 0 0 0 0 0 0 0 0 0 0 0 0 0 0 0 0 0 0 0 0 0 -18 1 -19 0 -19 -1 -20 -2 -20 -3 -21 -3 -22 -4 -22 -5 -22 -5 -23 -6 -23 -6 -23 -7 -23 -7 -24 -7 -24 -7 -24 -7 -24 -6 -24 -6 -24 -6 -24 -6 -25 -5 -25 -5 -26 -5 -26 -5 -27 -5 -26 -4 ]
CSI_DATA,STA,D8:B1:90:DB:E8:90,-48,11,1,7,0,0,1,1,0,0,1,-95,0,4,0,181054357,0,110,0,0,181.419,256,[110 96 6 0 -20 -16 -21 -15 -20 -15 21 17 21 17 21 15 22 14 -15 -3 -15 -2 -15 -1 -15 -1 -21 11 -21 11 -20 11 -20 12 -12 -1 -12 -1 -12 -1 -12 -1 -20 -1 -19 -1 -19 -1 -18 -1 -18 0 -18 0 0 0 0 0 0 0 0 0 0 0 0 0 0 0 0 0 0 0 0 0 0 0 11 -15 12 -14 18 -12 20 -12 20 -12 21 -12 16 0 16 0 17 -1 17 -1 28 1 29 2 29 1 30 1 -29 -6 -29 -5 -30 -4 -30 -3 6 -8 6 -8 5 -8 6 -8 -25 -12 -26 -12 -27 -11 12 4 ]
CSI_DATA,STA,D8:B1:90:DB:E8:90,-44,11,1,7,0,0,1,1,0,0,1,-95,0,4,0,184061772,0,110,0,0,184.426,256,[110 96 6 0 -13 -23 -13 -24 -14 -22 -14 -23 -14 -22 -15 -22 -15 -21 -15 -20 -15 -19 -15 -19 -16 -18 -16 -18 -16 -18 -15 -18 -15 -18 -15 -18 -14 -17 -14 -17 -13 -17 -13 -17 -13 -17 -12 -17 -11 -17 -10 -16 -9 -17 0 0 0 0 0 0 0 0 0 0 0 0 0 0 0 0 0 0 0 0 0 0 -14 -13 -13 -15 -13 -16 -12 -17 -12 -17 -11 -18 -11 -19 -11 -20 -11 -21 -11 -22 -9 -22 -9 -22 -9 -23 -9 -23 -9 -23 -10 -23 -10 -23 -10 -23 -
CSI_DATA,STA,D8:B1:90:DB:E8:90,-45,11,1,7,0,0,1,1,0,0,1,-95,0,4,0,186069981,0,110,0,0,186.434,256,[110 96 6 0 -4 26 -4 26 -3 25 -3 24 -2 24 -2 23 -1 23 -1 23 0 22 0 22 1 22 1 22 1 22 1 22 1 22 1 21 1 21 0 20 0 20 0 20 0 19 0 18 -1 18 -2 18 -3 18 0 0 0 0 0 0 0 0 0 0 0 0 0 0 0 0 0 0 0 0 0 0 1 17 0 17 0 18 -1 19 -2 19 -2 19 -3 20 -4 21 -4 22 -4 22 -5 22 -6 22 -6 23 -6 23 -6 23 -6 23 -5 23 -5 23 -6 24 -5 24 -5 24 -5 25 -5 25 -4 26 -4 26 -4 25 ]
CSI_DATA,STA,D8:B1:90:DB:E8:90,-45,11,1,7,0,0,1,1,0,0,1,-95,0,4,0,186572937,0,110,0,0,186.937,256,[110 96 6 0 -15 20 -14 20 -13 20 -13 20 -13 21 -12 20 -11 20 -11 20 -10 20 -9 20 -9 20 -9 20 -9 20 -9 20 -9 19 -9 20 -9 19 -9 18 -9 18 -9 17 -9 16 -9 16 -9 15 -10 15 -11 14 0 0 0 0 0 0 0 0 0 0 0 0 0 0 0 0 0 0 0 0 0 0 -8 15 -9 15 -11 15 -11 15 -12 15 -13 15 -14 16 -15 16 -15 16 -16 17 -15 15 -16 15 -16 16 -16 16 -17 16 -17 17 -17 17 -17 17 -16 17 -15 18 -15 19 -15 19 -16 19 -15 20 -16 20 -16 2
CSI_DATA,STA,D8:B1:90:DB:E8:90,-45,11,1,7,0,0,1,1,0,0,1,-95,0,4,0,187581844,0,110,0,0,187.946,256,[110 96 6 0 8 23 9 23 9 22 10 22 10 22 10 21 11 21 11 20 11 19 12 19 12 19 11 19 11 18 11 18 11 18 11 17 11 17 10 17 10 16 9 17 8 16 8 16 7 16 7 16 6 16 0 0 0 0 0 0 0 0 0 0 0 0 0 0 0 0 0 0 0 0 0 0 10 13 10 14 9 16 8 16 8 17 8 18 8 18 8 19 7 20 7 21 7 20 6 21 6 21 6 22 6 22 6 22 6 22 7 22 7 23 7 23 8 23 8 23 8 23 9 23 9 24 10 24 ]
CSI_DATA,STA,D8:B1:90:DB:E8:90,-44,11,1,7,0,0,1,1,0,0,1,-95,0,4,0,189089141,0,110,0,0,189.454,256,[110 96 6 0 -1 26 -1 26 0 25 0 24 1 24 1 24 2 23 2 23 3 23 3 23 4 22 4 22 4 22 4 22 4 21 5 22 5 21 4 21 4 20 3 20 3 19 3 19 2 18 1 18 0 18 0 0 0 0 0 0 0 0 0 0 0 0 0 0 0 0 0 0 0 0 0 0 4 17 3 18 2 18 1 19 1 20 1 20 -1 21 -2 22 -2 23 -3 23 -3 23 -4 23 -4 23 -4 24 -4 23 -4 24 -3 24 -3 24 -3 25 -2 25 -1 25 -1 26 -1 26 0 26 -1 27 -1 27 ]
CSI_DATA,STA,D8:B1:90:DB:E8:90,-49,11,1,7,0,0,1,1,0,0,1,-95,0,4,0,191600107,0,110,0,0,191.965,256,[110 96 6 0 25 -10 25 -11 23 -12 20 -17 18 -18 17 -18 16 -19 31 -7 30 -8 29 -10 29 -11 27 -16 27 -17 25 -18 25 -19 14 -5 14 -6 13 -5 13 -5 17 2 17 2 16 2 16 1 17 -4 17 -4 0 0 0 0 0 0 0 0 0 0 0 0 0 0 0 0 0 0 0 0 0 0 4 4 4 4 -5 13 -5 13 -5 14 -5 15 -1 13 -1 14 0 14 0 14 10 3 10 3 10 3 10 3 7 22 8 21 10 21 11 20 -8 14 -7 15 -6 15 -6 16 -29 11 -29 13 -28 14 -2 16 ]
CSI_DATA,STA,D8:B1:90:DB:E8:90,-45,11,1,7,0,0,1,1,0,0,1,-95,0,4,0,192098904,0,110,0,0,192.463,256,[110 96 6 0 24 -6 24 -7 24 -7 23 -8 23 -8 22 -9 21 -9 21 -9 21 -10 20 -10 19 -10 19 -11 19 -11 19 -11 19 -11 19 -10 18 -10 18 -10 17 -10 18 -9 18 -8 17 -8 17 -8 16 -7 17 -5 0 0 0 0 0 0 0 0 0 0 0 0 0 0 0 0 0 0 0 0 0 0 15 -10 15 -9 16 -7 17 -7 18 -6 19 -6 20 -5 21 -5 22 -4 22 -4 23 -4 23 -3 23 -3 23 -3 23 -4 23 -4 23 -4 23 -5 24 -5 24 -5 24 -6 25 -6 24 -7 24 -7 25 -7 25 -8 ]
CSI_DATA,STA,D8:B1:90:DB:E8:90,-57,11,1,7,0,0,1,1,0,0,1,-95,0,4,0,192600107,0,110,0,0,192.965,256,[110 96 6 0 -18 -16 -18 -16 -18 -15 -18 -15 -19 -14 -19 -14 -19 -13 -19 -13 -19 -13 -20 -13 -20 -12 -21 -12 -21 -12 -21 -12 -21 -12 -20 -12 -21 -13 -20 -13 -19 -13 -19 -13 -18 -13 -17 -14 -16 -14 -16 -15 -15 -16 0 0 0 0 0 0 0 0 0 0 0 0 0 0 0 0 0 0 0 0 0 0 -11 -9 -11 -10 -11 -11 -11 -12 -11 -12 -11 -13 -11 -14 -11 -14 -12 -15 -11 -16 -11 -16 -11 -17 -11 -17 -11 -17 -12 -17 -12 -17 -12 -17 -13
CSI_DATA,STA,D8:B1:90:DB:E8:90,-45,11,1,7,0,0,1,1,0,0,1,-95,0,4,0,198129315,0,110,0,0,198.494,256,[110 96 6 0 -25 5 -25 5 -25 6 -24 7 -24 8 -23 8 -23 8 -22 9 -21 9 -21 9 -20 10 -20 10 -20 10 -20 10 -19 10 -19 11 -19 10 -19 10 -18 9 -18 9 -18 8 -17 8 -17 8 -17 7 -17 6 0 0 0 0 0 0 0 0 0 0 0 0 0 0 0 0 0 0 0 0 0 0 -16 8 -17 7 -18 6 -18 6 -19 6 -20 6 -21 5 -21 4 -22 4 -23 4 -24 4 -24 3 -24 3 -24 3 -24 2 -24 2 -24 2 -24 3 -24 3 -24 4 -24 5 -25 4 -26 5 -25 5 -26 5 -26 5 ]
CSI_DATA,STA,D8:B1:90:DB:E8:90,-50,11,1,7,0,0,1,1,0,0,1,-95,0,4,0,198630822,0,110,0,0,198.995,256,[110 96 6 0 9 -10 9 -9 9 -9 5 -28 6 -27 7 -26 7 -26 15 -26 15 -25 16 -24 17 -23 15 -15 16 -14 17 -14 18 -12 5 3 4 3 4 4 3 4 14 18 13 18 11 19 9 19 12 24 9 24 0 0 0 0 0 0 0 0 0 0 0 0 0 0 0 0 0 0 0 0 0 0 -4 -2 -4 -2 18 -3 18 -1 19 1 19 2 -19 -18 -18 -21 -17 -23 -15 -25 -14 2 -15 1 -15 0 -15 -1 6 3 6 3 6 3 6 3 29 -2 30 0 30 1 31 3 -20 -7 -20 -8 -20 -10 -14 7 ]
CSI_DATA,STA,D8:B1:90:DB:E8:90,-50,11,1,7,0,0,1,1,0,0,1,-95,0,4,0,199129143,0,110,0,0,199.494,256,[110 96 6 0 -16 0 -16 0 -15 0 17 -2 17 -1 17 -1 17 -1 11 19 10 19 9 19 8 19 12 17 12 17 11 17 10 17 8 -7 9 -7 9 -7 9 -7 -2 -20 -2 -19 0 -19 1 -19 -8 -22 -6 -22 0 0 0 0 0 0 0 0 0 0 0 0 0 0 0 0 0 0 0 0 0 0 -2 -19 1 -19 1 -5 1 -4 1 -4 2 -4 -1 7 -2 7 -2 7 -3 7 27 -4 27 -3 28 -1 28 0 30 -7 31 -7 31 -6 32 -5 35 -13 36 -12 36 -12 36 -11 20 -11 20 -10 21 -10 6 22 ]
CSI_DATA,STA,D8:B1:90:DB:E8:90,-45,11,1,6,0,0,1,0,0,0,1,-95,0,4,0,200629670,0,110,0,0,200.994,256,[110 96 6 0 -5 19 -8 20 -10 20 -11 20 -12 21 -11 20 -10 18 -8 15 -6 13 -5 9 -3 5 -2 0 -2 -5 -1 -10 -1 -16 -1 -20 -1 -24 -2 -27 -2 -29 -2 -31 -2 -32 -2 -31 -1 -31 0 -29 2 -28 0 0 0 0 0 0 0 0 0 0 0 0 0 0 0 0 0 0 0 0 0 0 -13 -16 -13 -17 -12 -17 -11 -15 -10 -13 -9 -10 -7 -6 -5 -2 -2 3 1 8 4 14 8 18 12 22 15 25 19 27 22 28 24 29 26 28 28 27 28 26 27 24 24 22 21 20 17 19 13 19 8 19 ]
CSI_DATA,STA,D8:B1:90:DB:E8:90,-44,11,1,7,0,0,1,0,0,0,0,-95,0,4,0,201128531,0,110,0,0,201.493,256,[110 96 6 0 19 17 19 17 19 16 19 16 19 15 19 14 19 13 19 13 19 12 19 12 19 11 19 11 19 11 19 11 19 11 19 12 18 11 18 11 17 11 17 11 16 11 15 11 15 11 14 11 14 12 0 0 0 0 0 0 0 0 0 0 0 0 0 0 0 0 0 0 0 0 0 0 16 8 15 9 15 11 16 12 15 13 16 13 15 14 15 15 15 16 15 16 15 17 15 18 15 18 16 19 16 18 16 18 16 18 16 18 16 19 17 18 17 18 18 19 18 18 19 18 19 18 20 18 ]
CSI_DATA,STA,D8:B1:90:DB:E8:90,-49,11,1,6,0,0,1,0,0,0,1,-95,0,4,0,203138342,0,110,0,0,203.503,256,[110 96 6 0 -15 0 -15 1 -15 1 -15 1 -15 2 -15 2 -14 2 -14 3 -14 3 -14 4 -14 4 -14 4 -14 5 -14 5 -14 5 -14 5 -15 5 -15 4 -14 4 -14 3 -14 3 -14 3 -14 2 -14 2 -14 1 0 0 0 0 0 0 0 0 0 0 0 0 0 0 0 0 0 0 0 0 0 0 -25 0 -26 -2 -27 -2 -28 -4 -28 -4 -29 -6 -28 -6 -29 -7 -29 -8 -30 -9 -28 -6 -28 -7 -28 -7 -29 -7 -29 -6 -29 -6 -30 -6 -29 -5 -28 -5 -28 -4 -29 -4 -29 -3 -14 -1 -14 -1 -15 0 -15 0 ]
CSI_DATA,STA,D8:B1:90:DB:E8:90,-50,11,1,5,0,0,1,0,0,0,1,-95,0,4,0,203638258,0,110,0,0,204.002,256,[110 96 6 0 8 -12 7 -12 7 -13 7 -12 7 -13 6 -13 6 -13 5 -14 5 -14 5 -14 4 -14 3 -14 4 -14 4 -15 4 -14 4 -15 4 -14 4 -14 4 -14 4 -14 4 -14 4 -13 4 -13 5 -13 5 -12 0 0 0 0 0 0 0 0 0 0 0 0 0 0 0 0 0 0 0 0 0 0 18 -15 19 -14 22 -15 22 -15 24 -15 24 -14 25 -13 26 -14 27 -13 28 -14 27 -15 27 -14 27 -14 27 -15 25 -14 25 -15 24 -15 24 -16 21 -16 21 -17 21 -18 21 -19 6 10 6 10 7 10 9 -11 ]
CSI_DATA,STA,D8:B1:90:DB:E8:90,-45,11,1,6,0,0,1,0,0,0,1,-95,0,4,0,204143013,0,110,0,0,204.507,256,[110 96 6 0 -22 -3 -23 -6 -23 -8 -24 -9 -23 -9 -23 -9 -21 -8 -18 -7 -15 -6 -11 -4 -7 -4 -1 -3 4 -3 9 -4 14 -5 19 -6 23 -8 25 -9 28 -10 29 -10 30 -11 30 -11 29 -10 29 -8 27 -6 0 0 0 0 0 0 0 0 0 0 0 0 0 0 0 0 0 0 0 0 0 0 18 -12 18 -11 17 -11 16 -10 13 -9 10 -8 6 -6 2 -4 -4 -1 -9 2 -14 5 -19 9 -23 13 -26 17 -28 21 -30 23 -30 27 -29 28 -27 30 -26 30 -24 29 -22 26 -21 24 -20 19 -20 15 -20 10 ]
CSI_DATA,STA,D8:B1:90:DB:E8:90,-45,11,1,6,0,0,1,0,0,0,1,-95,0,4,0,204640106,0,110,0,0,205.004,256,[110 96 6 0 -6 -19 -4 -21 -3 -21 -2 -23 -2 -22 -1 -21 -2 -20 -2 -17 -2 -14 -2 -10 0 -7 1 -2 3 2 6 6 9 10 12 13 14 16 16 17 18 19 18 19 19 20 19 20 19 20 17 20 14 20 0 0 0 0 0 0 0 0 0 0 0 0 0 0 0 0 0 0 0 0 0 0 15 11 14 11 14 11 13 10 11 8 9 6 6 3 3 0 -1 -4 -5 -6 -10 -10 -14 -13 -19 -14 -23 -16 -27 -16 -30 -16 -33 -15 -34 -14 -35 -13 -34 -11 -32 -10 -30 -10 -26 -9 -23 -10 -19 -11 -15 -13 ]
CSI_DATA,STA,D8:B1:90:DB:E8:90,-45,11,1,6,0,0,1,0,0,0,1,-95,0,4,0,205648602,0,110,0,0,206.013,256,[110 96 6 0 -10 16 -12 16 -14 16 -15 16 -15 16 -14 15 -12 14 -11 13 -9 10 -7 7 -5 3 -3 0 -2 -5 -1 -10 0 -14 1 -19 1 -22 0 -25 1 -27 0 -28 0 -29 1 -29 1 -28 2 -27 4 -25 0 0 0 0 0 0 0 0 0 0 0 0 0 0 0 0 0 0 0 0 0 0 -4 -19 -4 -19 -3 -19 -3 -17 -4 -15 -3 -12 -3 -8 -3 -3 -2 2 -1 7 0 13 1 18 3 22 6 26 8 29 11 32 12 32 15 32 16 31 17 30 16 28 15 26 13 24 10 22 6 20 2 19 ]
CSI_DATA,STA,D8:B1:90:DB:E8:90,-45,11,1,7,0,0,1,0,0,0,1,-95,0,4,0,207148961,0,110,0,0,207.513,256,[110 96 6 0 -13 13 -16 13 -17 12 -18 12 -18 12 -17 11 -16 11 -14 10 -11 7 -9 5 -6 2 -3 -1 -1 -5 2 -9 3 -14 5 -17 6 -21 7 -24 7 -26 7 -27 7 -28 8 -28 8 -27 9 -25 10 -23 0 0 0 0 0 0 0 0 0 0 0 0 0 0 0 0 0 0 0 0 0 0 0 -19 1 -19 1 -19 1 -17 0 -15 -1 -12 -1 -8 -2 -4 -3 1 -3 7 -3 12 -3 18 -2 23 -1 27 1 30 3 33 5 34 7 35 8 34 9 33 9 31 8 29 7 26 4 24 1 21 -3 19 ]
CSI_DATA,STA,D8:B1:90:DB:E8:90,-45,11,1,6,0,0,1,0,0,0,1,-95,0,4,0,208158036,0,110,0,0,208.522,256,[110 96 6 0 -18 -12 -18 -15 -18 -17 -18 -18 -18 -18 -17 -17 -16 -16 -15 -14 -12 -11 -9 -9 -5 -6 -1 -4 4 -2 9 -1 14 0 19 1 23 0 26 0 29 0 30 0 31 0 31 0 30 0 29 2 27 4 0 0 0 0 0 0 0 0 0 0 0 0 0 0 0 0 0 0 0 0 0 0 21 -2 21 -1 20 -1 18 -1 16 -2 13 -2 8 -2 4 -3 -3 -2 -8 -1 -15 -1 -20 1 -26 3 -30 5 -33 7 -36 10 -37 12 -38 14 -37 16 -35 17 -33 16 -31 14 -28 14 -25 9 -23 6 -22 1 ]
CSI_DATA,STA,D8:B1:90:DB:E8:90,-49,11,1,6,0,0,1,0,0,0,1,-95,0,4,0,209667542,0,110,0,0,210.032,256,[110 96 6 0 -7 8 -7 8 -6 7 14 16 14 16 13 15 13 15 21 12 20 11 20 11 20 12 26 8 25 8 24 9 24 10 19 12 18 12 17 12 16 12 16 8 15 9 14 9 14 10 3 5 2 6 0 0 0 0 0 0 0 0 0 0 0 0 0 0 0 0 0 0 0 0 0 0 -6 15 -8 15 -16 12 -18 11 -19 10 -20 10 7 13 7 14 7 15 6 16 -21 9 -22 9 -22 8 -23 8 -17 12 -18 11 -18 12 -18 12 22 -14 22 -14 22 -14 23 -14 19 -11 20 -11 20 -11 13 -4 ]
CSI_DATA,STA,D8:B1:90:DB:E8:90,-45,11,1,7,0,0,1,0,0,0,1,-95,0,4,0,212678309,0,110,0,0,213.043,256,[110 96 6 0 -9 -25 -9 -24 -9 -23 -10 -23 -10 -23 -10 -22 -10 -22 -11 -21 -11 -20 -12 -20 -12 -20 -13 -20 -13 -19 -13 -19 -12 -19 -12 -19 -11 -18 -11 -18 -10 -18 -10 -18 -10 -17 -9 -17 -9 -17 -8 -17 -7 -17 0 0 0 0 0 0 0 0 0 0 0 0 0 0 0 0 0 0 0 0 0 0 -9 -15 -8 -16 -8 -18 -7 -18 -7 -19 -6 -19 -6 -20 -6 -21 -5 -22 -5 -22 -4 -23 -4 -23 -4 -24 -4 -24 -4 -24 -4 -24 -5 -24 -5 -24 -5 -24 -5 -24 -6 -25
CSI_DATA,STA,D8:B1:90:DB:E8:90,-45,11,1,5,0,0,1,0,0,0,0,-95,0,4,0,214689494,0,110,0,0,215.054,256,[110 96 6 0 13 -13 17 -12 18 -11 20 -11 19 -11 19 -11 17 -10 15 -9 12 -8 9 -6 5 -3 2 0 -2 4 -4 7 -7 12 -9 15 -11 19 -12 21 -13 23 -14 25 -14 25 -14 24 -14 24 -15 23 -15 20 0 0 0 0 0 0 0 0 0 0 0 0 0 0 0 0 0 0 0 0 0 0 0 19 -1 20 -1 18 -1 17 0 15 1 12 1 8 2 3 3 -2 2 -8 3 -13 2 -19 1 -24 0 -28 -2 -33 -3 -34 -6 -37 -7 -36 -9 -37 -9 -34 -10 -33 -8 -30 -7 -27 -5 -24 -2 -21 3 -19 ]
CSI_DATA,STA,D8:B1:90:DB:E8:90,-45,11,1,7,0,0,1,0,0,0,1,-95,0,4,0,215195643,0,110,0,0,215.56,256,[110 96 6 0 -25 -9 -25 -9 -24 -8 -24 -7 -24 -6 -24 -6 -23 -5 -24 -4 -24 -4 -23 -4 -23 -3 -23 -3 -22 -3 -22 -2 -22 -3 -22 -2 -22 -2 -21 -3 -21 -3 -20 -3 -19 -4 -19 -4 -18 -4 -18 -5 -18 -5 0 0 0 0 0 0 0 0 0 0 0 0 0 0 0 0 0 0 0 0 0 0 -19 -2 -18 -3 -19 -5 -19 -5 -19 -6 -19 -7 -20 -8 -21 -9 -21 -9 -22 -10 -22 -10 -22 -10 -22 -11 -22 -11 -23 -11 -23 -11 -23 -10 -23 -10 -23 -11 -23 -10 -24 -10 -24 -1
CSI_DATA,STA,D8:B1:90:DB:E8:90,-44,11,1,7,0,0,1,0,0,0,1,-95,0,4,0,215698000,0,110,0,0,216.062,256,[110 96 6 0 9 -22 9 -22 8 -22 7 -22 7 -21 7 -21 6 -21 6 -21 5 -21 4 -21 3 -21 3 -21 3 -21 3 -21 3 -20 3 -21 3 -20 3 -19 4 -19 4 -18 4 -18 4 -17 4 -17 5 -16 6 -16 0 0 0 0 0 0 0 0 0 0 0 0 0 0 0 0 0 0 0 0 0 0 2 -16 3 -16 5 -17 6 -17 6 -17 7 -18 8 -18 9 -18 9 -18 10 -19 11 -18 11 -18 11 -19 11 -19 11 -19 11 -19 11 -19 11 -20 11 -20 10 -20 10 -21 10 -21 9 -21 10 -21 10 -22 9 -22 ]
CSI_DATA,STA,D8:B1:90:DB:E8:90,-45,11,1,7,0,0,1,0,0,0,1,-95,0,4,0,217708114,0,110,0,0,218.072,256,[110 96 6 0 1 19 -1 20 -3 21 -4 21 -4 21 -4 20 -3 18 -3 16 -2 13 -2 9 -2 5 -3 1 -4 -4 -6 -8 -7 -12 -9 -16 -11 -19 -12 -22 -13 -24 -14 -25 -15 -25 -14 -25 -14 -25 -12 -24 -10 -24 0 0 0 0 0 0 0 0 0 0 0 0 0 0 0 0 0 0 0 0 0 0 -14 -14 -14 -14 -13 -14 -12 -13 -11 -11 -9 -8 -7 -5 -4 -2 -1 3 3 6 7 10 11 14 15 16 20 18 23 19 26 20 29 19 30 18 31 17 30 16 29 15 27 14 23 13 20 13 16 13 12 14 ]
CSI_DATA,STA,D8:B1:90:DB:E8:90,-45,11,1,7,0,0,1,0,0,0,1,-95,0,4,0,219217514,0,110,0,0,219.582,256,[110 96 6 0 18 -7 21 -5 22 -4 23 -3 23 -3 22 -3 20 -3 17 -3 14 -3 10 -2 5 -1 0 1 -4 3 -8 5 -13 8 -17 10 -20 13 -22 15 -24 17 -25 18 -25 18 -25 18 -25 16 -25 15 -25 12 0 0 0 0 0 0 0 0 0 0 0 0 0 0 0 0 0 0 0 0 0 0 -7 19 -8 19 -8 18 -7 16 -5 15 -4 12 -2 8 1 4 3 -1 6 -6 8 -12 10 -18 12 -23 12 -28 11 -32 11 -35 10 -37 9 -39 7 -39 5 -38 4 -37 4 -33 5 -30 6 -26 8 -22 11 -18 ]
CSI_DATA,STA,D8:B1:90:DB:E8:90,-45,11,1,7,0,0,1,0,0,0,1,-95,0,4,0,219717431,0,110,0,0,220.082,256,[110 96 6 0 15 13 15 16 15 18 15 19 15 19 14 18 14 16 12 14 10 11 7 8 3 6 -1 3 -6 1 -11 -1 -16 -3 -20 -4 -24 -4 -27 -4 -30 -4 -31 -4 -32 -4 -31 -5 -31 -5 -29 -6 -27 -8 0 0 0 0 0 0 0 0 0 0 0 0 0 0 0 0 0 0 0 0 0 0 -22 -2 -22 -3 -21 -3 -19 -3 -17 -2 -14 -1 -10 0 -4 1 1 2 7 1 13 2 19 1 25 0 30 -2 34 -4 36 -6 38 -8 38 -10 38 -12 36 -12 34 -13 32 -11 28 -10 25 -7 23 -3 21 1 ]
CSI_DATA,STA,D8:B1:90:DB:E8:90,-45,11,1,6,0,0,1,0,0,0,1,-95,0,4,0,220728489,0,110,0,0,221.093,256,[110 96 6 0 -20 -1 -22 -4 -22 -5 -23 -7 -23 -7 -22 -7 -20 -6 -18 -5 -15 -4 -11 -3 -6 -3 -1 -2 4 -2 9 -3 14 -3 18 -4 22 -5 25 -6 27 -7 29 -7 30 -7 29 -7 29 -6 28 -4 27 -1 0 0 0 0 0 0 0 0 0 0 0 0 0 0 0 0 0 0 0 0 0 0 11 -17 12 -17 12 -16 11 -15 9 -13 6 -11 3 -8 0 -5 -4 -1 -9 3 -13 8 -16 12 -19 17 -21 21 -22 25 -23 28 -23 31 -22 32 -20 33 -19 32 -18 31 -17 28 -16 26 -15 21 -16 17 -17 12 ]
CSI_DATA,STA,D8:B1:90:DB:E8:90,-44,11,1,6,0,0,1,0,0,0,1,-95,0,4,0,221235564,0,110,0,0,221.6,256,[110 96 6 0 18 15 18 15 18 14 17 14 17 13 17 13 17 12 18 12 17 11 18 10 18 10 17 10 18 10 17 9 18 10 17 9 17 9 16 9 16 9 15 9 14 9 14 9 13 9 13 10 12 10 0 0 0 0 0 0 0 0 0 0 0 0 0 0 0 0 0 0 0 0 0 0 14 7 14 8 14 9 14 10 14 10 14 11 14 12 14 13 14 14 14 14 14 15 14 15 14 15 14 15 14 16 14 15 15 15 15 15 16 16 16 16 16 16 17 16 17 14 17 15 18 15 18 14 ]
CSI_DATA,STA,D8:B1:90:DB:E8:90,-45,11,1,7,0,0,1,0,0,0,1,-95,0,4,0,224243166,0,110,0,0,224.607,256,[110 96 6 0 13 -18 13 -18 13 -18 12 -18 12 -18 11 -18 11 -18 10 -18 9 -18 9 -18 9 -18 9 -18 8 -19 8 -18 8 -18 8 -18 8 -17 8 -17 7 -17 7 -16 7 -16 7 -15 8 -15 8 -14 9 -14 0 0 0 0 0 0 0 0 0 0 0 0 0 0 0 0 0 0 0 0 0 0 6 -14 8 -14 8 -14 10 -15 10 -14 11 -15 12 -15 13 -15 13 -15 14 -15 15 -15 15 -14 15 -15 15 -15 15 -15 15 -15 15 -15 15 -15 15 -16 14 -16 14 -17 14 -17 14 -18 15 -18 15 -18 15 -18 ]
CSI_DATA,STA,D8:B1:90:DB:E8:90,-44,11,1,7,0,0,1,0,0,0,1,-95,0,4,0,225752757,0,110,0,0,226.117,256,[110 96 6 0 14 20 15 20 15 18 15 19 16 18 16 17 16 17 16 17 16 16 16 16 17 16 16 15 17 15 16 14 16 15 15 15 15 15 15 14 14 14 14 14 13 13 13 13 12 14 12 14 11 14 0 0 0 0 0 0 0 0 0 0 0 0 0 0 0 0 0 0 0 0 0 0 13 11 13 13 12 14 12 15 11 15 12 17 11 17 12 17 12 18 11 19 11 20 11 21 11 21 11 21 12 21 11 20 12 21 12 20 13 22 13 22 14 21 14 22 14 21 14 21 15 22 16 21 ]
CSI_DATA,STA,D8:B1:90:DB:E8:90,-45,11,1,7,0,0,1,1,1,0,1,-95,0,4,0,226253368,0,110,0,0,226.618,384,[110 96 6 0 -18 -1 -20 -3 -20 -5 -21 -6 -21 -6 -20 -6 -18 -5 -16 -4 -13 -3 -10 -3 -6 -2 -2 -2 3 -3 7 -4 12 -5 16 -6 19 -7 21 -9 23 -10 24 -10 25 -10 24 -10 24 -9 24 -8 23 -5 0 0 0 0 0 0 0 0 0 0 0 0 0 0 0 0 0 0 0 0 0 0 12 -14 13 -13 12 -13 11 -12 9 -11 7 -9 4 -7 0 -5 -3 -1 -7 2 -11 6 -14 10 -17 14 -19 18 -20 22 -21 24 -21 27 -20 28 -18 29 -16 28 -16 27 -14 25 -14 22 -13 18 -14 14 -15 10 ]
CSI_DATA,STA,D8:B1:90:DB:E8:90,-45,11,1,7,0,0,1,1,1,0,1,-95,0,4,0,226753580,0,110,0,0,227.118,384,[110 96 6 0 -22 -4 -23 -6 -23 -8 -24 -9 -23 -9 -23 -9 -21 -8 -19 -6 -16 -6 -12 -4 -7 -4 -2 -4 3 -4 8 -5 13 -6 18 -7 22 -9 24 -11 27 -12 28 -13 28 -13 28 -13 28 -12 27 -10 26 -7 0 0 0 0 0 0 0 0 0 0 0 0 0 0 0 0 0 0 0 0 0 0 19 -11 19 -10 18 -10 16 -9 14 -8 11 -8 7 -6 2 -4 -3 -1 -8 2 -13 5 -18 9 -22 13 -26 16 -28 20 -29 23 -29 26 -28 28 -26 30 -25 29 -23 29 -22 26 -20 23 -19 19 -19 14 -19 9 ]
CSI_DATA,STA,D8:B1:90:DB:E8:90,-45,11,1,7,0,0,1,1,1,0,1,-95,0,4,0,227252532,0,110,0,0,227.617,384,[110 96 6 0 -7 -20 -5 -22 -3 -23 -2 -24 -2 -24 -2 -23 -2 -21 -3 -19 -3 -15 -2 -12 -1 -7 1 -2 4 2 6 6 9 11 12 14 14 17 16 20 18 21 19 22 20 23 19 23 18 22 16 22 13 22 0 0 0 0 0 0 0 0 0 0 0 0 0 0 0 0 0 0 0 0 0 0 18 8 18 9 17 9 16 8 14 6 12 4 8 2 4 -1 -1 -4 -6 -7 -12 -9 -17 -11 -23 -13 -27 -13 -31 -13 -35 -12 -37 -11 -38 -10 -39 -9 -37 -7 -36 -6 -33 -6 -29 -6 -25 -7 -21 -9 -17 -11 ]
CSI_DATA,STA,D8:B1:90:DB:E8:90,-45,11,1,7,0,0,1,0,0,0,1,-95,0,4,0,227752565,0,110,0,0,228.117,256,[110 96 6 0 2 -29 2 -29 2 -29 1 -28 0 -27 0 -27 -1 -27 -1 -27 -1 -26 -1 -26 -2 -26 -2 -25 -2 -25 -2 -24 -2 -24 -2 -24 -2 -24 -2 -23 -2 -23 -1 -23 -1 -22 0 -22 0 -22 1 -21 2 -20 0 0 0 0 0 0 0 0 0 0 0 0 0 0 0 0 0 0 0 0 0 0 -2 -20 -1 -20 0 -21 1 -22 1 -22 2 -23 3 -23 4 -24 4 -24 5 -25 6 -25 7 -25 7 -25 7 -25 7 -26 6 -26 6 -26 6 -26 6 -27 5 -27 4 -28 4 -28 4 -28 4 -28 4 -29 4 -30 ]
CSI_DATA,STA,D8:B1:90:DB:E8:90,-45,11,1,7,0,0,1,1,1,0,1,-95,0,4,0,228253334,0,110,0,0,228.618,384,[110 96 6 0 -10 -19 -8 -21 -7 -23 -7 -23 -6 -23 -6 -22 -6 -20 -6 -18 -5 -14 -4 -11 -1 -7 1 -3 4 1 8 5 11 8 15 11 18 13 21 14 23 15 24 16 25 16 24 17 23 16 22 17 19 17 0 0 0 0 0 0 0 0 0 0 0 0 0 0 0 0 0 0 0 0 0 0 17 8 17 9 17 9 15 8 14 7 11 4 8 2 3 -1 -1 -3 -6 -6 -12 -9 -17 -11 -22 -12 -27 -12 -31 -12 -35 -11 -37 -9 -38 -8 -38 -6 -37 -4 -35 -4 -33 -4 -30 -4 -26 -6 -22 -8 -18 -10 ]
CSI_DATA,STA,D8:B1:90:DB:E8:90,-45,11,1,7,0,0,1,1,1,0,1,-95,0,4,0,228753536,0,110,0,0,229.118,384,[110 96 6 0 -20 -6 -20 -9 -21 -11 -21 -12 -21 -12 -20 -12 -19 -11 -17 -9 -14 -7 -10 -5 -6 -4 -1 -3 4 -2 9 -2 14 -1 19 -1 23 -1 26 -2 28 -3 29 -3 30 -3 30 -2 29 -1 28 0 26 2 0 0 0 0 0 0 0 0 0 0 0 0 0 0 0 0 0 0 0 0 0 0 17 -12 17 -12 16 -11 15 -10 13 -10 10 -9 6 -7 1 -5 -3 -2 -9 1 -14 4 -19 8 -23 12 -26 15 -28 18 -29 21 -29 24 -29 26 -28 27 -26 27 -24 26 -23 24 -21 21 -20 16 -19 11 -19 7 ]
CSI_DATA,STA,D8:B1:90:DB:E8:90,-45,11,1,7,0,0,1,1,1,0,1,-95,0,4,0,229254914,0,110,0,0,229.619,384,[110 96 6 0 -9 -17 -8 -20 -7 -21 -6 -22 -6 -22 -6 -21 -6 -19 -6 -17 -5 -14 -4 -11 -2 -7 1 -3 4 0 8 3 11 6 15 8 18 10 20 12 22 12 23 13 24 13 24 13 23 13 21 14 19 14 0 0 0 0 0 0 0 0 0 0 0 0 0 0 0 0 0 0 0 0 0 0 16 8 16 9 15 9 14 8 13 6 10 5 7 3 3 0 -1 -3 -6 -5 -11 -8 -16 -9 -21 -10 -25 -10 -29 -10 -32 -9 -35 -8 -36 -6 -36 -5 -34 -3 -33 -2 -30 -2 -27 -3 -24 -4 -20 -6 -17 -9 ]
CSI_DATA,STA,D8:B1:90:DB:E8:90,-45,11,1,7,0,0,1,0,0,0,1,-95,0,4,0,231762102,0,110,0,0,232.126,256,[110 96 6 0 24 -9 23 -9 23 -9 22 -9 22 -10 21 -10 21 -11 20 -11 20 -11 19 -11 19 -11 19 -11 19 -11 19 -12 19 -12 18 -11 18 -11 18 -11 17 -10 17 -10 17 -9 17 -9 16 -8 17 -7 16 -6 0 0 0 0 0 0 0 0 0 0 0 0 0 0 0 0 0 0 0 0 0 0 14 -11 15 -10 16 -9 17 -8 18 -8 19 -7 19 -7 20 -7 21 -6 21 -6 22 -5 22 -5 22 -5 23 -5 23 -5 23 -5 23 -6 23 -6 23 -7 23 -7 23 -7 24 -8 24 -8 24 -8 24 -8 24 -8 ]
CSI_DATA,STA,D8:B1:90:DB:E8:90,-45,11,1,7,0,0,1,1,1,0,1,-95,0,4,0,232263075,0,110,0,0,232.627,384,[110 96 6 0 10 -15 13 -14 15 -14 16 -14 16 -14 15 -13 14 -13 12 -11 10 -9 7 -7 4 -4 1 0 0 4 -2 8 -4 12 -5 16 -7 19 -7 22 -8 24 -8 25 -8 25 -9 25 -9 24 -10 23 -11 21 0 0 0 0 0 0 0 0 0 0 0 0 0 0 0 0 0 0 0 0 0 0 4 17 3 18 3 17 3 16 3 13 3 10 2 7 2 2 2 -3 1 -8 0 -13 -2 -18 -3 -22 -6 -26 -8 -29 -9 -31 -12 -32 -13 -32 -15 -32 -15 -30 -15 -29 -13 -26 -12 -24 -9 -22 -5 -20 -1 -18 ]
CSI_DATA,STA,D8:B1:90:DB:E8:90,-45,11,1,7,0,0,1,1,1,0,1,-95,0,4,0,232765641,0,110,0,0,233.13,384,[110 96 6 0 -10 18 -13 17 -14 18 -15 17 -15 18 -15 17 -13 16 -12 14 -9 11 -7 8 -5 4 -4 0 -3 -5 -2 -10 -2 -15 -2 -19 -2 -23 -2 -26 -2 -28 -3 -29 -3 -30 -3 -30 -2 -30 -1 -28 1 -26 0 0 0 0 0 0 0 0 0 0 0 0 0 0 0 0 0 0 0 0 0 0 -3 -20 -2 -20 -2 -20 -3 -18 -3 -17 -3 -13 -3 -9 -2 -4 -2 2 -1 7 0 13 1 19 4 24 6 28 9 30 12 33 14 33 16 34 17 32 18 31 18 29 16 27 14 25 11 22 7 21 2 19 ]
CSI_DATA,STA,D8:B1:90:DB:E8:90,-49,11,1,7,0,0,1,0,0,0,1,-95,0,4,0,234767797,0,110,0,0,235.132,256,[110 96 6 0 -17 -10 -17 -10 -16 -10 -13 10 -13 10 -13 10 -13 9 -4 -14 -4 -14 -4 -14 -4 -14 -8 18 -9 18 -9 17 -10 17 11 9 10 10 9 10 9 10 16 9 15 10 14 10 13 11 -4 1 -4 1 0 0 0 0 0 0 0 0 0 0 0 0 0 0 0 0 0 0 0 0 0 0 -18 -16 -17 -18 -17 -20 -17 -22 -15 -23 -15 -25 -12 -24 -11 -26 -9 -27 -8 -28 -8 -27 -6 -27 -5 -28 -4 -28 1 -23 2 -22 2 -23 3 -22 -1 -28 0 -28 0 -28 0 -29 -1 -15 0 -15 0 -16 -14 7 ]
CSI_DATA,STA,D8:B1:90:DB:E8:90,-45,11,1,7,0,0,1,1,1,0,1,-95,0,4,0,235274615,0,110,0,0,235.639,384,[110 96 6 0 8 17 6 20 6 21 5 23 5 23 5 22 5 20 5 17 4 14 3 10 1 7 -2 3 -5 -1 -8 -5 -12 -9 -15 -12 -19 -14 -21 -16 -24 -17 -24 -18 -25 -18 -24 -18 -24 -19 -22 -19 -19 -19 0 0 0 0 0 0 0 0 0 0 0 0 0 0 0 0 0 0 0 0 0 0 -20 -7 -20 -8 -19 -8 -18 -7 -16 -6 -13 -4 -10 -2 -5 0 0 3 6 4 12 7 17 8 23 8 28 8 32 7 34 6 37 5 37 3 38 1 36 0 35 -1 32 -1 28 0 25 2 21 5 17 8 ]
CSI_DATA,STA,D8:B1:90:DB:E8:90,-48,11,1,7,0,0,1,0,0,0,1,-95,0,4,0,236774849,0,110,0,0,237.139,256,[110 96 6 0 -1 -13 0 -12 1 -12 1 -29 2 -27 3 -27 5 -26 -5 -24 -3 -24 -2 -24 -1 -24 -14 -11 -14 -11 -13 -12 -12 -13 14 0 14 1 13 2 13 3 -8 -3 -8 -4 -7 -4 -7 -5 3 -8 3 -8 0 0 0 0 0 0 0 0 0 0 0 0 0 0 0 0 0 0 0 0 0 0 -7 12 -9 11 -5 -2 -5 -3 -5 -3 -4 -4 -11 -21 -10 -23 -7 -24 -5 -25 -11 -24 -9 -26 -7 -27 -5 -27 -4 20 -6 20 -7 20 -8 20 24 -2 24 -1 24 1 25 2 -10 -1 -10 -2 -10 -2 12 -8 ]
CSI_DATA,STA,D8:B1:90:DB:E8:90,-45,11,1,7,0,0,1,1,1,0,1,-95,0,4,0,237779246,0,110,0,0,238.144,384,[110 96 6 0 -21 0 -22 -2 -23 -4 -23 -5 -24 -5 -23 -5 -21 -4 -19 -3 -16 -3 -11 -2 -7 -2 -2 -3 3 -3 8 -5 13 -6 17 -8 20 -9 23 -11 26 -12 27 -13 27 -13 28 -13 27 -12 26 -10 25 -7 0 0 0 0 0 0 0 0 0 0 0 0 0 0 0 0 0 0 0 0 0 0 13 -16 13 -16 13 -15 11 -14 10 -13 7 -11 4 -8 0 -5 -4 -1 -8 3 -12 8 -15 13 -18 17 -20 22 -21 26 -22 29 -21 31 -20 34 -18 34 -16 33 -15 32 -14 29 -14 26 -13 21 -14 17 -16 12 ]
CSI_DATA,STA,D8:B1:90:DB:E8:90,-44,11,1,7,0,0,1,0,0,0,1,-95,0,4,0,239296826,0,110,0,0,239.661,256,[110 96 6 0 -27 -3 -27 -3 -26 -2 -26 -1 -25 0 -25 0 -25 1 -25 1 -24 1 -24 2 -24 2 -24 3 -24 3 -23 3 -23 3 -23 2 -22 2 -22 2 -21 2 -21 1 -21 1 -20 1 -20 0 -20 -2 -19 -2 0 0 0 0 0 0 0 0 0 0 0 0 0 0 0 0 0 0 0 0 0 0 -19 2 -19 1 -20 -1 -20 -2 -21 -3 -21 -3 -22 -3 -22 -4 -23 -4 -23 -5 -23 -5 -23 -6 -23 -6 -24 -6 -24 -6 -24 -6 -25 -6 -25 -6 -25 -5 -25 -4 -25 -4 -26 -4 -26 -3 -27 -3 -27 -3 -27 -3 ]
CSI_DATA,STA,D8:B1:90:DB:E8:90,-45,11,1,7,0,0,1,1,1,0,1,-95,0,4,0,240308741,0,110,0,0,240.673,384,[110 96 6 0 15 -14 18 -13 19 -12 21 -11 21 -11 20 -10 18 -10 15 -9 13 -8 9 -6 5 -3 1 0 -3 4 -6 8 -9 12 -12 16 -14 19 -15 21 -16 24 -17 25 -17 25 -17 25 -18 24 -18 22 -19 19 0 0 0 0 0 0 0 0 0 0 0 0 0 0 0 0 0 0 0 0 0 0 1 20 0 20 0 20 0 18 0 15 1 12 2 8 2 3 3 -3 3 -9 4 -15 3 -20 3 -26 1 -30 -1 -34 -2 -37 -5 -39 -6 -39 -8 -39 -9 -37 -9 -36 -8 -33 -6 -30 -3 -27 0 -23 4 -20 ]
CSI_DATA,STA,D8:B1:90:DB:E8:90,-45,11,1,7,0,0,1,0,0,0,1,-95,0,4,0,240808819,0,110,0,0,241.173,256,[110 96 6 0 22 8 22 8 22 7 22 7 22 6 22 6 22 5 22 4 22 4 22 3 22 3 22 3 21 3 21 2 21 2 21 2 20 2 19 2 19 2 18 3 18 2 17 3 17 4 17 5 16 6 0 0 0 0 0 0 0 0 0 0 0 0 0 0 0 0 0 0 0 0 0 0 17 0 17 2 17 4 17 4 18 5 18 6 18 6 18 7 19 8 19 8 19 9 19 9 19 10 19 10 20 10 20 10 20 10 20 10 21 10 21 10 22 9 22 10 22 9 22 9 23 9 23 8 ]
CSI_DATA,STA,D8:B1:90:DB:E8:90,-45,11,1,7,0,0,1,0,0,0,1,-95,0,4,0,242818968,0,110,0,0,243.183,256,[110 96 6 0 13 22 13 21 13 20 13 20 13 19 14 19 14 18 14 18 15 17 15 16 15 16 15 16 15 16 15 16 15 16 15 16 14 15 14 15 14 15 13 14 12 14 12 14 11 14 11 14 9 15 0 0 0 0 0 0 0 0 0 0 0 0 0 0 0 0 0 0 0 0 0 0 12 12 11 14 10 15 10 15 10 16 10 16 9 18 10 19 9 20 9 20 9 20 9 21 8 21 8 22 9 22 9 22 9 21 10 21 10 21 11 21 11 21 12 22 11 21 11 21 12 22 13 23 ]
CSI_DATA,STA,D8:B1:90:DB:E8:90,-45,11,1,7,0,0,1,1,1,0,1,-95,0,4,0,244320952,0,110,0,0,244.685,384,[110 96 6 0 3 -20 6 -21 8 -22 9 -22 9 -22 9 -21 8 -20 6 -17 5 -14 4 -11 3 -7 2 -1 2 4 1 9 2 14 2 18 3 22 4 25 4 27 5 29 5 30 4 29 3 29 2 28 0 26 0 0 0 0 0 0 0 0 0 0 0 0 0 0 0 0 0 0 0 0 0 0 12 16 12 16 11 16 10 15 10 12 8 9 6 5 4 1 1 -4 -3 -8 -6 -14 -10 -18 -14 -21 -18 -25 -22 -27 -24 -27 -27 -28 -29 -27 -30 -25 -30 -23 -29 -22 -26 -21 -23 -19 -19 -18 -14 -18 -9 -18 ]
CSI_DATA,STA,D8:B1:90:DB:E8:90,-50,11,1,7,0,0,1,0,0,0,1,-95,0,4,0,244819698,0,110,0,0,245.184,256,[110 96 6 0 -15 10 -15 11 -14 11 16 -1 15 -1 15 -2 14 -3 10 2 9 1 9 1 9 1 -8 23 -7 24 -6 24 -6 24 1 5 2 5 2 5 2 5 4 8 4 8 4 8 4 8 6 18 6 18 0 0 0 0 0 0 0 0 0 0 0 0 0 0 0 0 0 0 0 0 0 0 3 16 3 17 7 -19 8 -20 8 -20 9 -21 13 11 13 11 13 11 13 11 17 16 17 16 18 16 18 16 -16 27 -15 27 -14 28 -13 28 -9 35 -8 35 -7 36 -5 36 0 -30 -1 -30 -2 -30 -21 -10 ]
CSI_DATA,STA,D8:B1:90:DB:E8:90,-45,11,1,7,0,0,1,1,1,0,1,-95,0,4,0,246328526,0,110,0,0,246.693,384,[110 96 6 0 -20 -1 -22 -4 -22 -5 -24 -6 -23 -6 -22 -6 -21 -5 -19 -4 -15 -3 -11 -3 -7 -3 -2 -2 3 -3 8 -5 13 -6 17 -6 22 -8 24 -10 26 -11 27 -11 28 -12 27 -11 28 -10 27 -8 26 -6 0 0 0 0 0 0 0 0 0 0 0 0 0 0 0 0 0 0 0 0 0 0 13 -16 14 -16 13 -15 13 -14 10 -12 8 -11 4 -8 0 -5 -4 -1 -8 3 -12 7 -16 12 -19 16 -21 21 -22 25 -23 28 -23 31 -21 32 -20 33 -18 32 -17 31 -16 28 -15 25 -15 21 -15 16 -16 12 ]
CSI_DATA,STA,D8:B1:90:DB:E8:90,-49,11,1,7,0,0,1,0,0,0,1,-95,0,4,0,247337464,0,110,0,0,247.702,256,[110 96 6 0 -9 -15 -9 -15 -10 -15 1 27 1 26 2 25 2 25 -5 17 -5 17 -4 17 -4 17 -8 14 -8 14 -7 13 -7 13 -7 15 -7 14 -7 14 -7 13 19 2 19 3 18 3 18 4 7 13 6 13 0 0 0 0 0 0 0 0 0 0 0 0 0 0 0 0 0 0 0 0 0 0 -16 -16 -15 -18 -14 -15 -13 -16 -13 -17 -12 -19 -9 -17 -8 -18 -8 -19 -7 -20 -6 -21 -5 -22 -5 -22 -4 -23 -12 -26 -12 -27 -12 -27 -12 -27 -15 -17 -15 -17 -15 -17 -15 -18 -17 -30 -18 -30 -17 -30 -16
CSI_DATA,STA,D8:B1:90:DB:E8:90,-45,11,1,7,0,0,1,1,1,0,1,-95,0,4,0,247840028,0,110,0,0,248.204,384,[110 96 6 0 -3 -19 0 -21 1 -21 2 -23 2 -22 2 -22 2 -20 1 -18 1 -14 0 -11 1 -7 2 -3 3 2 6 6 8 10 10 14 12 17 13 19 15 21 15 22 16 22 16 22 15 22 14 21 11 21 0 0 0 0 0 0 0 0 0 0 0 0 0 0 0 0 0 0 0 0 0 0 13 13 12 14 12 13 11 12 10 11 8 8 6 5 3 1 -1 -3 -4 -6 -8 -11 -13 -14 -17 -16 -21 -18 -24 -19 -27 -19 -30 -19 -31 -18 -32 -17 -31 -15 -30 -14 -28 -13 -24 -12 -21 -12 -17 -13 -13 -14 ]
CSI_DATA,STA,D8:B1:90:DB:E8:90,-49,11,1,7,0,0,1,0,0,0,1,-95,0,4,0,251348301,0,110,0,0,251.713,256,[110 96 6 0 -9 -11 -9 -12 -9 -11 -6 -30 -6 -29 -6 -29 -7 -29 -17 13 -16 12 -17 13 -16 13 -17 7 -16 7 -16 7 -16 7 -21 9 -20 8 -20 8 -19 7 -14 9 -14 8 -14 8 -14 7 -20 -2 -20 -3 0 0 0 0 0 0 0 0 0 0 0 0 0 0 0 0 0 0 0 0 0 0 -3 16 -4 16 -6 -21 -5 -22 -4 -23 -4 -24 15 -11 15 -11 16 -10 16 -11 20 -15 21 -14 21 -14 22 -14 14 -21 14 -21 15 -21 15 -21 -15 29 -15 30 -14 30 -14 31 19 -7 19 -8 19 -8 -13 9
CSI_DATA,STA,D8:B1:90:DB:E8:90,-45,11,1,7,0,0,1,1,1,0,1,-95,0,4,0,251848659,0,110,0,0,252.213,384,[110 96 6 0 20 2 22 5 22 6 23 8 23 7 22 7 21 6 18 5 15 4 11 3 6 3 1 3 -4 3 -9 5 -14 6 -19 7 -22 9 -25 10 -27 12 -29 12 -29 12 -29 12 -29 11 -28 9 -27 7 0 0 0 0 0 0 0 0 0 0 0 0 0 0 0 0 0 0 0 0 0 0 -19 11 -19 10 -18 9 -17 9 -14 8 -11 7 -8 5 -3 3 2 0 7 -3 12 -7 17 -10 21 -15 24 -18 26 -22 27 -25 26 -28 26 -30 24 -32 22 -31 21 -30 20 -28 18 -25 17 -20 17 -15 18 -11 ]
CSI_DATA,STA,D8:B1:90:DB:E8:90,-45,11,1,7,0,0,1,1,1,0,1,-95,0,4,0,252351318,0,110,0,0,252.716,384,[110 96 6 0 -19 10 -22 9 -23 8 -24 7 -23 7 -23 7 -20 7 -18 6 -15 4 -11 3 -8 1 -4 -3 -1 -6 2 -10 5 -14 8 -18 10 -22 10 -25 11 -27 12 -28 12 -29 12 -29 12 -28 13 -26 14 -24 0 0 0 0 0 0 0 0 0 0 0 0 0 0 0 0 0 0 0 0 0 0 11 -18 12 -17 11 -17 10 -15 9 -14 6 -12 4 -8 1 -4 -2 1 -6 6 -8 11 -10 17 -12 22 -12 27 -12 31 -12 35 -10 37 -8 38 -6 38 -5 37 -4 36 -4 33 -4 30 -5 26 -8 22 -10 19 ]
CSI_DATA,STA,D8:B1:90:DB:E8:90,-51,11,1,7,0,0,1,0,0,0,1,-95,0,4,0,254858704,0,110,0,0,255.223,256,[110 96 6 0 -44 -9 -44 -8 -44 -7 15 -7 14 -7 15 -8 14 -8 -18 -5 -18 -4 -17 -4 -17 -4 -11 -13 -11 -12 -11 -12 -11 -12 2 -3 2 -3 2 -3 2 -2 -23 2 -23 2 -22 1 -22 1 -23 -5 -22 -6 0 0 0 0 0 0 0 0 0 0 0 0 0 0 0 0 0 0 0 0 0 0 -17 -4 -17 -5 10 27 9 29 7 30 6 32 -13 14 -14 14 -15 14 -16 14 -14 3 -14 3 -15 3 -15 3 -19 -13 -20 -13 -20 -13 -20 -13 15 27 15 26 16 28 16 27 -30 -30 -31 -30 -31 -30 -37 3 ]
CSI_DATA,STA,D8:B1:90:DB:E8:90,-45,11,1,7,0,0,1,1,1,0,1,-95,0,4,0,255359457,0,110,0,0,255.724,384,[110 96 6 0 -12 -18 -11 -22 -10 -22 -9 -24 -9 -23 -9 -23 -8 -20 -8 -18 -7 -14 -5 -11 -2 -8 1 -4 5 -1 9 2 14 4 18 6 21 8 24 9 27 9 28 9 29 9 28 9 28 10 27 10 24 12 0 0 0 0 0 0 0 0 0 0 0 0 0 0 0 0 0 0 0 0 0 0 17 11 16 12 15 12 14 11 12 9 10 6 7 4 3 0 -1 -3 -6 -5 -12 -8 -18 -10 -23 -11 -28 -12 -32 -11 -35 -11 -38 -9 -39 -7 -40 -6 -38 -4 -37 -3 -34 -3 -31 -3 -27 -5 -23 -7 -20 -10 ]
CSI_DATA,STA,D8:B1:90:DB:E8:90,-45,11,1,7,0,0,1,1,1,0,1,-95,0,4,0,255858846,0,110,0,0,256.223,384,[110 96 6 0 -7 -18 -6 -20 -4 -21 -4 -22 -3 -22 -4 -21 -4 -20 -4 -17 -3 -14 -2 -11 -1 -7 1 -3 4 1 7 4 10 8 13 11 16 13 18 14 20 15 21 16 21 16 21 17 20 17 19 17 16 18 0 0 0 0 0 0 0 0 0 0 0 0 0 0 0 0 0 0 0 0 0 0 16 10 15 10 14 10 13 9 12 8 10 5 7 3 3 0 -1 -3 -6 -5 -10 -9 -15 -10 -20 -12 -24 -13 -28 -13 -31 -12 -33 -11 -34 -10 -35 -8 -34 -7 -33 -6 -30 -5 -27 -5 -23 -7 -19 -9 -16 -11 ]
CSI_DATA,STA,D8:B1:90:DB:E8:90,-45,11,1,7,0,0,1,1,1,0,1,-95,0,4,0,256358578,0,110,0,0,256.723,384,[110 96 6 0 18 -3 20 -1 21 1 21 2 21 2 20 2 18 1 16 0 13 0 9 0 5 1 1 2 -4 3 -8 5 -12 7 -16 9 -19 11 -21 13 -23 14 -24 15 -24 15 -24 14 -24 13 -24 12 -23 9 0 0 0 0 0 0 0 0 0 0 0 0 0 0 0 0 0 0 0 0 0 0 -14 13 -14 13 -14 12 -13 11 -10 10 -8 8 -5 6 -2 3 2 0 6 -4 10 -8 13 -12 16 -16 18 -21 19 -24 19 -28 18 -30 18 -32 16 -32 14 -31 13 -30 13 -28 12 -25 12 -21 13 -17 15 -13 ]
CSI_DATA,STA,D8:B1:90:DB:E8:90,-45,11,1,7,0,0,1,0,0,0,1,-95,0,4,0,256859212,0,110,0,0,257.223,256,[110 96 6 0 8 -24 7 -25 7 -24 6 -23 6 -23 5 -23 5 -23 4 -23 3 -22 3 -23 2 -23 3 -24 3 -23 3 -23 3 -22 2 -22 3 -22 3 -21 3 -20 3 -19 3 -19 3 -18 4 -18 4 -17 5 -17 0 0 0 0 0 0 0 0 0 0 0 0 0 0 0 0 0 0 0 0 0 0 1 -18 2 -18 4 -19 5 -19 6 -19 6 -20 7 -20 8 -20 8 -21 9 -21 10 -21 10 -21 10 -21 11 -22 10 -21 10 -21 9 -21 9 -21 9 -22 8 -22 8 -23 8 -23 8 -24 8 -24 8 -25 8 -25 ]
CSI_DATA,STA,D8:B1:90:DB:E8:90,-45,11,1,7,0,0,1,1,1,0,1,-95,0,4,0,257869560,0,110,0,0,258.234,384,[110 96 6 0 -5 17 -8 17 -9 17 -10 18 -10 18 -10 17 -9 16 -7 13 -6 11 -5 8 -4 4 -3 0 -3 -4 -3 -9 -3 -13 -3 -17 -4 -20 -4 -23 -5 -25 -5 -26 -6 -27 -5 -27 -5 -26 -4 -25 -1 -24 0 0 0 0 0 0 0 0 0 0 0 0 0 0 0 0 0 0 0 0 0 0 -8 -17 -7 -17 -7 -17 -6 -16 -6 -13 -5 -11 -4 -7 -3 -3 -2 2 0 6 2 12 5 16 7 20 10 23 13 25 16 26 18 27 20 27 21 26 21 24 20 23 19 21 16 19 13 18 10 17 5 17 ]
CSI_DATA,STA,D8:B1:90:DB:E8:90,-45,11,1,7,0,0,1,1,1,0,1,-95,0,4,0,258368997,0,110,0,0,258.733,384,[110 96 6 0 19 -5 21 -3 23 -2 22 -1 23 -1 22 -1 20 -1 17 -2 14 -2 11 -1 6 0 1 2 -3 4 -8 6 -11 9 -15 11 -18 14 -20 16 -22 18 -22 19 -23 20 -23 19 -23 18 -23 16 -23 14 0 0 0 0 0 0 0 0 0 0 0 0 0 0 0 0 0 0 0 0 0 0 -13 15 -14 15 -13 14 -12 13 -10 12 -8 9 -5 7 -1 4 3 -1 6 -5 10 -10 13 -15 15 -19 17 -24 17 -28 17 -32 16 -33 15 -36 13 -36 12 -35 10 -34 10 -31 9 -28 10 -24 11 -20 13 -16 ]
CSI_DATA,STA,D8:B1:90:DB:E8:90,-51,11,1,7,0,0,1,0,0,0,1,-95,0,4,0,261887973,0,110,0,0,262.252,256,[110 96 6 0 -12 -19 -12 -18 -13 -18 -13 -17 -14 -17 -14 -17 -15 -16 -15 -15 -16 -15 -16 -14 -17 -14 -17 -14 -17 -13 -17 -13 -17 -13 -17 -14 -17 -13 -17 -13 -17 -13 -16 -13 -15 -13 -16 -13 -15 -14 -14 -14 -13 -14 0 0 0 0 0 0 0 0 0 0 0 0 0 0 0 0 0 0 0 0 0 0 4 -27 5 -27 29 -22 30 -21 32 -22 32 -22 -3 -16 -3 -17 -3 -17 -3 -18 -3 -18 -3 -18 -3 -19 -4 -19 -4 -18 -4 -19 -5 -18 -5 -19 -6 -19 -7 -19 -
CSI_DATA,STA,D8:B1:90:DB:E8:90,-45,11,1,7,0,0,1,1,1,0,1,-95,0,4,0,262389860,0,110,0,0,262.754,384,[110 96 6 0 -13 -16 -12 -19 -10 -20 -11 -22 -10 -22 -10 -21 -9 -19 -9 -16 -7 -14 -6 -11 -3 -7 0 -3 4 1 7 4 12 7 15 10 19 12 22 13 24 14 25 15 25 15 24 16 24 17 22 17 19 18 0 0 0 0 0 0 0 0 0 0 0 0 0 0 0 0 0 0 0 0 0 0 20 -1 21 0 19 0 18 0 15 -1 13 -1 8 -2 3 -3 -2 -4 -8 -4 -14 -4 -20 -4 -25 -3 -30 -2 -34 0 -36 1 -39 3 -38 5 -39 6 -37 8 -35 8 -32 7 -29 5 -26 2 -22 -1 -20 -5 ]
CSI_DATA,STA,D8:B1:90:DB:E8:90,-45,11,1,7,0,0,1,1,1,0,1,-95,0,4,0,263389276,0,110,0,0,263.754,384,[110 96 6 0 -19 8 -21 6 -22 5 -23 5 -23 5 -23 4 -21 4 -18 4 -15 3 -11 2 -7 1 -3 -1 1 -5 5 -8 9 -11 13 -14 15 -17 18 -20 19 -21 19 -22 20 -23 20 -22 20 -21 20 -20 20 -17 0 0 0 0 0 0 0 0 0 0 0 0 0 0 0 0 0 0 0 0 0 0 5 -20 6 -20 5 -20 5 -18 4 -16 2 -13 1 -9 -2 -5 -4 1 -6 6 -8 12 -9 17 -9 23 -9 28 -8 32 -8 35 -6 37 -5 38 -3 38 -2 36 -1 35 -1 32 -2 29 -4 25 -6 21 -9 18 ]
CSI_DATA,STA,D8:B1:90:DB:E8:90,-45,11,1,7,0,0,1,0,0,0,1,-95,0,4,0,263890760,0,110,0,0,264.255,256,[110 96 6 0 23 -9 23 -9 22 -10 22 -10 21 -10 21 -11 20 -11 20 -11 19 -11 19 -12 19 -12 19 -12 19 -12 18 -12 19 -12 18 -12 18 -11 17 -11 17 -11 17 -10 16 -10 16 -9 16 -9 16 -8 16 -7 0 0 0 0 0 0 0 0 0 0 0 0 0 0 0 0 0 0 0 0 0 0 14 -10 16 -9 16 -9 17 -9 17 -8 19 -8 19 -7 20 -6 21 -6 21 -5 22 -6 22 -5 22 -5 23 -5 23 -5 22 -5 23 -6 22 -6 23 -7 22 -7 23 -8 23 -8 22 -8 23 -8 23 -8 24 -9 ]
