2025-05-20 15:37:30,CSI_DATA,STA,D8:B1:90:DB:E8:90,-30,11,1,7,0,0,1,0,0,0,1,-94,0,2,0,1409404850,0,110,0,0,1409.76,256,[110 96 6 0 -15 18 -15 19 -14 19 -14 19 -13 19 -13 19 -12 19 -12 19 -12 19 -12 20 -12 19 -12 20 -11 20 -12 20 -12 20 -12 19 -13 20 -13 19 -13 19 -13 18 -13 18 -14 17 -14 17 -15 16 -16 15 0 0 0 0 0 0 0 0 0 0 0 0 0 0 0 0 0 0 0 0 0 0 -12 14 -13 14 -13 13 -14 13 -14 13 -16 13 -16 13 -17 13 -17 13 -17 13 -18 13 -18 13 -17 12 -18 13 -18 13 -17 13 -18 14 -17 14 -17 15 -16 15 -16 16 -15 16 -15 17 -1
2025-05-20 15:37:31,CSI_DATA,STA,D8:B1:90:DB:E8:90,-30,11,1,7,0,0,1,0,0,0,1,-94,0,2,0,1410404827,0,110,0,0,1410.76,256,[110 96 6 0 21 9 22 9 22 8 22 8 22 7 22 6 22 6 22 5 22 4 22 4 22 4 22 4 23 3 22 3 23 4 22 4 23 4 22 4 22 4 21 4 21 4 20 5 20 6 20 8 19 9 0 0 0 0 0 0 0 0 0 0 0 0 0 0 0 0 0 0 0 0 0 0 18 7 18 8 17 9 17 10 17 10 18 11 17 11 18 11 18 12 17 13 17 12 17 13 17 13 17 13 17 13 17 12 18 11 18 10 19 12 19 11 19 10 20 10 20 10 20 10 21 10 21 10 ]
2025-05-20 15:37:33,CSI_DATA,STA,D8:B1:90:DB:E8:90,-30,11,1,7,0,0,1,0,0,0,1,-94,0,2,0,1412415607,0,110,0,0,1412.77,256,[110 96 6 0 -13 17 -13 17 -12 17 -12 17 -11 17 -11 17 -10 18 -10 17 -10 18 -9 18 -8 18 -9 18 -9 18 -9 19 -9 18 -9 19 -9 18 -10 18 -9 18 -10 17 -10 16 -11 16 -11 15 -11 15 -12 14 0 0 0 0 0 0 0 0 0 0 0 0 0 0 0 0 0 0 0 0 0 0 -11 14 -12 14 -12 14 -13 13 -14 13 -14 13 -15 13 -15 13 -16 13 -16 13 -16 13 -16 13 -16 12 -16 12 -16 12 -17 13 -16 13 -16 13 -15 14 -15 14 -14 14 -14 15 -14 15 -13 15 -14
2025-05-20 15:37:33,CSI_DATA,STA,D8:B1:90:DB:E8:90,-30,11,1,7,0,0,1,0,0,0,1,-94,0,2,0,1412927510,0,110,0,0,1413.28,256,[110 96 6 0 10 -21 10 -21 9 -21 9 -21 8 -21 8 -21 7 -22 7 -21 6 -21 6 -22 5 -22 6 -21 5 -22 6 -21 6 -22 6 -22 6 -22 7 -22 7 -22 8 -21 8 -21 8 -20 9 -19 10 -19 11 -18 0 0 0 0 0 0 0 0 0 0 0 0 0 0 0 0 0 0 0 0 0 0 8 -18 10 -18 10 -17 11 -17 11 -16 12 -17 13 -16 13 -17 14 -17 14 -17 14 -17 15 -17 14 -17 15 -17 14 -17 14 -17 14 -18 13 -17 13 -18 12 -19 12 -19 12 -19 11 -19 11 -20 11 -21 12 -22 ]
2025-05-20 15:37:34,CSI_DATA,STA,D8:B1:90:DB:E8:90,-39,11,1,7,0,0,1,1,0,0,1,-94,0,2,0,1413415153,0,110,0,0,1413.77,256,[110 96 6 0 0 -16 -1 -16 -3 -16 -10 -14 -11 -13 -12 -12 -13 -10 -20 -5 -20 -4 -21 -2 -21 0 -18 -8 -19 -7 -20 -5 -20 -4 -19 -18 -20 -16 -21 -15 -22 -14 -16 -4 -16 -3 -16 -2 -16 -2 -9 0 -9 -1 0 0 0 0 0 0 0 0 0 0 0 0 0 0 0 0 0 0 0 0 0 0 -25 4 -25 4 16 -30 15 -31 14 -34 12 -34 15 11 17 10 17 8 18 8 18 -2 18 -3 17 -5 17 -6 19 -3 19 -6 18 -7 18 -9 13 -18 11 -19 9 -21 7 -22 9 -17 8 -18 6 -19 11 -12
2025-05-20 15:37:34,CSI_DATA,STA,D8:B1:90:DB:E8:90,-30,11,1,7,0,0,1,1,0,0,1,-94,0,2,0,1413915260,0,110,0,0,1414.27,256,[110 96 6 0 -22 -3 -22 -3 -21 -2 -21 -2 -21 -1 -21 -1 -21 0 -21 0 -21 0 -21 1 -21 1 -21 1 -21 1 -21 1 -21 1 -22 1 -21 1 -21 1 -21 0 -20 0 -20 -1 -19 -1 -19 -2 -19 -3 -19 -4 0 0 0 0 0 0 0 0 0 0 0 0 0 0 0 0 0 0 0 0 0 0 -18 -2 -18 -3 -18 -4 -18 -5 -18 -5 -18 -6 -19 -6 -19 -6 -19 -7 -19 -7 -19 -7 -19 -7 -19 -8 -19 -8 -19 -7 -20 -7 -20 -6 -19 -6 -20 -6 -20 -5 -21 -5 -21 -5 -21 -4 -21 -4 -22 -4 -2
2025-05-20 15:37:36,CSI_DATA,STA,D8:B1:90:DB:E8:90,-30,11,1,7,0,0,1,1,0,0,1,-94,0,2,0,1415925544,0,110,0,0,1416.28,256,[110 96 6 0 18 19 19 19 19 17 19 17 20 17 20 16 20 16 20 15 19 14 21 14 21 14 21 14 22 14 21 13 22 14 21 15 21 15 20 14 20 15 19 14 18 15 17 14 17 15 17 16 16 18 0 0 0 0 0 0 0 0 0 0 0 0 0 0 0 0 0 0 0 0 0 0 16 14 15 16 14 17 14 17 13 18 13 18 13 19 13 19 13 21 13 20 13 21 13 21 13 21 14 21 14 21 13 20 14 20 14 20 15 20 15 19 16 19 17 19 17 19 18 19 18 20 18 19 ]
2025-05-20 15:37:37,CSI_DATA,STA,D8:B1:90:DB:E8:90,-31,11,1,7,0,0,1,1,0,0,1,-94,0,2,0,1416428710,0,110,0,0,1416.78,256,[110 96 6 0 -15 -18 -15 -19 -15 -17 -15 -17 -15 -17 -16 -16 -16 -16 -16 -16 -16 -15 -16 -15 -17 -15 -17 -15 -17 -15 -17 -15 -17 -15 -17 -15 -17 -15 -16 -15 -16 -16 -16 -16 -15 -16 -14 -16 -14 -16 -13 -17 -12 -18 0 0 0 0 0 0 0 0 0 0 0 0 0 0 0 0 0 0 0 0 0 0 -12 -15 -12 -16 -11 -17 -10 -18 -10 -18 -10 -18 -10 -18 -10 -19 -9 -19 -10 -20 -9 -20 -9 -20 -9 -21 -9 -20 -9 -20 -9 -20 -10 -19 -10 -19 -
2025-05-20 15:37:37,CSI_DATA,STA,D8:B1:90:DB:E8:90,-30,11,1,7,0,0,1,1,0,0,1,-94,0,2,0,1416926565,0,110,0,0,1417.28,256,[110 96 6 0 22 6 22 6 23 5 23 5 23 4 23 3 23 3 22 2 22 1 22 1 22 1 23 1 23 1 23 1 23 1 23 1 22 1 22 1 22 2 22 2 21 2 21 3 20 4 21 5 21 6 0 0 0 0 0 0 0 0 0 0 0 0 0 0 0 0 0 0 0 0 0 0 18 5 18 7 17 9 18 9 18 10 18 10 18 10 19 10 18 11 19 12 18 12 18 12 19 12 19 12 19 12 19 12 19 11 19 10 20 10 21 10 21 9 22 9 22 8 22 8 22 8 23 8 ]
2025-05-20 15:37:42,CSI_DATA,STA,D8:B1:90:DB:E8:90,-30,11,1,7,0,0,1,0,0,0,0,-94,0,2,0,1421433669,0,110,0,0,1421.79,256,[110 96 6 0 15 14 16 13 16 12 16 12 16 12 16 12 17 11 16 10 16 9 17 9 17 9 17 9 18 9 17 9 18 9 17 9 18 10 17 10 17 10 16 10 15 10 15 10 15 11 14 12 13 13 0 0 0 0 0 0 0 0 0 0 0 0 0 0 0 0 0 0 0 0 0 0 14 11 13 12 12 13 12 13 11 14 11 14 11 15 11 15 11 16 11 16 11 16 11 16 11 16 11 16 10 16 10 15 11 15 11 15 12 15 12 14 13 15 14 15 14 14 15 14 15 14 15 14 ]
2025-05-20 15:37:43,CSI_DATA,STA,D8:B1:90:DB:E8:90,-30,11,1,6,0,0,1,0,0,0,1,-94,0,2,0,1422434515,0,110,0,0,1422.79,256,[110 96 6 0 -20 12 -20 13 -20 13 -20 13 -19 13 -18 13 -18 13 -18 14 -17 14 -17 15 -17 15 -17 16 -17 16 -17 16 -18 16 -17 15 -17 15 -18 14 -17 14 -18 14 -18 13 -18 13 -18 12 -18 11 -19 10 0 0 0 0 0 0 0 0 0 0 0 0 0 0 0 0 0 0 0 0 0 0 -17 10 -18 9 -18 8 -19 7 -19 7 -20 7 -20 7 -20 7 -21 6 -21 6 -22 6 -21 6 -21 6 -21 6 -21 6 -21 6 -21 7 -20 7 -20 8 -20 8 -20 9 -20 9 -21 10 -21 11 -21 11 -20 11 ]
2025-05-20 15:37:45,CSI_DATA,STA,D8:B1:90:DB:E8:90,-30,11,1,6,0,0,1,0,0,0,1,-94,0,2,0,1424440726,0,110,0,0,1424.8,256,[110 96 6 0 -7 17 -8 16 -8 14 -9 13 -8 13 -8 11 -6 10 -5 8 -4 6 -2 3 0 -1 1 -4 2 -8 3 -13 3 -17 3 -20 2 -24 2 -27 1 -29 0 -31 -1 -32 -1 -32 -1 -31 -1 -31 0 -30 0 0 0 0 0 0 0 0 0 0 0 0 0 0 0 0 0 0 0 0 0 0 5 -13 5 -11 6 -10 6 -8 5 -5 5 -2 4 1 2 4 1 8 -1 11 -2 15 -3 19 -3 22 -3 26 -3 28 -2 30 -1 31 0 32 1 32 2 31 3 30 3 29 3 27 2 25 1 23 -2 22 ]
2025-05-20 15:37:48,CSI_DATA,STA,D8:B1:90:DB:E8:90,-35,11,1,7,0,0,1,0,0,0,0,-94,0,2,0,1427458650,0,110,0,0,1427.81,256,[110 96 6 0 27 -5 27 -5 27 -6 17 -14 16 -14 16 -14 16 -14 10 1 10 0 10 0 10 1 8 6 9 6 9 6 9 6 9 6 9 6 8 6 8 6 8 6 8 7 8 7 7 7 7 7 7 8 0 0 0 0 0 0 0 0 0 0 0 0 0 0 0 0 0 0 0 0 0 0 0 13 -1 13 6 14 6 15 5 15 5 15 3 6 3 6 3 6 3 6 10 -14 10 -14 10 -13 11 -13 19 -23 19 -24 18 -24 18 -24 16 -19 16 -19 16 -20 16 -21 15 -11 15 -10 15 -10 22 -5 ]
2025-05-20 15:37:48,CSI_DATA,STA,D8:B1:90:DB:E8:90,-30,11,1,7,0,0,1,0,0,0,0,-94,0,2,0,1427950345,0,110,0,0,1428.31,256,[110 96 6 0 -11 21 -11 22 -11 22 -10 22 -10 22 -10 22 -9 22 -9 22 -9 22 -8 22 -7 22 -7 22 -7 22 -8 22 -8 22 -8 22 -9 22 -9 22 -9 21 -10 21 -10 20 -11 20 -11 19 -12 19 -13 18 0 0 0 0 0 0 0 0 0 0 0 0 0 0 0 0 0 0 0 0 0 0 -8 17 -9 17 -10 17 -11 17 -11 17 -12 16 -13 17 -13 17 -13 17 -14 17 -15 17 -15 17 -15 17 -14 17 -14 17 -14 17 -14 18 -14 18 -13 19 -13 19 -12 19 -12 20 -12 20 -12 20 -12 21 -12
2025-05-20 15:37:49,CSI_DATA,STA,D8:B1:90:DB:E8:90,-30,11,1,7,0,0,1,0,0,0,0,-94,0,2,0,1428450727,0,110,0,0,1428.81,256,[110 96 6 0 -9 -22 -9 -22 -9 -21 -10 -22 -10 -21 -10 -21 -11 -20 -11 -21 -11 -20 -11 -21 -12 -21 -13 -20 -13 -20 -13 -20 -13 -21 -13 -19 -12 -20 -12 -20 -11 -20 -11 -20 -10 -20 -10 -19 -9 -20 -8 -20 -7 -21 0 0 0 0 0 0 0 0 0 0 0 0 0 0 0 0 0 0 0 0 0 0 -7 -18 -6 -19 -5 -20 -5 -20 -4 -20 -3 -21 -3 -21 -3 -22 -2 -22 -3 -22 -2 -22 -2 -22 -2 -23 -2 -23 -2 -23 -3 -22 -3 -22 -3 -22 -4 -23 -4 -22 -5 -
2025-05-20 15:37:56,CSI_DATA,STA,D8:B1:90:DB:E8:90,-30,11,1,7,0,0,1,0,0,0,1,-94,0,2,0,1435462909,0,110,0,0,1435.82,256,[110 96 6 0 23 -3 24 -3 23 -4 23 -4 22 -5 22 -5 22 -6 22 -6 21 -7 21 -7 21 -8 21 -8 22 -8 21 -8 22 -8 22 -8 22 -8 22 -8 22 -7 21 -7 21 -6 21 -6 21 -5 21 -4 22 -2 0 0 0 0 0 0 0 0 0 0 0 0 0 0 0 0 0 0 0 0 0 0 19 -4 20 -2 19 -1 20 -1 20 1 21 1 21 1 22 1 22 2 22 2 22 2 22 2 22 2 22 2 22 2 22 1 22 1 22 0 23 1 23 0 23 -1 24 -1 23 -2 24 -2 24 -2 24 -3 ]
2025-05-20 15:37:58,CSI_DATA,STA,D8:B1:90:DB:E8:90,-31,11,1,7,0,0,1,0,0,0,1,-94,0,2,0,1437970053,0,110,0,0,1438.33,256,[110 96 6 0 -23 3 -23 3 -22 4 -22 4 -21 5 -21 5 -21 5 -21 6 -20 6 -21 7 -21 7 -21 7 -21 8 -21 7 -21 8 -21 7 -21 7 -21 7 -21 6 -21 6 -21 5 -20 5 -20 5 -20 3 -20 2 0 0 0 0 0 0 0 0 0 0 0 0 0 0 0 0 0 0 0 0 0 0 -18 2 -19 1 -19 0 -20 0 -19 -1 -21 -1 -20 -1 -21 -2 -21 -2 -21 -2 -21 -2 -22 -3 -21 -3 -21 -3 -22 -3 -22 -2 -22 -2 -21 -1 -22 -1 -22 0 -23 1 -23 1 -22 2 -23 2 -23 2 -23 3 ]
2025-05-20 15:37:59,CSI_DATA,STA,D8:B1:90:DB:E8:90,-30,11,1,7,0,0,1,0,0,0,1,-94,0,2,0,1438977509,0,110,0,0,1439.33,256,[110 96 6 0 20 -6 20 -6 20 -7 19 -6 19 -7 19 -7 18 -7 19 -8 18 -9 18 -9 18 -9 18 -9 18 -9 18 -9 18 -9 18 -9 18 -9 18 -8 18 -7 18 -7 18 -6 18 -6 18 -6 18 -5 18 -3 0 0 0 0 0 0 0 0 0 0 0 0 0 0 0 0 0 0 0 0 0 0 16 -6 17 -5 17 -4 17 -4 17 -3 18 -3 18 -3 18 -3 19 -2 19 -2 19 -2 19 -2 19 -2 19 -2 19 -2 19 -2 19 -3 19 -3 19 -3 19 -3 19 -4 20 -4 19 -5 19 -5 20 -5 20 -6 ]
2025-05-20 15:38:02,CSI_DATA,STA,D8:B1:90:DB:E8:90,-30,11,1,7,0,0,1,0,0,0,1,-94,0,2,0,1441989950,0,110,0,0,1442.35,256,[110 96 6 0 -4 22 -4 23 -3 22 -2 22 -2 22 -2 22 -1 22 -2 23 -1 22 0 22 1 23 1 23 1 23 0 22 1 23 1 23 1 23 0 22 0 22 -1 22 -1 21 -2 21 -2 21 -3 21 -4 21 0 0 0 0 0 0 0 0 0 0 0 0 0 0 0 0 0 0 0 0 0 0 -3 19 -5 19 -6 19 -6 19 -7 19 -7 19 -8 19 -8 20 -9 20 -9 20 -9 20 -9 20 -9 20 -9 20 -8 20 -9 20 -8 20 -8 20 -7 21 -7 21 -6 22 -6 22 -5 22 -5 22 -5 23 -5 23 ]
2025-05-20 15:38:03,CSI_DATA,STA,D8:B1:90:DB:E8:90,-31,11,1,7,0,0,1,1,0,0,1,-94,0,2,0,1442486111,0,110,0,0,1442.84,256,[110 96 6 0 22 -7 22 -7 21 -8 20 -7 20 -8 20 -9 19 -8 19 -10 19 -11 18 -11 18 -11 18 -11 18 -11 18 -11 19 -11 19 -10 18 -10 19 -10 18 -9 19 -9 19 -9 19 -8 19 -7 19 -6 19 -5 0 0 0 0 0 0 0 0 0 0 0 0 0 0 0 0 0 0 0 0 0 0 18 -7 18 -5 18 -5 18 -4 18 -4 19 -3 20 -3 20 -3 20 -2 20 -2 21 -2 21 -2 20 -2 20 -2 20 -2 21 -2 20 -3 21 -3 21 -3 21 -4 21 -4 21 -5 21 -5 21 -5 21 -6 22 -6 ]
2025-05-20 15:38:04,CSI_DATA,STA,D8:B1:90:DB:E8:90,-30,11,1,7,0,0,1,1,0,0,1,-94,0,2,0,1443990314,0,110,0,0,1444.35,256,[110 96 6 0 21 3 20 2 21 2 20 2 21 1 20 1 20 0 20 -1 20 -1 20 -2 20 -2 19 -2 19 -2 20 -2 19 -2 20 -1 20 -1 20 -1 20 -1 19 0 19 1 19 1 18 2 19 3 18 5 0 0 0 0 0 0 0 0 0 0 0 0 0 0 0 0 0 0 0 0 0 0 17 1 17 3 17 4 16 4 17 5 17 5 17 6 18 6 18 6 18 7 18 7 18 8 18 8 18 8 18 7 18 7 18 7 19 6 19 6 19 5 20 5 20 5 20 4 20 4 20 4 20 3 ]
2025-05-20 15:38:07,CSI_DATA,STA,D8:B1:90:DB:E8:90,-30,11,1,7,0,0,1,1,0,0,1,-94,0,2,0,1446493649,0,110,0,0,1446.85,256,[110 96 6 0 -11 -20 -11 -19 -11 -19 -12 -19 -12 -19 -12 -18 -12 -18 -12 -18 -13 -18 -13 -18 -14 -17 -13 -17 -13 -17 -14 -17 -13 -17 -13 -17 -13 -16 -12 -17 -12 -17 -11 -17 -11 -17 -10 -17 -10 -17 -9 -18 -8 -19 0 0 0 0 0 0 0 0 0 0 0 0 0 0 0 0 0 0 0 0 0 0 -10 -15 -9 -16 -9 -17 -8 -18 -8 -18 -7 -18 -7 -19 -7 -19 -6 -20 -7 -20 -7 -20 -6 -20 -7 -20 -7 -20 -6 -20 -7 -20 -7 -20 -7 -20 -8 -20 -9 -19
2025-05-20 15:38:07,CSI_DATA,STA,D8:B1:90:DB:E8:90,-30,11,1,7,0,0,1,1,0,0,1,-94,0,2,0,1446996548,0,110,0,0,1447.35,256,[110 96 6 0 -9 -26 -10 -26 -9 -25 -10 -24 -11 -23 -11 -23 -11 -23 -12 -23 -13 -22 -13 -22 -14 -22 -15 -22 -15 -22 -14 -22 -14 -23 -14 -22 -14 -22 -13 -22 -12 -22 -12 -23 -12 -23 -11 -22 -10 -22 -9 -23 -8 -24 0 0 0 0 0 0 0 0 0 0 0 0 0 0 0 0 0 0 0 0 0 0 -8 -20 -6 -21 -5 -22 -5 -23 -4 -23 -4 -24 -4 -24 -3 -24 -2 -25 -3 -25 -2 -25 -2 -25 -3 -26 -3 -25 -3 -25 -3 -25 -3 -25 -3 -25 -4 -26 -5 -25 -6
2025-05-20 15:38:08,CSI_DATA,STA,D8:B1:90:DB:E8:90,-30,11,1,5,0,0,1,1,1,0,0,-94,0,2,0,1447496739,0,110,0,0,1447.85,384,[110 96 6 0 -1 20 -2 19 -3 18 -3 17 -3 16 -3 15 -3 13 -2 10 -2 7 -1 4 -1 0 -2 -5 -2 -9 -4 -13 -6 -17 -8 -21 -10 -23 -12 -26 -13 -28 -15 -29 -16 -30 -17 -29 -17 -28 -16 -28 -14 -27 0 0 0 0 0 0 0 0 0 0 0 0 0 0 0 0 0 0 0 0 0 0 2 -14 3 -13 5 -12 5 -9 5 -8 5 -4 5 0 4 3 4 8 4 12 4 16 4 20 4 23 6 27 6 28 8 30 10 31 11 32 12 30 13 30 13 29 13 28 12 26 11 24 9 23 6 21 ]
2025-05-20 15:38:12,CSI_DATA,STA,D8:B1:90:DB:E8:90,-30,11,1,6,0,0,1,0,0,0,1,-94,0,2,0,1452019008,0,110,0,0,1452.38,256,[110 96 6 0 2 -18 4 -18 5 -16 5 -16 5 -15 4 -14 3 -12 3 -10 2 -7 0 -4 -2 -1 -2 4 -2 8 -2 12 -1 17 -1 20 1 24 2 27 3 29 4 30 5 30 5 30 6 30 5 29 3 28 0 0 0 0 0 0 0 0 0 0 0 0 0 0 0 0 0 0 0 0 0 0 -2 12 -4 11 -5 10 -5 8 -5 6 -5 3 -5 -1 -4 -5 -3 -9 -4 -13 -3 -17 -3 -20 -4 -24 -4 -27 -5 -29 -6 -31 -8 -32 -8 -32 -10 -32 -10 -31 -11 -30 -10 -28 -10 -26 -9 -24 -6 -23 -4 -22 ]
2025-05-20 15:38:13,CSI_DATA,STA,D8:B1:90:DB:E8:90,-30,11,1,6,0,0,1,0,0,0,1,-94,0,2,0,1452510260,0,110,0,0,1452.87,256,[110 96 6 0 -22 3 -21 3 -21 4 -21 3 -21 4 -21 4 -20 4 -20 5 -20 5 -20 5 -20 5 -20 6 -20 6 -20 7 -20 7 -20 6 -20 6 -20 6 -20 5 -20 5 -20 4 -20 4 -20 3 -19 2 -19 1 0 0 0 0 0 0 0 0 0 0 0 0 0 0 0 0 0 0 0 0 0 0 -18 3 -18 1 -18 0 -18 0 -19 -1 -19 -1 -20 -1 -20 -2 -20 -2 -21 -2 -20 -2 -21 -3 -20 -3 -21 -3 -20 -2 -20 -2 -20 -1 -20 -1 -21 -1 -20 0 -21 0 -21 0 -21 1 -21 1 -21 2 -22 2 ]
2025-05-20 15:38:13,CSI_DATA,STA,D8:B1:90:DB:E8:90,-30,11,1,7,0,0,1,0,0,0,0,-94,0,2,0,1453010750,0,110,0,0,1453.37,256,[110 96 6 0 -7 23 -7 23 -6 22 -5 22 -5 22 -5 22 -4 22 -4 22 -3 22 -3 22 -2 22 -2 23 -2 23 -3 23 -2 23 -3 23 -3 23 -4 22 -4 22 -5 23 -5 22 -5 22 -6 21 -6 20 -8 20 0 0 0 0 0 0 0 0 0 0 0 0 0 0 0 0 0 0 0 0 0 0 -5 19 -6 19 -7 19 -8 19 -8 18 -9 19 -10 19 -10 20 -10 20 -10 20 -12 20 -12 19 -11 20 -11 20 -11 20 -11 19 -11 20 -11 20 -10 20 -9 21 -9 21 -9 21 -8 22 -8 22 -8 23 -8 23 ]
2025-05-20 15:38:16,CSI_DATA,STA,D8:B1:90:DB:E8:90,-30,11,1,5,0,0,1,0,0,0,1,-94,0,2,0,1455515343,0,110,0,0,1455.87,256,[110 96 6 0 -1 23 -1 23 0 23 1 23 1 24 1 23 2 23 2 23 2 22 3 23 4 22 4 22 4 22 4 23 4 22 3 23 3 23 2 23 2 23 1 22 1 22 0 22 -1 22 -1 22 -3 22 0 0 0 0 0 0 0 0 0 0 0 0 0 0 0 0 0 0 0 0 0 0 0 18 -1 19 -2 19 -3 20 -3 20 -4 20 -5 20 -5 21 -5 21 -5 21 -6 22 -6 22 -6 22 -6 22 -6 22 -6 21 -5 21 -5 22 -3 21 -3 22 -2 22 -2 22 -2 23 -1 23 -2 23 -2 23 ]
2025-05-20 15:38:17,CSI_DATA,STA,D8:B1:90:DB:E8:90,-32,11,1,6,0,0,1,0,0,0,1,-93,0,2,0,1457034644,0,110,0,0,1457.39,256,[110 96 6 0 -11 16 -12 15 -13 14 -13 13 -12 12 -11 11 -9 10 -8 9 -6 7 -3 4 0 0 3 -3 5 -7 7 -12 8 -17 10 -21 11 -24 11 -28 11 -31 11 -33 10 -34 10 -34 10 -34 10 -33 11 -31 0 0 0 0 0 0 0 0 0 0 0 0 0 0 0 0 0 0 0 0 0 0 6 -14 7 -12 7 -11 7 -8 6 -6 6 -3 4 1 2 4 0 8 -2 12 -4 16 -5 21 -7 24 -6 28 -7 30 -6 33 -5 34 -4 35 -3 35 -2 34 -1 33 -1 32 -1 30 -2 27 -3 25 -6 23 ]
2025-05-20 15:38:19,CSI_DATA,STA,D8:B1:90:DB:E8:90,-30,11,1,6,0,0,1,0,0,0,1,-94,0,2,0,1459031498,0,110,0,0,1459.39,256,[110 96 6 0 -15 -11 -14 -12 -12 -12 -11 -12 -10 -11 -10 -10 -8 -8 -7 -6 -5 -4 -3 -2 0 0 3 3 6 4 10 6 13 8 17 9 20 9 22 9 25 9 26 9 27 9 27 8 26 8 26 9 24 9 0 0 0 0 0 0 0 0 0 0 0 0 0 0 0 0 0 0 0 0 0 0 9 7 7 7 5 8 3 7 2 6 -1 4 -3 2 -5 0 -8 -3 -11 -4 -14 -7 -17 -9 -20 -10 -22 -11 -25 -11 -26 -12 -28 -11 -29 -10 -30 -9 -29 -8 -29 -7 -28 -7 -26 -6 -24 -7 -22 -8 -20 -8 ]
2025-05-20 15:38:23,CSI_DATA,STA,D8:B1:90:DB:E8:90,-30,11,1,6,0,0,1,0,0,0,1,-94,0,2,0,1463049375,0,110,0,0,1463.41,256,[110 96 6 0 -9 -17 -7 -17 -6 -17 -5 -16 -5 -15 -4 -14 -4 -12 -4 -9 -3 -6 -2 -3 -1 1 1 4 4 7 7 11 9 14 13 17 15 18 17 20 20 21 21 21 22 21 23 21 22 21 21 20 19 20 0 0 0 0 0 0 0 0 0 0 0 0 0 0 0 0 0 0 0 0 0 0 5 11 3 11 1 11 0 8 -1 7 -3 3 -5 1 -6 -3 -7 -7 -9 -10 -11 -14 -13 -17 -15 -19 -16 -21 -19 -22 -21 -24 -22 -23 -24 -24 -24 -22 -24 -21 -24 -20 -23 -19 -22 -18 -20 -17 -17 -17 -14 -17 ]
2025-05-20 15:38:25,CSI_DATA,STA,D8:B1:90:DB:E8:90,-30,11,1,7,0,0,1,0,0,0,1,-94,0,2,0,1464557412,0,110,0,0,1464.91,256,[110 96 6 0 17 -9 18 -7 17 -6 17 -5 15 -4 14 -4 11 -4 9 -4 6 -4 2 -3 -2 -1 -7 1 -11 3 -14 5 -18 9 -21 11 -24 14 -26 17 -27 19 -28 21 -28 21 -27 22 -27 21 -27 21 -27 19 0 0 0 0 0 0 0 0 0 0 0 0 0 0 0 0 0 0 0 0 0 0 -13 7 -13 5 -11 3 -10 1 -7 -1 -5 -2 -2 -4 1 -6 6 -8 10 -10 13 -12 17 -15 20 -18 22 -20 24 -23 24 -24 25 -27 23 -27 24 -29 22 -28 21 -28 20 -27 18 -25 17 -22 18 -20 18 -17 ]
2025-05-20 15:38:30,CSI_DATA,STA,D8:B1:90:DB:E8:90,-31,11,1,6,0,0,1,0,0,0,1,-94,0,2,0,1470067908,0,110,0,0,1470.42,256,[110 96 6 0 18 1 19 3 18 4 17 5 16 4 15 3 13 2 10 1 8 -1 3 -1 -1 -2 -6 -2 -10 -1 -15 -1 -20 0 -23 1 -27 3 -30 5 -32 6 -33 8 -34 9 -33 9 -33 8 -32 8 -31 6 0 0 0 0 0 0 0 0 0 0 0 0 0 0 0 0 0 0 0 0 0 0 -16 0 -15 -2 -12 -3 -10 -4 -7 -4 -5 -4 -1 -5 3 -5 8 -5 13 -6 17 -6 21 -6 25 -8 28 -8 30 -11 31 -12 32 -14 31 -14 31 -16 29 -16 28 -16 27 -15 25 -14 23 -11 23 -8 22 -6 ]
2025-05-20 15:38:31,CSI_DATA,STA,D8:B1:90:DB:E8:90,-31,11,1,6,0,0,1,0,0,0,1,-94,0,2,0,1470567239,0,110,0,0,1470.92,256,[110 96 6 0 -26 -3 -26 -3 -25 -1 -26 -1 -25 -1 -25 0 -25 1 -25 1 -24 2 -24 2 -24 3 -25 2 -25 3 -25 3 -25 3 -25 3 -25 3 -25 3 -25 2 -24 1 -24 0 -24 0 -24 -1 -24 -2 -24 -3 0 0 0 0 0 0 0 0 0 0 0 0 0 0 0 0 0 0 0 0 0 0 -21 -3 -22 -4 -21 -6 -21 -7 -21 -7 -22 -7 -22 -8 -22 -8 -22 -9 -22 -9 -23 -10 -23 -10 -22 -10 -23 -10 -22 -9 -22 -9 -23 -8 -23 -8 -23 -7 -23 -6 -24 -5 -24 -6 -24 -4 -25 -5 -25 -4 -
2025-05-20 15:38:35,CSI_DATA,STA,D8:B1:90:DB:E8:90,-39,11,1,7,0,0,1,0,0,0,1,-94,0,2,0,1474577726,0,110,0,0,1474.93,256,[110 96 6 0 -22 0 -22 1 -21 2 -22 2 -20 2 -20 3 -20 3 -20 3 -19 4 -20 5 -20 5 -20 5 -19 5 -19 5 -19 5 -19 5 -19 5 -19 5 -18 4 -19 4 -18 4 -18 3 -18 3 -18 2 -18 1 0 0 0 0 0 0 0 0 0 0 0 0 0 0 0 0 0 0 0 0 0 0 -21 3 -22 2 -21 1 -22 0 -22 -1 -23 -2 -23 -2 -23 -3 -23 -3 -22 -3 -23 -4 -23 -4 -23 -4 -22 -4 -22 -4 -22 -3 -22 -3 -22 -3 -23 -3 -21 -2 -22 -2 -22 -1 -22 -1 -22 0 -22 0 -22 0 ]
2025-05-20 15:38:39,CSI_DATA,STA,D8:B1:90:DB:E8:90,-30,11,1,7,0,0,1,0,0,0,1,-94,0,2,0,1478584796,0,110,0,0,1478.94,256,[110 96 6 0 -10 -22 -11 -22 -10 -21 -11 -20 -11 -20 -12 -19 -12 -19 -13 -19 -13 -18 -13 -18 -14 -18 -14 -18 -14 -18 -14 -18 -14 -18 -14 -18 -14 -17 -13 -18 -13 -18 -13 -18 -12 -18 -11 -18 -11 -18 -10 -19 -9 -19 0 0 0 0 0 0 0 0 0 0 0 0 0 0 0 0 0 0 0 0 0 0 -8 -17 -8 -18 -7 -19 -6 -19 -6 -20 -6 -20 -6 -20 -5 -20 -5 -21 -5 -21 -4 -22 -4 -22 -4 -22 -4 -22 -5 -22 -5 -22 -5 -21 -5 -22 -6 -22 -7 -21
2025-05-20 15:38:39,CSI_DATA,STA,D8:B1:90:DB:E8:90,-36,11,1,7,0,0,1,0,0,0,1,-94,0,2,0,1479085418,0,110,0,0,1479.44,256,[110 96 6 0 -13 11 -14 10 -13 10 -27 13 -27 12 -28 10 -28 8 -14 3 -14 2 -14 1 -14 0 -5 -3 -4 -3 -4 -3 -4 -4 16 -14 17 -12 17 -10 18 -8 -25 -4 -24 -6 -23 -9 -22 -11 -21 -2 -20 -5 0 0 0 0 0 0 0 0 0 0 0 0 0 0 0 0 0 0 0 0 0 0 -4 -10 -2 -11 -3 -2 -3 -2 -3 -2 -3 -2 0 -9 1 -10 2 -9 2 -10 -15 17 -17 15 -18 14 -19 12 -7 9 -8 9 -8 9 -9 8 11 10 10 10 9 11 8 12 -9 -20 -7 -22 -6 -22 -17 1 ]
2025-05-20 15:38:40,CSI_DATA,STA,D8:B1:90:DB:E8:90,-30,11,1,7,0,0,1,0,0,0,1,-94,0,2,0,1479592278,0,110,0,0,1479.95,256,[110 96 6 0 -21 6 -21 6 -20 7 -19 7 -19 7 -19 7 -18 8 -18 8 -18 9 -18 9 -18 9 -18 10 -18 10 -19 10 -18 10 -19 10 -18 10 -19 9 -18 9 -18 8 -18 7 -18 7 -18 6 -19 6 -19 4 0 0 0 0 0 0 0 0 0 0 0 0 0 0 0 0 0 0 0 0 0 0 -16 5 -17 4 -17 3 -17 3 -18 2 -18 2 -18 2 -19 2 -19 2 -19 1 -20 1 -20 1 -19 1 -20 1 -19 1 -20 1 -20 2 -20 3 -19 2 -20 3 -20 3 -20 4 -20 5 -20 5 -21 5 -21 6 ]
2025-05-20 15:38:40,CSI_DATA,STA,D8:B1:90:DB:E8:90,-30,11,1,6,0,0,1,1,0,0,1,-94,0,2,0,1480085103,0,110,0,0,1480.44,256,[110 96 6 0 -14 -13 -13 -14 -11 -13 -10 -14 -9 -13 -9 -12 -8 -11 -7 -8 -5 -6 -4 -3 -1 -1 2 2 5 5 9 8 13 9 17 11 20 12 23 13 26 13 28 13 29 13 29 12 29 12 28 12 26 13 0 0 0 0 0 0 0 0 0 0 0 0 0 0 0 0 0 0 0 0 0 0 9 8 8 9 5 9 3 8 1 8 -1 6 -3 3 -6 1 -9 -2 -12 -4 -15 -7 -18 -9 -21 -10 -24 -12 -26 -13 -29 -13 -30 -12 -31 -11 -32 -10 -31 -9 -31 -9 -29 -8 -28 -7 -25 -7 -23 -8 -20 -9 ]
2025-05-20 15:38:42,CSI_DATA,STA,D8:B1:90:DB:E8:90,-31,11,1,5,0,0,1,0,0,0,0,-93,0,2,0,1481595037,0,110,0,0,1481.95,256,[110 96 6 0 16 8 14 9 14 10 12 10 11 10 10 9 9 7 8 6 6 3 3 1 0 -1 -4 -3 -7 -4 -11 -6 -15 -8 -19 -9 -23 -9 -26 -10 -28 -10 -30 -10 -32 -10 -33 -9 -33 -9 -32 -9 -30 -11 0 0 0 0 0 0 0 0 0 0 0 0 0 0 0 0 0 0 0 0 0 0 -12 -6 -11 -7 -8 -8 -6 -8 -4 -7 -2 -5 1 -3 4 -2 7 0 11 2 14 4 18 6 21 7 24 7 26 8 29 7 30 7 32 5 32 4 32 3 31 3 30 2 28 2 26 2 24 3 22 4 ]
2025-05-20 15:38:44,CSI_DATA,STA,D8:B1:90:DB:E8:90,-30,11,1,7,0,0,1,0,0,0,1,-94,0,2,0,1483100530,0,110,0,0,1483.46,256,[110 96 6 0 10 14 9 15 8 15 8 15 7 14 7 13 6 11 5 9 4 6 2 3 0 1 -3 -2 -7 -5 -10 -7 -14 -9 -18 -10 -22 -11 -25 -12 -28 -12 -30 -12 -30 -11 -32 -11 -31 -11 -30 -11 -29 -11 0 0 0 0 0 0 0 0 0 0 0 0 0 0 0 0 0 0 0 0 0 0 -6 -13 -5 -13 -3 -13 -1 -11 0 -10 2 -7 4 -4 6 -1 7 3 10 6 13 10 15 12 17 14 19 16 21 17 23 17 25 17 26 16 27 15 27 14 27 12 26 12 24 11 22 11 19 11 17 12 ]
2025-05-20 15:38:44,CSI_DATA,STA,D8:B1:90:DB:E8:90,-30,11,1,3,0,0,1,0,0,0,0,-94,0,2,0,1484103396,0,110,0,0,1484.46,256,[110 96 6 0 17 -1 17 1 17 1 16 2 15 3 13 2 12 2 10 1 7 -1 3 -1 0 0 -5 0 -9 0 -13 1 -17 3 -21 4 -25 6 -27 7 -29 9 -30 10 -31 12 -31 12 -31 12 -30 12 -29 10 0 0 0 0 0 0 0 0 0 0 0 0 0 0 0 0 0 0 0 0 0 0 -14 -1 -13 -3 -11 -4 -9 -4 -7 -5 -4 -5 -1 -5 3 -5 7 -5 11 -6 15 -5 19 -6 22 -7 25 -8 27 -9 28 -11 29 -12 30 -14 30 -15 29 -15 27 -15 26 -15 24 -14 23 -13 21 -10 20 -8 ]
2025-05-20 15:38:45,CSI_DATA,STA,D8:B1:90:DB:E8:90,-31,11,1,6,0,0,1,0,0,0,1,-94,0,2,0,1484603610,0,110,0,0,1484.96,256,[110 96 6 0 -9 14 -10 14 -10 12 -11 12 -10 11 -9 10 -8 9 -7 8 -5 6 -3 3 -1 1 1 -3 3 -7 4 -11 5 -16 5 -19 6 -23 5 -27 4 -29 4 -31 3 -32 3 -32 3 -32 3 -31 5 -30 0 0 0 0 0 0 0 0 0 0 0 0 0 0 0 0 0 0 0 0 0 0 7 -12 8 -10 7 -9 7 -7 6 -5 6 -2 5 1 3 4 1 7 -1 11 -3 14 -5 18 -6 21 -5 24 -5 27 -5 28 -4 30 -3 30 -2 31 0 30 0 29 0 27 0 25 -1 23 -2 22 -4 20 ]
2025-05-20 15:38:47,CSI_DATA,STA,D8:B1:90:DB:E8:90,-30,11,1,6,0,0,1,0,0,0,1,-94,0,2,0,1487119068,0,110,0,0,1487.48,256,[110 96 6 0 -10 19 -10 19 -9 19 -8 19 -8 19 -8 19 -7 19 -7 20 -7 20 -6 20 -6 20 -6 21 -6 21 -6 21 -6 21 -6 20 -6 20 -6 20 -6 19 -7 19 -7 19 -8 18 -9 18 -9 17 -10 17 0 0 0 0 0 0 0 0 0 0 0 0 0 0 0 0 0 0 0 0 0 0 -9 15 -10 14 -11 15 -11 14 -12 14 -12 14 -13 15 -14 15 -14 15 -14 15 -14 14 -15 14 -14 14 -14 14 -14 14 -14 15 -14 15 -13 16 -12 15 -12 16 -12 17 -12 17 -12 18 -11 18 -11 19 -11 19 ]
2025-05-20 15:38:48,CSI_DATA,STA,D8:B1:90:DB:E8:90,-30,11,1,7,0,0,1,0,0,0,1,-94,0,2,0,1487609238,0,110,0,0,1487.97,256,[110 96 6 0 -14 -18 -14 -18 -14 -17 -14 -17 -14 -17 -15 -16 -15 -16 -15 -15 -15 -15 -15 -15 -16 -15 -16 -14 -16 -14 -17 -14 -16 -14 -16 -15 -16 -14 -15 -15 -15 -15 -15 -15 -14 -15 -13 -15 -13 -15 -12 -16 -11 -17 0 0 0 0 0 0 0 0 0 0 0 0 0 0 0 0 0 0 0 0 0 0 -12 -13 -11 -14 -11 -15 -11 -16 -10 -16 -10 -16 -10 -17 -9 -18 -10 -18 -9 -18 -9 -18 -9 -18 -9 -19 -9 -19 -9 -18 -10 -18 -10 -18 -10 -18 -
2025-05-20 15:38:50,CSI_DATA,STA,D8:B1:90:DB:E8:90,-30,11,1,7,0,0,1,0,0,0,1,-94,0,2,0,1489615820,0,110,0,0,1489.97,256,[110 96 6 0 -10 15 -11 14 -11 13 -11 11 -10 10 -10 9 -9 8 -8 7 -6 5 -4 2 -2 -1 0 -4 2 -8 3 -12 4 -16 5 -19 5 -23 5 -26 5 -28 4 -30 4 -31 3 -32 3 -31 4 -31 5 -29 0 0 0 0 0 0 0 0 0 0 0 0 0 0 0 0 0 0 0 0 0 0 9 -9 9 -8 9 -6 8 -5 7 -3 6 0 4 2 2 4 -1 7 -4 11 -6 13 -8 17 -10 20 -11 23 -11 25 -11 28 -10 29 -9 31 -8 31 -6 31 -6 31 -5 29 -4 28 -4 25 -5 23 -6 21 ]
2025-05-20 15:38:52,CSI_DATA,STA,D8:B1:90:DB:E8:90,-30,11,1,6,0,0,1,0,0,0,1,-94,0,2,0,1492140134,0,110,0,0,1492.5,256,[110 96 6 0 17 -6 17 -4 17 -3 16 -2 15 -2 13 -2 12 -2 9 -2 7 -2 3 -1 0 1 -4 3 -7 5 -9 8 -12 11 -15 15 -16 17 -17 20 -18 23 -18 25 -18 26 -17 26 -17 26 -17 26 -17 24 0 0 0 0 0 0 0 0 0 0 0 0 0 0 0 0 0 0 0 0 0 0 -15 -4 -13 -5 -11 -6 -9 -7 -7 -7 -5 -7 -1 -7 2 -7 6 -6 10 -7 14 -7 17 -8 20 -9 24 -10 25 -12 26 -13 27 -15 27 -16 26 -18 25 -18 24 -19 23 -18 22 -18 20 -16 20 -14 19 -12 ]
2025-05-20 15:38:54,CSI_DATA,STA,D8:B1:90:DB:E8:90,-31,11,1,6,0,0,1,0,0,0,1,-94,0,2,0,1493125819,0,110,0,0,1493.48,256,[110 96 6 0 -17 -20 -17 -20 -17 -20 -17 -18 -18 -18 -18 -17 -18 -17 -19 -17 -19 -18 -19 -17 -20 -17 -19 -17 -19 -17 -20 -17 -19 -17 -19 -17 -18 -16 -18 -16 -18 -17 -18 -18 -17 -18 -17 -18 -15 -18 -15 -19 -13 -20 0 0 0 0 0 0 0 0 0 0 0 0 0 0 0 0 0 0 0 0 0 0 -14 -15 -13 -16 -13 -18 -12 -18 -12 -20 -12 -19 -12 -19 -12 -20 -11 -21 -11 -21 -11 -22 -11 -22 -11 -23 -10 -22 -11 -22 -11 -22 -12 -21 -1
2025-05-20 15:38:55,CSI_DATA,STA,D8:B1:90:DB:E8:90,-30,11,1,7,0,0,1,0,0,0,1,-94,0,2,0,1495130122,0,110,0,0,1495.49,256,[110 96 6 0 -19 14 -19 14 -18 15 -18 15 -18 15 -17 16 -17 16 -16 17 -16 17 -16 17 -16 17 -16 17 -15 17 -16 18 -15 18 -16 17 -15 16 -16 16 -15 16 -16 16 -17 15 -17 15 -17 14 -18 13 -18 12 0 0 0 0 0 0 0 0 0 0 0 0 0 0 0 0 0 0 0 0 0 0 -16 12 -16 11 -17 11 -17 10 -18 10 -19 10 -20 10 -20 10 -20 10 -21 10 -21 9 -22 9 -21 9 -21 9 -21 9 -21 9 -21 10 -21 11 -20 11 -20 12 -20 13 -20 12 -20 13 -20 13 -
2025-05-20 15:38:56,CSI_DATA,STA,D8:B1:90:DB:E8:90,-30,11,1,7,0,0,1,0,0,0,1,-94,0,2,0,1495632864,0,110,0,0,1495.99,256,[110 96 6 0 -17 -11 -15 -13 -13 -12 -13 -13 -11 -12 -11 -11 -9 -10 -8 -8 -6 -6 -3 -4 0 -3 3 -1 7 1 11 2 15 3 19 4 23 4 26 3 28 3 30 2 31 2 30 1 30 2 30 2 29 3 0 0 0 0 0 0 0 0 0 0 0 0 0 0 0 0 0 0 0 0 0 0 8 11 6 11 4 11 2 10 1 8 -1 6 -3 4 -5 1 -8 -2 -11 -4 -15 -7 -17 -10 -20 -11 -23 -13 -27 -14 -28 -13 -31 -13 -32 -12 -34 -10 -33 -9 -33 -8 -32 -7 -30 -6 -28 -7 -25 -7 -23 -8 ]
2025-05-20 15:38:57,CSI_DATA,STA,D8:B1:90:DB:E8:90,-30,11,1,6,0,0,1,0,0,0,1,-94,0,2,0,1496638454,0,110,0,0,1496.99,256,[110 96 6 0 -5 16 -6 15 -7 14 -7 14 -7 13 -7 12 -6 10 -5 8 -4 6 -3 3 -1 1 0 -3 0 -7 1 -11 1 -15 0 -19 -1 -22 -2 -25 -2 -27 -3 -29 -4 -29 -4 -30 -4 -30 -4 -29 -2 -28 0 0 0 0 0 0 0 0 0 0 0 0 0 0 0 0 0 0 0 0 0 0 5 -11 6 -10 6 -9 6 -7 6 -5 5 -2 4 1 3 4 1 7 0 10 -1 14 -2 18 -3 21 -3 24 -2 26 -2 28 0 29 1 30 3 30 4 30 4 29 4 28 4 26 4 24 2 23 0 21 ]
2025-05-20 15:39:06,CSI_DATA,STA,D8:B1:90:DB:E8:90,-30,11,1,6,0,0,1,0,0,0,1,-94,0,2,0,1506174728,0,110,0,0,1506.53,256,[110 96 6 0 21 -1 21 -1 21 -2 21 -2 20 -3 20 -3 20 -4 20 -4 19 -5 19 -5 19 -5 19 -5 19 -5 19 -5 19 -5 19 -5 19 -5 19 -5 19 -5 19 -4 19 -4 18 -3 18 -3 18 -1 18 0 0 0 0 0 0 0 0 0 0 0 0 0 0 0 0 0 0 0 0 0 0 0 17 -2 17 -1 17 0 18 1 17 1 18 1 18 2 18 2 19 2 18 3 19 3 19 3 19 4 19 3 19 3 19 3 19 2 19 2 20 2 20 1 20 1 21 1 20 0 21 0 21 0 21 -1 ]
2025-05-20 15:39:07,CSI_DATA,STA,D8:B1:90:DB:E8:90,-30,11,1,7,0,0,1,0,0,0,1,-94,0,2,0,1506677004,0,110,0,0,1507.03,256,[110 96 6 0 -19 -14 -19 -13 -18 -12 -18 -13 -19 -12 -18 -12 -18 -11 -19 -11 -19 -10 -19 -10 -20 -10 -20 -10 -20 -9 -20 -9 -20 -9 -19 -9 -19 -9 -19 -10 -18 -10 -18 -10 -17 -10 -17 -11 -17 -11 -16 -12 -16 -13 0 0 0 0 0 0 0 0 0 0 0 0 0 0 0 0 0 0 0 0 0 0 -16 -10 -15 -11 -14 -12 -14 -12 -14 -13 -14 -13 -14 -14 -14 -15 -14 -15 -14 -16 -14 -15 -13 -16 -14 -16 -14 -16 -14 -16 -15 -15 -15 -15 -15 -15
2025-05-20 15:39:07,CSI_DATA,STA,D8:B1:90:DB:E8:90,-30,11,1,7,0,0,1,0,0,0,1,-94,0,2,0,1507177299,0,110,0,0,1507.53,256,[110 96 6 0 11 -26 11 -25 11 -26 9 -23 8 -24 8 -24 7 -24 7 -24 7 -25 6 -25 6 -25 5 -25 5 -25 6 -25 6 -25 6 -26 7 -25 7 -25 7 -24 8 -24 8 -24 8 -23 9 -22 10 -22 12 -21 0 0 0 0 0 0 0 0 0 0 0 0 0 0 0 0 0 0 0 0 0 0 9 -20 10 -19 11 -19 11 -19 12 -19 13 -19 13 -19 14 -19 14 -19 14 -19 16 -19 15 -19 15 -19 15 -19 14 -20 15 -20 14 -20 15 -21 13 -21 13 -21 12 -22 13 -23 12 -23 12 -23 12 -24 13 -25 ]
2025-05-20 15:39:15,CSI_DATA,STA,D8:B1:90:DB:E8:90,-30,11,1,7,0,0,1,1,0,0,1,-94,0,2,0,1514196793,0,110,0,0,1514.55,256,[110 96 6 0 21 -8 22 -8 21 -9 20 -9 20 -10 20 -10 19 -10 20 -11 20 -12 20 -12 19 -12 19 -11 19 -12 19 -12 19 -12 20 -12 20 -12 20 -11 20 -11 20 -10 21 -9 21 -9 21 -8 20 -6 20 -5 0 0 0 0 0 0 0 0 0 0 0 0 0 0 0 0 0 0 0 0 0 0 17 -7 18 -6 18 -6 19 -5 19 -4 20 -4 20 -4 20 -4 21 -3 21 -3 22 -3 22 -3 22 -2 22 -2 21 -2 21 -3 21 -3 22 -4 21 -4 21 -5 21 -6 22 -6 22 -6 22 -6 22 -7 23 -8 ]
2025-05-20 15:39:17,CSI_DATA,STA,D8:B1:90:DB:E8:90,-30,11,1,7,0,0,1,1,0,0,1,-94,0,2,0,1516204452,0,110,0,0,1516.56,256,[110 96 6 0 -3 23 -2 24 -2 23 -1 23 0 23 0 23 1 23 1 23 1 22 2 23 3 23 2 23 2 23 2 23 2 23 3 23 2 23 2 23 1 23 1 22 0 22 -1 22 -1 22 -2 21 -3 21 0 0 0 0 0 0 0 0 0 0 0 0 0 0 0 0 0 0 0 0 0 0 -2 20 -3 20 -4 19 -5 19 -5 20 -6 20 -7 20 -8 21 -8 21 -8 21 -9 21 -9 21 -8 21 -8 21 -8 20 -8 20 -8 21 -7 20 -6 21 -6 21 -5 22 -5 22 -4 22 -3 22 -4 23 -3 24 ]
2025-05-20 15:39:17,CSI_DATA,STA,D8:B1:90:DB:E8:90,-30,11,1,7,0,0,1,1,0,0,1,-94,0,2,0,1516705809,0,110,0,0,1517.06,256,[110 96 6 0 1 23 2 22 2 22 3 22 4 22 4 22 5 22 5 22 5 22 6 22 6 22 6 22 6 22 6 22 6 22 6 23 6 22 5 22 5 22 4 22 4 21 2 21 2 21 1 22 0 22 0 0 0 0 0 0 0 0 0 0 0 0 0 0 0 0 0 0 0 0 0 0 2 19 1 19 -1 20 -1 20 -2 20 -3 20 -2 21 -3 21 -4 21 -4 22 -4 22 -4 22 -4 22 -4 22 -4 21 -4 22 -3 21 -3 22 -1 21 -1 22 0 22 0 23 0 23 1 23 1 23 1 24 ]
2025-05-20 15:39:22,CSI_DATA,STA,D8:B1:90:DB:E8:90,-30,11,1,7,0,0,1,1,0,0,1,-94,0,2,0,1522220820,0,110,0,0,1522.58,256,[110 96 6 0 -25 5 -24 5 -24 6 -24 7 -23 7 -24 8 -23 8 -23 8 -22 9 -22 9 -22 9 -23 9 -23 9 -23 9 -23 9 -24 9 -23 9 -23 8 -23 8 -22 7 -22 6 -22 5 -22 5 -23 4 -24 2 0 0 0 0 0 0 0 0 0 0 0 0 0 0 0 0 0 0 0 0 0 0 -20 4 -20 3 -20 2 -20 1 -21 0 -21 0 -22 0 -22 0 -23 0 -23 -1 -23 -1 -24 -1 -24 -2 -23 -2 -23 -1 -23 -1 -23 0 -23 1 -22 1 -23 1 -23 2 -24 3 -23 4 -23 4 -24 4 -24 5 ]
2025-05-20 15:39:26,CSI_DATA,STA,D8:B1:90:DB:E8:90,-31,11,1,7,0,0,1,1,0,0,1,-94,0,2,0,1525225519,0,110,0,0,1525.58,256,[110 96 6 0 -23 1 -23 1 -23 2 -23 1 -23 2 -23 2 -22 3 -22 3 -22 3 -22 4 -22 4 -22 5 -22 5 -22 5 -22 5 -23 5 -22 4 -22 3 -22 3 -22 3 -22 2 -21 2 -21 1 -21 0 -21 -2 0 0 0 0 0 0 0 0 0 0 0 0 0 0 0 0 0 0 0 0 0 0 -19 2 -19 0 -19 -1 -19 -2 -20 -2 -20 -2 -20 -3 -20 -3 -21 -3 -21 -4 -21 -4 -21 -5 -21 -5 -21 -5 -21 -4 -21 -4 -21 -3 -21 -3 -21 -3 -21 -2 -22 -2 -22 -1 -22 0 -23 -1 -23 0 -23 0 ]
2025-05-20 15:39:29,CSI_DATA,STA,D8:B1:90:DB:E8:90,-31,11,1,7,0,0,1,1,0,0,1,-94,0,2,0,1528259563,0,110,0,0,1528.62,256,[110 96 6 0 -14 -19 -14 -19 -14 -18 -15 -18 -16 -18 -16 -17 -16 -17 -15 -16 -16 -16 -17 -16 -17 -15 -17 -16 -18 -16 -17 -16 -17 -16 -17 -17 -17 -17 -17 -17 -16 -17 -15 -17 -15 -18 -14 -18 -13 -18 -13 -18 -11 -19 0 0 0 0 0 0 0 0 0 0 0 0 0 0 0 0 0 0 0 0 0 0 -11 -14 -10 -16 -10 -17 -9 -18 -9 -18 -9 -18 -9 -19 -9 -19 -8 -19 -8 -20 -8 -20 -8 -20 -8 -20 -8 -20 -8 -20 -8 -19 -9 -19 -9 -19 -10 -20 -
2025-05-20 15:39:32,CSI_DATA,STA,D8:B1:90:DB:E8:90,-30,11,1,7,0,0,1,1,0,0,1,-94,0,2,0,1531249782,0,110,0,0,1531.61,256,[110 96 6 0 -22 8 -22 8 -21 9 -21 8 -20 9 -20 9 -20 10 -21 10 -20 11 -20 11 -20 11 -20 11 -20 11 -20 11 -21 11 -21 11 -21 11 -21 10 -20 10 -20 9 -20 9 -20 8 -20 8 -21 7 -21 5 0 0 0 0 0 0 0 0 0 0 0 0 0 0 0 0 0 0 0 0 0 0 -18 6 -19 5 -19 4 -19 3 -20 3 -21 3 -21 2 -21 2 -21 2 -21 1 -22 1 -22 1 -22 1 -22 2 -22 2 -22 2 -22 3 -22 3 -21 4 -21 4 -21 5 -21 5 -21 6 -21 6 -21 7 -22 7 ]
2025-05-20 15:39:33,CSI_DATA,STA,D8:B1:90:DB:E8:90,-30,11,1,7,0,0,1,1,0,0,1,-94,0,2,0,1532261794,0,110,0,0,1532.62,256,[110 96 6 0 -27 0 -26 0 -26 1 -25 1 -25 2 -25 2 -25 3 -26 3 -26 4 -26 4 -26 4 -26 5 -26 5 -26 5 -26 4 -26 5 -26 5 -26 4 -26 3 -26 2 -26 1 -25 1 -25 0 -24 -1 -24 -3 0 0 0 0 0 0 0 0 0 0 0 0 0 0 0 0 0 0 0 0 0 0 -21 -1 -21 -2 -21 -4 -21 -4 -22 -5 -22 -5 -22 -5 -23 -6 -23 -6 -23 -6 -23 -6 -24 -6 -23 -7 -23 -6 -23 -6 -23 -6 -24 -5 -23 -4 -24 -4 -24 -4 -25 -3 -25 -3 -25 -1 -26 -1 -26 -1 -26 0 ]
2025-05-20 15:39:33,CSI_DATA,STA,D8:B1:90:DB:E8:90,-30,11,1,7,0,0,1,1,0,0,1,-94,0,2,0,1532768493,0,110,0,0,1533.12,256,[110 96 6 0 -18 13 -18 14 -17 14 -17 14 -17 15 -16 15 -16 15 -16 16 -15 16 -15 16 -15 17 -15 17 -14 17 -14 17 -15 18 -15 18 -15 18 -16 17 -16 16 -16 16 -16 15 -16 14 -17 14 -17 13 -18 12 0 0 0 0 0 0 0 0 0 0 0 0 0 0 0 0 0 0 0 0 0 0 -16 10 -17 10 -17 8 -18 8 -18 7 -19 7 -20 7 -20 7 -20 7 -20 7 -20 7 -21 7 -20 7 -20 7 -20 7 -20 7 -20 8 -20 9 -20 9 -19 9 -19 10 -19 10 -19 11 -19 12 -19 12 -19 13
2025-05-20 15:39:34,CSI_DATA,STA,D8:B1:90:DB:E8:90,-30,11,1,7,0,0,1,1,0,0,1,-94,0,2,0,1533272600,0,110,0,0,1533.63,256,[110 96 6 0 -20 -5 -21 -5 -20 -4 -21 -4 -21 -3 -21 -3 -21 -3 -20 -2 -20 -2 -20 -2 -20 -1 -21 -1 -21 -1 -21 -1 -22 -1 -21 -1 -20 -2 -21 -2 -20 -2 -20 -3 -20 -3 -19 -4 -19 -5 -19 -6 -18 -7 0 0 0 0 0 0 0 0 0 0 0 0 0 0 0 0 0 0 0 0 0 0 -17 -4 -17 -5 -17 -6 -17 -7 -17 -7 -17 -7 -17 -8 -17 -8 -18 -8 -17 -9 -18 -10 -18 -10 -18 -10 -18 -10 -17 -9 -18 -9 -18 -9 -18 -8 -18 -8 -19 -7 -19 -7 -19 -7 -20 -
2025-05-20 15:39:36,CSI_DATA,STA,D8:B1:90:DB:E8:90,-39,11,1,7,0,0,1,1,0,0,1,-94,0,2,0,1535270241,0,110,0,0,1535.63,256,[110 96 6 0 11 -16 11 -16 11 -17 10 -17 10 -17 9 -17 8 -17 8 -17 8 -17 8 -18 7 -18 6 -17 6 -18 7 -18 6 -18 7 -18 7 -18 7 -18 7 -17 7 -17 7 -16 8 -16 8 -16 9 -15 9 -15 0 0 0 0 0 0 0 0 0 0 0 0 0 0 0 0 0 0 0 0 0 0 11 -17 12 -16 13 -16 13 -15 14 -15 15 -14 15 -15 16 -14 16 -14 16 -14 17 -13 17 -13 16 -13 16 -13 15 -13 16 -14 14 -13 15 -13 14 -14 14 -15 13 -15 13 -15 14 -15 13 -15 13 -16 13 -16 ]
2025-05-20 15:39:37,CSI_DATA,STA,D8:B1:90:DB:E8:90,-30,11,1,7,0,0,1,1,0,0,1,-94,0,2,0,1536268094,0,110,0,0,1536.62,256,[110 96 6 0 22 8 22 8 22 7 22 6 21 6 22 5 22 5 23 4 22 3 23 3 23 3 23 3 23 3 23 2 23 3 24 3 23 3 23 4 23 4 21 4 21 4 20 5 21 6 21 8 20 9 0 0 0 0 0 0 0 0 0 0 0 0 0 0 0 0 0 0 0 0 0 0 18 7 18 8 17 9 17 10 17 10 17 10 17 11 17 11 17 12 18 12 18 12 17 12 17 12 17 12 18 12 18 12 18 11 18 11 19 11 19 10 20 10 20 10 21 9 21 9 21 9 21 8 ]
2025-05-20 15:39:37,CSI_DATA,STA,D8:B1:90:DB:E8:90,-31,11,1,7,0,0,1,1,0,0,1,-94,0,2,0,1536769493,0,110,0,0,1537.13,256,[110 96 6 0 -8 24 -8 25 -7 24 -7 24 -6 24 -6 24 -5 24 -4 24 -4 23 -4 24 -3 24 -3 25 -2 25 -3 25 -3 26 -3 25 -3 25 -4 25 -4 24 -4 24 -4 24 -5 23 -7 23 -8 22 -9 21 0 0 0 0 0 0 0 0 0 0 0 0 0 0 0 0 0 0 0 0 0 0 -8 19 -9 19 -10 19 -10 19 -11 19 -12 19 -12 19 -12 19 -13 19 -13 18 -15 19 -14 19 -14 19 -13 20 -13 19 -13 19 -13 20 -12 20 -12 20 -11 21 -11 21 -10 22 -10 22 -10 22 -10 23 -10 24 ]
2025-05-20 15:39:39,CSI_DATA,STA,D8:B1:90:DB:E8:90,-30,11,1,7,0,0,1,0,0,0,0,-94,0,2,0,1538283420,0,110,0,0,1538.64,256,[110 96 6 0 -2 -26 -2 -26 -2 -25 -3 -26 -3 -26 -4 -26 -5 -25 -4 -25 -4 -25 -5 -25 -6 -25 -6 -25 -6 -25 -6 -25 -6 -25 -6 -26 -5 -25 -5 -25 -4 -25 -4 -25 -4 -25 -3 -24 -2 -24 -1 -25 1 -25 0 0 0 0 0 0 0 0 0 0 0 0 0 0 0 0 0 0 0 0 0 0 -1 -22 0 -22 1 -22 2 -22 3 -22 4 -22 4 -22 5 -23 5 -23 5 -23 5 -24 6 -24 5 -23 5 -24 4 -24 4 -23 4 -24 4 -24 2 -24 2 -23 1 -24 1 -25 0 -25 -1 -26 0 -26 0 -25 ]
2025-05-20 15:39:40,CSI_DATA,STA,D8:B1:90:DB:E8:90,-30,11,1,6,0,0,1,0,0,0,1,-94,0,2,0,1539312017,0,110,0,0,1539.67,256,[110 96 6 0 -17 13 -17 13 -17 14 -16 12 -16 13 -15 13 -15 13 -15 15 -15 15 -15 15 -15 15 -14 15 -14 15 -14 15 -14 15 -14 15 -15 15 -15 15 -15 14 -16 14 -15 13 -16 12 -16 12 -17 11 -17 10 0 0 0 0 0 0 0 0 0 0 0 0 0 0 0 0 0 0 0 0 0 0 -14 10 -14 9 -15 9 -16 9 -16 8 -17 8 -17 8 -17 8 -18 8 -18 8 -18 7 -18 7 -18 7 -18 7 -18 7 -18 8 -18 8 -18 9 -17 9 -17 9 -18 10 -18 10 -18 11 -17 11 -17 11 -17 12
2025-05-20 15:39:40,CSI_DATA,STA,D8:B1:90:DB:E8:90,-30,11,1,6,0,0,1,0,0,0,1,-94,0,2,0,1539785466,0,110,0,0,1540.14,256,[110 96 6 0 15 8 14 9 13 9 12 10 11 9 10 8 9 7 7 5 5 3 2 1 0 0 -4 -2 -8 -4 -11 -5 -16 -5 -19 -6 -23 -7 -26 -6 -28 -6 -30 -5 -31 -5 -31 -5 -31 -5 -30 -5 -29 -6 0 0 0 0 0 0 0 0 0 0 0 0 0 0 0 0 0 0 0 0 0 0 -9 -8 -7 -9 -6 -9 -4 -9 -2 -8 0 -5 2 -4 5 -2 7 1 10 3 13 5 16 7 18 8 21 9 23 9 25 9 27 8 28 8 29 7 28 6 28 5 27 4 25 4 24 4 22 5 20 6 ]
2025-05-20 15:39:41,CSI_DATA,STA,D8:B1:90:DB:E8:90,-30,11,1,7,0,0,1,1,0,0,1,-94,0,2,0,1540284302,0,110,0,0,1540.64,256,[110 96 6 0 15 -17 15 -18 15 -19 14 -18 14 -18 14 -19 13 -19 14 -19 13 -20 12 -20 12 -20 12 -21 12 -20 12 -21 12 -21 12 -20 12 -20 13 -19 13 -19 13 -18 14 -18 14 -17 14 -17 14 -16 16 -15 0 0 0 0 0 0 0 0 0 0 0 0 0 0 0 0 0 0 0 0 0 0 13 -15 14 -13 15 -14 15 -13 16 -13 16 -12 16 -12 17 -12 18 -12 18 -12 18 -12 18 -12 18 -11 18 -12 18 -11 18 -12 17 -12 18 -13 17 -14 17 -13 17 -14 17 -15 17 -16 16
2025-05-20 15:39:41,CSI_DATA,STA,D8:B1:90:DB:E8:90,-30,11,1,5,0,0,1,0,0,0,1,-94,0,2,0,1540784038,0,110,0,0,1541.14,256,[110 96 6 0 13 -16 14 -17 13 -17 13 -17 12 -17 12 -17 11 -18 12 -18 11 -18 11 -19 10 -19 10 -18 10 -19 10 -18 11 -19 10 -18 11 -18 11 -18 11 -18 12 -17 12 -17 12 -16 12 -16 13 -15 14 -14 0 0 0 0 0 0 0 0 0 0 0 0 0 0 0 0 0 0 0 0 0 0 12 -13 13 -13 13 -12 14 -12 14 -11 15 -12 15 -11 16 -11 16 -11 16 -11 17 -11 17 -11 17 -10 17 -11 16 -11 16 -11 16 -12 15 -12 15 -13 15 -13 15 -13 14 -14 14 -14 14
2025-05-20 15:39:44,CSI_DATA,STA,D8:B1:90:DB:E8:90,-30,11,1,7,0,0,1,0,0,0,0,-94,0,2,0,1543300390,0,110,0,0,1543.66,256,[110 96 6 0 -19 -15 -19 -15 -19 -13 -19 -13 -20 -12 -20 -12 -20 -11 -20 -11 -20 -11 -20 -10 -21 -10 -21 -10 -21 -10 -21 -10 -21 -10 -21 -10 -21 -10 -21 -10 -20 -11 -20 -11 -19 -11 -19 -11 -18 -12 -17 -13 -16 -14 0 0 0 0 0 0 0 0 0 0 0 0 0 0 0 0 0 0 0 0 0 0 -15 -13 -15 -14 -13 -15 -13 -15 -13 -16 -13 -16 -13 -16 -13 -17 -13 -17 -13 -17 -12 -18 -12 -18 -12 -18 -12 -18 -13 -17 -13 -17 -14 -17 -1
2025-05-20 15:39:44,CSI_DATA,STA,D8:B1:90:DB:E8:90,-30,11,1,3,0,0,1,0,0,0,0,-94,0,2,0,1543814373,0,110,0,0,1544.17,256,[110 96 6 0 11 16 9 16 8 16 8 16 7 15 6 13 6 11 5 9 3 6 1 4 -1 1 -4 -2 -8 -5 -11 -7 -16 -9 -19 -11 -23 -12 -26 -13 -29 -13 -31 -13 -33 -12 -32 -12 -32 -12 -32 -12 -30 -13 0 0 0 0 0 0 0 0 0 0 0 0 0 0 0 0 0 0 0 0 0 0 -3 -14 -1 -14 1 -13 2 -11 3 -9 4 -6 5 -3 6 1 7 4 8 8 10 12 11 15 13 18 15 20 18 22 19 22 21 23 23 22 25 22 25 20 25 19 25 17 23 17 22 16 20 16 17 16 ]
2025-05-20 15:39:47,CSI_DATA,STA,D8:B1:90:DB:E8:90,-30,11,1,7,0,0,1,0,0,0,0,-94,0,2,0,1546300435,0,110,0,0,1546.66,256,[110 96 6 0 -11 20 -10 20 -10 20 -10 21 -9 21 -9 21 -8 21 -8 21 -8 21 -7 21 -6 21 -8 22 -7 22 -7 23 -8 22 -8 22 -8 22 -8 21 -9 21 -9 20 -9 20 -10 20 -10 19 -11 19 -12 18 0 0 0 0 0 0 0 0 0 0 0 0 0 0 0 0 0 0 0 0 0 0 -10 16 -11 15 -12 15 -13 15 -13 15 -14 14 -14 15 -15 15 -15 15 -15 15 -16 15 -16 15 -16 15 -15 15 -15 15 -15 15 -15 15 -14 16 -14 16 -13 17 -13 17 -13 18 -12 18 -12 19 -12 19 -12 2
2025-05-20 15:39:47,CSI_DATA,STA,D8:B1:90:DB:E8:90,-30,11,1,6,0,0,1,0,0,0,1,-94,0,2,0,1546800429,0,110,0,0,1547.16,256,[110 96 6 0 -15 18 -15 19 -14 18 -13 19 -13 19 -13 19 -12 19 -12 20 -12 20 -11 20 -11 21 -11 21 -11 21 -11 20 -11 21 -11 20 -11 20 -12 20 -12 19 -13 19 -13 18 -13 17 -13 17 -14 17 -15 15 0 0 0 0 0 0 0 0 0 0 0 0 0 0 0 0 0 0 0 0 0 0 -12 15 -14 15 -14 14 -15 14 -15 13 -16 13 -17 13 -18 13 -18 13 -18 13 -18 13 -18 14 -18 14 -18 14 -18 13 -18 13 -17 14 -17 14 -16 15 -16 15 -16 16 -15 16 -15 17 -1
2025-05-20 15:39:48,CSI_DATA,STA,D8:B1:90:DB:E8:90,-30,11,1,6,0,0,1,0,0,0,1,-94,0,2,0,1547300365,0,110,0,0,1547.66,256,[110 96 6 0 17 11 17 11 18 10 17 10 17 10 17 9 17 9 18 8 18 8 18 8 18 8 18 7 19 7 19 7 19 7 19 7 19 8 18 8 18 8 17 8 17 8 16 9 16 9 15 10 14 11 0 0 0 0 0 0 0 0 0 0 0 0 0 0 0 0 0 0 0 0 0 0 14 9 13 10 12 11 12 12 12 12 12 13 12 13 13 13 13 14 12 14 11 14 11 14 11 14 12 14 12 14 12 14 13 13 13 13 13 13 14 13 15 12 15 12 15 12 16 12 16 12 16 12 ]
2025-05-20 15:39:48,CSI_DATA,STA,D8:B1:90:DB:E8:90,-30,11,1,6,0,0,1,0,0,0,1,-94,0,2,0,1547803458,0,110,0,0,1548.16,256,[110 96 6 0 -25 -12 -22 -9 -24 -10 -23 -8 -27 -10 -23 -7 -26 -8 -24 -4 -27 -7 -24 -4 -29 -5 -24 -5 -28 -4 -24 -4 -28 -5 -24 -5 -27 -5 -22 -5 -27 -6 -23 -7 -26 -8 -22 -8 -26 -9 -21 -10 -24 -11 0 0 0 0 0 0 0 0 0 0 0 0 0 0 0 0 0 0 0 0 0 0 -19 -9 -21 -8 -18 -13 -20 -10 -18 -14 -21 -11 -19 -14 -22 -12 -19 -16 -22 -13 -19 -16 -20 -14 -19 -17 -20 -14 -19 -16 -23 -12 -20 -14 -23 -11 -22 -16 -21 -11
2025-05-20 15:39:49,CSI_DATA,STA,D8:B1:90:DB:E8:90,-30,11,1,6,0,0,1,0,0,0,1,-94,0,2,0,1548314786,0,110,0,0,1548.67,256,[110 96 6 0 15 4 14 5 14 5 13 6 13 6 12 6 10 5 8 4 6 2 3 1 0 1 -4 1 -7 1 -11 1 -15 2 -19 3 -22 5 -25 6 -26 8 -28 9 -28 10 -28 11 -28 11 -27 10 -26 9 0 0 0 0 0 0 0 0 0 0 0 0 0 0 0 0 0 0 0 0 0 0 -12 -8 -10 -9 -8 -9 -6 -9 -4 -8 -2 -7 0 -6 3 -5 6 -3 10 -2 13 0 17 1 20 1 22 1 25 0 26 0 27 -1 28 -3 29 -4 28 -5 27 -6 26 -6 24 -5 22 -5 21 -3 19 -2 ]
2025-05-20 15:39:54,CSI_DATA,STA,D8:B1:90:DB:E8:90,-30,11,1,7,0,0,1,0,0,0,1,-94,0,2,0,1553312162,0,110,0,0,1553.67,256,[110 96 6 0 -8 21 -8 22 -7 22 -7 21 -6 21 -6 21 -5 21 -5 21 -4 21 -4 22 -3 22 -4 23 -4 23 -4 23 -4 23 -4 23 -5 23 -6 22 -6 22 -6 21 -7 21 -7 20 -8 20 -8 19 -10 19 0 0 0 0 0 0 0 0 0 0 0 0 0 0 0 0 0 0 0 0 0 0 -6 19 -7 18 -8 18 -9 18 -9 18 -10 18 -11 18 -11 17 -12 18 -12 17 -13 19 -12 18 -12 18 -12 19 -12 18 -12 18 -12 19 -11 19 -11 19 -10 20 -10 20 -10 20 -9 21 -9 21 -9 21 -9 22 ]
2025-05-20 15:39:55,CSI_DATA,STA,D8:B1:90:DB:E8:90,-31,11,1,7,0,0,1,0,0,0,1,-94,0,2,0,1554819187,0,110,0,0,1555.18,256,[110 96 6 0 -22 -9 -22 -8 -21 -7 -21 -7 -21 -6 -21 -6 -21 -5 -22 -5 -22 -4 -22 -4 -22 -4 -22 -4 -22 -4 -22 -4 -23 -4 -22 -4 -21 -4 -21 -5 -21 -5 -22 -6 -21 -6 -21 -6 -20 -7 -20 -9 -20 -10 0 0 0 0 0 0 0 0 0 0 0 0 0 0 0 0 0 0 0 0 0 0 -19 -7 -18 -8 -17 -9 -18 -10 -17 -10 -18 -10 -18 -10 -18 -11 -18 -11 -18 -12 -18 -12 -18 -12 -18 -12 -18 -12 -18 -12 -19 -12 -19 -11 -19 -11 -19 -11 -19 -10 -20 -
2025-05-20 15:40:00,CSI_DATA,STA,D8:B1:90:DB:E8:90,-30,11,1,7,0,0,1,0,0,0,1,-94,0,2,0,1559834412,0,110,0,0,1560.19,256,[110 96 6 0 1 20 2 20 2 20 3 20 3 20 3 19 4 19 4 19 4 19 5 19 6 19 5 20 6 19 6 19 6 19 5 19 6 19 5 19 4 19 4 19 3 19 2 19 2 19 1 19 0 19 0 0 0 0 0 0 0 0 0 0 0 0 0 0 0 0 0 0 0 0 0 0 1 16 0 16 -1 17 -2 17 -2 17 -2 18 -2 18 -3 19 -3 18 -3 19 -4 19 -4 19 -4 19 -3 18 -3 19 -3 19 -3 19 -2 19 -1 19 -1 19 0 20 0 19 0 19 1 20 1 20 1 20 ]
2025-05-20 15:40:01,CSI_DATA,STA,D8:B1:90:DB:E8:90,-30,11,1,7,0,0,1,0,0,0,1,-94,0,2,0,1560840633,0,110,0,0,1561.2,256,[110 96 6 0 15 15 15 15 15 14 15 13 15 13 15 12 16 12 16 11 16 11 17 10 17 10 17 10 17 10 17 10 17 10 18 12 17 11 17 11 17 12 15 12 15 12 14 12 14 12 13 14 12 14 0 0 0 0 0 0 0 0 0 0 0 0 0 0 0 0 0 0 0 0 0 0 12 12 11 12 11 13 10 14 10 15 10 14 10 15 10 15 10 16 10 16 9 16 9 16 9 17 10 17 10 17 10 16 10 16 11 16 11 16 11 16 12 15 13 16 12 15 13 15 13 15 13 15 ]
2025-05-20 15:40:04,CSI_DATA,STA,D8:B1:90:DB:E8:90,-31,11,1,7,0,0,1,1,0,0,1,-94,0,2,0,1563359760,0,110,0,0,1563.72,256,[110 96 6 0 -3 24 -3 25 -2 24 -2 24 -2 24 -1 24 -1 24 0 25 0 25 1 25 2 25 1 25 1 25 1 25 0 26 0 26 0 25 -1 25 -2 25 -2 24 -3 24 -3 23 -3 23 -5 23 -6 22 0 0 0 0 0 0 0 0 0 0 0 0 0 0 0 0 0 0 0 0 0 0 -3 20 -4 19 -4 20 -5 20 -5 20 -6 20 -7 21 -8 20 -8 21 -8 21 -8 21 -9 22 -8 22 -8 22 -8 22 -9 21 -8 22 -7 22 -7 22 -6 22 -6 23 -6 24 -5 24 -4 24 -4 24 -5 25 ]
2025-05-20 15:40:05,CSI_DATA,STA,D8:B1:90:DB:E8:90,-30,11,1,7,0,0,1,1,0,0,1,-94,0,2,0,1564385901,0,110,0,0,1564.74,256,[110 96 6 0 -21 3 -21 4 -21 5 -21 4 -20 5 -20 5 -20 5 -20 7 -19 7 -19 7 -19 8 -20 7 -20 7 -20 8 -21 8 -21 8 -21 7 -21 7 -21 6 -20 6 -20 5 -20 5 -20 4 -20 3 -20 1 0 0 0 0 0 0 0 0 0 0 0 0 0 0 0 0 0 0 0 0 0 0 -18 3 -18 1 -18 0 -18 0 -18 -1 -19 -1 -20 -1 -20 -2 -20 -2 -20 -2 -20 -2 -20 -2 -20 -2 -20 -2 -20 -2 -20 -1 -20 -1 -19 0 -20 -1 -20 0 -20 0 -21 1 -20 2 -21 2 -21 2 -21 3 ]
2025-05-20 15:40:05,CSI_DATA,STA,D8:B1:90:DB:E8:90,-31,11,1,7,0,0,1,1,0,0,1,-94,0,2,0,1564877227,0,110,0,0,1565.23,256,[110 96 6 0 -14 -16 -15 -16 -14 -15 -15 -15 -15 -14 -16 -14 -15 -13 -16 -13 -16 -12 -16 -13 -17 -13 -17 -13 -18 -12 -17 -12 -17 -13 -17 -13 -17 -13 -17 -13 -16 -13 -16 -13 -16 -14 -15 -14 -14 -14 -12 -15 -12 -16 0 0 0 0 0 0 0 0 0 0 0 0 0 0 0 0 0 0 0 0 0 0 -10 -13 -10 -14 -9 -14 -9 -15 -9 -15 -9 -16 -9 -16 -9 -16 -8 -16 -8 -17 -8 -17 -8 -17 -8 -17 -8 -17 -9 -17 -9 -17 -10 -17 -10 -16 -11 -17
2025-05-20 15:40:06,CSI_DATA,STA,D8:B1:90:DB:E8:90,-31,11,1,7,0,0,1,1,0,0,1,-94,0,2,0,1565376818,0,110,0,0,1565.73,256,[110 96 6 0 1 -25 0 -25 0 -25 0 -25 -1 -25 -2 -25 -2 -24 -2 -25 -2 -25 -3 -25 -3 -25 -3 -25 -3 -25 -3 -25 -3 -25 -3 -26 -2 -26 -2 -25 -1 -25 -1 -25 -1 -24 0 -24 2 -24 2 -24 4 -24 0 0 0 0 0 0 0 0 0 0 0 0 0 0 0 0 0 0 0 0 0 0 1 -21 2 -21 3 -21 4 -21 4 -21 5 -21 6 -21 6 -22 7 -22 7 -22 8 -22 8 -23 7 -22 7 -22 7 -22 6 -23 6 -22 5 -23 5 -23 4 -23 4 -23 3 -24 3 -24 3 -24 3 -25 2 -25 ]
2025-05-20 15:40:06,CSI_DATA,STA,D8:B1:90:DB:E8:90,-30,11,1,7,0,0,1,1,0,0,1,-94,0,2,0,1565890842,0,110,0,0,1566.25,256,[110 96 6 0 -21 -5 -21 -5 -20 -4 -20 -4 -20 -3 -20 -3 -19 -2 -20 -2 -20 -1 -20 -1 -21 -1 -21 -1 -21 0 -21 0 -21 -1 -21 0 -21 -1 -21 -1 -20 -2 -20 -2 -20 -3 -20 -3 -20 -3 -19 -4 -19 -5 0 0 0 0 0 0 0 0 0 0 0 0 0 0 0 0 0 0 0 0 0 0 -17 -5 -17 -6 -16 -7 -16 -7 -16 -8 -17 -8 -16 -8 -16 -9 -17 -9 -17 -9 -17 -10 -17 -10 -17 -10 -17 -10 -17 -9 -17 -9 -18 -9 -18 -8 -18 -8 -18 -7 -18 -7 -19 -7 -19 -6 -
2025-05-20 15:40:08,CSI_DATA,STA,D8:B1:90:DB:E8:90,-30,11,1,7,0,0,1,1,0,0,1,-94,0,2,0,1567385141,0,110,0,0,1567.74,256,[110 96 6 0 -1 23 -1 24 -1 23 0 23 0 23 0 23 1 23 1 23 2 22 3 23 3 23 3 23 4 23 3 23 3 23 3 24 3 24 2 23 1 23 0 23 0 22 0 22 -1 22 -2 22 -3 21 0 0 0 0 0 0 0 0 0 0 0 0 0 0 0 0 0 0 0 0 0 0 -1 18 -2 18 -3 19 -4 19 -4 19 -5 19 -5 20 -6 20 -6 20 -6 20 -7 20 -7 20 -6 21 -6 20 -6 20 -6 20 -6 21 -5 20 -5 21 -4 21 -4 21 -3 22 -3 22 -2 22 -2 23 -2 23 ]
2025-05-20 15:40:08,CSI_DATA,STA,D8:B1:90:DB:E8:90,-31,11,1,7,0,0,1,1,0,0,1,-94,0,2,0,1567885276,0,110,0,0,1568.24,256,[110 96 6 0 15 -21 15 -21 15 -22 14 -21 13 -21 13 -21 12 -21 12 -22 11 -22 11 -23 10 -22 11 -23 11 -23 11 -24 12 -24 12 -23 12 -24 12 -23 13 -22 12 -21 13 -20 13 -19 14 -19 14 -18 16 -17 0 0 0 0 0 0 0 0 0 0 0 0 0 0 0 0 0 0 0 0 0 0 13 -17 14 -16 14 -15 15 -15 15 -15 16 -15 16 -14 17 -14 17 -14 17 -15 18 -14 18 -14 18 -14 18 -14 17 -15 17 -15 17 -15 17 -16 17 -16 16 -17 16 -17 17 -18 16 -18 16
2025-05-20 15:40:09,CSI_DATA,STA,D8:B1:90:DB:E8:90,-36,11,1,7,0,0,1,1,0,0,1,-94,0,2,0,1568385826,0,110,0,0,1568.74,256,[110 96 6 0 -14 21 -16 22 -15 21 6 25 6 25 5 24 4 25 -3 10 -4 9 -4 9 -4 10 7 -10 7 -9 7 -9 7 -9 8 -8 8 -8 8 -8 9 -7 9 -6 9 -6 9 -5 10 -4 10 -3 10 -3 0 0 0 0 0 0 0 0 0 0 0 0 0 0 0 0 0 0 0 0 0 0 -7 -9 -7 -10 -16 -7 -16 -8 -15 -9 -15 -10 -11 -4 -11 -5 -10 -5 -10 -6 11 10 10 11 10 11 9 11 25 17 24 17 24 18 23 19 20 18 20 17 20 18 20 19 10 14 9 14 9 15 -4 16 ]
2025-05-20 15:40:10,CSI_DATA,STA,D8:B1:90:DB:E8:90,-30,11,1,7,0,0,1,1,0,0,1,-94,0,2,0,1569396454,0,110,0,0,1569.75,256,[110 96 6 0 11 -18 11 -18 11 -18 11 -18 10 -18 10 -18 9 -18 9 -19 9 -19 9 -19 8 -19 8 -19 8 -20 8 -20 8 -20 9 -19 9 -19 9 -19 9 -18 9 -18 10 -17 10 -17 11 -16 11 -16 12 -15 0 0 0 0 0 0 0 0 0 0 0 0 0 0 0 0 0 0 0 0 0 0 10 -13 11 -13 11 -13 11 -13 12 -12 12 -12 13 -12 13 -12 14 -13 14 -12 15 -12 15 -12 14 -11 14 -12 14 -12 14 -13 13 -13 13 -13 13 -14 12 -15 12 -15 12 -15 13 -16 12 -16 13 -16 13
2025-05-20 15:40:10,CSI_DATA,STA,D8:B1:90:DB:E8:90,-30,11,1,7,0,0,1,1,0,0,1,-94,0,2,0,1569892208,0,110,0,0,1570.25,256,[110 96 6 0 3 20 4 20 4 20 5 20 5 20 5 19 5 19 5 19 6 19 6 19 6 19 7 18 7 18 7 18 7 19 7 19 6 19 6 19 6 19 5 19 5 19 4 19 3 19 2 19 1 19 0 0 0 0 0 0 0 0 0 0 0 0 0 0 0 0 0 0 0 0 0 0 2 16 1 16 0 17 0 16 0 17 -1 17 -1 17 -2 18 -2 18 -2 18 -3 18 -3 18 -3 18 -2 18 -2 19 -2 18 -2 18 -1 18 0 18 0 19 1 19 1 19 1 19 2 20 2 20 2 20 ]
2025-05-20 15:40:12,CSI_DATA,STA,D8:B1:90:DB:E8:90,-30,11,1,7,0,0,1,1,0,0,1,-94,0,2,0,1571392648,0,110,0,0,1571.75,256,[110 96 6 0 18 -10 18 -10 18 -11 17 -11 17 -11 17 -12 17 -12 17 -12 16 -13 16 -13 16 -14 16 -14 16 -14 16 -14 17 -14 17 -13 17 -13 17 -13 17 -13 17 -12 17 -11 17 -11 17 -10 17 -9 17 -8 0 0 0 0 0 0 0 0 0 0 0 0 0 0 0 0 0 0 0 0 0 0 15 -8 16 -7 16 -6 16 -6 17 -5 17 -5 18 -5 18 -5 18 -4 19 -4 18 -5 18 -4 18 -4 18 -4 18 -5 18 -5 18 -5 18 -6 18 -6 18 -6 18 -7 18 -7 18 -8 18 -8 18 -9 19 -10 ]
2025-05-20 15:40:14,CSI_DATA,STA,D8:B1:90:DB:E8:90,-30,11,1,7,0,0,1,1,0,0,1,-94,0,2,0,1573401531,0,110,0,0,1573.76,256,[110 96 6 0 12 16 13 16 13 15 13 16 14 16 14 15 14 15 15 14 15 14 15 14 16 13 16 13 16 13 16 13 16 13 16 13 16 13 15 13 15 14 14 14 14 14 13 14 13 14 12 15 11 16 0 0 0 0 0 0 0 0 0 0 0 0 0 0 0 0 0 0 0 0 0 0 10 14 9 15 8 15 8 16 8 16 7 16 7 17 7 17 7 18 7 19 6 18 7 18 7 18 7 18 7 18 7 18 7 17 8 17 9 18 10 18 10 18 11 18 11 17 11 17 12 17 12 17 ]
2025-05-20 15:40:15,CSI_DATA,STA,D8:B1:90:DB:E8:90,-30,11,1,7,0,0,1,1,0,0,1,-94,0,2,0,1574413175,0,110,0,0,1574.77,256,[110 96 6 0 -1 25 -1 25 0 25 0 24 0 24 1 24 1 24 2 24 3 24 3 24 4 24 4 25 4 25 4 25 4 25 3 25 3 26 3 25 2 25 1 25 0 24 -1 24 -1 24 -2 23 -4 23 0 0 0 0 0 0 0 0 0 0 0 0 0 0 0 0 0 0 0 0 0 0 -1 21 -2 20 -4 21 -5 21 -5 21 -6 21 -6 22 -7 22 -7 22 -7 22 -8 22 -8 22 -8 22 -7 23 -7 23 -7 22 -7 22 -6 23 -6 23 -5 23 -4 24 -4 24 -3 25 -3 25 -3 25 -3 26 ]
2025-05-20 15:40:15,CSI_DATA,STA,D8:B1:90:DB:E8:90,-30,11,1,7,0,0,1,1,0,0,1,-94,0,2,0,1574922094,0,110,0,0,1575.28,256,[110 96 6 0 19 -9 19 -10 19 -10 18 -10 18 -10 18 -11 17 -11 17 -12 17 -12 16 -13 16 -13 16 -13 17 -13 17 -13 17 -12 18 -12 17 -12 17 -11 17 -11 18 -11 18 -10 18 -9 18 -9 18 -7 18 -6 0 0 0 0 0 0 0 0 0 0 0 0 0 0 0 0 0 0 0 0 0 0 16 -9 16 -8 16 -7 16 -7 17 -6 17 -6 18 -5 18 -5 19 -5 19 -5 19 -5 19 -5 19 -4 19 -4 19 -4 19 -5 18 -5 19 -6 18 -6 18 -6 19 -7 19 -7 19 -8 19 -8 19 -9 19 -9 ]
2025-05-20 15:40:16,CSI_DATA,STA,D8:B1:90:DB:E8:90,-30,11,1,7,0,0,1,1,0,0,1,-94,0,2,0,1575919234,0,110,0,0,1576.28,256,[110 96 6 0 -23 4 -23 5 -22 6 -22 5 -22 6 -22 7 -21 7 -21 8 -21 8 -21 9 -21 9 -21 10 -21 10 -21 10 -21 10 -21 10 -22 9 -21 9 -21 9 -22 8 -22 7 -21 7 -22 6 -21 4 -21 3 0 0 0 0 0 0 0 0 0 0 0 0 0 0 0 0 0 0 0 0 0 0 -19 3 -20 2 -19 1 -20 0 -19 -1 -21 -1 -21 -1 -21 -1 -21 -1 -21 -2 -22 -2 -22 -2 -22 -2 -21 -2 -21 -1 -21 -1 -22 0 -22 0 -22 1 -22 1 -22 2 -23 2 -22 3 -23 3 -23 3 -23 4 ]
2025-05-20 15:40:19,CSI_DATA,STA,D8:B1:90:DB:E8:90,-29,11,1,7,0,0,1,1,0,0,1,-94,0,2,0,1578426744,0,110,0,0,1578.78,256,[110 96 6 0 7 19 8 19 8 19 9 19 9 19 9 19 10 18 10 18 10 18 11 17 11 17 11 17 11 17 11 17 11 17 11 17 10 17 10 17 10 17 9 17 9 17 8 17 7 17 7 18 6 18 0 0 0 0 0 0 0 0 0 0 0 0 0 0 0 0 0 0 0 0 0 0 7 15 6 15 6 16 5 17 5 17 4 17 4 18 4 18 4 19 4 19 3 19 3 19 4 19 4 19 4 19 4 19 4 18 5 18 5 18 5 18 6 19 7 19 7 19 7 19 8 19 7 19 ]
2025-05-20 15:40:19,CSI_DATA,STA,D8:B1:90:DB:E8:90,-30,11,1,7,0,0,1,1,0,0,1,-94,0,2,0,1578927703,0,110,0,0,1579.28,256,[110 96 6 0 15 -20 15 -20 15 -20 14 -19 14 -20 14 -21 13 -21 12 -21 12 -21 12 -22 11 -21 11 -22 11 -22 11 -22 11 -22 12 -21 12 -21 13 -21 13 -20 13 -20 14 -19 14 -19 15 -18 15 -17 16 -16 0 0 0 0 0 0 0 0 0 0 0 0 0 0 0 0 0 0 0 0 0 0 12 -17 13 -16 14 -16 14 -15 15 -15 16 -15 17 -15 17 -15 18 -15 18 -15 18 -16 18 -15 18 -15 18 -15 18 -15 18 -15 18 -15 17 -16 17 -16 17 -17 17 -18 17 -18 16 -19 16
2025-05-20 15:40:23,CSI_DATA,STA,D8:B1:90:DB:E8:90,-32,11,1,7,0,0,1,1,0,0,1,-94,0,2,0,1582935757,0,110,0,0,1583.29,256,[110 96 6 0 -22 -7 -22 -7 -22 -6 -21 -6 -21 -5 -21 -4 -21 -4 -21 -3 -21 -3 -21 -2 -21 -2 -23 -2 -22 -1 -22 -1 -23 -1 -22 -1 -22 -1 -22 -2 -22 -2 -22 -2 -22 -3 -21 -3 -21 -4 -20 -5 -20 -6 0 0 0 0 0 0 0 0 0 0 0 0 0 0 0 0 0 0 0 0 0 0 -19 -6 -18 -7 -18 -8 -18 -9 -18 -9 -18 -10 -17 -10 -17 -11 -18 -11 -17 -11 -18 -12 -18 -12 -18 -12 -18 -12 -18 -12 -18 -11 -18 -10 -18 -10 -19 -10 -19 -10 -19 -9 -
2025-05-20 15:40:24,CSI_DATA,STA,D8:B1:90:DB:E8:90,-31,11,1,7,0,0,1,1,0,0,1,-94,0,2,0,1583437117,0,110,0,0,1583.79,256,[110 96 6 0 18 -16 18 -16 18 -16 17 -15 17 -16 16 -16 16 -16 16 -17 15 -17 15 -18 15 -18 14 -18 14 -18 15 -18 15 -19 15 -18 16 -19 16 -18 16 -17 15 -17 16 -16 16 -15 16 -15 17 -14 18 -13 0 0 0 0 0 0 0 0 0 0 0 0 0 0 0 0 0 0 0 0 0 0 14 -14 15 -14 16 -13 17 -13 17 -12 18 -12 18 -11 19 -12 19 -11 19 -11 20 -11 20 -11 20 -11 20 -11 20 -10 19 -11 20 -11 19 -11 19 -13 19 -12 19 -13 19 -13 18 -14 18
2025-05-20 15:40:24,CSI_DATA,STA,D8:B1:90:DB:E8:90,-31,11,1,7,0,0,1,1,0,0,1,-94,0,2,0,1583935089,0,110,0,0,1584.29,256,[110 96 6 0 17 -19 17 -19 17 -19 16 -19 15 -19 15 -20 14 -20 14 -20 14 -21 13 -21 12 -21 12 -21 12 -21 12 -22 12 -21 13 -21 13 -21 13 -21 14 -20 13 -19 13 -19 14 -18 14 -18 15 -17 16 -16 0 0 0 0 0 0 0 0 0 0 0 0 0 0 0 0 0 0 0 0 0 0 12 -17 14 -16 14 -16 15 -16 15 -15 17 -15 17 -15 18 -15 18 -15 19 -15 19 -14 19 -14 19 -14 18 -14 19 -14 19 -15 19 -15 19 -15 18 -15 18 -15 18 -16 17 -16 18 -17 17
2025-05-20 15:40:25,CSI_DATA,STA,D8:B1:90:DB:E8:90,-29,11,1,7,0,0,1,1,0,0,1,-94,0,2,0,1584439603,0,110,0,0,1584.8,256,[110 96 6 0 21 -3 21 -3 21 -4 21 -4 21 -5 21 -5 21 -6 21 -6 20 -7 20 -7 20 -7 20 -7 20 -7 21 -8 20 -8 21 -7 20 -7 20 -7 20 -7 20 -6 20 -6 20 -5 20 -4 20 -3 20 -1 0 0 0 0 0 0 0 0 0 0 0 0 0 0 0 0 0 0 0 0 0 0 18 -2 18 -1 18 0 18 1 19 1 19 1 19 1 19 2 20 2 20 3 20 3 20 3 20 3 20 3 20 3 20 2 20 1 20 1 20 1 20 0 21 0 21 -1 22 -1 22 -1 22 -1 22 -2 ]
2025-05-20 15:40:25,CSI_DATA,STA,D8:B1:90:DB:E8:90,-28,11,1,7,0,0,1,1,0,0,1,-94,0,2,0,1584935069,0,110,0,0,1585.29,256,[110 96 6 0 1 23 1 24 1 23 2 23 2 23 2 22 3 22 3 22 4 21 4 22 5 22 5 21 6 22 5 21 5 22 5 22 5 22 4 22 4 21 3 22 2 21 2 21 1 22 1 22 -1 22 0 0 0 0 0 0 0 0 0 0 0 0 0 0 0 0 0 0 0 0 0 0 2 18 0 19 -1 19 -2 20 -2 19 -3 20 -3 20 -3 20 -4 20 -3 21 -4 21 -4 21 -4 21 -4 21 -4 21 -4 21 -4 21 -3 21 -2 22 -2 22 -1 22 -1 22 0 22 0 23 0 23 0 23 ]
2025-05-20 15:40:27,CSI_DATA,STA,D8:B1:90:DB:E8:90,-31,11,1,7,0,0,1,1,0,0,1,-94,0,2,0,1586945550,0,110,0,0,1587.3,256,[110 96 6 0 21 2 21 2 21 1 22 0 22 0 22 -1 22 -1 21 -2 22 -2 22 -2 22 -3 21 -3 22 -3 22 -3 22 -3 23 -2 23 -2 23 -2 22 -1 21 -1 20 -1 20 0 20 1 20 2 20 4 0 0 0 0 0 0 0 0 0 0 0 0 0 0 0 0 0 0 0 0 0 0 16 0 17 2 16 3 17 4 17 4 18 4 17 4 18 5 18 5 18 6 18 6 18 6 19 6 18 6 19 6 18 6 19 5 19 4 19 4 20 4 20 3 20 3 21 3 21 4 22 3 21 3 ]
2025-05-20 15:40:28,CSI_DATA,STA,D8:B1:90:DB:E8:90,-29,11,1,7,0,0,1,1,0,0,1,-94,0,2,0,1587445451,0,110,0,0,1587.8,256,[110 96 6 0 17 12 17 11 18 11 18 10 18 10 18 9 18 8 18 8 19 8 19 7 19 7 19 7 19 7 20 7 19 7 20 8 19 8 19 8 19 8 19 9 18 9 18 9 17 10 17 11 16 12 0 0 0 0 0 0 0 0 0 0 0 0 0 0 0 0 0 0 0 0 0 0 14 9 13 10 13 11 12 11 13 12 12 12 12 13 12 13 13 13 13 14 12 14 11 14 12 14 12 14 13 14 13 14 13 13 14 13 14 13 15 13 15 13 16 12 16 12 17 12 17 12 17 12 ]
2025-05-20 15:40:28,CSI_DATA,STA,D8:B1:90:DB:E8:90,-30,11,1,7,0,0,1,1,0,0,1,-94,0,2,0,1587946721,0,110,0,0,1588.3,256,[110 96 6 0 -4 24 -4 24 -4 24 -3 23 -2 24 -1 24 0 24 -1 24 0 24 0 24 0 24 0 24 1 24 1 25 1 24 1 25 0 25 0 25 0 24 -1 24 -2 24 -3 24 -4 23 -5 23 -6 22 0 0 0 0 0 0 0 0 0 0 0 0 0 0 0 0 0 0 0 0 0 0 -5 19 -6 19 -7 19 -7 19 -8 20 -8 19 -8 20 -9 19 -9 20 -10 20 -11 20 -11 20 -10 20 -10 20 -9 20 -10 21 -9 21 -9 21 -8 21 -7 21 -6 22 -6 22 -6 22 -5 23 -5 23 -5 24 ]
2025-05-20 15:40:30,CSI_DATA,STA,D8:B1:90:DB:E8:90,-28,11,1,7,0,0,1,1,0,0,1,-94,0,2,0,1589454720,0,110,0,0,1589.81,256,[110 96 6 0 -6 -23 -6 -23 -6 -22 -7 -22 -8 -22 -8 -22 -8 -21 -8 -21 -8 -20 -9 -21 -9 -20 -9 -20 -10 -20 -10 -20 -10 -20 -10 -21 -9 -21 -9 -21 -8 -21 -8 -20 -7 -21 -6 -20 -6 -20 -4 -21 -4 -21 0 0 0 0 0 0 0 0 0 0 0 0 0 0 0 0 0 0 0 0 0 0 -4 -19 -3 -19 -3 -20 -2 -20 -2 -20 -1 -20 -1 -20 0 -20 0 -21 0 -21 1 -22 1 -22 1 -22 1 -22 0 -22 0 -22 0 -22 0 -22 -1 -21 -2 -21 -3 -22 -3 -22 -3 -22 -4 -22 -4
2025-05-20 15:40:31,CSI_DATA,STA,D8:B1:90:DB:E8:90,-29,11,1,7,0,0,1,1,0,0,1,-94,0,2,0,1590971583,0,110,0,0,1591.33,256,[110 96 6 0 -10 21 -10 21 -10 22 -9 20 -9 21 -9 21 -8 21 -8 22 -7 22 -7 22 -6 22 -6 23 -6 22 -7 23 -7 23 -7 24 -7 23 -8 23 -8 22 -8 21 -9 21 -9 20 -10 20 -10 19 -12 18 0 0 0 0 0 0 0 0 0 0 0 0 0 0 0 0 0 0 0 0 0 0 -8 16 -9 15 -10 16 -10 15 -11 15 -12 15 -12 15 -13 16 -13 16 -13 16 -14 15 -14 16 -14 15 -13 16 -13 16 -14 17 -13 16 -13 17 -12 17 -11 18 -11 18 -11 19 -11 21 -10 20 -10 21 -11 21 ]
2025-05-20 15:40:35,CSI_DATA,STA,D8:B1:90:DB:E8:90,-30,11,1,7,0,0,1,1,0,0,1,-94,0,2,0,1594481356,0,110,0,0,1594.84,256,[110 96 6 0 -22 4 -22 4 -21 5 -22 6 -21 6 -21 6 -21 7 -22 7 -21 7 -22 7 -21 8 -21 7 -21 8 -21 7 -22 7 -22 7 -22 7 -22 7 -21 6 -21 6 -21 5 -21 4 -21 4 -21 3 -21 1 0 0 0 0 0 0 0 0 0 0 0 0 0 0 0 0 0 0 0 0 0 0 -18 3 -18 2 -18 1 -18 1 -18 0 -19 0 -19 0 -19 0 -20 0 -19 0 -20 -1 -21 -1 -20 -1 -20 -1 -20 -1 -20 0 -21 0 -20 1 -20 1 -20 1 -21 2 -21 2 -21 3 -21 3 -22 4 -22 4 ]
2025-05-20 15:40:42,CSI_DATA,STA,D8:B1:90:DB:E8:90,-30,11,1,7,0,0,1,1,0,0,1,-94,0,2,0,1601502574,0,110,0,0,1601.86,256,[110 96 6 0 -26 5 -25 5 -25 6 -24 6 -24 6 -24 6 -23 7 -24 8 -24 9 -23 9 -23 10 -24 10 -23 10 -24 10 -24 10 -24 9 -24 8 -24 8 -24 7 -24 7 -24 6 -23 6 -23 6 -24 5 -24 3 0 0 0 0 0 0 0 0 0 0 0 0 0 0 0 0 0 0 0 0 0 0 -21 4 -21 2 -21 1 -21 1 -21 0 -22 0 -23 -1 -23 -1 -23 -2 -24 -1 -23 -1 -22 -1 -23 -1 -23 -1 -23 -1 -24 0 -24 0 -24 1 -23 1 -23 1 -24 2 -24 2 -24 4 -24 4 -24 5 -24 4 ]
2025-05-20 15:40:44,CSI_DATA,STA,D8:B1:90:DB:E8:90,-29,11,1,7,0,0,1,1,0,0,1,-94,0,2,0,1603511438,0,110,0,0,1603.87,256,[110 96 6 0 21 -11 21 -11 21 -12 20 -12 20 -12 19 -12 19 -13 19 -14 18 -14 18 -15 18 -15 18 -15 18 -15 18 -15 18 -15 18 -15 19 -15 19 -14 19 -14 20 -13 19 -12 20 -11 20 -11 19 -10 20 -8 0 0 0 0 0 0 0 0 0 0 0 0 0 0 0 0 0 0 0 0 0 0 18 -9 18 -7 18 -7 19 -6 19 -6 20 -6 20 -5 21 -5 21 -4 21 -4 22 -5 22 -4 22 -4 22 -4 21 -5 21 -6 22 -6 21 -7 21 -7 21 -8 21 -8 21 -8 21 -10 21 -9 22 -10 22 -11 ]
2025-05-20 15:40:51,CSI_DATA,STA,D8:B1:90:DB:E8:90,-30,11,1,7,0,0,1,1,0,0,1,-94,0,2,0,1610534069,0,110,0,0,1610.89,256,[110 96 6 0 -12 23 -11 23 -11 24 -10 22 -10 23 -10 23 -9 23 -9 23 -8 24 -8 24 -8 24 -8 24 -8 24 -9 24 -8 24 -8 25 -9 24 -9 23 -10 23 -10 22 -11 21 -11 21 -11 20 -13 21 -14 20 0 0 0 0 0 0 0 0 0 0 0 0 0 0 0 0 0 0 0 0 0 0 -9 18 -10 17 -11 18 -12 17 -13 17 -13 17 -14 18 -14 18 -15 17 -15 18 -15 18 -15 17 -15 17 -15 17 -15 17 -16 18 -15 18 -15 19 -13 19 -14 19 -13 20 -14 20 -13 21 -12 22 -12 22 -
2025-05-20 15:40:53,CSI_DATA,STA,D8:B1:90:DB:E8:90,-32,11,1,7,0,0,1,1,0,0,1,-94,0,2,0,1613030987,0,110,0,0,1613.39,256,[110 96 6 0 20 -2 20 -2 20 -3 20 -3 20 -3 20 -4 19 -4 19 -5 19 -5 19 -6 19 -6 19 -6 19 -6 18 -6 19 -6 19 -6 19 -5 19 -5 19 -5 19 -3 19 -3 18 -3 19 -2 18 -2 18 0 0 0 0 0 0 0 0 0 0 0 0 0 0 0 0 0 0 0 0 0 0 0 17 -4 18 -2 17 -1 17 -1 17 0 18 0 18 1 19 1 19 2 19 2 19 2 20 3 19 3 19 3 19 3 18 2 18 2 18 1 19 1 19 1 19 1 19 0 19 -1 20 -1 20 -1 21 -2 ]
2025-05-20 15:40:54,CSI_DATA,STA,D8:B1:90:DB:E8:90,-32,11,1,7,0,0,1,1,0,0,1,-94,0,2,0,1613527991,0,110,0,0,1613.88,256,[110 96 6 0 14 14 13 13 14 13 14 13 15 12 15 12 15 12 16 11 16 11 16 10 16 11 16 10 16 10 17 10 17 10 17 11 16 10 16 10 16 11 15 11 15 11 14 12 14 12 14 13 13 14 0 0 0 0 0 0 0 0 0 0 0 0 0 0 0 0 0 0 0 0 0 0 11 12 10 13 10 14 9 14 9 15 9 15 9 15 8 16 9 16 9 17 8 17 8 17 8 17 8 17 9 16 9 16 9 16 10 16 10 16 11 16 11 15 12 16 12 15 12 15 13 15 12 15 ]
2025-05-20 15:40:56,CSI_DATA,STA,D8:B1:90:DB:E8:90,-32,11,1,7,0,0,1,1,0,0,1,-94,0,2,0,1616035700,0,110,0,0,1616.39,256,[110 96 6 0 -14 -19 -14 -18 -14 -17 -14 -17 -15 -16 -15 -16 -15 -15 -15 -15 -16 -14 -16 -14 -17 -14 -17 -14 -17 -13 -18 -13 -17 -14 -17 -14 -17 -14 -17 -14 -16 -14 -16 -14 -16 -14 -15 -14 -14 -15 -14 -16 -13 -17 0 0 0 0 0 0 0 0 0 0 0 0 0 0 0 0 0 0 0 0 0 0 -12 -16 -11 -17 -10 -18 -9 -18 -9 -19 -9 -19 -9 -19 -9 -19 -8 -20 -8 -20 -8 -21 -8 -21 -8 -21 -9 -20 -8 -20 -9 -20 -9 -20 -9 -20 -10 -19 -
2025-05-20 15:41:03,CSI_DATA,STA,D8:B1:90:DB:E8:90,-30,11,1,7,0,0,1,1,0,0,1,-94,0,2,0,1622555880,0,110,0,0,1622.91,256,[110 96 6 0 20 4 20 4 19 3 20 3 20 2 20 2 20 1 19 0 19 0 20 0 20 -1 20 -1 20 -1 20 -1 20 0 20 0 20 0 20 0 20 0 20 1 20 2 19 2 19 3 18 4 18 5 0 0 0 0 0 0 0 0 0 0 0 0 0 0 0 0 0 0 0 0 0 0 17 3 16 4 16 5 16 6 16 6 17 6 17 7 17 7 17 8 17 8 17 8 17 8 17 9 17 9 17 8 17 7 17 8 17 7 18 7 18 6 19 6 19 6 19 5 19 5 20 5 20 4 ]
2025-05-20 15:41:05,CSI_DATA,STA,D8:B1:90:DB:E8:90,-30,11,1,7,0,0,1,1,0,0,1,-94,0,2,0,1625067173,0,110,0,0,1625.42,256,[110 96 6 0 11 -24 10 -23 11 -25 9 -23 9 -23 8 -24 8 -24 8 -24 7 -25 7 -25 6 -24 7 -24 7 -24 6 -26 6 -25 7 -26 7 -26 7 -25 8 -25 8 -24 9 -24 9 -23 10 -23 11 -22 12 -21 0 0 0 0 0 0 0 0 0 0 0 0 0 0 0 0 0 0 0 0 0 0 11 -20 11 -18 12 -19 12 -18 13 -18 14 -18 15 -18 15 -17 15 -18 16 -18 17 -17 16 -18 16 -17 16 -17 16 -17 16 -18 15 -18 16 -19 14 -20 14 -20 14 -21 13 -22 13 -22 13 -22 13 -22 13 -22
2025-05-20 15:41:06,CSI_DATA,STA,D8:B1:90:DB:E8:90,-30,11,1,7,0,0,1,1,0,0,1,-94,0,2,0,1625593674,0,110,0,0,1625.95,256,[110 96 6 0 -17 17 -17 17 -16 18 -16 18 -16 19 -15 18 -15 19 -15 19 -14 19 -14 20 -13 20 -14 20 -13 20 -14 20 -14 20 -13 20 -14 20 -14 19 -14 19 -15 19 -15 19 -15 18 -16 17 -16 16 -17 15 0 0 0 0 0 0 0 0 0 0 0 0 0 0 0 0 0 0 0 0 0 0 -14 13 -15 13 -16 12 -16 12 -16 11 -18 11 -18 12 -19 11 -19 11 -19 11 -20 11 -20 11 -20 11 -20 11 -20 11 -20 11 -20 12 -19 12 -19 13 -18 14 -18 14 -18 15 -18 15 -1
2025-05-20 15:41:07,CSI_DATA,STA,D8:B1:90:DB:E8:90,-32,11,1,7,0,0,1,1,0,0,1,-94,0,2,0,1626577048,0,110,0,0,1626.93,256,[110 96 6 0 21 15 21 15 21 14 11 1 11 1 11 1 11 1 18 -16 18 -16 19 -15 19 -15 20 -11 21 -11 21 -11 21 -10 19 -14 20 -14 20 -13 20 -12 -20 3 -20 2 -20 1 -19 0 -24 5 -24 3 0 0 0 0 0 0 0 0 0 0 0 0 0 0 0 0 0 0 0 0 0 0 15 3 15 5 17 10 17 11 17 12 17 14 12 7 12 7 12 9 12 9 6 -4 6 -4 6 -4 7 -3 19 -3 19 -2 19 -2 19 -2 17 9 17 9 18 9 18 9 21 7 22 8 22 8 19 13 ]
2025-05-20 15:41:08,CSI_DATA,STA,D8:B1:90:DB:E8:90,-30,11,1,7,0,0,1,1,0,0,1,-94,0,2,0,1627585300,0,110,0,0,1627.94,256,[110 96 6 0 10 18 11 18 10 17 11 18 11 17 12 17 12 16 11 16 11 16 12 15 13 15 14 15 14 16 13 15 14 16 13 16 13 17 12 16 12 16 12 17 11 17 10 16 10 17 9 17 8 18 0 0 0 0 0 0 0 0 0 0 0 0 0 0 0 0 0 0 0 0 0 0 8 14 7 15 6 16 6 17 6 16 5 17 5 18 5 18 5 18 5 18 4 19 4 19 5 19 5 19 5 18 4 18 5 18 5 18 6 19 7 19 8 18 8 19 9 18 9 18 10 19 10 19 ]
2025-05-20 15:41:08,CSI_DATA,STA,D8:B1:90:DB:E8:90,-31,11,1,7,0,0,1,1,0,0,1,-94,0,2,0,1628085302,0,110,0,0,1628.44,256,[110 96 6 0 -21 9 -21 9 -21 10 -21 8 -20 9 -20 9 -20 10 -20 10 -19 10 -19 11 -19 11 -19 12 -19 12 -19 12 -19 12 -19 12 -19 12 -19 11 -19 11 -19 10 -19 9 -19 9 -19 9 -20 7 -20 6 0 0 0 0 0 0 0 0 0 0 0 0 0 0 0 0 0 0 0 0 0 0 -18 7 -19 6 -18 5 -19 5 -19 4 -20 4 -21 4 -21 3 -21 3 -21 3 -21 3 -21 3 -21 3 -21 3 -21 3 -21 4 -21 4 -21 5 -22 4 -21 5 -22 6 -22 6 -21 7 -21 7 -22 7 -22 8 ]
2025-05-20 15:41:09,CSI_DATA,STA,D8:B1:90:DB:E8:90,-30,11,1,7,0,0,1,1,0,0,1,-94,0,2,0,1628585114,0,110,0,0,1628.94,256,[110 96 6 0 -16 14 -15 14 -15 15 -13 14 -13 15 -13 15 -12 15 -13 16 -13 17 -12 16 -12 17 -13 16 -12 16 -13 17 -12 16 -13 16 -13 15 -13 16 -13 15 -14 15 -14 14 -15 14 -15 13 -15 12 -15 11 0 0 0 0 0 0 0 0 0 0 0 0 0 0 0 0 0 0 0 0 0 0 -13 12 -13 11 -14 10 -14 10 -15 10 -15 9 -16 10 -16 10 -17 10 -17 10 -18 10 -18 10 -17 10 -17 9 -17 9 -17 10 -17 10 -17 11 -16 11 -16 12 -16 12 -16 12 -16 14 -15 1
2025-05-20 15:41:10,CSI_DATA,STA,D8:B1:90:DB:E8:90,-31,11,1,7,0,0,1,1,0,0,1,-94,0,2,0,1629085143,0,110,0,0,1629.44,256,[110 96 6 0 -20 -4 -20 -4 -20 -3 -20 -3 -20 -3 -20 -2 -20 -2 -20 -2 -20 -1 -20 -1 -20 0 -20 0 -20 0 -20 0 -20 0 -20 -1 -21 -1 -21 -2 -20 -2 -19 -2 -19 -3 -19 -3 -19 -3 -18 -4 -18 -5 0 0 0 0 0 0 0 0 0 0 0 0 0 0 0 0 0 0 0 0 0 0 -17 -3 -17 -4 -17 -5 -17 -5 -17 -6 -18 -6 -17 -7 -18 -7 -18 -8 -18 -8 -18 -8 -18 -8 -18 -8 -18 -8 -17 -7 -17 -7 -18 -7 -17 -6 -19 -7 -19 -6 -19 -6 -19 -6 -20 -4 -20 -5
2025-05-20 15:41:10,CSI_DATA,STA,D8:B1:90:DB:E8:90,-30,11,1,7,0,0,1,1,0,0,1,-94,0,2,0,1629825447,0,100,0,0,1630.18,256,[100 -64 5 0 10 18 10 18 10 17 12 17 12 18 12 17 13 16 13 16 13 15 14 15 14 16 14 15 14 15 14 15 14 15 14 16 14 16 14 16 13 16 12 16 11 16 11 16 11 16 9 17 8 17 0 0 0 0 0 0 0 0 0 0 0 0 0 0 0 0 0 0 0 0 0 0 8 14 7 15 6 16 6 16 5 17 5 17 5 17 5 18 4 19 5 19 4 19 4 19 4 19 5 19 5 19 5 18 5 18 5 18 6 18 7 18 8 18 8 19 8 18 9 18 9 19 9 19 ]
2025-05-20 15:41:11,CSI_DATA,STA,D8:B1:90:DB:E8:90,-30,11,1,7,0,0,1,1,0,0,1,-94,0,2,0,1631103241,0,110,0,0,1631.46,256,[110 96 6 0 8 19 10 19 10 18 10 18 10 18 10 18 11 17 11 17 11 16 12 16 13 16 13 16 13 16 13 16 13 16 13 17 12 17 12 17 11 17 11 17 10 17 10 17 9 17 9 18 7 18 0 0 0 0 0 0 0 0 0 0 0 0 0 0 0 0 0 0 0 0 0 0 8 15 7 15 6 16 6 17 5 17 5 17 4 17 4 18 4 18 4 18 4 18 4 18 5 19 5 19 4 19 4 18 5 18 5 18 5 19 6 18 7 18 7 19 8 19 9 19 9 19 9 20 ]
2025-05-20 15:41:14,CSI_DATA,STA,D8:B1:90:DB:E8:90,-31,11,1,7,0,0,1,1,0,0,1,-94,0,2,0,1633599841,0,110,0,0,1633.96,256,[110 96 6 0 -20 10 -21 10 -19 11 -19 10 -18 11 -18 11 -17 12 -18 12 -18 12 -18 12 -17 12 -18 13 -17 13 -17 13 -18 14 -18 13 -19 13 -19 13 -18 12 -19 12 -19 11 -19 10 -19 10 -19 9 -20 8 0 0 0 0 0 0 0 0 0 0 0 0 0 0 0 0 0 0 0 0 0 0 -17 8 -17 7 -17 6 -18 6 -18 5 -19 5 -20 5 -20 5 -20 5 -20 4 -20 4 -20 3 -20 4 -20 4 -20 4 -20 4 -20 5 -20 5 -20 6 -20 6 -20 7 -20 7 -20 8 -20 8 -20 8 -21 10 ]
2025-05-20 15:41:16,CSI_DATA,STA,D8:B1:90:DB:E8:90,-30,11,1,7,0,0,1,1,0,0,1,-94,0,2,0,1636117741,0,110,0,0,1636.47,256,[110 96 6 0 -7 23 -6 23 -6 23 -5 24 -5 24 -5 24 -4 23 -3 23 -3 23 -3 24 -2 24 -2 24 -2 24 -2 24 -2 25 -2 24 -3 25 -3 24 -3 24 -4 23 -4 23 -5 22 -6 22 -7 22 -8 22 0 0 0 0 0 0 0 0 0 0 0 0 0 0 0 0 0 0 0 0 0 0 -5 19 -6 19 -7 19 -8 19 -8 18 -9 19 -10 20 -10 19 -10 20 -11 20 -12 20 -12 20 -11 20 -11 20 -11 20 -11 20 -10 21 -10 20 -9 21 -9 21 -8 22 -8 22 -8 22 -7 22 -7 22 -7 23 ]
2025-05-20 15:41:17,CSI_DATA,STA,D8:B1:90:DB:E8:90,-30,11,1,7,0,0,1,1,0,0,1,-94,0,2,0,1637117519,0,110,0,0,1637.47,256,[110 96 6 0 2 25 2 25 3 25 3 24 4 24 4 24 5 23 4 24 5 24 6 23 7 23 6 24 6 24 6 25 6 24 6 25 5 24 5 24 4 24 3 23 3 23 2 23 2 23 0 23 -2 23 0 0 0 0 0 0 0 0 0 0 0 0 0 0 0 0 0 0 0 0 0 0 2 20 1 20 0 21 -1 21 -1 21 -2 21 -3 22 -4 22 -4 23 -4 23 -4 23 -4 23 -4 23 -4 23 -3 23 -3 23 -3 23 -2 23 -2 23 -1 24 -1 24 0 24 0 24 1 24 2 25 1 26 ]
2025-05-20 15:41:20,CSI_DATA,STA,D8:B1:90:DB:E8:90,-30,11,1,7,0,0,1,1,0,0,1,-94,0,2,0,1639626460,0,110,0,0,1639.98,256,[110 96 6 0 22 2 22 1 22 1 21 0 21 0 22 0 21 -1 22 -2 22 -2 22 -2 22 -3 22 -3 21 -3 22 -3 22 -3 22 -3 22 -3 22 -3 22 -2 21 -1 21 -1 21 0 21 1 20 2 20 3 0 0 0 0 0 0 0 0 0 0 0 0 0 0 0 0 0 0 0 0 0 0 19 0 19 1 18 2 18 3 19 4 19 4 19 4 19 5 19 5 20 6 20 6 20 6 20 7 20 7 19 6 19 6 19 5 20 5 20 5 20 5 21 4 22 4 21 3 22 4 22 3 22 2 ]
2025-05-20 15:41:22,CSI_DATA,STA,D8:B1:90:DB:E8:90,-30,11,1,7,0,0,1,1,0,0,1,-94,0,2,0,1641644701,0,110,0,0,1642,256,[110 96 6 0 -5 -21 -5 -21 -5 -21 -5 -20 -6 -20 -6 -20 -6 -19 -7 -19 -7 -19 -7 -19 -8 -19 -8 -19 -8 -19 -8 -19 -8 -19 -8 -19 -7 -19 -7 -20 -6 -19 -6 -20 -6 -20 -5 -19 -4 -20 -3 -19 -2 -19 0 0 0 0 0 0 0 0 0 0 0 0 0 0 0 0 0 0 0 0 0 0 -3 -17 -2 -17 -1 -18 -1 -19 0 -19 1 -19 1 -19 1 -20 2 -19 2 -20 2 -20 2 -20 2 -20 2 -20 1 -20 1 -20 1 -20 0 -20 0 -20 -1 -20 -1 -20 -2 -20 -2 -21 -3 -21 -3 -21 -3 -21
2025-05-20 15:41:25,CSI_DATA,STA,D8:B1:90:DB:E8:90,-30,11,1,7,0,0,1,1,0,0,1,-94,0,2,0,1644144061,0,110,0,0,1644.5,256,[110 96 6 0 10 -22 9 -22 9 -23 9 -22 8 -22 7 -22 7 -22 6 -23 6 -23 5 -23 4 -23 4 -23 4 -23 4 -23 4 -24 5 -24 5 -23 6 -23 6 -23 6 -22 7 -22 7 -21 8 -21 8 -20 10 -20 0 0 0 0 0 0 0 0 0 0 0 0 0 0 0 0 0 0 0 0 0 0 9 -18 10 -17 11 -17 12 -17 12 -17 13 -17 13 -16 14 -16 14 -17 14 -17 15 -16 15 -17 15 -17 14 -16 14 -17 14 -18 14 -18 14 -18 13 -19 12 -19 12 -20 11 -20 11 -20 11 -20 11 -21 11 -22 ]
