2025-05-21 15:42:53,CSI_DATA,STA,D8:B1:90:DB:E8:90,-29,11,1,6,0,0,1,0,0,0,1,-95,0,2,0,2233373573,0,110,0,0,88133.1,256,[110 96 6 0 2 -19 4 -18 5 -17 5 -16 5 -16 5 -14 4 -12 3 -10 2 -7 1 -4 0 0 0 4 1 8 2 13 3 17 4 21 6 25 8 28 10 30 11 31 12 31 13 31 13 32 12 31 11 30 0 0 0 0 0 0 0 0 0 0 0 0 0 0 0 0 0 0 0 0 0 0 -7 12 -8 10 -9 9 -9 7 -8 4 -8 1 -7 -2 -5 -6 -4 -9 -3 -13 -1 -18 -1 -21 0 -25 0 -28 -2 -31 -2 -33 -3 -34 -5 -35 -6 -35 -8 -34 -9 -33 -9 -31 -8 -29 -7 -28 -5 -25 -3 -24 ]
2025-05-21 15:43:00,CSI_DATA,STA,D8:B1:90:DB:E8:90,-29,11,1,6,0,0,1,0,0,0,1,-95,0,2,0,2240436892,0,110,0,0,88140.1,256,[110 96 6 0 20 10 20 10 20 9 20 9 20 8 20 8 20 7 20 7 20 7 20 7 20 6 20 6 20 5 20 5 20 6 20 6 20 6 20 6 19 7 19 7 19 7 18 8 17 8 17 10 17 11 0 0 0 0 0 0 0 0 0 0 0 0 0 0 0 0 0 0 0 0 0 0 16 6 15 7 15 9 15 9 15 10 16 10 16 11 15 12 16 12 15 13 15 13 15 13 15 14 15 13 15 13 16 12 15 12 16 11 17 11 17 11 18 11 18 11 18 11 19 11 20 11 19 11 ]
2025-05-21 15:43:02,CSI_DATA,STA,D8:B1:90:DB:E8:90,-29,11,1,7,0,0,1,0,0,0,0,-95,0,2,0,2241926488,0,110,0,0,88141.6,256,[110 96 6 0 -25 5 -25 5 -24 6 -25 6 -24 7 -24 7 -23 8 -23 8 -22 8 -22 8 -22 8 -23 9 -23 10 -23 10 -23 10 -23 9 -23 8 -23 8 -23 8 -22 7 -22 6 -22 5 -22 5 -21 4 -22 2 0 0 0 0 0 0 0 0 0 0 0 0 0 0 0 0 0 0 0 0 0 0 -19 3 -19 2 -20 1 -21 1 -21 0 -21 0 -22 0 -22 0 -23 -1 -22 -1 -23 -1 -23 -1 -23 -2 -23 -1 -22 -1 -22 -1 -23 0 -23 1 -23 1 -23 1 -23 2 -24 3 -24 4 -24 3 -24 4 -25 4 ]
2025-05-21 15:43:04,CSI_DATA,STA,D8:B1:90:DB:E8:90,-29,11,1,5,0,0,1,0,0,0,1,-95,0,2,0,2243935957,0,110,0,0,88143.6,256,[110 96 6 0 19 10 20 10 20 9 19 9 20 9 19 8 19 8 20 7 19 6 20 6 20 6 20 6 20 6 20 5 21 6 20 6 20 6 20 6 19 7 18 7 18 7 18 8 17 8 17 9 16 10 0 0 0 0 0 0 0 0 0 0 0 0 0 0 0 0 0 0 0 0 0 0 16 6 15 7 15 8 15 9 15 9 16 10 15 10 15 11 15 11 15 11 15 12 15 12 15 12 15 12 15 12 15 11 16 11 15 11 17 11 17 11 18 10 18 10 18 10 19 11 19 11 19 10 ]
2025-05-21 15:43:10,CSI_DATA,STA,D8:B1:90:DB:E8:90,-30,11,1,6,0,0,1,0,0,0,1,-94,0,2,0,2250471205,0,110,0,0,88150.2,256,[110 96 6 0 -14 10 -14 9 -15 8 -14 6 -13 6 -12 5 -10 4 -9 4 -7 2 -4 1 -1 -2 2 -4 4 -7 7 -11 8 -14 11 -18 11 -21 11 -24 12 -27 12 -28 11 -30 11 -30 11 -30 11 -29 12 -28 0 0 0 0 0 0 0 0 0 0 0 0 0 0 0 0 0 0 0 0 0 0 12 -6 11 -4 10 -3 9 -1 7 1 5 2 3 4 0 5 -3 8 -7 10 -10 11 -13 14 -16 16 -18 18 -18 21 -19 23 -19 24 -19 26 -17 26 -15 27 -15 27 -14 26 -13 24 -13 22 -12 20 -14 17 ]
2025-05-21 15:43:16,CSI_DATA,STA,D8:B1:90:DB:E8:90,-29,11,1,6,0,0,1,0,0,0,1,-95,0,2,0,2255994360,0,110,0,0,88155.7,256,[110 96 6 0 18 -5 18 -3 18 -2 17 -1 16 0 15 0 13 0 11 -1 8 -1 5 0 1 1 -3 3 -7 5 -10 8 -14 11 -17 14 -20 17 -21 20 -22 22 -23 24 -23 26 -22 26 -22 26 -22 26 -22 24 0 0 0 0 0 0 0 0 0 0 0 0 0 0 0 0 0 0 0 0 0 0 -16 -3 -15 -5 -12 -6 -10 -6 -8 -7 -5 -7 -2 -7 2 -7 6 -7 11 -7 15 -8 19 -8 22 -9 25 -11 27 -13 28 -15 30 -17 29 -19 29 -20 28 -20 26 -21 25 -21 23 -19 22 -17 21 -15 21 -12 ]
2025-05-21 15:43:17,CSI_DATA,STA,D8:B1:90:DB:E8:90,-29,11,1,6,0,0,1,0,0,0,1,-95,0,2,0,2256504380,0,110,0,0,88156.2,256,[110 96 6 0 -6 -19 -4 -19 -3 -18 -2 -18 -1 -17 -1 -16 -1 -14 -1 -12 0 -9 0 -5 1 -2 3 1 5 5 9 8 12 12 15 15 18 16 21 18 24 19 26 20 27 19 28 18 28 17 28 17 26 18 0 0 0 0 0 0 0 0 0 0 0 0 0 0 0 0 0 0 0 0 0 0 -2 14 -4 12 -6 12 -7 9 -7 7 -7 4 -7 0 -7 -3 -8 -7 -8 -11 -9 -15 -9 -19 -11 -23 -12 -25 -14 -27 -16 -29 -17 -29 -19 -30 -21 -29 -21 -28 -22 -27 -21 -25 -21 -23 -19 -21 -16 -20 -13 -20 ]
2025-05-21 15:43:17,CSI_DATA,STA,D8:B1:90:DB:E8:90,-34,11,1,7,0,0,1,0,0,0,0,-95,0,2,0,2257502466,0,110,0,0,88157.2,256,[110 96 6 0 -7 -13 -7 -13 -8 -14 9 17 9 16 10 15 10 15 19 11 19 11 20 11 20 10 23 4 24 3 25 3 25 3 -13 4 -13 5 -13 5 -13 5 -9 -17 -9 -17 -8 -17 -7 -17 5 -10 6 -10 0 0 0 0 0 0 0 0 0 0 0 0 0 0 0 0 0 0 0 0 0 0 3 -10 3 -10 9 -17 9 -17 10 -17 10 -17 5 -3 5 -3 5 -3 5 -3 24 2 24 2 24 2 24 2 16 -8 16 -9 15 -9 15 -10 15 -13 15 -14 15 -14 14 -15 19 -7 19 -7 19 -8 20 -17 ]
2025-05-21 15:43:26,CSI_DATA,STA,D8:B1:90:DB:E8:90,-38,11,1,7,0,0,1,0,0,0,0,-94,0,2,0,2266042501,0,110,0,0,88165.7,256,[110 96 6 0 2 1 3 1 3 0 4 27 5 27 6 26 8 26 -3 20 -3 19 -2 19 -1 19 13 -29 12 -30 12 -30 12 -30 -9 8 -9 9 -9 8 -9 9 -13 -1 -12 -1 -12 -1 -12 -1 10 20 9 20 0 0 0 0 0 0 0 0 0 0 0 0 0 0 0 0 0 0 0 0 0 0 -15 -2 -15 -3 7 -20 8 -20 8 -20 8 -20 1 -13 1 -14 1 -14 1 -14 5 -15 5 -15 5 -15 5 -15 -2 -16 -2 -15 -3 -15 -3 -16 19 -5 19 -6 19 -8 19 -8 2 -5 2 -5 2 -6 1 -6 ]
2025-05-21 15:43:26,CSI_DATA,STA,D8:B1:90:DB:E8:90,-30,11,1,7,0,0,1,0,0,0,0,-94,0,2,0,2266540973,0,110,0,0,88166.2,256,[110 96 6 0 -11 22 -10 22 -10 23 -9 22 -8 23 -8 22 -7 23 -7 22 -7 22 -7 22 -6 22 -6 23 -6 23 -6 23 -6 24 -6 23 -6 23 -7 23 -6 22 -7 22 -8 21 -8 20 -9 20 -10 20 -11 20 0 0 0 0 0 0 0 0 0 0 0 0 0 0 0 0 0 0 0 0 0 0 -8 17 -9 17 -10 17 -11 17 -11 17 -12 17 -12 17 -13 18 -13 17 -14 17 -15 17 -15 17 -14 17 -14 17 -13 18 -14 17 -14 18 -13 18 -13 19 -12 20 -11 20 -11 20 -11 21 -11 21 -12 22 -12 23 ]
2025-05-21 15:43:39,CSI_DATA,STA,D8:B1:90:DB:E8:90,-30,11,1,6,0,0,1,0,0,0,0,-94,0,2,0,2279116344,0,110,0,0,88178.8,256,[110 96 6 0 -19 -2 -18 -4 -17 -4 -16 -6 -15 -5 -14 -5 -12 -5 -11 -4 -7 -3 -4 -2 0 -2 4 -1 8 -1 13 -2 17 -3 21 -4 25 -6 27 -7 30 -9 31 -10 31 -12 31 -12 32 -12 31 -11 30 -10 0 0 0 0 0 0 0 0 0 0 0 0 0 0 0 0 0 0 0 0 0 0 14 2 13 3 10 4 8 5 6 5 4 5 0 5 -4 4 -8 4 -12 4 -16 3 -20 3 -24 4 -27 4 -30 6 -32 7 -33 9 -33 10 -33 11 -32 12 -31 13 -29 12 -27 12 -26 10 -24 8 -23 6 ]
2025-05-21 15:43:40,CSI_DATA,STA,D8:B1:90:DB:E8:90,-31,11,1,6,0,0,1,0,0,0,0,-94,0,2,0,2280138813,0,110,0,0,88179.8,256,[110 96 6 0 -6 -24 -6 -25 -7 -23 -7 -23 -7 -23 -8 -23 -8 -22 -8 -22 -9 -22 -9 -22 -10 -22 -10 -22 -10 -22 -10 -21 -10 -22 -10 -21 -9 -21 -8 -21 -8 -21 -7 -21 -7 -21 -6 -20 -6 -21 -5 -21 -3 -22 0 0 0 0 0 0 0 0 0 0 0 0 0 0 0 0 0 0 0 0 0 0 -6 -18 -5 -19 -4 -20 -3 -20 -3 -20 -2 -21 -2 -21 -1 -22 -1 -22 -1 -22 0 -23 0 -23 0 -23 0 -23 0 -23 -1 -22 -1 -22 -1 -22 -2 -23 -2 -23 -3 -23 -3 -24 -4 -22 -
2025-05-21 15:43:41,CSI_DATA,STA,D8:B1:90:DB:E8:90,-31,11,1,7,0,0,1,0,0,0,1,-94,0,2,0,2280670561,0,110,0,0,88180.4,256,[110 96 6 0 17 -16 17 -16 17 -16 16 -16 16 -16 15 -16 15 -17 14 -17 14 -17 14 -18 13 -18 14 -18 14 -18 14 -19 14 -18 14 -18 15 -18 14 -17 15 -17 14 -16 15 -16 15 -14 16 -14 16 -13 17 -12 0 0 0 0 0 0 0 0 0 0 0 0 0 0 0 0 0 0 0 0 0 0 13 -14 14 -14 14 -13 15 -12 15 -12 16 -12 17 -12 18 -11 18 -11 18 -11 19 -11 19 -11 19 -11 19 -11 19 -11 19 -11 19 -12 19 -12 18 -13 18 -13 17 -13 18 -14 18 -14 18
2025-05-21 15:43:42,CSI_DATA,STA,D8:B1:90:DB:E8:90,-31,11,1,5,0,0,1,0,0,0,0,-94,0,2,0,2281680073,0,110,0,0,88181.4,256,[110 96 6 0 -14 19 -13 20 -13 20 -12 19 -12 19 -12 19 -11 19 -11 20 -10 20 -10 20 -10 20 -9 21 -9 21 -9 21 -9 21 -9 20 -9 20 -10 20 -10 19 -10 19 -11 18 -11 18 -11 17 -12 17 -13 16 0 0 0 0 0 0 0 0 0 0 0 0 0 0 0 0 0 0 0 0 0 0 -11 16 -12 15 -12 15 -13 15 -13 15 -14 15 -15 15 -16 15 -16 15 -16 15 -16 15 -16 15 -16 14 -16 15 -16 15 -16 15 -16 16 -15 16 -15 16 -14 17 -14 17 -14 17 -14 18 -14 18 -
2025-05-21 15:43:45,CSI_DATA,STA,D8:B1:90:DB:E8:90,-30,11,1,5,0,0,1,0,0,0,1,-94,0,2,0,2284743874,0,110,0,0,88184.4,256,[110 96 6 0 12 18 12 18 12 17 13 17 13 17 13 16 13 16 13 15 13 15 14 15 14 14 15 15 14 15 15 14 15 14 14 15 14 15 13 15 13 15 13 15 13 15 12 15 11 15 10 16 9 17 0 0 0 0 0 0 0 0 0 0 0 0 0 0 0 0 0 0 0 0 0 0 10 13 9 13 9 15 8 15 8 16 8 16 8 17 8 17 8 18 8 18 7 18 7 18 7 18 7 18 7 18 7 18 7 18 8 18 8 18 9 18 9 18 10 18 10 18 11 18 11 18 11 18 ]
2025-05-21 15:43:48,CSI_DATA,STA,D8:B1:90:DB:E8:90,-30,11,1,6,0,0,1,0,0,0,0,-94,0,2,0,2287761299,0,110,0,0,88187.5,256,[110 96 6 0 7 16 6 17 4 16 4 16 3 15 3 14 2 12 2 9 1 6 1 3 0 0 -3 -5 -5 -8 -7 -12 -11 -16 -13 -18 -16 -21 -19 -23 -21 -24 -23 -25 -25 -25 -25 -24 -25 -24 -25 -24 -22 -24 0 0 0 0 0 0 0 0 0 0 0 0 0 0 0 0 0 0 0 0 0 0 -6 -12 -4 -13 -2 -12 -1 -10 1 -9 2 -5 4 -2 5 1 7 5 9 8 11 12 13 15 15 18 18 20 20 22 22 22 24 23 25 22 26 21 26 20 26 19 25 18 23 16 21 16 19 16 15 16 ]
2025-05-21 15:43:51,CSI_DATA,STA,D8:B1:90:DB:E8:90,-30,11,1,6,0,0,1,0,0,0,0,-94,0,2,0,2290783318,0,110,0,0,88190.5,256,[110 96 6 0 0 -18 1 -18 3 -16 3 -16 3 -15 3 -14 2 -12 2 -10 2 -7 1 -5 1 -1 2 3 3 6 5 10 7 14 8 17 11 20 13 22 15 23 17 24 18 24 18 24 18 24 18 23 17 23 0 0 0 0 0 0 0 0 0 0 0 0 0 0 0 0 0 0 0 0 0 0 -6 11 -8 10 -9 8 -8 6 -8 4 -7 1 -7 -2 -6 -5 -5 -8 -4 -12 -3 -16 -3 -19 -3 -22 -3 -25 -5 -27 -5 -29 -7 -30 -9 -31 -10 -30 -11 -29 -12 -28 -11 -27 -11 -25 -10 -24 -8 -22 -5 -21 ]
2025-05-21 15:43:51,CSI_DATA,STA,D8:B1:90:DB:E8:90,-30,11,1,6,0,0,1,0,0,0,0,-94,0,2,0,2291295378,0,110,0,0,88191,256,[110 96 6 0 19 -2 18 0 18 1 17 2 16 2 15 2 13 2 11 1 8 0 4 1 0 2 -4 3 -8 4 -12 6 -16 9 -20 11 -22 14 -24 16 -25 19 -26 21 -27 22 -26 23 -25 23 -25 23 -25 21 0 0 0 0 0 0 0 0 0 0 0 0 0 0 0 0 0 0 0 0 0 0 -16 -5 -14 -7 -11 -7 -9 -8 -6 -8 -4 -8 -1 -7 3 -7 7 -6 11 -6 15 -5 20 -6 23 -7 27 -7 29 -9 31 -10 31 -12 31 -14 31 -15 30 -16 29 -17 27 -16 25 -16 24 -14 23 -11 22 -10 ]
2025-05-21 15:43:53,CSI_DATA,STA,D8:B1:90:DB:E8:90,-30,11,1,7,0,0,1,0,0,0,0,-94,0,2,0,2292805763,0,110,0,0,88192.5,256,[110 96 6 0 16 6 14 7 13 8 13 8 12 8 11 8 9 6 8 5 5 3 3 2 0 1 -5 0 -9 -1 -13 -2 -17 -2 -21 -1 -24 0 -27 1 -30 1 -31 3 -32 3 -33 4 -32 5 -32 4 -30 3 0 0 0 0 0 0 0 0 0 0 0 0 0 0 0 0 0 0 0 0 0 0 -12 -7 -10 -9 -8 -9 -6 -9 -4 -8 -2 -7 1 -5 4 -4 8 -2 11 -1 15 1 19 2 22 2 25 3 28 3 29 2 30 1 32 0 32 -2 31 -2 30 -3 29 -3 27 -4 25 -3 23 -2 21 0 ]
2025-05-21 15:43:53,CSI_DATA,STA,D8:B1:90:DB:E8:90,-30,11,1,6,0,0,1,0,0,0,0,-94,0,2,0,2293305457,0,110,0,0,88193,256,[110 96 6 0 -11 -17 -9 -18 -7 -18 -6 -18 -5 -17 -5 -16 -5 -15 -4 -12 -3 -9 -1 -6 0 -3 3 1 6 4 10 7 14 10 18 12 22 13 25 14 28 14 31 14 32 14 33 13 32 13 31 13 30 13 0 0 0 0 0 0 0 0 0 0 0 0 0 0 0 0 0 0 0 0 0 0 3 14 1 13 -1 13 -3 12 -4 10 -5 6 -6 4 -8 -1 -9 -4 -12 -8 -13 -12 -15 -16 -18 -18 -20 -21 -22 -22 -24 -24 -26 -23 -28 -23 -29 -22 -30 -20 -30 -18 -29 -17 -27 -16 -24 -16 -21 -15 -18 -15 ]
2025-05-21 15:43:55,CSI_DATA,STA,D8:B1:90:DB:E8:90,-30,11,1,6,0,0,1,0,0,0,0,-94,0,2,0,2295313574,0,110,0,0,88195,256,[110 96 6 0 16 15 17 15 16 14 16 14 16 13 16 13 17 13 17 13 17 12 18 11 18 11 19 11 19 11 18 11 19 11 18 11 18 12 17 12 17 12 17 12 16 12 15 12 15 13 15 14 14 15 0 0 0 0 0 0 0 0 0 0 0 0 0 0 0 0 0 0 0 0 0 0 12 11 12 12 11 13 12 14 11 14 11 15 10 15 11 15 11 16 11 16 10 16 11 17 11 17 11 17 11 17 10 16 11 16 11 15 13 16 13 16 14 16 14 16 14 14 15 15 16 14 16 15 ]
2025-05-21 15:43:58,CSI_DATA,STA,D8:B1:90:DB:E8:90,-28,11,1,6,0,0,1,0,0,0,1,-95,0,2,0,2298354014,0,110,0,0,88198.1,256,[110 96 6 0 15 9 13 10 12 10 11 10 11 10 10 9 8 8 7 6 4 4 2 2 -1 1 -5 -1 -9 -2 -13 -4 -16 -4 -21 -4 -24 -3 -27 -3 -29 -2 -31 -1 -33 -1 -32 1 -32 1 -32 0 -31 -1 0 0 0 0 0 0 0 0 0 0 0 0 0 0 0 0 0 0 0 0 0 0 -10 -10 -8 -10 -5 -10 -3 -10 -2 -9 0 -6 3 -4 5 -2 8 0 11 2 15 5 18 7 21 8 24 9 26 9 27 9 29 8 30 7 31 5 30 4 30 3 29 3 27 2 25 3 23 3 21 4 ]
2025-05-21 15:43:59,CSI_DATA,STA,D8:B1:90:DB:E8:90,-35,11,1,7,0,0,1,0,0,0,0,-95,0,2,0,2298865096,0,110,0,0,88198.6,256,[110 96 6 0 17 -10 18 -8 18 -6 -26 -2 -26 -4 -25 -6 -24 -8 -16 3 -16 1 -17 0 -17 -2 -22 3 -23 0 -23 -3 -23 -6 16 19 13 21 10 22 7 23 6 24 3 24 -1 24 -4 24 5 -20 8 -19 0 0 0 0 0 0 0 0 0 0 0 0 0 0 0 0 0 0 0 0 0 0 -8 11 -10 9 2 6 1 6 0 6 -1 6 -8 2 -8 0 -8 0 -8 -1 -7 9 -8 8 -9 7 -10 7 4 21 2 22 0 22 -2 22 10 -21 12 -20 13 -19 16 -18 -4 16 -6 16 -7 16 15 8 ]
2025-05-21 15:43:59,CSI_DATA,STA,D8:B1:90:DB:E8:90,-28,11,1,6,0,0,1,1,0,0,0,-95,0,2,0,2299351829,0,110,0,0,88199.1,256,[110 96 6 0 8 -16 9 -15 10 -13 10 -12 9 -12 9 -10 7 -9 6 -8 4 -6 2 -3 1 0 -1 4 -2 8 -2 11 -3 16 -3 20 -2 23 -2 26 -1 29 0 30 1 31 2 31 2 31 2 30 1 30 0 0 0 0 0 0 0 0 0 0 0 0 0 0 0 0 0 0 0 0 0 0 -11 8 -12 6 -11 4 -10 2 -8 1 -7 -2 -5 -4 -3 -7 0 -9 3 -12 5 -15 7 -18 9 -21 10 -24 10 -27 9 -28 9 -31 8 -31 6 -32 5 -32 4 -31 3 -30 3 -28 3 -26 4 -24 6 -22 ]
2025-05-21 15:44:04,CSI_DATA,STA,D8:B1:90:DB:E8:90,-29,11,1,6,0,0,1,0,0,0,1,-95,0,2,0,2304369872,0,110,0,0,88204.1,256,[110 96 6 0 -4 -17 -2 -17 -1 -16 0 -16 1 -15 0 -13 0 -12 0 -9 0 -7 0 -4 0 0 0 3 2 7 4 11 5 15 7 18 10 21 11 23 12 25 14 25 15 26 16 25 17 25 16 25 14 25 0 0 0 0 0 0 0 0 0 0 0 0 0 0 0 0 0 0 0 0 0 0 1 12 -1 11 -3 10 -4 8 -4 6 -5 3 -5 0 -6 -3 -5 -7 -6 -10 -7 -14 -8 -17 -8 -20 -10 -23 -12 -26 -13 -26 -15 -28 -16 -27 -17 -27 -17 -26 -18 -25 -17 -24 -16 -21 -15 -20 -13 -19 -10 -19 ]
2025-05-21 15:44:06,CSI_DATA,STA,D8:B1:90:DB:E8:90,-29,11,1,6,0,0,1,0,0,0,1,-95,0,2,0,2306378468,0,110,0,0,88206.1,256,[110 96 6 0 14 11 13 12 12 12 11 12 10 12 9 11 8 9 6 7 5 4 2 1 -1 -1 -4 -4 -8 -6 -11 -9 -16 -11 -20 -12 -23 -13 -27 -14 -29 -14 -31 -14 -32 -14 -33 -14 -32 -12 -32 -13 -30 -14 0 0 0 0 0 0 0 0 0 0 0 0 0 0 0 0 0 0 0 0 0 0 -12 -7 -10 -8 -8 -9 -6 -8 -4 -8 -1 -5 2 -4 5 -2 8 0 12 2 15 4 19 6 22 7 25 8 28 8 30 8 31 7 32 6 32 5 32 5 31 4 30 4 28 3 26 4 23 5 21 7 ]
2025-05-21 15:44:07,CSI_DATA,STA,D8:B1:90:DB:E8:90,-28,11,1,3,0,0,1,0,0,0,0,-95,0,2,0,2307380760,0,110,0,0,88207.1,256,[110 96 6 0 -8 15 -8 14 -10 13 -9 12 -9 11 -8 10 -7 9 -7 8 -5 5 -3 2 -1 -1 0 -5 1 -8 1 -13 1 -17 1 -20 1 -24 0 -27 -1 -29 -2 -31 -3 -32 -3 -32 -3 -32 -3 -31 -2 -30 0 0 0 0 0 0 0 0 0 0 0 0 0 0 0 0 0 0 0 0 0 0 7 -11 8 -9 8 -8 7 -6 6 -4 6 -1 5 1 3 4 1 8 -1 11 -3 15 -4 18 -5 21 -5 24 -6 27 -5 28 -4 30 -3 31 -1 32 0 31 1 30 1 29 1 27 1 24 0 23 -3 21 ]
2025-05-21 15:44:08,CSI_DATA,STA,D8:B1:90:DB:E8:90,-29,11,1,7,0,0,1,0,0,0,0,-95,0,2,0,2308389171,0,110,0,0,88208.1,256,[110 96 6 0 18 -4 18 -1 18 -1 17 1 16 1 15 1 13 1 10 0 8 0 4 0 1 2 -4 4 -7 5 -10 8 -13 11 -16 14 -19 17 -20 20 -21 23 -21 25 -21 26 -21 27 -20 27 -20 27 -20 25 0 0 0 0 0 0 0 0 0 0 0 0 0 0 0 0 0 0 0 0 0 0 -14 -6 -13 -8 -10 -8 -8 -9 -6 -8 -3 -9 0 -8 3 -7 7 -6 12 -6 15 -5 19 -5 23 -7 26 -7 28 -9 29 -10 30 -11 31 -14 30 -15 29 -16 28 -16 27 -17 25 -16 23 -14 22 -12 21 -10 ]
2025-05-21 15:44:11,CSI_DATA,STA,D8:B1:90:DB:E8:90,-31,11,1,7,0,0,1,0,0,0,0,-94,0,2,0,2311394485,0,110,0,0,88211.1,256,[110 96 6 0 2 17 0 17 -1 16 -1 16 -1 15 -2 13 -1 12 -2 9 -2 6 -2 3 -2 0 -4 -4 -5 -8 -7 -11 -11 -15 -13 -17 -16 -20 -19 -21 -21 -22 -23 -23 -24 -23 -25 -22 -25 -22 -24 -22 -23 -22 0 0 0 0 0 0 0 0 0 0 0 0 0 0 0 0 0 0 0 0 0 0 4 -13 6 -12 6 -10 7 -8 6 -6 7 -3 6 0 6 3 5 7 4 11 5 15 4 18 5 21 6 25 7 27 8 28 10 30 11 29 14 29 15 28 15 27 14 25 14 24 13 22 11 21 8 20 ]
2025-05-21 15:44:12,CSI_DATA,STA,D8:B1:90:DB:E8:90,-30,11,1,7,0,0,1,0,0,0,0,-94,0,2,0,2311894709,0,110,0,0,88211.6,256,[110 96 6 0 11 12 10 12 9 12 8 13 8 12 7 11 6 9 4 7 3 5 1 3 -2 1 -5 0 -9 -2 -12 -3 -16 -3 -20 -3 -23 -3 -26 -3 -28 -2 -30 -1 -31 0 -31 1 -31 1 -30 1 -29 0 0 0 0 0 0 0 0 0 0 0 0 0 0 0 0 0 0 0 0 0 0 0 -4 -13 -2 -13 0 -12 1 -10 3 -9 4 -6 5 -3 7 -1 9 2 10 5 12 9 14 11 16 13 19 15 21 16 22 16 24 16 25 15 27 14 27 12 26 11 26 10 24 9 22 9 20 9 18 10 ]
2025-05-21 15:44:14,CSI_DATA,STA,D8:B1:90:DB:E8:90,-31,11,1,6,0,0,1,0,0,0,0,-94,0,2,0,2313913370,0,110,0,0,88213.6,256,[110 96 6 0 14 10 12 12 11 11 11 12 10 12 9 11 8 9 6 7 4 5 2 3 -1 1 -5 -1 -9 -2 -13 -3 -17 -4 -21 -4 -25 -4 -28 -3 -30 -3 -32 -2 -33 -1 -33 0 -33 1 -33 1 -31 -1 0 0 0 0 0 0 0 0 0 0 0 0 0 0 0 0 0 0 0 0 0 0 -8 -12 -6 -13 -3 -12 -2 -11 0 -9 2 -7 4 -5 6 -2 8 1 11 3 14 7 17 9 20 11 22 12 25 12 26 13 29 12 30 11 31 10 31 8 31 7 29 7 27 6 25 6 23 6 21 7 ]
2025-05-21 15:44:16,CSI_DATA,STA,D8:B1:90:DB:E8:90,-30,11,1,6,0,0,1,0,0,0,0,-94,0,2,0,2315917796,0,110,0,0,88215.6,256,[110 96 6 0 -21 13 -21 14 -20 14 -20 13 -20 14 -20 14 -19 14 -18 15 -18 15 -18 16 -17 15 -17 16 -17 16 -17 16 -18 16 -18 16 -18 16 -18 15 -18 15 -18 14 -18 14 -18 13 -19 12 -19 11 -20 10 0 0 0 0 0 0 0 0 0 0 0 0 0 0 0 0 0 0 0 0 0 0 -16 11 -17 10 -18 10 -19 9 -19 9 -20 9 -21 9 -21 8 -21 8 -21 8 -21 7 -21 8 -21 7 -21 8 -21 8 -21 8 -21 9 -21 9 -21 9 -21 10 -20 10 -21 11 -21 12 -21 12 -21 13 -21
2025-05-21 15:44:17,CSI_DATA,STA,D8:B1:90:DB:E8:90,-28,11,1,7,0,0,1,0,0,0,0,-95,0,2,0,2317420874,0,110,0,0,88217.1,256,[110 96 6 0 -20 -13 -21 -13 -21 -11 -20 -12 -20 -11 -20 -11 -20 -10 -21 -10 -21 -10 -21 -9 -21 -9 -22 -9 -22 -9 -22 -9 -22 -9 -21 -9 -20 -9 -21 -10 -20 -10 -20 -10 -19 -11 -19 -11 -19 -11 -18 -12 -17 -13 0 0 0 0 0 0 0 0 0 0 0 0 0 0 0 0 0 0 0 0 0 0 -16 -10 -15 -11 -15 -12 -15 -13 -14 -13 -15 -14 -15 -14 -15 -15 -15 -15 -15 -16 -14 -15 -14 -16 -14 -16 -14 -16 -15 -16 -15 -15 -16 -15 -16 -15 -1
2025-05-21 15:44:24,CSI_DATA,STA,D8:B1:90:DB:E8:90,-28,11,1,7,0,0,1,0,0,0,1,-95,0,2,0,2324481663,0,110,0,0,88224.2,256,[110 96 6 0 -17 10 -17 7 -18 6 -17 5 -16 5 -15 4 -13 4 -11 4 -8 2 -5 1 -2 -2 2 -4 5 -7 8 -11 11 -14 14 -18 15 -21 16 -25 17 -28 18 -30 18 -31 16 -32 16 -32 15 -32 16 -30 0 0 0 0 0 0 0 0 0 0 0 0 0 0 0 0 0 0 0 0 0 0 14 -5 14 -3 12 -1 11 0 8 2 6 3 4 5 0 6 -4 8 -7 11 -11 12 -15 15 -18 17 -20 19 -22 22 -23 23 -23 25 -23 27 -21 28 -20 28 -19 28 -18 27 -16 26 -15 23 -15 21 -16 18 ]
2025-05-21 15:44:26,CSI_DATA,STA,D8:B1:90:DB:E8:90,-29,11,1,7,0,0,1,0,0,0,0,-95,0,2,0,2326496226,0,110,0,0,88226.2,256,[110 96 6 0 3 23 3 23 4 23 5 22 5 23 5 22 6 22 6 22 6 22 7 21 8 21 7 22 7 22 8 22 7 22 7 22 7 21 6 21 5 21 5 22 4 22 4 22 3 22 2 22 0 22 0 0 0 0 0 0 0 0 0 0 0 0 0 0 0 0 0 0 0 0 0 0 3 19 2 19 1 20 0 20 0 21 -1 21 -1 21 -2 21 -2 21 -2 22 -3 22 -3 22 -3 22 -3 22 -3 22 -2 22 -2 22 -2 22 0 22 0 23 0 23 1 23 1 24 2 24 2 24 2 23 ]
2025-05-21 15:44:31,CSI_DATA,STA,D8:B1:90:DB:E8:90,-28,11,1,7,0,0,1,0,0,0,1,-95,0,2,0,2331009321,0,110,0,0,88230.7,256,[110 96 6 0 -19 3 -19 1 -18 0 -18 -1 -17 -1 -15 -1 -13 -1 -12 0 -9 0 -5 -1 -1 -2 3 -3 7 -5 11 -7 15 -11 18 -13 21 -16 23 -19 24 -22 24 -24 24 -25 24 -25 25 -25 24 -25 24 -23 0 0 0 0 0 0 0 0 0 0 0 0 0 0 0 0 0 0 0 0 0 0 15 2 13 4 11 4 9 5 6 6 4 6 0 6 -3 6 -7 6 -12 6 -16 6 -20 7 -24 8 -27 9 -29 11 -30 12 -32 14 -31 16 -31 17 -29 19 -28 19 -26 19 -24 17 -24 15 -22 12 -22 10 ]
2025-05-21 15:44:33,CSI_DATA,STA,D8:B1:90:DB:E8:90,-30,11,1,7,0,0,1,0,0,0,1,-94,0,2,0,2333017067,0,110,0,0,88232.7,256,[110 96 6 0 -3 -17 -1 -16 1 -15 1 -15 1 -14 1 -13 1 -12 1 -10 0 -7 0 -4 0 -1 0 3 1 7 3 11 4 15 6 18 8 21 9 23 11 25 13 26 13 27 14 27 15 26 14 26 12 25 0 0 0 0 0 0 0 0 0 0 0 0 0 0 0 0 0 0 0 0 0 0 0 11 -1 11 -3 10 -4 8 -4 6 -5 3 -5 1 -6 -3 -6 -6 -6 -10 -7 -14 -7 -17 -8 -20 -9 -23 -11 -25 -12 -26 -13 -27 -15 -27 -16 -27 -16 -25 -17 -25 -16 -24 -15 -22 -14 -21 -11 -19 -9 -19 ]
2025-05-21 15:44:36,CSI_DATA,STA,D8:B1:90:DB:E8:90,-30,11,1,7,0,0,1,0,0,0,1,-94,0,2,0,2336025672,0,110,0,0,88235.7,256,[110 96 6 0 11 13 10 14 9 13 8 13 8 13 7 12 6 10 5 8 3 6 1 3 -1 1 -5 -1 -8 -3 -12 -5 -16 -6 -19 -7 -23 -7 -26 -6 -28 -6 -30 -5 -31 -5 -31 -4 -31 -4 -31 -4 -29 -5 0 0 0 0 0 0 0 0 0 0 0 0 0 0 0 0 0 0 0 0 0 0 -5 -13 -3 -13 0 -12 1 -10 2 -8 3 -6 4 -3 6 0 8 3 10 6 12 9 14 12 16 14 18 16 21 16 22 17 24 17 25 16 27 15 27 13 27 12 25 12 24 10 22 10 20 11 17 11 ]
2025-05-21 15:44:36,CSI_DATA,STA,D8:B1:90:DB:E8:90,-29,11,1,7,0,0,1,1,1,0,0,-95,0,2,0,2336526745,0,110,0,0,88236.2,384,[110 96 6 0 17 3 17 5 16 6 15 7 14 7 13 6 11 5 9 3 7 2 4 0 0 -1 -5 -2 -10 -2 -14 -3 -19 -2 -23 -2 -27 -1 -30 0 -32 1 -34 2 -36 3 -35 4 -35 5 -35 4 -33 2 0 0 0 0 0 0 0 0 0 0 0 0 0 0 0 0 0 0 0 0 0 0 -15 -2 -13 -4 -10 -6 -9 -6 -6 -6 -3 -5 0 -5 4 -5 8 -3 12 -4 16 -3 20 -3 24 -3 27 -4 30 -5 31 -5 32 -7 32 -8 33 -10 31 -10 31 -11 29 -10 26 -10 25 -9 24 -6 23 -4 ]
2025-05-21 15:44:40,CSI_DATA,STA,D8:B1:90:DB:E8:90,-29,11,1,7,0,0,1,0,0,0,1,-95,0,2,0,2340050761,0,110,0,0,88239.8,256,[110 96 6 0 -13 18 -13 18 -12 18 -12 18 -11 18 -11 18 -10 18 -9 19 -9 19 -9 19 -8 19 -8 19 -8 19 -8 19 -8 19 -8 19 -8 20 -9 19 -9 19 -9 18 -9 18 -10 17 -10 17 -11 16 -12 16 0 0 0 0 0 0 0 0 0 0 0 0 0 0 0 0 0 0 0 0 0 0 -10 15 -11 14 -12 14 -12 14 -13 13 -14 14 -14 14 -15 13 -15 14 -15 13 -16 13 -16 13 -16 13 -16 13 -16 13 -16 13 -16 14 -15 14 -15 15 -15 15 -15 16 -14 16 -14 16 -14 16 -14 17 -1
2025-05-21 15:44:44,CSI_DATA,STA,D8:B1:90:DB:E8:90,-30,11,1,7,0,0,1,0,0,0,1,-95,0,2,0,2344578760,0,110,0,0,88244.3,256,[110 96 6 0 -16 18 -16 18 -15 18 -15 18 -14 18 -14 18 -13 19 -13 18 -13 19 -13 19 -12 19 -12 19 -12 19 -12 20 -12 20 -12 20 -12 20 -13 19 -12 19 -14 19 -14 18 -14 17 -15 17 -15 16 -16 15 0 0 0 0 0 0 0 0 0 0 0 0 0 0 0 0 0 0 0 0 0 0 -13 14 -14 13 -15 13 -15 13 -16 12 -17 12 -17 13 -18 13 -19 13 -19 12 -19 12 -19 12 -18 12 -18 12 -18 12 -18 12 -18 13 -17 13 -17 14 -17 14 -17 15 -17 15 -17 16 -1
2025-05-21 15:44:48,CSI_DATA,STA,D8:B1:90:DB:E8:90,-29,11,1,7,0,0,1,0,0,0,1,-95,0,2,0,2348089650,0,110,0,0,88247.8,256,[110 96 6 0 6 21 6 21 6 20 6 21 7 20 7 20 7 20 7 19 8 19 8 19 9 19 8 18 8 18 8 18 8 18 8 19 8 19 7 19 7 18 6 19 6 18 5 19 4 19 4 19 3 19 0 0 0 0 0 0 0 0 0 0 0 0 0 0 0 0 0 0 0 0 0 0 5 15 4 16 4 17 3 17 3 18 2 18 2 18 1 19 1 19 1 19 0 20 0 20 1 20 1 19 1 19 1 19 1 19 2 20 2 19 3 20 4 20 4 20 5 20 5 20 5 20 5 21 ]
2025-05-21 15:44:49,CSI_DATA,STA,D8:B1:90:DB:E8:90,-29,11,1,7,0,0,1,1,1,0,1,-95,0,2,0,2349114085,0,110,0,0,88248.8,384,[110 96 6 0 15 -10 15 -8 16 -7 15 -6 14 -5 13 -4 11 -4 9 -4 7 -3 3 -2 0 0 -4 3 -7 6 -9 9 -12 13 -15 16 -16 19 -17 22 -18 25 -18 27 -18 28 -17 29 -16 29 -16 28 -17 26 0 0 0 0 0 0 0 0 0 0 0 0 0 0 0 0 0 0 0 0 0 0 -14 4 -13 1 -12 0 -10 -2 -8 -3 -6 -4 -3 -5 0 -7 4 -8 7 -11 10 -12 14 -14 16 -16 19 -18 20 -20 21 -22 21 -24 21 -26 20 -27 19 -26 17 -26 17 -25 15 -24 15 -22 15 -20 15 -18 ]
2025-05-21 15:44:50,CSI_DATA,STA,D8:B1:90:DB:E8:90,-29,11,1,7,0,0,1,0,0,0,1,-95,0,2,0,2350112472,0,110,0,0,88249.8,256,[110 96 6 0 21 -3 21 -3 21 -4 21 -4 21 -5 21 -5 20 -5 20 -6 20 -7 20 -7 20 -8 20 -8 20 -8 20 -8 20 -8 19 -7 19 -7 19 -7 19 -6 20 -6 20 -5 19 -5 19 -4 20 -3 20 -2 0 0 0 0 0 0 0 0 0 0 0 0 0 0 0 0 0 0 0 0 0 0 17 -3 17 -2 17 -1 18 0 17 0 18 0 19 0 19 1 20 1 20 2 20 2 20 2 20 2 20 2 20 2 20 1 20 1 20 0 20 0 20 0 21 -1 21 -1 21 -2 21 -2 22 -2 21 -3 ]
2025-05-21 15:44:51,CSI_DATA,STA,D8:B1:90:DB:E8:90,-29,11,1,7,0,0,1,1,1,0,1,-95,0,2,0,2350614141,0,110,0,0,88250.3,384,[110 96 6 0 -19 1 -18 -1 -18 -1 -17 -3 -16 -3 -15 -2 -13 -2 -11 -1 -8 -1 -5 -1 -1 -2 3 -2 8 -3 12 -5 16 -7 20 -10 22 -12 25 -15 26 -17 27 -19 27 -20 27 -21 26 -21 26 -20 25 -19 0 0 0 0 0 0 0 0 0 0 0 0 0 0 0 0 0 0 0 0 0 0 14 1 12 2 10 4 8 4 6 5 3 5 0 5 -3 5 -7 5 -12 6 -16 6 -19 6 -23 7 -25 9 -27 10 -30 11 -30 13 -30 15 -30 15 -29 16 -28 17 -26 16 -24 16 -23 13 -21 11 -21 9 ]
2025-05-21 15:44:57,CSI_DATA,STA,D8:B1:90:DB:E8:90,-29,11,1,7,0,0,1,0,0,0,1,-95,0,2,0,2357121164,0,110,0,0,88256.8,256,[110 96 6 0 -2 21 -1 21 -1 21 0 21 0 21 0 20 1 20 1 20 2 20 2 20 3 20 2 20 3 21 3 20 3 21 3 21 2 21 2 20 2 20 1 19 0 19 0 19 -1 19 -2 20 -3 19 0 0 0 0 0 0 0 0 0 0 0 0 0 0 0 0 0 0 0 0 0 0 -1 16 -2 17 -3 18 -4 18 -4 18 -4 18 -5 18 -5 18 -6 19 -6 19 -7 19 -7 19 -6 19 -6 19 -6 18 -6 19 -5 19 -5 19 -5 19 -4 20 -4 20 -3 20 -3 20 -2 21 -2 21 -3 21 ]
2025-05-21 15:45:03,CSI_DATA,STA,D8:B1:90:DB:E8:90,-29,11,1,7,0,0,1,0,0,0,1,-95,0,2,0,2362640691,0,110,0,0,88262.3,256,[110 96 6 0 4 -25 4 -25 4 -25 3 -24 2 -24 2 -24 1 -24 1 -25 1 -24 1 -25 0 -24 0 -25 -1 -24 0 -25 0 -25 0 -24 1 -24 1 -24 2 -24 2 -23 3 -23 3 -22 4 -22 5 -23 6 -23 0 0 0 0 0 0 0 0 0 0 0 0 0 0 0 0 0 0 0 0 0 0 3 -19 4 -19 5 -20 5 -20 6 -19 7 -20 8 -20 8 -20 9 -20 9 -21 10 -21 10 -20 9 -20 9 -20 9 -21 9 -21 9 -21 8 -21 7 -22 6 -22 5 -23 6 -23 6 -23 5 -23 5 -24 6 -25 ]
2025-05-21 15:45:03,CSI_DATA,STA,D8:B1:90:DB:E8:90,-29,11,1,7,0,0,1,1,1,0,1,-95,0,2,0,2363139338,0,110,0,0,88262.8,384,[110 96 6 0 4 16 2 16 1 15 0 15 0 14 0 13 0 11 0 9 -1 6 -1 4 -2 1 -3 -3 -5 -6 -7 -9 -10 -12 -12 -15 -15 -17 -17 -19 -19 -20 -21 -20 -23 -20 -23 -20 -23 -20 -23 -19 -21 -20 0 0 0 0 0 0 0 0 0 0 0 0 0 0 0 0 0 0 0 0 0 0 0 -13 2 -12 3 -11 4 -9 4 -8 5 -4 5 -1 5 2 5 5 5 9 6 12 7 16 8 18 9 21 10 23 12 24 14 25 15 25 17 25 17 23 18 22 17 21 16 19 15 18 12 17 10 17 ]
2025-05-21 15:45:09,CSI_DATA,STA,D8:B1:90:DB:E8:90,-31,11,1,7,0,0,1,0,0,0,1,-94,0,2,0,2368671256,0,110,0,0,88268.4,256,[110 96 6 0 -9 -24 -8 -24 -9 -23 -9 -22 -9 -22 -9 -22 -9 -22 -10 -22 -10 -22 -11 -22 -12 -21 -12 -22 -12 -22 -12 -22 -12 -22 -11 -21 -11 -21 -10 -21 -9 -22 -9 -22 -9 -22 -8 -21 -7 -21 -6 -22 -5 -22 0 0 0 0 0 0 0 0 0 0 0 0 0 0 0 0 0 0 0 0 0 0 -8 -19 -6 -19 -5 -20 -4 -20 -4 -20 -3 -20 -3 -21 -2 -22 -2 -22 -2 -22 -2 -23 -2 -23 -2 -23 -2 -23 -2 -22 -3 -22 -3 -22 -3 -22 -4 -22 -4 -22 -5 -23 -6 -2
2025-05-21 15:45:11,CSI_DATA,STA,D8:B1:90:DB:E8:90,-30,11,1,7,0,0,1,0,0,0,1,-95,0,2,0,2370703501,0,110,0,0,88270.4,256,[110 96 6 0 -3 -24 -4 -24 -3 -24 -4 -24 -5 -24 -5 -24 -6 -24 -6 -23 -6 -23 -7 -23 -8 -23 -8 -23 -8 -23 -8 -23 -8 -23 -8 -23 -7 -23 -7 -23 -7 -22 -6 -22 -5 -22 -4 -22 -4 -21 -3 -22 -2 -22 0 0 0 0 0 0 0 0 0 0 0 0 0 0 0 0 0 0 0 0 0 0 -2 -20 -1 -21 0 -21 1 -21 1 -21 2 -21 2 -21 3 -21 3 -21 3 -22 4 -23 4 -23 4 -23 4 -23 3 -23 3 -23 2 -23 2 -23 1 -23 1 -23 0 -23 -1 -24 0 -24 -1 -24 -1 -24 -1 -26 ]
2025-05-21 15:45:11,CSI_DATA,STA,D8:B1:90:DB:E8:90,-29,11,1,7,0,0,1,1,1,0,1,-95,0,2,0,2371189188,0,110,0,0,88270.9,384,[110 96 6 0 -2 16 -3 16 -5 15 -5 14 -5 14 -4 12 -4 11 -4 9 -3 7 -3 3 -2 0 -3 -3 -4 -7 -6 -11 -7 -14 -10 -18 -11 -20 -14 -23 -16 -24 -17 -25 -19 -25 -19 -25 -20 -24 -20 -23 -18 -23 0 0 0 0 0 0 0 0 0 0 0 0 0 0 0 0 0 0 0 0 0 0 7 -11 8 -10 8 -9 8 -7 8 -5 7 -2 6 1 5 4 4 8 3 11 2 14 1 18 1 21 1 24 2 26 3 28 5 29 6 30 8 29 9 28 9 27 9 26 9 24 8 22 6 21 4 19 ]
2025-05-21 15:45:12,CSI_DATA,STA,D8:B1:90:DB:E8:90,-29,11,1,7,0,0,1,1,1,0,1,-95,0,2,0,2372189133,0,110,0,0,88271.9,384,[110 96 6 0 16 -7 16 -4 17 -3 16 -2 15 -2 14 -2 11 -2 10 -2 7 -2 3 -1 0 0 -5 2 -8 4 -11 6 -15 9 -18 12 -21 15 -23 17 -24 20 -25 22 -25 23 -24 24 -24 24 -24 23 -23 21 0 0 0 0 0 0 0 0 0 0 0 0 0 0 0 0 0 0 0 0 0 0 -15 2 -14 0 -12 -2 -10 -3 -8 -4 -6 -5 -3 -5 1 -7 5 -7 9 -9 13 -10 17 -11 20 -13 22 -15 24 -17 25 -19 25 -20 26 -22 24 -23 23 -23 22 -24 21 -23 19 -22 18 -19 18 -17 17 -15 ]
2025-05-21 15:45:15,CSI_DATA,STA,D8:B1:90:DB:E8:90,-29,11,1,7,0,0,1,0,0,0,1,-95,0,2,0,2374706302,0,110,0,0,88274.4,256,[110 96 6 0 5 24 5 24 5 23 5 23 5 23 5 23 6 23 6 23 7 22 8 22 9 22 9 22 9 22 9 22 9 22 9 23 8 23 7 22 7 22 6 23 6 22 5 22 5 22 4 22 2 22 0 0 0 0 0 0 0 0 0 0 0 0 0 0 0 0 0 0 0 0 0 0 4 19 3 19 1 20 1 19 1 20 0 20 -1 21 -1 21 -1 22 -1 22 -2 22 -2 22 -2 22 -2 22 -1 22 -1 22 -1 22 0 22 1 22 1 22 1 23 2 23 3 24 4 23 4 24 3 24 ]
2025-05-21 15:45:20,CSI_DATA,STA,D8:B1:90:DB:E8:90,-29,11,1,7,0,0,1,0,0,0,1,-95,0,2,0,2379718462,0,110,0,0,88279.4,256,[110 96 6 0 9 20 9 20 9 19 10 19 10 19 10 18 11 18 10 17 10 17 11 17 11 17 12 17 12 17 12 17 12 17 12 18 12 18 11 17 11 17 10 17 10 17 9 17 8 18 7 18 6 18 0 0 0 0 0 0 0 0 0 0 0 0 0 0 0 0 0 0 0 0 0 0 8 15 7 15 6 16 5 16 5 17 5 17 5 18 4 18 4 18 4 19 3 19 3 19 3 19 3 19 4 19 4 19 4 19 5 19 6 19 6 19 7 19 7 19 7 19 8 19 8 20 8 20 ]
2025-05-21 15:45:20,CSI_DATA,STA,D8:B1:90:DB:E8:90,-29,11,1,7,0,0,1,1,1,0,1,-95,0,2,0,2380222794,0,110,0,0,88279.9,384,[110 96 6 0 13 11 12 11 11 11 10 12 10 12 9 11 8 9 6 7 5 5 2 3 0 2 -4 0 -7 -2 -12 -3 -15 -4 -20 -4 -23 -4 -26 -4 -28 -3 -30 -2 -32 -1 -32 -1 -32 0 -31 0 -30 -2 0 0 0 0 0 0 0 0 0 0 0 0 0 0 0 0 0 0 0 0 0 0 -8 -11 -6 -11 -4 -12 -3 -10 -1 -10 1 -7 3 -5 5 -3 8 0 10 3 13 6 16 8 19 9 22 10 24 10 27 11 28 10 30 9 30 8 30 7 29 6 28 5 26 4 24 5 22 5 20 6 ]
2025-05-21 15:45:21,CSI_DATA,STA,D8:B1:90:DB:E8:90,-29,11,1,7,0,0,1,1,1,0,1,-95,0,2,0,2380733458,0,110,0,0,88280.4,384,[110 96 6 0 -19 1 -18 -1 -18 -2 -17 -4 -16 -4 -16 -4 -13 -3 -12 -2 -9 -1 -6 -1 -1 0 3 0 8 -1 12 -1 17 -3 21 -4 25 -6 28 -7 30 -9 32 -10 33 -11 33 -13 33 -12 32 -12 31 -10 0 0 0 0 0 0 0 0 0 0 0 0 0 0 0 0 0 0 0 0 0 0 14 -3 13 -1 11 0 9 1 7 2 5 3 2 4 -2 4 -7 4 -11 6 -15 7 -19 8 -23 9 -26 11 -28 12 -30 14 -30 16 -30 17 -30 19 -29 19 -28 20 -26 18 -25 18 -23 15 -22 13 -21 10 ]
2025-05-21 15:45:22,CSI_DATA,STA,D8:B1:90:DB:E8:90,-30,11,1,7,0,0,1,0,0,0,1,-95,0,2,0,2382267354,0,110,0,0,88282,256,[110 96 6 0 -24 -10 -23 -9 -24 -9 -24 -8 -23 -8 -24 -7 -23 -7 -23 -6 -24 -5 -24 -5 -24 -5 -24 -4 -24 -4 -24 -4 -24 -4 -24 -5 -24 -5 -24 -5 -24 -5 -22 -6 -22 -6 -22 -7 -21 -7 -21 -9 -20 -10 0 0 0 0 0 0 0 0 0 0 0 0 0 0 0 0 0 0 0 0 0 0 -19 -7 -18 -8 -18 -10 -17 -10 -18 -11 -18 -11 -18 -12 -18 -12 -18 -12 -19 -13 -18 -13 -18 -14 -18 -14 -18 -14 -18 -13 -19 -13 -19 -12 -19 -12 -20 -12 -21 -11 -21 -
2025-05-21 15:45:23,CSI_DATA,STA,D8:B1:90:DB:E8:90,-29,11,1,7,0,0,1,1,1,0,1,-95,0,2,0,2382781189,0,110,0,0,88282.5,384,[110 96 6 0 -10 -15 -8 -16 -7 -16 -6 -16 -6 -15 -6 -14 -5 -13 -4 -10 -3 -7 -2 -5 0 -3 2 1 5 3 9 6 13 8 16 10 20 11 22 12 25 12 27 12 28 12 29 11 29 11 28 11 27 11 0 0 0 0 0 0 0 0 0 0 0 0 0 0 0 0 0 0 0 0 0 0 4 12 2 11 0 11 -2 10 -3 8 -4 5 -6 2 -7 -1 -8 -4 -10 -7 -12 -10 -14 -13 -16 -15 -18 -17 -21 -19 -22 -19 -24 -19 -25 -19 -27 -18 -26 -17 -26 -16 -25 -15 -24 -13 -22 -13 -19 -13 -17 -13 ]
2025-05-21 15:45:25,CSI_DATA,STA,D8:B1:90:DB:E8:90,-29,11,1,7,0,0,1,0,0,0,1,-95,0,2,0,2384826112,0,110,0,0,88284.5,256,[110 96 6 0 -6 -22 -6 -23 -6 -22 -7 -23 -7 -22 -8 -22 -8 -22 -8 -21 -8 -21 -9 -21 -10 -21 -10 -20 -10 -21 -10 -20 -10 -21 -9 -21 -9 -21 -9 -21 -8 -21 -7 -20 -7 -20 -6 -19 -6 -20 -5 -21 -4 -21 0 0 0 0 0 0 0 0 0 0 0 0 0 0 0 0 0 0 0 0 0 0 -4 -17 -3 -18 -2 -19 -2 -19 -1 -19 -1 -19 -1 -20 -1 -20 0 -21 0 -21 0 -21 0 -21 0 -21 0 -21 -1 -21 -1 -21 -1 -21 -2 -21 -3 -22 -3 -21 -4 -22 -4 -22 -5 -22 -6
2025-05-21 15:45:29,CSI_DATA,STA,D8:B1:90:DB:E8:90,-29,11,1,7,0,0,1,0,0,0,1,-95,0,2,0,2388831628,0,110,0,0,88288.5,256,[110 96 6 0 21 -14 21 -14 21 -15 20 -14 19 -14 20 -15 19 -15 19 -16 18 -16 18 -17 18 -16 18 -18 18 -18 18 -19 18 -18 19 -17 19 -17 19 -16 19 -16 19 -15 19 -15 19 -14 20 -13 19 -12 20 -11 0 0 0 0 0 0 0 0 0 0 0 0 0 0 0 0 0 0 0 0 0 0 17 -11 17 -10 17 -9 18 -9 18 -8 19 -8 20 -9 21 -9 21 -9 21 -8 22 -7 22 -6 22 -6 22 -7 22 -7 22 -8 21 -8 22 -9 21 -9 21 -10 21 -10 22 -11 22 -12 21 -11 22 -12 23 -1
2025-05-21 15:45:29,CSI_DATA,STA,D8:B1:90:DB:E8:90,-29,11,1,7,0,0,1,1,1,0,1,-95,0,2,0,2389335658,0,110,0,0,88289,384,[110 96 6 0 -2 -18 0 -17 2 -17 2 -16 3 -16 2 -15 2 -13 1 -11 1 -8 0 -5 -1 -2 0 2 1 7 2 11 3 15 5 19 7 22 9 25 10 27 12 28 13 29 14 29 14 29 13 29 12 28 0 0 0 0 0 0 0 0 0 0 0 0 0 0 0 0 0 0 0 0 0 0 0 12 -2 12 -3 11 -4 9 -4 7 -5 3 -5 1 -6 -3 -6 -7 -6 -10 -7 -14 -7 -18 -9 -21 -9 -24 -11 -26 -13 -28 -14 -28 -16 -29 -17 -28 -17 -27 -18 -26 -17 -25 -16 -23 -15 -21 -12 -20 -9 -20 ]
2025-05-21 15:45:33,CSI_DATA,STA,D8:B1:90:DB:E8:90,-30,11,1,7,0,0,1,0,0,0,1,-95,0,2,0,2393339683,0,110,0,0,88293,256,[110 96 6 0 -22 -2 -22 -2 -22 -1 -22 -1 -22 0 -22 0 -22 1 -22 0 -21 1 -22 1 -22 1 -22 1 -22 2 -21 2 -22 2 -21 1 -22 2 -21 1 -21 0 -21 0 -21 -1 -21 -1 -21 -1 -20 -3 -20 -4 0 0 0 0 0 0 0 0 0 0 0 0 0 0 0 0 0 0 0 0 0 0 -18 -2 -18 -3 -18 -5 -18 -5 -18 -5 -19 -6 -18 -6 -19 -6 -19 -6 -19 -7 -19 -7 -19 -7 -19 -8 -19 -8 -19 -8 -19 -7 -20 -7 -19 -6 -20 -6 -20 -6 -21 -5 -21 -5 -20 -3 -21 -4 -21 -4 -22 -3
2025-05-21 15:45:35,CSI_DATA,STA,D8:B1:90:DB:E8:90,-29,11,1,7,0,0,1,0,0,0,1,-95,0,2,0,2394854333,0,110,0,0,88294.6,256,[110 96 6 0 -23 0 -23 0 -22 1 -22 1 -22 2 -22 2 -21 2 -22 3 -21 4 -21 4 -21 4 -21 4 -21 4 -21 4 -21 4 -22 4 -22 4 -22 3 -21 3 -21 2 -21 2 -20 1 -20 0 -20 -1 -20 -2 0 0 0 0 0 0 0 0 0 0 0 0 0 0 0 0 0 0 0 0 0 0 -19 1 -19 0 -19 -1 -19 -1 -19 -2 -20 -2 -20 -2 -20 -3 -20 -4 -20 -4 -20 -4 -21 -4 -20 -4 -21 -4 -20 -4 -20 -4 -21 -3 -21 -2 -21 -3 -21 -2 -21 -2 -21 -1 -22 -1 -22 -1 -23 0 -22 0 ]
2025-05-21 15:45:38,CSI_DATA,STA,D8:B1:90:DB:E8:90,-36,11,1,7,0,0,1,0,0,0,1,-95,0,2,0,2397876575,0,110,0,0,88297.6,256,[110 96 6 0 11 19 11 20 12 20 -13 3 -13 3 -12 2 -12 3 -3 -22 -3 -22 -3 -22 -3 -22 -10 -17 -10 -17 -10 -18 -9 -18 -13 -3 -13 -4 -12 -4 -12 -4 -12 -4 -12 -5 -11 -6 -11 -6 -11 -7 -11 -8 0 0 0 0 0 0 0 0 0 0 0 0 0 0 0 0 0 0 0 0 0 0 2 -8 3 -8 12 1 12 2 12 2 13 3 28 -5 28 -4 29 -3 29 -2 -1 1 -1 2 -1 2 -1 2 19 12 18 12 19 13 19 12 20 9 21 9 21 9 21 9 -15 -22 -15 -22 -15 -22 -10 -18 ]
2025-05-21 15:45:38,CSI_DATA,STA,D8:B1:90:DB:E8:90,-29,11,1,7,0,0,1,1,1,0,1,-95,0,2,0,2398379258,0,110,0,0,88298.1,384,[110 96 6 0 -2 16 -4 15 -4 14 -5 14 -5 13 -5 12 -4 11 -4 9 -3 6 -2 4 -1 0 -1 -3 -2 -7 -2 -11 -4 -15 -5 -18 -6 -22 -8 -24 -9 -26 -11 -28 -12 -28 -13 -28 -13 -28 -12 -28 -11 -27 0 0 0 0 0 0 0 0 0 0 0 0 0 0 0 0 0 0 0 0 0 0 3 -12 4 -11 5 -10 5 -8 5 -7 5 -3 5 -1 4 2 4 6 3 10 3 13 3 17 3 20 4 23 5 25 6 27 7 28 9 28 10 28 11 27 11 26 11 25 10 23 9 21 7 20 5 18 ]
2025-05-21 15:45:40,CSI_DATA,STA,D8:B1:90:DB:E8:90,-29,11,1,7,0,0,1,0,0,0,1,-95,0,2,0,2400483785,0,100,0,0,88300.2,256,[100 -64 5 0 -23 8 -23 8 -23 9 -23 9 -22 9 -22 9 -21 10 -23 10 -22 11 -22 11 -22 11 -21 11 -21 12 -21 12 -21 12 -21 11 -21 11 -21 10 -20 10 -21 10 -21 9 -21 9 -21 8 -21 7 -22 5 0 0 0 0 0 0 0 0 0 0 0 0 0 0 0 0 0 0 0 0 0 0 -19 7 -19 6 -19 5 -20 4 -20 3 -21 3 -21 3 -22 3 -22 3 -22 3 -22 3 -22 2 -22 2 -22 3 -23 3 -23 3 -23 4 -22 4 -23 5 -22 5 -22 6 -23 6 -23 7 -24 7 -24 8 -23 8 ]
2025-05-21 15:45:43,CSI_DATA,STA,D8:B1:90:DB:E8:90,-30,11,1,7,0,0,1,0,0,0,1,-95,0,2,0,2402921599,0,110,0,0,88302.6,256,[110 96 6 0 12 -21 11 -21 12 -21 11 -21 11 -21 10 -21 10 -21 10 -22 9 -23 8 -23 8 -23 8 -23 8 -23 9 -23 9 -23 9 -23 9 -22 10 -22 10 -22 11 -21 11 -20 11 -20 12 -19 13 -19 14 -18 0 0 0 0 0 0 0 0 0 0 0 0 0 0 0 0 0 0 0 0 0 0 9 -17 10 -16 10 -16 11 -16 11 -16 12 -16 13 -16 14 -16 14 -16 14 -17 15 -17 15 -17 15 -17 15 -16 14 -16 15 -17 14 -16 14 -17 13 -17 13 -17 13 -19 13 -19 13 -20 12 -20 12 -2
2025-05-21 15:45:44,CSI_DATA,STA,D8:B1:90:DB:E8:90,-29,11,1,7,0,0,1,1,1,0,1,-95,0,2,0,2404423535,0,110,0,0,88304.1,384,[110 96 6 0 15 5 14 7 14 7 12 8 12 8 11 7 10 6 8 4 6 3 3 1 0 0 -4 -1 -8 -2 -12 -3 -16 -3 -20 -3 -23 -2 -26 -1 -28 -1 -30 0 -31 1 -31 2 -31 2 -30 1 -29 0 0 0 0 0 0 0 0 0 0 0 0 0 0 0 0 0 0 0 0 0 0 0 -12 -5 -10 -7 -9 -7 -6 -7 -4 -7 -2 -5 1 -4 4 -4 7 -2 11 -1 14 1 18 1 20 1 23 1 25 0 28 0 28 -1 29 -2 29 -3 29 -4 28 -5 27 -5 25 -5 23 -3 21 -2 20 0 ]
2025-05-21 15:45:45,CSI_DATA,STA,D8:B1:90:DB:E8:90,-29,11,1,7,0,0,1,0,0,0,1,-95,0,2,0,2404923191,0,110,0,0,88304.6,256,[110 96 6 0 -13 21 -13 20 -12 21 -12 20 -12 21 -12 21 -10 21 -11 22 -10 22 -10 22 -9 22 -9 22 -9 22 -10 22 -10 22 -10 22 -10 20 -11 21 -11 20 -11 20 -11 19 -12 19 -13 18 -13 17 -14 16 0 0 0 0 0 0 0 0 0 0 0 0 0 0 0 0 0 0 0 0 0 0 -9 17 -10 16 -11 16 -12 16 -12 16 -13 16 -14 16 -14 16 -14 16 -15 17 -15 16 -15 17 -15 16 -15 16 -15 16 -15 16 -14 16 -14 17 -15 17 -14 18 -14 18 -14 18 -13 20 -13 20
2025-05-21 15:45:46,CSI_DATA,STA,D8:B1:90:DB:E8:90,-29,11,1,7,0,0,1,1,1,0,1,-95,0,2,0,2406425782,0,110,0,0,88306.1,384,[110 96 6 0 -19 1 -18 -1 -18 -2 -17 -4 -16 -3 -15 -3 -13 -3 -12 -1 -9 -1 -5 -1 -1 -1 3 -1 7 -2 11 -3 16 -5 20 -7 24 -9 26 -11 28 -13 29 -14 30 -16 29 -16 29 -17 28 -16 28 -14 0 0 0 0 0 0 0 0 0 0 0 0 0 0 0 0 0 0 0 0 0 0 14 -2 13 0 11 1 9 2 7 3 5 4 1 4 -2 5 -7 5 -11 6 -15 7 -19 8 -22 9 -25 11 -27 12 -28 13 -29 15 -29 17 -28 18 -27 18 -26 18 -25 17 -23 16 -22 14 -20 11 -20 9 ]
2025-05-21 15:45:50,CSI_DATA,STA,D8:B1:90:DB:E8:90,-29,11,1,7,0,0,1,0,0,0,1,-95,0,2,0,2409931565,0,110,0,0,88309.6,256,[110 96 6 0 -5 22 -4 22 -4 22 -3 21 -2 21 -2 21 -1 21 -1 22 -1 22 0 22 1 22 1 22 1 22 1 22 1 23 1 22 0 22 0 22 0 21 -1 22 -1 21 -2 21 -3 21 -3 20 -5 19 0 0 0 0 0 0 0 0 0 0 0 0 0 0 0 0 0 0 0 0 0 0 -4 17 -4 17 -5 17 -6 18 -6 18 -7 18 -7 18 -8 18 -8 18 -8 18 -9 19 -9 18 -9 19 -9 19 -8 19 -8 19 -8 19 -7 19 -7 20 -6 20 -6 20 -6 21 -5 21 -5 22 -5 22 -5 22 ]
2025-05-21 15:45:51,CSI_DATA,STA,D8:B1:90:DB:E8:90,-29,11,1,7,0,0,1,1,1,0,1,-95,0,2,0,2411435767,0,110,0,0,88311.1,384,[110 96 6 0 -10 14 -11 14 -11 12 -11 12 -11 11 -10 10 -8 9 -7 8 -6 6 -4 3 -2 0 0 -4 1 -8 2 -12 2 -17 2 -20 2 -24 1 -27 1 -29 -1 -31 -1 -32 -2 -32 -2 -32 -2 -31 -1 -30 0 0 0 0 0 0 0 0 0 0 0 0 0 0 0 0 0 0 0 0 0 0 9 -10 9 -8 9 -7 8 -5 7 -2 6 0 4 2 2 5 0 8 -2 12 -4 15 -6 18 -7 21 -8 24 -8 26 -7 28 -7 30 -5 31 -4 31 -3 30 -2 29 -1 28 -2 26 -2 24 -3 22 -5 20 ]
2025-05-21 15:45:52,CSI_DATA,STA,D8:B1:90:DB:E8:90,-30,11,1,7,0,0,1,0,0,0,1,-95,0,2,0,2411944745,0,110,0,0,88311.6,256,[110 96 6 0 17 13 17 12 18 11 17 12 17 11 17 11 17 10 17 10 17 9 18 8 18 8 18 8 18 8 18 8 18 8 19 9 18 9 18 9 18 9 17 9 16 9 16 10 16 10 15 12 14 13 0 0 0 0 0 0 0 0 0 0 0 0 0 0 0 0 0 0 0 0 0 0 14 9 13 10 12 11 12 11 12 12 12 12 12 13 12 13 12 13 12 14 12 14 12 14 12 14 13 14 12 14 13 13 13 13 14 13 14 13 15 13 15 13 16 13 15 12 16 12 16 12 16 12 ]
2025-05-21 15:45:52,CSI_DATA,STA,D8:B1:90:DB:E8:90,-29,11,1,7,0,0,1,1,1,0,1,-95,0,2,0,2412456862,0,110,0,0,88312.2,384,[110 96 6 0 -16 -5 -16 -6 -15 -6 -14 -8 -13 -7 -13 -7 -11 -6 -9 -4 -7 -3 -4 -2 0 -1 3 0 7 1 11 0 16 0 19 0 23 -1 25 -3 28 -4 29 -5 30 -6 30 -6 29 -6 29 -5 28 -4 0 0 0 0 0 0 0 0 0 0 0 0 0 0 0 0 0 0 0 0 0 0 12 3 10 4 8 5 6 5 4 5 2 4 -2 4 -5 3 -8 2 -12 1 -16 1 -19 0 -22 1 -25 1 -26 2 -28 3 -29 4 -30 5 -29 6 -29 7 -28 7 -27 6 -25 6 -23 5 -21 3 -20 1 ]
2025-05-21 15:45:53,CSI_DATA,STA,D8:B1:90:DB:E8:90,-29,11,1,7,0,0,1,1,1,0,1,-95,0,2,0,2412971694,0,110,0,0,88312.7,384,[110 96 6 0 -3 15 -5 15 -6 14 -7 14 -6 13 -6 12 -5 11 -4 9 -3 6 -2 3 0 0 1 -4 1 -8 1 -12 1 -17 0 -20 0 -24 -1 -27 -3 -29 -3 -31 -5 -31 -5 -31 -5 -31 -5 -30 -3 -29 0 0 0 0 0 0 0 0 0 0 0 0 0 0 0 0 0 0 0 0 0 0 1 -12 2 -11 3 -10 4 -8 4 -6 4 -3 4 0 4 3 3 7 3 11 3 14 3 18 3 21 4 24 5 26 6 27 7 28 8 28 10 28 10 27 10 26 10 24 9 23 7 21 6 20 3 18 ]
2025-05-21 15:45:53,CSI_DATA,STA,D8:B1:90:DB:E8:90,-30,11,1,7,0,0,1,1,1,0,1,-95,0,2,0,2413479671,0,110,0,0,88313.2,384,[110 96 6 0 -4 20 -5 19 -6 17 -6 16 -6 15 -5 14 -4 12 -4 9 -3 6 -2 3 -1 -2 -1 -6 -1 -11 -3 -16 -4 -20 -5 -24 -7 -28 -10 -31 -11 -32 -13 -33 -14 -34 -15 -34 -15 -34 -14 -33 -12 -32 0 0 0 0 0 0 0 0 0 0 0 0 0 0 0 0 0 0 0 0 0 0 6 -13 7 -11 8 -10 7 -7 7 -4 7 0 6 3 4 6 3 11 2 14 1 18 0 22 0 26 0 29 1 31 2 33 4 34 5 35 7 34 8 33 8 32 8 30 7 28 6 26 5 25 2 24 ]
2025-05-21 15:45:56,CSI_DATA,STA,D8:B1:90:DB:E8:90,-29,11,1,5,0,0,1,0,0,0,1,-95,0,2,0,2415976847,0,110,0,0,88315.7,256,[110 96 6 0 -19 1 -19 0 -19 -1 -18 -2 -17 -2 -16 -2 -13 -2 -11 -1 -8 -1 -5 -1 -1 -2 3 -3 7 -5 11 -7 15 -10 18 -12 21 -15 22 -18 24 -21 24 -22 24 -24 23 -24 23 -24 23 -23 23 -22 0 0 0 0 0 0 0 0 0 0 0 0 0 0 0 0 0 0 0 0 0 0 14 3 13 4 10 5 8 6 5 6 3 6 0 6 -4 6 -8 6 -12 6 -16 6 -20 6 -23 8 -26 9 -29 10 -29 11 -31 13 -30 14 -30 16 -28 16 -28 17 -26 16 -24 15 -23 13 -21 11 -22 9 ]
2025-05-21 15:45:57,CSI_DATA,STA,D8:B1:90:DB:E8:90,-38,11,1,7,0,0,1,0,0,0,1,-95,0,2,0,2416475572,0,110,0,0,88316.2,256,[110 96 6 0 -6 -4 -6 -4 -6 -3 17 19 18 18 18 16 20 15 1 15 2 14 3 13 4 14 -9 -5 -10 -5 -9 -4 -9 -4 11 -5 11 -5 10 -5 10 -5 -12 -17 -12 -16 -12 -16 -12 -16 0 -19 0 -19 0 0 0 0 0 0 0 0 0 0 0 0 0 0 0 0 0 0 0 0 0 0 12 -12 12 -11 -1 -14 -1 -14 -1 -15 -2 -14 -10 -17 -11 -17 -11 -18 -11 -18 -12 -29 -13 -29 -14 -28 -15 -28 -5 -11 -6 -11 -7 -11 -7 -11 9 -10 9 -10 8 -11 8 -12 -14 0 -14 0 -14 0 -13 -6
2025-05-21 15:45:57,CSI_DATA,STA,D8:B1:90:DB:E8:90,-29,11,1,7,0,0,1,0,0,0,1,-95,0,2,0,2416975705,0,110,0,0,88316.7,256,[110 96 6 0 -21 -10 -21 -10 -21 -9 -21 -10 -21 -9 -21 -9 -21 -8 -20 -8 -20 -8 -21 -7 -21 -7 -21 -6 -21 -6 -21 -6 -21 -7 -22 -7 -21 -7 -21 -8 -21 -8 -20 -8 -20 -8 -19 -8 -19 -9 -18 -10 -17 -11 0 0 0 0 0 0 0 0 0 0 0 0 0 0 0 0 0 0 0 0 0 0 -16 -8 -16 -9 -15 -11 -15 -11 -15 -12 -16 -12 -15 -12 -15 -12 -15 -13 -16 -13 -16 -14 -16 -14 -16 -14 -16 -14 -16 -14 -16 -13 -17 -13 -17 -13 -18 -12 -18 -12
2025-05-21 15:45:58,CSI_DATA,STA,D8:B1:90:DB:E8:90,-29,11,1,7,0,0,1,0,0,0,1,-95,0,2,0,2417982901,0,110,0,0,88317.7,256,[110 96 6 0 -4 22 -3 22 -2 22 -2 21 -1 21 -1 21 0 21 0 21 0 21 1 21 2 21 1 21 2 21 1 21 1 22 1 22 1 22 0 21 0 21 0 21 -1 20 -1 20 -2 20 -3 20 -5 19 0 0 0 0 0 0 0 0 0 0 0 0 0 0 0 0 0 0 0 0 0 0 -2 17 -3 17 -4 16 -5 17 -5 17 -6 17 -7 17 -7 18 -7 18 -7 18 -8 18 -8 18 -7 18 -7 18 -7 19 -7 18 -7 19 -6 19 -6 20 -5 20 -5 20 -4 21 -5 21 -4 21 -4 21 -4 22 ]
2025-05-21 15:45:58,CSI_DATA,STA,D8:B1:90:DB:E8:90,-29,11,1,6,0,0,1,0,0,0,1,-95,0,2,0,2418494382,0,110,0,0,88318.2,256,[110 96 6 0 -18 -4 -17 -5 -16 -6 -15 -7 -14 -7 -13 -6 -11 -5 -10 -4 -7 -3 -4 -2 0 -2 4 -2 8 -2 12 -3 16 -4 19 -5 23 -7 25 -8 27 -10 28 -11 28 -13 28 -13 28 -13 27 -12 26 -11 0 0 0 0 0 0 0 0 0 0 0 0 0 0 0 0 0 0 0 0 0 0 11 6 10 6 7 7 5 7 2 7 0 6 -3 5 -6 3 -10 2 -13 2 -17 1 -20 0 -23 0 -25 1 -28 1 -29 2 -30 3 -30 5 -31 5 -30 6 -29 7 -27 6 -25 6 -24 5 -22 4 -21 2 ]
2025-05-21 15:46:01,CSI_DATA,STA,D8:B1:90:DB:E8:90,-29,11,1,7,0,0,1,0,0,0,0,-95,0,2,0,2421516169,0,110,0,0,88321.2,256,[110 96 6 0 -7 15 -8 14 -9 13 -9 12 -9 11 -8 10 -7 9 -6 8 -4 5 -3 3 0 -1 1 -4 2 -8 2 -12 3 -16 3 -20 3 -23 2 -26 1 -29 1 -30 0 -31 -1 -31 -1 -31 -1 -30 0 -29 0 0 0 0 0 0 0 0 0 0 0 0 0 0 0 0 0 0 0 0 0 0 5 -11 6 -10 6 -9 6 -6 5 -4 5 -1 4 2 3 4 1 8 -1 11 -2 15 -2 18 -3 21 -3 24 -3 26 -2 28 -1 29 0 30 1 29 2 29 2 28 3 26 3 25 2 23 0 21 -2 19 ]
2025-05-21 15:46:07,CSI_DATA,STA,D8:B1:90:DB:E8:90,-29,11,1,7,0,0,1,0,0,0,1,-95,0,2,0,2426560668,0,110,0,0,88326.3,256,[110 96 6 0 -3 17 -4 16 -5 16 -5 15 -5 14 -5 13 -4 11 -3 9 -3 6 -2 3 -1 0 -1 -5 -1 -9 -1 -13 -2 -17 -4 -21 -5 -24 -7 -27 -8 -29 -9 -30 -10 -31 -11 -31 -11 -31 -11 -30 -9 -29 0 0 0 0 0 0 0 0 0 0 0 0 0 0 0 0 0 0 0 0 0 0 2 -13 4 -12 5 -11 5 -9 5 -6 5 -3 4 0 4 4 3 8 3 12 2 15 2 19 3 22 4 25 4 27 6 29 7 30 9 31 10 30 11 29 11 28 11 26 10 25 9 23 7 22 4 20 ]
2025-05-21 15:46:13,CSI_DATA,STA,D8:B1:90:DB:E8:90,-29,11,1,7,0,0,1,0,0,0,1,-95,0,2,0,2432615883,0,110,0,0,88332.3,256,[110 96 6 0 17 -4 17 -2 17 -2 17 0 15 0 14 0 12 0 10 -1 7 -2 3 -2 -1 -1 -6 -1 -10 0 -14 1 -19 3 -22 5 -26 7 -29 9 -31 10 -32 12 -32 13 -32 14 -32 14 -31 13 -30 11 0 0 0 0 0 0 0 0 0 0 0 0 0 0 0 0 0 0 0 0 0 0 -13 5 -13 3 -11 1 -10 -1 -7 -2 -5 -3 -2 -5 2 -6 6 -7 9 -9 13 -11 17 -12 20 -15 22 -16 24 -18 25 -19 26 -21 25 -22 25 -24 24 -23 23 -23 22 -21 20 -20 19 -18 19 -16 19 -13 ]
2025-05-21 15:46:14,CSI_DATA,STA,D8:B1:90:DB:E8:90,-29,11,1,7,0,0,1,1,0,0,1,-95,0,2,0,2433641571,0,110,0,0,88333.3,256,[110 96 6 0 6 -25 6 -25 6 -26 6 -25 5 -25 4 -25 4 -25 4 -24 3 -24 3 -24 2 -24 2 -26 2 -25 2 -26 1 -26 2 -26 3 -26 3 -25 4 -25 4 -24 4 -24 5 -24 6 -23 7 -23 8 -22 0 0 0 0 0 0 0 0 0 0 0 0 0 0 0 0 0 0 0 0 0 0 5 -20 6 -19 7 -20 7 -20 8 -20 9 -20 10 -20 10 -20 10 -20 11 -21 12 -21 11 -21 12 -20 11 -21 10 -21 10 -21 10 -21 10 -22 9 -22 8 -22 8 -23 8 -23 8 -24 7 -24 7 -24 8 -25 ]
2025-05-21 15:46:14,CSI_DATA,STA,D8:B1:90:DB:E8:90,-29,11,1,7,0,0,1,0,0,0,1,-95,0,2,0,2434158763,0,110,0,0,88333.9,256,[110 96 6 0 -17 -8 -16 -10 -15 -10 -14 -11 -13 -10 -13 -10 -11 -8 -10 -6 -7 -5 -5 -3 -1 -2 3 0 7 1 11 1 16 1 20 0 24 -1 26 -1 29 -3 31 -3 32 -5 31 -6 31 -6 30 -6 29 -5 0 0 0 0 0 0 0 0 0 0 0 0 0 0 0 0 0 0 0 0 0 0 12 7 10 8 7 8 5 8 3 7 1 6 -2 4 -6 3 -9 1 -13 0 -16 -1 -20 -2 -23 -3 -26 -3 -29 -3 -30 -3 -32 -1 -32 0 -32 1 -31 2 -31 3 -29 3 -27 3 -25 2 -23 0 -21 -2 ]
2025-05-21 15:46:15,CSI_DATA,STA,D8:B1:90:DB:E8:90,-30,11,1,7,0,0,1,1,0,0,1,-95,0,2,0,2435175885,0,110,0,0,88334.9,256,[110 96 6 0 -13 20 -13 21 -12 21 -12 20 -11 20 -10 20 -10 21 -9 21 -9 21 -9 22 -8 22 -8 23 -8 23 -8 23 -8 23 -8 22 -8 22 -8 21 -8 21 -9 20 -9 20 -10 20 -10 19 -11 19 -12 18 0 0 0 0 0 0 0 0 0 0 0 0 0 0 0 0 0 0 0 0 0 0 -11 16 -12 15 -13 15 -13 15 -13 15 -15 15 -14 15 -15 15 -15 15 -15 15 -17 15 -17 15 -16 15 -16 15 -16 15 -16 16 -16 16 -15 16 -15 17 -14 18 -14 18 -14 18 -14 19 -13 19 -14 19 -1
2025-05-21 15:46:16,CSI_DATA,STA,D8:B1:90:DB:E8:90,-30,11,1,7,0,0,1,0,0,0,1,-95,0,2,0,2436175643,0,110,0,0,88335.9,256,[110 96 6 0 14 13 14 14 12 14 11 15 10 14 9 13 9 12 7 8 6 6 3 3 0 0 -4 -3 -8 -6 -13 -8 -17 -10 -22 -12 -27 -12 -30 -13 -33 -13 -35 -12 -37 -11 -37 -11 -37 -10 -36 -10 -34 -11 0 0 0 0 0 0 0 0 0 0 0 0 0 0 0 0 0 0 0 0 0 0 -13 -10 -11 -11 -8 -12 -5 -11 -4 -10 -1 -7 2 -5 6 -2 9 1 13 3 17 6 21 8 24 10 28 11 30 11 33 11 34 10 36 9 36 7 35 6 35 5 33 5 30 4 28 5 25 6 22 7 ]
2025-05-21 15:46:21,CSI_DATA,STA,D8:B1:90:DB:E8:90,-29,11,1,7,0,0,1,0,0,0,1,-95,0,2,0,2441191371,0,110,0,0,88340.9,256,[110 96 6 0 4 16 3 16 2 16 1 15 1 15 1 13 1 11 0 9 0 6 0 3 -1 -1 -2 -4 -4 -8 -7 -12 -9 -15 -12 -18 -14 -20 -17 -22 -19 -24 -21 -24 -22 -25 -23 -23 -23 -23 -23 -22 -21 -23 0 0 0 0 0 0 0 0 0 0 0 0 0 0 0 0 0 0 0 0 0 0 -3 -13 -1 -12 0 -12 1 -10 2 -8 4 -4 5 -1 6 2 6 6 7 9 9 12 10 16 12 18 14 21 15 23 17 24 18 24 20 23 21 22 20 21 20 21 20 20 19 18 17 17 15 16 12 17 ]
2025-05-21 15:46:26,CSI_DATA,STA,D8:B1:90:DB:E8:90,-29,11,1,7,0,0,1,0,0,0,1,-95,0,2,0,2446228663,0,110,0,0,88345.9,256,[110 96 6 0 -19 -1 -18 -2 -18 -3 -17 -4 -16 -4 -15 -4 -13 -3 -11 -2 -8 -1 -5 -1 0 -1 4 -1 8 -1 13 -3 17 -4 22 -6 25 -8 27 -10 29 -12 31 -13 31 -14 31 -15 31 -15 30 -14 29 -12 0 0 0 0 0 0 0 0 0 0 0 0 0 0 0 0 0 0 0 0 0 0 14 0 13 1 11 2 8 3 6 4 4 4 0 5 -4 5 -8 5 -12 6 -16 6 -20 7 -24 8 -26 9 -28 11 -30 12 -30 14 -31 15 -29 16 -28 17 -27 17 -26 16 -24 15 -23 12 -21 10 -21 7 ]
2025-05-21 15:46:27,CSI_DATA,STA,D8:B1:90:DB:E8:90,-29,11,1,7,0,0,1,1,0,0,1,-95,0,2,0,2446744918,0,110,0,0,88346.4,256,[110 96 6 0 20 -14 20 -15 20 -16 20 -16 19 -16 19 -16 19 -17 17 -16 17 -17 16 -17 16 -17 16 -17 16 -18 16 -18 17 -18 18 -18 18 -17 18 -17 18 -16 18 -16 18 -15 18 -14 19 -14 19 -13 20 -12 0 0 0 0 0 0 0 0 0 0 0 0 0 0 0 0 0 0 0 0 0 0 16 -13 17 -12 16 -11 17 -11 17 -10 19 -10 19 -10 20 -10 20 -9 21 -9 20 -9 20 -9 20 -9 20 -9 21 -9 20 -10 20 -10 20 -11 20 -11 20 -11 20 -12 20 -13 20 -14 20 -14 21
2025-05-21 15:46:27,CSI_DATA,STA,D8:B1:90:DB:E8:90,-29,11,1,7,0,0,1,1,0,0,1,-95,0,2,0,2447255377,0,110,0,0,88347,256,[110 96 6 0 13 19 13 19 13 19 13 18 14 17 14 17 14 16 14 15 14 15 15 15 15 14 16 16 16 16 16 16 16 16 16 16 15 16 15 16 14 16 14 16 13 16 13 16 12 16 11 17 10 18 0 0 0 0 0 0 0 0 0 0 0 0 0 0 0 0 0 0 0 0 0 0 10 14 9 15 9 16 8 17 8 17 7 17 7 18 7 18 7 19 7 19 6 19 6 19 7 19 7 19 7 19 7 19 8 18 8 18 9 19 10 18 10 18 11 19 11 18 12 18 12 19 12 19 ]
2025-05-21 15:46:28,CSI_DATA,STA,D8:B1:90:DB:E8:90,-29,11,1,6,0,0,1,0,0,0,1,-95,0,2,0,2447761960,0,110,0,0,88347.5,256,[110 96 6 0 14 10 13 12 12 12 11 12 11 12 9 11 8 9 7 6 5 4 3 2 0 -1 -4 -3 -8 -5 -12 -7 -17 -8 -21 -9 -25 -9 -29 -8 -32 -8 -33 -7 -34 -6 -35 -6 -34 -6 -33 -6 -32 -7 0 0 0 0 0 0 0 0 0 0 0 0 0 0 0 0 0 0 0 0 0 0 -12 -9 -10 -10 -7 -10 -5 -10 -3 -9 0 -7 2 -5 5 -3 9 0 13 2 16 5 20 7 23 7 26 8 28 8 30 8 31 6 32 5 33 4 33 3 31 2 30 2 27 2 25 3 23 4 20 6 ]
2025-05-21 15:46:28,CSI_DATA,STA,D8:B1:90:DB:E8:90,-30,11,1,7,0,0,1,0,0,0,0,-95,0,2,0,2448272678,0,110,0,0,88348,256,[110 96 6 0 9 22 9 22 10 22 9 21 10 21 10 20 11 20 11 19 10 19 11 19 11 19 11 18 11 18 12 18 12 18 13 20 12 20 12 19 12 19 11 19 10 19 9 20 8 20 7 20 6 20 0 0 0 0 0 0 0 0 0 0 0 0 0 0 0 0 0 0 0 0 0 0 6 17 5 17 5 18 4 18 4 19 3 18 3 20 3 20 3 20 2 21 1 21 1 21 1 21 1 20 2 20 2 21 3 20 3 21 4 21 5 21 6 21 7 21 7 22 7 23 7 23 7 23 ]
2025-05-21 15:46:30,CSI_DATA,STA,D8:B1:90:DB:E8:90,-37,11,1,6,0,0,1,0,0,0,1,-95,0,2,0,2450269638,0,110,0,0,88350,256,[110 96 6 0 -12 5 -12 5 -13 4 -22 13 -22 12 -22 11 -22 11 -17 23 -17 22 -18 21 -18 20 -2 7 -3 7 -3 7 -3 7 -7 20 -8 19 -9 19 -10 18 -12 -1 -11 -1 -11 -2 -11 -2 -12 -6 -12 -7 0 0 0 0 0 0 0 0 0 0 0 0 0 0 0 0 0 0 0 0 0 0 -5 2 -5 2 -18 4 -18 3 -18 1 -19 0 -13 -2 -14 -3 -13 -4 -13 -4 -16 17 -17 16 -17 16 -18 15 -8 -7 -8 -7 -8 -7 -8 -8 -7 -6 -7 -6 -7 -6 -8 -6 -14 8 -14 7 -14 7 -12 8 ]
2025-05-21 15:46:31,CSI_DATA,STA,D8:B1:90:DB:E8:90,-29,11,1,7,0,0,1,0,0,0,1,-95,0,2,0,2450770111,0,110,0,0,88350.5,256,[110 96 6 0 -14 14 -15 12 -15 11 -14 10 -14 10 -12 9 -10 7 -9 7 -6 4 -4 2 0 -1 2 -5 5 -9 7 -13 8 -17 10 -21 11 -25 11 -28 11 -31 11 -33 10 -35 10 -34 9 -34 9 -34 10 -32 0 0 0 0 0 0 0 0 0 0 0 0 0 0 0 0 0 0 0 0 0 0 10 -9 11 -8 10 -6 9 -4 7 -1 6 1 3 4 0 7 -2 10 -6 13 -8 16 -11 19 -12 22 -13 25 -14 28 -14 29 -13 32 -12 32 -11 33 -10 32 -9 32 -8 30 -8 28 -8 26 -9 23 -11 21 ]
2025-05-21 15:46:31,CSI_DATA,STA,D8:B1:90:DB:E8:90,-29,11,1,7,0,0,1,0,0,0,1,-95,0,2,0,2451269679,0,110,0,0,88351,256,[110 96 6 0 10 -14 12 -12 12 -11 12 -11 11 -10 11 -9 9 -8 8 -7 6 -6 3 -3 0 0 -2 3 -3 7 -4 10 -5 15 -6 19 -6 22 -6 25 -5 28 -4 30 -4 31 -3 31 -3 31 -3 30 -4 29 0 0 0 0 0 0 0 0 0 0 0 0 0 0 0 0 0 0 0 0 0 0 -12 7 -12 5 -11 4 -10 2 -9 0 -7 -2 -5 -4 -3 -7 0 -9 3 -12 5 -15 7 -18 9 -21 10 -23 10 -26 10 -28 10 -29 9 -30 7 -31 6 -30 5 -30 5 -28 4 -26 5 -24 5 -22 7 -20 ]
2025-05-21 15:46:34,CSI_DATA,STA,D8:B1:90:DB:E8:90,-31,11,1,7,0,0,1,0,0,0,1,-93,0,2,0,2454313967,0,110,0,0,88354,256,[110 96 6 0 3 -17 5 -16 6 -15 6 -14 6 -13 5 -12 4 -10 3 -8 2 -6 1 -3 -1 0 -1 4 -1 8 -1 12 -1 16 0 19 1 23 2 25 4 27 5 28 6 29 6 29 6 28 6 28 5 27 0 0 0 0 0 0 0 0 0 0 0 0 0 0 0 0 0 0 0 0 0 0 -6 10 -7 8 -7 7 -7 5 -7 3 -6 0 -5 -2 -4 -6 -3 -9 -2 -12 -1 -16 0 -19 1 -22 0 -25 -1 -27 -1 -29 -3 -30 -3 -30 -5 -30 -6 -29 -6 -28 -6 -27 -5 -25 -5 -23 -3 -21 0 -20 ]
2025-05-21 15:46:39,CSI_DATA,STA,D8:B1:90:DB:E8:90,-29,11,1,5,0,0,1,0,0,0,0,-95,0,2,0,2459335893,0,110,0,0,88359,256,[110 96 6 0 -20 -3 -19 -5 -18 -6 -17 -7 -16 -7 -15 -6 -12 -5 -11 -4 -8 -3 -4 -1 0 -1 4 -1 9 -1 14 -1 18 -2 23 -3 26 -5 29 -7 31 -8 32 -10 33 -11 33 -12 33 -12 32 -11 31 -10 0 0 0 0 0 0 0 0 0 0 0 0 0 0 0 0 0 0 0 0 0 0 14 3 12 5 9 6 7 6 5 6 2 6 -2 5 -5 4 -10 4 -14 3 -18 3 -22 3 -26 3 -29 4 -31 4 -33 5 -34 7 -34 8 -34 10 -33 10 -32 11 -31 10 -28 10 -27 8 -24 6 -23 4 ]
2025-05-21 15:46:40,CSI_DATA,STA,D8:B1:90:DB:E8:90,-29,11,1,6,0,0,1,0,0,0,1,-95,0,2,0,2459841576,0,110,0,0,88359.5,256,[110 96 6 0 13 -10 14 -8 15 -7 14 -7 13 -6 12 -5 10 -5 8 -4 6 -3 3 -2 0 1 -3 3 -5 7 -7 10 -9 14 -10 17 -11 21 -11 23 -11 26 -11 27 -11 28 -9 29 -9 29 -9 28 -9 27 0 0 0 0 0 0 0 0 0 0 0 0 0 0 0 0 0 0 0 0 0 0 -13 2 -13 0 -11 -1 -10 -3 -7 -3 -5 -5 -3 -6 1 -8 4 -8 7 -10 10 -12 13 -14 16 -16 18 -17 19 -20 19 -21 19 -23 18 -24 18 -25 16 -25 15 -25 14 -23 13 -22 12 -20 13 -18 13 -17 ]
2025-05-21 15:46:41,CSI_DATA,STA,D8:B1:90:DB:E8:90,-29,11,1,7,0,0,1,0,0,0,1,-95,0,2,0,2461361641,0,110,0,0,88361.1,256,[110 96 6 0 -19 12 -19 12 -18 12 -18 12 -17 12 -18 12 -17 12 -17 13 -16 13 -17 13 -16 13 -16 14 -16 14 -16 14 -16 14 -17 14 -17 14 -17 14 -17 13 -17 13 -17 12 -17 11 -18 11 -18 10 -18 9 0 0 0 0 0 0 0 0 0 0 0 0 0 0 0 0 0 0 0 0 0 0 -15 9 -16 8 -17 7 -17 7 -18 7 -18 6 -19 7 -19 6 -19 6 -19 6 -20 6 -20 6 -20 5 -20 6 -20 6 -20 7 -20 7 -20 7 -19 8 -19 8 -19 9 -19 9 -19 10 -19 10 -19 10 -20 11 ]
2025-05-21 15:46:45,CSI_DATA,STA,D8:B1:90:DB:E8:90,-29,11,1,5,0,0,1,0,0,0,1,-95,0,2,0,2464868446,0,110,0,0,88364.6,256,[110 96 6 0 -12 -12 -11 -14 -9 -13 -8 -14 -8 -13 -7 -12 -7 -10 -6 -8 -4 -5 -3 -3 -1 0 2 3 5 6 8 9 12 11 15 13 18 15 21 16 23 16 25 16 26 16 26 16 26 16 25 16 23 16 0 0 0 0 0 0 0 0 0 0 0 0 0 0 0 0 0 0 0 0 0 0 9 7 7 7 5 8 3 7 1 6 -1 4 -4 2 -6 0 -9 -2 -12 -5 -15 -7 -17 -9 -20 -11 -22 -11 -25 -12 -27 -12 -28 -12 -29 -11 -30 -10 -29 -9 -29 -8 -27 -8 -25 -7 -23 -8 -20 -8 -18 -10 ]
2025-05-21 15:46:45,CSI_DATA,STA,D8:B1:90:DB:E8:90,-29,11,1,7,0,0,1,0,0,0,1,-95,0,2,0,2465369730,0,110,0,0,88365.1,256,[110 96 6 0 17 14 17 14 17 13 17 12 18 12 18 12 18 11 18 11 18 11 18 10 18 10 19 11 19 11 19 10 19 11 19 11 18 11 18 11 18 11 17 12 16 12 16 12 15 13 15 14 13 14 0 0 0 0 0 0 0 0 0 0 0 0 0 0 0 0 0 0 0 0 0 0 14 10 13 11 13 12 13 13 13 13 12 14 12 13 12 14 12 15 12 15 12 15 12 16 12 16 12 16 12 15 12 15 12 15 13 15 14 15 14 14 15 14 16 14 16 14 16 14 17 14 17 14 ]
2025-05-21 15:46:47,CSI_DATA,STA,D8:B1:90:DB:E8:90,-29,11,1,7,0,0,1,0,0,0,1,-95,0,2,0,2466903297,0,110,0,0,88366.6,256,[110 96 6 0 -22 3 -23 3 -22 4 -23 4 -22 5 -22 5 -21 5 -21 6 -20 6 -20 7 -20 7 -20 7 -20 8 -20 8 -21 8 -21 8 -22 7 -21 7 -21 7 -20 6 -20 5 -20 5 -20 4 -20 3 -21 2 0 0 0 0 0 0 0 0 0 0 0 0 0 0 0 0 0 0 0 0 0 0 -18 2 -18 1 -19 0 -19 -1 -19 -1 -20 -2 -20 -2 -20 -2 -20 -2 -21 -3 -21 -3 -21 -3 -21 -3 -21 -3 -21 -2 -21 -2 -21 -1 -21 -1 -21 -1 -21 0 -21 0 -22 1 -22 1 -22 1 -22 2 -23 2 ]
2025-05-21 15:46:53,CSI_DATA,STA,D8:B1:90:DB:E8:90,-29,11,1,7,0,0,1,0,0,0,1,-95,0,2,0,2473447596,0,110,0,0,88373.1,256,[110 96 6 0 21 -5 21 -5 21 -6 21 -6 21 -7 21 -7 20 -8 20 -8 20 -8 19 -9 19 -9 19 -9 19 -9 19 -9 19 -9 20 -9 19 -8 19 -8 19 -8 19 -7 19 -7 19 -6 19 -5 19 -5 19 -3 0 0 0 0 0 0 0 0 0 0 0 0 0 0 0 0 0 0 0 0 0 0 17 -4 17 -3 17 -2 17 -1 18 -1 18 -1 18 -1 19 0 19 0 19 0 19 0 19 1 20 1 20 1 19 0 19 0 19 -1 20 -1 19 -1 19 -1 19 -2 20 -3 20 -4 20 -3 21 -4 21 -4 ]
2025-05-21 15:46:55,CSI_DATA,STA,D8:B1:90:DB:E8:90,-29,11,1,7,0,0,1,0,0,0,1,-95,0,2,0,2475466371,0,110,0,0,88375.2,256,[110 96 6 0 15 6 14 7 13 8 12 8 11 8 10 7 9 6 7 4 6 2 3 0 0 -1 -4 -3 -8 -4 -12 -6 -16 -6 -20 -7 -23 -7 -26 -7 -28 -7 -30 -6 -32 -6 -32 -5 -31 -5 -31 -5 -29 -6 0 0 0 0 0 0 0 0 0 0 0 0 0 0 0 0 0 0 0 0 0 0 -13 -3 -12 -4 -9 -6 -8 -5 -5 -6 -2 -5 0 -4 4 -3 8 -2 11 -2 15 0 19 0 22 0 25 0 27 -1 29 -1 30 -2 30 -4 30 -4 30 -5 28 -6 27 -5 25 -5 23 -4 22 -2 20 0 ]
2025-05-21 15:46:56,CSI_DATA,STA,D8:B1:90:DB:E8:90,-29,11,1,7,0,0,1,1,0,0,1,-95,0,2,0,2475966323,0,110,0,0,88375.7,256,[110 96 6 0 -14 20 -14 20 -13 20 -13 20 -13 21 -13 20 -12 20 -11 21 -11 21 -11 22 -10 22 -9 21 -9 22 -9 22 -9 22 -10 22 -10 21 -11 21 -11 20 -11 20 -11 19 -12 19 -12 19 -13 18 -14 17 0 0 0 0 0 0 0 0 0 0 0 0 0 0 0 0 0 0 0 0 0 0 -12 15 -13 15 -13 14 -14 14 -14 14 -15 14 -16 14 -16 14 -17 14 -17 14 -17 14 -17 14 -16 14 -16 14 -16 14 -17 14 -17 15 -16 15 -16 16 -15 17 -15 17 -15 18 -15 18 -15 18
2025-05-21 15:46:58,CSI_DATA,STA,D8:B1:90:DB:E8:90,-31,11,1,7,0,0,1,0,0,0,1,-93,0,2,0,2478474479,0,110,0,0,88378.2,256,[110 96 6 0 4 -17 6 -16 8 -15 7 -14 7 -14 7 -13 5 -11 4 -9 3 -7 2 -4 0 -1 -1 3 -1 7 0 12 0 16 1 20 2 23 3 26 5 28 6 29 8 30 8 30 8 29 8 28 7 27 0 0 0 0 0 0 0 0 0 0 0 0 0 0 0 0 0 0 0 0 0 0 -7 11 -8 9 -9 8 -8 5 -8 3 -7 0 -6 -2 -4 -6 -3 -9 -1 -13 0 -16 1 -20 1 -23 1 -26 0 -28 -1 -31 -2 -30 -3 -32 -4 -31 -5 -31 -6 -29 -6 -28 -6 -27 -4 -24 -3 -22 0 -21 ]
2025-05-21 15:46:59,CSI_DATA,STA,D8:B1:90:DB:E8:90,-31,11,1,7,0,0,1,1,0,0,1,-93,0,2,0,2478975707,0,110,0,0,88378.7,256,[110 96 6 0 -7 23 -8 23 -7 23 -7 23 -6 23 -6 23 -5 23 -5 23 -5 23 -5 23 -4 23 -3 23 -3 23 -3 23 -3 23 -4 24 -5 24 -4 23 -5 22 -6 22 -6 22 -6 22 -7 22 -8 20 -9 20 0 0 0 0 0 0 0 0 0 0 0 0 0 0 0 0 0 0 0 0 0 0 -4 19 -5 19 -6 19 -7 19 -7 19 -9 19 -9 20 -9 20 -9 20 -10 20 -11 20 -11 20 -11 20 -11 20 -10 20 -10 20 -9 20 -9 21 -9 20 -8 21 -8 21 -7 22 -8 22 -7 22 -7 23 -8 24 ]
2025-05-21 15:46:59,CSI_DATA,STA,D8:B1:90:DB:E8:90,-31,11,1,7,0,0,1,1,0,0,1,-93,0,2,0,2479485267,0,110,0,0,88379.2,256,[110 96 6 0 1 -25 1 -25 1 -24 0 -24 0 -24 -1 -24 -1 -24 -1 -25 -1 -25 -2 -25 -3 -24 -3 -25 -3 -25 -3 -25 -4 -25 -3 -24 -2 -24 -2 -24 -1 -24 -1 -23 -1 -23 0 -22 1 -23 1 -23 3 -23 0 0 0 0 0 0 0 0 0 0 0 0 0 0 0 0 0 0 0 0 0 0 1 -19 2 -20 2 -20 3 -20 3 -20 4 -20 5 -21 6 -20 6 -21 6 -22 7 -22 6 -22 6 -22 6 -22 6 -22 6 -22 5 -22 5 -22 5 -23 4 -22 4 -23 3 -24 4 -24 2 -24 3 -24 4 -25 ]
2025-05-21 15:47:04,CSI_DATA,STA,D8:B1:90:DB:E8:90,-30,11,1,7,0,0,1,0,0,0,1,-93,0,2,0,2484502682,0,110,0,0,88384.2,256,[110 96 6 0 1 -17 3 -17 5 -15 5 -15 5 -14 4 -13 3 -11 3 -10 1 -7 0 -4 -1 -1 -3 4 -3 8 -3 12 -2 16 -2 20 -1 24 0 26 1 29 2 30 2 31 3 31 3 31 2 30 1 29 0 0 0 0 0 0 0 0 0 0 0 0 0 0 0 0 0 0 0 0 0 0 -1 12 -2 11 -3 10 -4 8 -4 6 -5 2 -5 0 -5 -4 -4 -8 -4 -12 -4 -15 -5 -19 -5 -22 -6 -25 -7 -28 -8 -29 -10 -30 -11 -30 -12 -30 -12 -28 -13 -27 -12 -26 -11 -24 -10 -23 -8 -21 -4 -20 ]
2025-05-21 15:47:06,CSI_DATA,STA,D8:B1:90:DB:E8:90,-29,11,1,7,0,0,1,0,0,0,1,-95,0,2,0,2486528907,0,110,0,0,88386.2,256,[110 96 6 0 12 10 11 11 10 11 9 11 9 10 8 9 7 8 5 6 4 3 1 1 -1 -1 -4 -3 -8 -5 -11 -7 -15 -8 -19 -9 -22 -10 -25 -10 -27 -10 -29 -10 -30 -9 -30 -9 -30 -9 -29 -9 -27 -10 0 0 0 0 0 0 0 0 0 0 0 0 0 0 0 0 0 0 0 0 0 0 -10 -8 -7 -9 -5 -9 -3 -8 -2 -7 1 -5 3 -3 6 -1 8 1 11 3 14 6 17 8 19 9 22 10 24 10 26 10 27 10 29 9 29 7 28 6 28 6 26 5 25 5 23 5 21 6 19 7 ]
2025-05-21 15:47:08,CSI_DATA,STA,D8:B1:90:DB:E8:90,-29,11,1,7,0,0,1,0,0,0,1,-95,0,2,0,2488539338,0,110,0,0,88388.2,256,[110 96 6 0 7 14 5 15 4 14 4 14 4 13 3 12 3 11 2 8 1 5 0 2 -1 -1 -3 -4 -5 -7 -8 -10 -11 -13 -14 -15 -17 -17 -19 -18 -21 -19 -23 -19 -24 -19 -25 -19 -25 -18 -24 -18 -22 -19 0 0 0 0 0 0 0 0 0 0 0 0 0 0 0 0 0 0 0 0 0 0 -5 -11 -3 -11 -2 -11 0 -9 1 -8 3 -5 4 -2 6 1 7 4 9 7 11 10 12 13 14 15 16 17 18 18 19 19 21 19 22 18 23 17 23 16 23 15 22 15 20 13 19 13 16 13 14 13 ]
2025-05-21 15:47:10,CSI_DATA,STA,D8:B1:90:DB:E8:90,-29,11,1,7,0,0,1,0,0,0,1,-95,0,2,0,2490045936,0,110,0,0,88389.7,256,[110 96 6 0 18 -6 18 -4 18 -3 17 -2 16 -1 15 -1 12 -2 11 -2 7 -2 3 -1 -1 0 -5 2 -9 4 -13 6 -17 9 -20 12 -23 15 -25 18 -26 20 -27 22 -27 24 -27 24 -26 24 -26 23 -25 21 0 0 0 0 0 0 0 0 0 0 0 0 0 0 0 0 0 0 0 0 0 0 -15 1 -14 -1 -12 -2 -10 -3 -8 -4 -5 -5 -2 -6 2 -7 6 -8 11 -9 14 -10 19 -11 22 -14 24 -15 26 -18 27 -19 27 -20 27 -22 26 -23 25 -24 23 -24 22 -23 21 -21 20 -19 19 -16 19 -14 ]
2025-05-21 15:47:10,CSI_DATA,STA,D8:B1:90:DB:E8:90,-29,11,1,7,0,0,1,1,0,0,1,-95,0,2,0,2490548673,0,110,0,0,88390.3,256,[110 96 6 0 -1 25 -1 25 0 25 0 24 1 24 1 24 2 23 2 24 2 23 3 24 4 23 4 24 4 24 3 24 4 24 3 24 3 24 2 24 2 23 1 23 1 23 0 22 0 22 -2 22 -3 22 0 0 0 0 0 0 0 0 0 0 0 0 0 0 0 0 0 0 0 0 0 0 0 19 -2 19 -3 20 -3 20 -3 20 -4 20 -5 20 -5 21 -6 21 -6 21 -7 22 -7 22 -6 22 -6 22 -6 22 -6 22 -6 22 -5 22 -5 23 -4 23 -4 23 -3 23 -3 23 -2 24 -2 24 -2 25 ]
2025-05-21 15:47:16,CSI_DATA,STA,D8:B1:90:DB:E8:90,-29,11,1,7,0,0,1,0,0,0,1,-95,0,2,0,2495580637,0,110,0,0,88395.3,256,[110 96 6 0 -19 3 -18 2 -18 1 -16 0 -16 -1 -14 -1 -12 0 -10 0 -7 0 -4 0 1 -1 5 -2 9 -2 13 -4 17 -6 21 -8 23 -11 26 -13 28 -15 29 -16 29 -18 29 -18 29 -17 28 -17 28 -15 0 0 0 0 0 0 0 0 0 0 0 0 0 0 0 0 0 0 0 0 0 0 13 -3 12 -1 10 0 8 1 6 2 3 4 0 4 -4 5 -7 6 -11 7 -15 8 -19 9 -22 11 -24 12 -26 14 -27 15 -28 17 -28 19 -27 19 -26 20 -25 20 -24 19 -22 18 -21 16 -20 13 -20 11 ]
2025-05-21 15:47:16,CSI_DATA,STA,D8:B1:90:DB:E8:90,-29,11,1,7,0,0,1,1,0,0,1,-95,0,2,0,2495707184,0,100,0,0,88395.4,256,[100 -64 5 0 -19 14 -19 14 -19 14 -18 14 -17 14 -17 14 -16 14 -17 15 -16 15 -16 15 -16 15 -16 15 -15 15 -16 16 -16 16 -17 15 -16 15 -16 14 -16 14 -17 14 -17 13 -17 13 -17 12 -18 11 -18 10 0 0 0 0 0 0 0 0 0 0 0 0 0 0 0 0 0 0 0 0 0 0 -15 11 -16 10 -16 9 -17 8 -17 8 -18 8 -18 8 -18 8 -18 8 -19 7 -20 7 -20 7 -20 7 -20 7 -20 7 -20 8 -20 8 -19 9 -19 9 -19 10 -19 10 -19 11 -19 11 -19 11 -19 12 -19
