2025-05-21 14:12:59,CSI_DATA,STA,D8:B1:90:DB:E8:90,-41,11,1,7,0,0,1,0,0,0,0,-95,0,2,0,1106608093,0,110,0,0,82711.3,256,[110 96 6 0 11 -25 11 -25 10 -25 9 -25 8 -24 8 -25 7 -25 6 -24 6 -24 5 -24 5 -24 5 -24 5 -24 5 -24 5 -24 5 -24 5 -24 5 -23 5 -23 6 -23 6 -23 6 -22 7 -22 8 -21 10 -21 0 0 0 0 0 0 0 0 0 0 0 0 0 0 0 0 0 0 0 0 0 0 7 -20 9 -19 9 -20 10 -20 11 -20 11 -20 12 -20 12 -20 13 -20 13 -21 14 -20 15 -21 15 -21 15 -21 14 -21 14 -22 13 -22 13 -22 13 -23 13 -23 12 -23 13 -24 12 -24 12 -24 12 -25 12 -26 ]
2025-05-21 14:13:00,CSI_DATA,STA,D8:B1:90:DB:E8:90,-41,11,1,7,0,0,1,0,0,0,0,-95,0,2,0,1107109642,0,110,0,0,82711.8,256,[110 96 6 0 5 -26 5 -26 5 -26 5 -26 4 -25 4 -25 3 -25 2 -25 2 -25 1 -25 0 -25 0 -25 0 -25 0 -25 0 -25 1 -25 1 -25 1 -25 2 -24 2 -23 2 -23 2 -23 3 -23 5 -23 6 -23 0 0 0 0 0 0 0 0 0 0 0 0 0 0 0 0 0 0 0 0 0 0 6 -20 7 -19 8 -19 8 -20 9 -20 10 -20 10 -21 10 -21 11 -21 11 -21 11 -22 11 -22 11 -22 11 -23 10 -23 10 -23 10 -23 10 -23 9 -24 9 -24 9 -24 8 -25 8 -25 8 -25 7 -26 7 -26 ]
2025-05-21 14:13:00,CSI_DATA,STA,D8:B1:90:DB:E8:90,-41,11,1,7,0,0,1,0,0,0,0,-95,0,2,0,1107607451,0,110,0,0,82712.3,256,[110 96 6 0 7 -26 7 -26 6 -25 5 -24 4 -24 4 -24 3 -24 2 -24 2 -24 2 -24 1 -24 1 -24 0 -24 1 -24 1 -24 1 -23 1 -23 1 -23 2 -23 2 -23 3 -22 3 -22 4 -22 4 -21 6 -21 0 0 0 0 0 0 0 0 0 0 0 0 0 0 0 0 0 0 0 0 0 0 4 -20 6 -20 5 -20 6 -20 7 -21 8 -21 8 -21 8 -22 9 -22 10 -22 10 -22 10 -22 10 -22 10 -22 10 -22 10 -22 10 -22 10 -23 10 -24 9 -24 8 -25 9 -25 8 -25 8 -25 8 -25 8 -26 ]
2025-05-21 14:13:05,CSI_DATA,STA,D8:B1:90:DB:E8:90,-41,11,1,7,0,0,1,0,0,0,0,-95,0,2,0,1112127589,0,110,0,0,82716.9,256,[110 96 6 0 -23 7 -23 7 -22 7 -22 9 -22 9 -21 9 -21 10 -20 10 -19 10 -19 10 -19 11 -19 11 -19 11 -18 11 -19 11 -18 11 -19 11 -19 11 -18 10 -18 10 -18 9 -18 9 -18 9 -18 7 -19 6 0 0 0 0 0 0 0 0 0 0 0 0 0 0 0 0 0 0 0 0 0 0 -18 8 -18 6 -19 5 -19 5 -19 4 -21 4 -22 4 -23 4 -23 3 -23 3 -24 3 -24 3 -24 2 -24 2 -23 2 -24 2 -24 3 -23 3 -24 4 -24 4 -24 5 -24 5 -24 6 -24 6 -25 6 -23 7 ]
2025-05-21 14:13:05,CSI_DATA,STA,D8:B1:90:DB:E8:90,-41,11,1,6,0,0,1,0,0,0,1,-95,0,2,0,1113125779,0,110,0,0,82717.9,256,[110 96 6 0 25 -7 25 -7 24 -8 24 -8 23 -9 22 -9 22 -9 21 -10 21 -10 21 -10 21 -11 20 -10 20 -11 21 -11 21 -11 21 -11 21 -11 20 -11 20 -10 20 -10 20 -9 20 -8 20 -8 20 -6 21 -5 0 0 0 0 0 0 0 0 0 0 0 0 0 0 0 0 0 0 0 0 0 0 19 -7 20 -5 20 -5 21 -4 21 -3 22 -3 22 -3 23 -3 24 -2 24 -1 25 -1 25 -1 25 -1 25 -1 24 -2 24 -2 24 -2 25 -3 24 -3 24 -3 25 -4 25 -4 25 -5 25 -5 26 -5 25 -6 ]
2025-05-21 14:13:06,CSI_DATA,STA,D8:B1:90:DB:E8:90,-41,11,1,7,0,0,1,1,0,0,1,-95,0,2,0,1114126236,0,110,0,0,82718.9,256,[110 96 6 0 -8 -24 -8 -23 -8 -23 -8 -21 -8 -21 -8 -21 -8 -20 -10 -20 -10 -20 -10 -20 -11 -19 -10 -19 -10 -19 -10 -20 -9 -19 -10 -20 -9 -19 -9 -20 -8 -20 -8 -19 -7 -20 -7 -19 -6 -20 -5 -19 -3 -20 0 0 0 0 0 0 0 0 0 0 0 0 0 0 0 0 0 0 0 0 0 0 -7 -18 -5 -18 -4 -19 -3 -19 -3 -20 -2 -20 -3 -21 -2 -21 -2 -22 -1 -23 -1 -23 -1 -23 -1 -23 -1 -23 -1 -23 -1 -23 -2 -23 -2 -24 -4 -23 -4 -23 -5 -24 -5 -24 -
2025-05-21 14:13:09,CSI_DATA,STA,D8:B1:90:DB:E8:90,-41,11,1,7,0,0,1,1,0,0,1,-95,0,2,0,1116166562,0,110,0,0,82720.9,256,[110 96 6 0 -15 -21 -15 -21 -15 -20 -15 -19 -15 -18 -16 -18 -16 -18 -16 -17 -16 -17 -17 -16 -17 -16 -17 -16 -17 -15 -17 -15 -17 -16 -17 -16 -17 -16 -16 -16 -16 -16 -15 -16 -14 -16 -14 -16 -13 -17 -12 -17 -11 -19 0 0 0 0 0 0 0 0 0 0 0 0 0 0 0 0 0 0 0 0 0 0 -13 -14 -12 -15 -12 -16 -11 -17 -11 -17 -11 -18 -11 -18 -11 -19 -10 -19 -10 -20 -11 -20 -11 -21 -10 -21 -11 -21 -11 -21 -11 -21 -11 -21 -1
2025-05-21 14:13:11,CSI_DATA,STA,D8:B1:90:DB:E8:90,-41,11,1,7,0,0,1,1,0,0,1,-95,0,2,0,1118175169,0,110,0,0,82722.9,256,[110 96 6 0 -4 -25 -4 -25 -4 -25 -4 -24 -5 -23 -5 -23 -5 -23 -7 -21 -7 -21 -7 -21 -8 -21 -8 -22 -8 -22 -8 -22 -7 -22 -7 -22 -7 -22 -7 -22 -6 -22 -5 -22 -5 -21 -4 -21 -3 -21 -2 -21 0 -22 0 0 0 0 0 0 0 0 0 0 0 0 0 0 0 0 0 0 0 0 0 0 -3 -18 -2 -18 -1 -19 -1 -20 0 -20 0 -20 0 -20 1 -21 1 -21 1 -22 2 -22 2 -23 2 -23 2 -23 1 -23 1 -23 0 -23 0 -23 -1 -24 -1 -23 -1 -24 -2 -24 -3 -24 -3 -25 -3 -25 -3
2025-05-21 14:13:11,CSI_DATA,STA,D8:B1:90:DB:E8:90,-41,11,1,7,0,0,1,1,0,0,1,-95,0,2,0,1118675170,0,110,0,0,82723.4,256,[110 96 6 0 -24 -13 -24 -13 -23 -12 -23 -12 -24 -11 -24 -10 -23 -10 -23 -9 -23 -8 -23 -8 -24 -7 -23 -7 -23 -7 -23 -7 -23 -7 -23 -7 -23 -7 -23 -8 -22 -8 -22 -8 -22 -8 -21 -8 -21 -9 -21 -11 -20 -13 0 0 0 0 0 0 0 0 0 0 0 0 0 0 0 0 0 0 0 0 0 0 -19 -10 -19 -11 -18 -12 -18 -13 -18 -13 -18 -14 -18 -14 -19 -14 -19 -15 -19 -15 -19 -16 -19 -16 -19 -17 -19 -17 -20 -17 -20 -17 -20 -17 -21 -16 -21 -16 -2
2025-05-21 14:13:12,CSI_DATA,STA,D8:B1:90:DB:E8:90,-41,11,1,7,0,0,1,1,0,0,1,-95,0,2,0,1119176108,0,110,0,0,82723.9,256,[110 96 6 0 -16 22 -15 23 -15 22 -13 22 -12 22 -12 22 -11 22 -10 22 -10 22 -9 22 -9 22 -9 22 -9 22 -9 22 -9 22 -9 22 -10 22 -10 21 -10 21 -11 20 -11 20 -11 19 -12 19 -13 18 -15 17 0 0 0 0 0 0 0 0 0 0 0 0 0 0 0 0 0 0 0 0 0 0 -10 17 -11 16 -12 16 -13 16 -14 16 -15 16 -15 17 -16 17 -17 17 -17 16 -18 16 -18 16 -19 16 -19 16 -17 17 -17 17 -18 18 -17 18 -17 18 -17 19 -16 19 -17 20 -16 20 -16 21 -1
2025-05-21 14:13:13,CSI_DATA,STA,D8:B1:90:DB:E8:90,-40,11,1,7,0,0,1,1,0,0,1,-95,0,2,0,1120175424,0,110,0,0,82724.9,256,[110 96 6 0 17 18 17 18 17 17 16 16 17 16 17 16 17 15 17 15 17 14 17 14 17 14 17 14 18 14 17 14 18 14 17 14 16 14 16 14 15 14 16 14 16 15 15 15 14 15 13 16 12 17 0 0 0 0 0 0 0 0 0 0 0 0 0 0 0 0 0 0 0 0 0 0 13 12 13 13 12 14 12 15 12 16 11 16 11 17 12 17 11 18 11 18 11 19 11 20 11 20 11 20 12 20 12 20 12 20 13 19 13 19 14 19 14 19 15 19 16 18 16 18 17 19 16 17 ]
2025-05-21 14:13:17,CSI_DATA,STA,D8:B1:90:DB:E8:90,-41,11,1,7,0,0,1,1,0,0,1,-95,0,2,0,1124184161,0,110,0,0,82728.9,256,[110 96 6 0 3 23 3 23 3 23 4 23 4 22 5 22 5 22 6 21 7 21 7 21 7 20 9 19 8 19 9 19 8 19 8 20 7 19 7 19 7 19 6 19 5 19 5 19 4 19 2 19 1 19 0 0 0 0 0 0 0 0 0 0 0 0 0 0 0 0 0 0 0 0 0 0 4 18 3 18 2 18 1 19 0 19 0 20 0 21 -1 21 -1 21 -2 22 -2 22 -2 22 -2 22 -2 22 -1 22 -2 23 -1 22 -1 23 0 22 1 23 1 23 1 23 2 24 2 24 2 24 3 24 ]
2025-05-21 14:13:21,CSI_DATA,STA,D8:B1:90:DB:E8:90,-41,11,1,7,0,0,1,1,0,0,1,-95,0,2,0,1128694121,0,110,0,0,82733.4,256,[110 96 6 0 22 11 22 10 22 10 21 9 21 8 21 8 21 8 21 6 21 6 21 5 22 5 21 5 21 5 21 4 21 5 22 5 21 5 21 5 21 5 20 6 20 6 19 7 19 8 18 8 18 9 0 0 0 0 0 0 0 0 0 0 0 0 0 0 0 0 0 0 0 0 0 0 17 5 17 6 16 7 16 8 17 8 17 9 18 10 18 10 18 11 18 12 17 13 18 13 18 14 18 14 18 13 18 13 18 13 19 13 20 11 20 12 20 11 21 11 21 12 22 12 22 12 21 10 ]
2025-05-21 14:13:22,CSI_DATA,STA,D8:B1:90:DB:E8:90,-41,11,1,7,0,0,1,1,0,0,1,-95,0,2,0,1129194262,0,110,0,0,82733.9,256,[110 96 6 0 -21 14 -20 14 -20 14 -18 15 -18 14 -18 14 -17 15 -17 15 -16 15 -16 15 -16 15 -16 15 -16 15 -16 15 -16 15 -16 15 -16 15 -16 14 -16 14 -16 13 -17 13 -17 12 -17 12 -17 11 -18 9 0 0 0 0 0 0 0 0 0 0 0 0 0 0 0 0 0 0 0 0 0 0 -15 11 -16 10 -17 10 -17 9 -18 9 -18 9 -19 9 -20 9 -20 8 -21 9 -21 9 -21 9 -21 9 -21 9 -21 10 -21 10 -21 10 -21 10 -21 11 -21 12 -21 12 -21 12 -21 13 -21 13 -21 14
2025-05-21 14:13:22,CSI_DATA,STA,D8:B1:90:DB:E8:90,-41,11,1,7,0,0,1,1,0,0,1,-95,0,2,0,1129694223,0,110,0,0,82734.4,256,[110 96 6 0 -10 -26 -11 -25 -10 -24 -11 -23 -11 -22 -12 -22 -12 -22 -12 -21 -12 -21 -13 -21 -13 -21 -13 -21 -14 -21 -13 -21 -13 -21 -13 -20 -12 -20 -12 -20 -12 -20 -11 -20 -10 -21 -10 -21 -9 -21 -8 -21 -6 -22 0 0 0 0 0 0 0 0 0 0 0 0 0 0 0 0 0 0 0 0 0 0 -8 -18 -6 -19 -6 -20 -5 -20 -5 -21 -5 -21 -4 -21 -4 -22 -3 -22 -3 -23 -4 -23 -4 -24 -4 -24 -3 -24 -4 -24 -5 -25 -5 -24 -5 -25 -8 -24 -8 -24 -
2025-05-21 14:13:23,CSI_DATA,STA,D8:B1:90:DB:E8:90,-41,11,1,7,0,0,1,1,0,0,1,-95,0,2,0,1130194154,0,110,0,0,82734.9,256,[110 96 6 0 11 23 12 22 12 22 12 21 13 21 13 20 13 20 13 19 14 19 14 19 14 18 14 18 14 18 14 18 14 18 14 18 14 18 13 18 13 18 12 18 12 18 11 18 10 19 9 19 7 20 0 0 0 0 0 0 0 0 0 0 0 0 0 0 0 0 0 0 0 0 0 0 11 16 9 17 8 19 7 19 8 20 7 21 6 21 6 22 6 23 5 23 6 23 6 23 6 24 6 23 7 23 7 23 7 23 8 24 9 23 9 23 10 23 10 23 10 23 11 24 11 24 11 22 ]
2025-05-21 14:13:25,CSI_DATA,STA,D8:B1:90:DB:E8:90,-41,11,1,7,0,0,1,1,0,0,1,-95,0,2,0,1132714124,0,110,0,0,82737.5,256,[110 96 6 0 24 9 24 9 24 8 24 7 24 7 24 7 23 6 23 4 23 4 23 3 23 3 23 4 23 4 23 4 23 4 23 4 22 4 22 5 21 5 21 5 20 6 20 6 20 6 20 8 20 10 0 0 0 0 0 0 0 0 0 0 0 0 0 0 0 0 0 0 0 0 0 0 20 3 19 5 20 6 20 7 20 8 20 9 21 10 21 10 21 11 22 12 22 12 21 12 22 13 22 13 22 13 22 13 22 13 22 13 23 12 23 12 23 12 24 12 24 11 25 10 25 10 26 9 ]
2025-05-21 14:13:26,CSI_DATA,STA,D8:B1:90:DB:E8:90,-41,11,1,7,0,0,1,1,0,0,1,-95,0,2,0,1133214144,0,110,0,0,82738,256,[110 96 6 0 -25 -14 -25 -13 -24 -13 -23 -12 -23 -11 -23 -10 -23 -10 -23 -9 -23 -8 -23 -8 -24 -8 -24 -7 -24 -7 -23 -7 -23 -7 -23 -7 -22 -7 -22 -7 -22 -7 -22 -8 -22 -9 -21 -9 -21 -10 -20 -11 -19 -13 0 0 0 0 0 0 0 0 0 0 0 0 0 0 0 0 0 0 0 0 0 0 -20 -8 -19 -10 -18 -11 -18 -13 -18 -13 -19 -14 -19 -14 -19 -15 -19 -16 -19 -17 -19 -16 -20 -17 -20 -17 -19 -17 -21 -16 -21 -16 -22 -16 -22 -16 -23 -15 -23
2025-05-21 14:13:28,CSI_DATA,STA,D8:B1:90:DB:E8:90,-41,11,1,7,0,0,1,1,0,0,1,-95,0,2,0,1135716469,0,110,0,0,82740.5,256,[110 96 6 0 -1 -28 -1 -27 -1 -27 -3 -25 -4 -25 -4 -25 -4 -24 -5 -24 -5 -24 -6 -24 -6 -24 -7 -23 -7 -23 -7 -23 -7 -23 -7 -23 -6 -23 -6 -23 -5 -22 -5 -22 -4 -23 -3 -22 -2 -22 0 -23 1 -22 0 0 0 0 0 0 0 0 0 0 0 0 0 0 0 0 0 0 0 0 0 0 -3 -21 -1 -21 0 -21 1 -21 1 -22 2 -22 2 -23 3 -24 3 -24 4 -25 5 -25 5 -25 5 -25 5 -25 4 -25 4 -26 4 -26 4 -26 2 -26 2 -26 1 -26 1 -27 0 -27 0 -27 0 -28 0 -27 ]
2025-05-21 14:13:28,CSI_DATA,STA,D8:B1:90:DB:E8:90,-41,11,1,7,0,0,1,1,0,0,1,-95,0,2,0,1136222847,0,110,0,0,82741,256,[110 96 6 0 25 3 25 2 24 3 24 2 23 2 23 1 23 1 22 0 22 -1 23 -1 22 -1 22 -2 22 -2 22 -2 22 -2 22 -1 22 -1 21 -1 21 -1 21 0 21 1 20 1 20 2 21 3 21 4 0 0 0 0 0 0 0 0 0 0 0 0 0 0 0 0 0 0 0 0 0 0 19 1 19 2 19 3 19 4 20 4 21 5 21 5 21 5 22 6 22 6 23 6 23 7 23 7 23 7 22 7 23 6 23 6 23 6 24 4 24 4 24 4 24 4 25 3 25 3 25 3 25 3 ]
2025-05-21 14:13:30,CSI_DATA,STA,D8:B1:90:DB:E8:90,-41,11,1,7,0,0,1,1,0,0,1,-95,0,2,0,1137225848,0,110,0,0,82742,256,[110 96 6 0 4 23 5 23 5 22 5 21 6 20 6 20 6 20 7 20 7 19 7 19 7 19 7 19 7 19 7 19 7 19 7 19 7 19 6 18 6 18 5 18 5 18 4 18 3 18 3 18 1 18 0 0 0 0 0 0 0 0 0 0 0 0 0 0 0 0 0 0 0 0 0 0 5 16 4 17 4 17 3 18 3 18 2 19 3 20 2 20 2 21 2 21 1 22 0 22 1 22 1 23 1 21 1 21 1 22 2 22 2 22 2 22 3 22 3 23 3 23 3 23 4 23 5 23 ]
2025-05-21 14:13:30,CSI_DATA,STA,D8:B1:90:DB:E8:90,-41,11,1,7,0,0,1,1,0,0,1,-95,0,2,0,1137724392,0,110,0,0,82742.5,256,[110 96 6 0 -15 -20 -15 -19 -15 -19 -15 -19 -15 -18 -15 -18 -15 -17 -16 -17 -16 -17 -16 -16 -16 -16 -16 -16 -16 -16 -16 -16 -16 -16 -17 -17 -16 -16 -15 -16 -15 -16 -14 -16 -14 -16 -13 -16 -12 -17 -11 -17 -10 -18 0 0 0 0 0 0 0 0 0 0 0 0 0 0 0 0 0 0 0 0 0 0 -13 -14 -12 -15 -12 -16 -11 -17 -11 -17 -11 -18 -11 -19 -11 -20 -10 -20 -10 -21 -11 -21 -11 -21 -10 -22 -10 -22 -10 -21 -11 -21 -11 -21 -1
2025-05-21 14:13:31,CSI_DATA,STA,D8:B1:90:DB:E8:90,-50,11,1,7,0,0,1,1,0,0,1,-93,0,2,0,1138724677,0,110,0,0,82743.5,256,[110 96 6 0 13 22 11 22 10 24 21 17 20 18 19 18 18 19 20 22 19 23 17 23 17 24 -16 -16 -15 -15 -14 -15 -12 -15 -25 -23 -24 -24 -22 -25 -21 -25 -19 -15 -18 -15 -17 -16 -16 -16 -17 3 -17 1 0 0 0 0 0 0 0 0 0 0 0 0 0 0 0 0 0 0 0 0 0 0 8 -17 10 -16 4 -17 5 -17 7 -17 7 -17 -4 -19 -3 -20 -2 -21 -1 -22 10 2 9 3 9 4 9 5 7 22 6 22 6 23 6 24 -1 11 0 13 0 13 0 14 8 17 8 18 7 19 12 20 ]
2025-05-21 14:13:32,CSI_DATA,STA,D8:B1:90:DB:E8:90,-41,11,1,7,0,0,1,1,0,0,1,-95,0,2,0,1139224343,0,110,0,0,82744,256,[110 96 6 0 -9 25 -8 25 -8 24 -7 24 -7 24 -6 24 -5 23 -3 23 -3 23 -2 23 -2 23 -1 23 -1 24 0 23 0 24 -1 24 -1 24 -2 23 -2 23 -3 22 -3 22 -4 22 -4 22 -6 21 -7 21 0 0 0 0 0 0 0 0 0 0 0 0 0 0 0 0 0 0 0 0 0 0 -5 18 -6 19 -7 19 -8 19 -8 19 -9 20 -10 20 -11 20 -12 20 -12 21 -12 21 -12 22 -13 22 -13 22 -12 22 -12 22 -12 22 -12 23 -11 23 -10 24 -10 24 -10 24 -10 25 -9 25 -9 26 -9 25 ]
2025-05-21 14:13:37,CSI_DATA,STA,D8:B1:90:DB:E8:90,-41,11,1,7,0,0,1,1,0,0,1,-95,0,2,0,1144764199,0,110,0,0,82749.5,256,[110 96 6 0 24 -12 23 -12 23 -12 22 -12 21 -13 21 -13 20 -13 20 -13 19 -13 19 -13 18 -14 18 -14 18 -14 18 -15 18 -14 18 -13 18 -13 18 -13 18 -12 18 -12 18 -12 18 -11 19 -10 18 -9 19 -7 0 0 0 0 0 0 0 0 0 0 0 0 0 0 0 0 0 0 0 0 0 0 17 -10 17 -9 18 -8 19 -8 20 -7 20 -7 21 -7 21 -7 22 -7 22 -6 23 -6 23 -5 23 -5 23 -5 23 -6 23 -7 23 -7 24 -7 24 -8 24 -9 24 -9 25 -10 24 -10 24 -10 25 -10 24 -11 ]
2025-05-21 14:13:39,CSI_DATA,STA,D8:B1:90:DB:E8:90,-41,11,1,7,0,0,1,1,0,0,1,-95,0,2,0,1146774992,0,110,0,0,82751.5,256,[110 96 6 0 -25 -1 -25 -1 -24 0 -23 1 -23 2 -23 2 -23 2 -22 3 -22 3 -22 3 -22 4 -21 4 -21 4 -21 4 -21 4 -21 3 -21 3 -21 3 -21 2 -21 1 -20 1 -20 0 -20 -1 -20 -1 -20 -3 0 0 0 0 0 0 0 0 0 0 0 0 0 0 0 0 0 0 0 0 0 0 -18 3 -19 2 -19 -1 -19 -2 -20 -2 -20 -3 -21 -2 -21 -3 -22 -4 -22 -5 -23 -4 -23 -5 -23 -5 -23 -5 -23 -4 -24 -4 -24 -4 -24 -4 -24 -2 -24 -2 -25 -1 -24 -1 -25 -1 -25 -1 -26 0 -25 0 ]
2025-05-21 14:13:40,CSI_DATA,STA,D8:B1:90:DB:E8:90,-46,11,1,7,0,0,1,1,0,0,1,-95,0,2,0,1147275263,0,110,0,0,82752,256,[110 96 6 0 18 -5 18 -4 18 -3 4 27 5 27 6 25 7 25 9 23 10 22 11 23 11 22 11 18 12 17 12 17 13 17 7 17 7 15 7 15 7 14 9 19 9 19 9 19 9 20 2 14 1 16 0 0 0 0 0 0 0 0 0 0 0 0 0 0 0 0 0 0 0 0 0 0 -2 -9 -1 -10 14 11 14 12 14 12 15 13 -21 -3 -22 -3 -22 -3 -22 -3 -22 14 -21 14 -22 15 -22 15 -23 12 -22 13 -22 14 -21 15 32 -6 32 -8 32 -8 32 -10 -2 3 -1 1 -1 2 -4 29 ]
2025-05-21 14:13:42,CSI_DATA,STA,D8:B1:90:DB:E8:90,-41,11,1,7,0,0,1,1,0,0,1,-95,0,2,0,1149784219,0,110,0,0,82754.5,256,[110 96 6 0 -5 -25 -6 -24 -5 -24 -6 -23 -6 -23 -6 -22 -7 -22 -7 -22 -7 -21 -8 -21 -8 -21 -10 -21 -10 -21 -10 -20 -9 -21 -9 -20 -8 -20 -8 -20 -7 -20 -7 -20 -7 -20 -6 -20 -6 -20 -5 -19 -3 -20 0 0 0 0 0 0 0 0 0 0 0 0 0 0 0 0 0 0 0 0 0 0 -6 -18 -4 -18 -4 -19 -3 -20 -3 -20 -2 -21 -2 -21 -2 -21 -1 -22 -1 -23 0 -23 1 -23 0 -24 0 -24 0 -23 0 -24 -1 -24 -1 -24 -2 -24 -2 -24 -2 -24 -2 -25 -3 -24 -3 -2
2025-05-21 14:13:43,CSI_DATA,STA,D8:B1:90:DB:E8:90,-41,11,1,7,0,0,1,1,0,0,1,-95,0,2,0,1150284106,0,110,0,0,82755,256,[110 96 6 0 20 -18 20 -18 20 -18 18 -19 17 -19 17 -19 16 -19 15 -19 14 -19 14 -19 13 -19 14 -19 14 -19 14 -19 14 -19 13 -18 13 -18 14 -18 14 -17 15 -18 15 -17 15 -17 15 -16 16 -15 17 -13 0 0 0 0 0 0 0 0 0 0 0 0 0 0 0 0 0 0 0 0 0 0 14 -15 15 -14 16 -13 17 -13 18 -12 19 -12 19 -12 20 -12 21 -12 21 -11 23 -10 23 -10 23 -10 23 -10 22 -11 23 -11 22 -11 23 -12 22 -13 22 -13 22 -14 22 -14 21 -14 21 -
2025-05-21 14:13:45,CSI_DATA,STA,D8:B1:90:DB:E8:90,-41,11,1,7,0,0,1,1,0,0,1,-95,0,2,0,1152289689,0,110,0,0,82757,256,[110 96 6 0 19 -20 18 -21 18 -20 17 -20 15 -20 15 -20 15 -20 14 -20 14 -20 14 -20 13 -20 13 -20 13 -20 13 -21 13 -20 12 -21 13 -21 13 -20 13 -20 13 -19 13 -19 14 -18 14 -17 15 -16 16 -15 0 0 0 0 0 0 0 0 0 0 0 0 0 0 0 0 0 0 0 0 0 0 13 -16 14 -15 15 -15 16 -14 16 -14 18 -14 17 -14 18 -14 19 -15 19 -14 20 -14 20 -14 21 -14 21 -14 20 -15 20 -15 20 -16 20 -15 20 -17 20 -18 19 -19 20 -19 19 -19 20 -
2025-05-21 14:13:51,CSI_DATA,STA,D8:B1:90:DB:E8:90,-41,11,1,7,0,0,1,1,0,0,1,-95,0,2,0,1158295089,0,110,0,0,82763,256,[110 96 6 0 -1 27 0 26 0 26 2 25 3 25 3 24 3 24 4 24 5 23 5 23 5 23 5 23 5 23 5 23 5 23 4 24 4 23 3 23 3 23 2 22 1 22 1 22 0 22 -1 21 -3 21 0 0 0 0 0 0 0 0 0 0 0 0 0 0 0 0 0 0 0 0 0 0 2 20 0 20 -1 20 -2 21 -2 21 -3 21 -4 22 -4 22 -5 23 -5 24 -5 24 -6 24 -6 25 -6 25 -6 25 -6 25 -5 25 -5 25 -3 25 -3 26 -3 26 -3 26 -1 26 -1 27 -1 27 -1 26 ]
2025-05-21 14:13:53,CSI_DATA,STA,D8:B1:90:DB:E8:90,-41,11,1,7,0,0,1,1,0,0,1,-95,0,2,0,1160805121,0,110,0,0,82765.5,256,[110 96 6 0 -18 -19 -17 -19 -17 -18 -17 -18 -18 -17 -18 -17 -18 -16 -18 -15 -18 -15 -18 -14 -18 -14 -18 -14 -18 -14 -19 -14 -18 -14 -18 -14 -17 -14 -17 -14 -16 -14 -16 -14 -15 -15 -15 -15 -14 -15 -13 -16 -12 -16 0 0 0 0 0 0 0 0 0 0 0 0 0 0 0 0 0 0 0 0 0 0 -13 -14 -12 -14 -12 -16 -11 -16 -11 -17 -11 -17 -11 -18 -11 -19 -11 -19 -11 -21 -10 -21 -10 -21 -10 -21 -10 -21 -12 -21 -12 -21 -12 -21 -1
2025-05-21 14:13:54,CSI_DATA,STA,D8:B1:90:DB:E8:90,-41,11,1,7,0,0,1,1,0,0,1,-95,0,2,0,1161306184,0,110,0,0,82766,256,[110 96 6 0 -6 -25 -7 -25 -6 -23 -7 -24 -7 -23 -7 -23 -8 -23 -8 -22 -9 -22 -9 -21 -10 -21 -10 -21 -10 -21 -10 -20 -9 -21 -9 -20 -9 -20 -8 -21 -7 -20 -7 -20 -6 -20 -6 -19 -6 -20 -5 -20 -4 -21 0 0 0 0 0 0 0 0 0 0 0 0 0 0 0 0 0 0 0 0 0 0 -6 -18 -5 -19 -4 -19 -3 -20 -3 -20 -2 -21 -2 -21 -1 -21 -1 -22 -1 -23 -1 -23 -1 -24 -1 -24 0 -24 0 -24 -1 -24 -1 -24 -1 -24 -3 -23 -3 -23 -3 -24 -3 -24 -6 -25 -7
2025-05-21 14:13:57,CSI_DATA,STA,D8:B1:90:DB:E8:90,-41,11,1,7,0,0,1,1,0,0,1,-95,0,2,0,1164323101,0,110,0,0,82769.1,256,[110 96 6 0 2 -27 1 -27 1 -26 0 -26 -1 -25 -1 -25 -1 -25 -2 -25 -2 -24 -3 -24 -4 -24 -4 -23 -4 -23 -4 -23 -4 -23 -4 -24 -4 -23 -4 -23 -3 -23 -3 -23 -3 -23 -2 -22 -2 -22 -1 -21 1 -21 0 0 0 0 0 0 0 0 0 0 0 0 0 0 0 0 0 0 0 0 0 0 1 -21 2 -21 3 -21 4 -21 4 -21 5 -22 5 -22 6 -23 6 -23 7 -24 8 -24 8 -24 8 -24 8 -24 7 -24 7 -24 6 -24 7 -25 5 -25 5 -25 5 -26 5 -27 4 -27 4 -27 3 -27 3 -27 ]
2025-05-21 14:13:57,CSI_DATA,STA,D8:B1:90:DB:E8:90,-41,11,1,7,0,0,1,1,0,0,1,-95,0,2,0,1164827178,0,110,0,0,82769.6,256,[110 96 6 0 -19 18 -18 19 -17 18 -17 18 -16 18 -16 18 -15 18 -15 19 -14 19 -13 19 -14 19 -13 19 -13 19 -13 19 -13 19 -12 19 -12 18 -13 18 -13 17 -14 17 -14 17 -14 16 -15 15 -15 15 -16 14 0 0 0 0 0 0 0 0 0 0 0 0 0 0 0 0 0 0 0 0 0 0 -12 16 -13 15 -14 15 -15 15 -15 14 -17 15 -17 14 -18 14 -19 14 -19 14 -20 14 -20 14 -20 14 -20 14 -20 16 -20 15 -20 16 -20 16 -20 17 -20 17 -19 17 -20 18 -19 18 -1
2025-05-21 14:13:58,CSI_DATA,STA,D8:B1:90:DB:E8:90,-41,11,1,7,0,0,1,1,0,0,1,-95,0,2,0,1165324110,0,110,0,0,82770.1,256,[110 96 6 0 -16 21 -15 21 -15 21 -14 21 -14 21 -13 21 -13 21 -11 21 -11 21 -10 21 -10 21 -10 20 -10 21 -10 21 -9 20 -10 21 -10 21 -10 20 -11 20 -10 19 -10 18 -11 18 -12 17 -13 17 -14 16 0 0 0 0 0 0 0 0 0 0 0 0 0 0 0 0 0 0 0 0 0 0 -9 18 -11 17 -11 16 -13 16 -13 16 -14 16 -15 18 -16 17 -17 18 -17 17 -19 18 -19 18 -19 18 -19 18 -19 18 -19 18 -19 18 -19 19 -18 19 -18 19 -18 20 -18 20 -17 21 -18
2025-05-21 14:13:58,CSI_DATA,STA,D8:B1:90:DB:E8:90,-41,11,1,7,0,0,1,1,0,0,1,-95,0,2,0,1165824223,0,110,0,0,82770.6,256,[110 96 6 0 25 -9 25 -9 24 -9 23 -11 22 -11 22 -12 21 -12 21 -12 20 -13 20 -13 20 -13 19 -13 19 -13 19 -13 19 -13 19 -13 19 -12 19 -12 19 -12 19 -11 19 -10 19 -10 19 -9 19 -8 20 -7 0 0 0 0 0 0 0 0 0 0 0 0 0 0 0 0 0 0 0 0 0 0 18 -10 19 -8 19 -8 20 -7 20 -6 21 -6 22 -6 23 -6 23 -6 24 -5 24 -5 25 -5 25 -4 25 -4 25 -5 25 -5 25 -6 25 -6 24 -6 24 -6 24 -7 25 -7 25 -8 25 -8 26 -9 26 -10 ]
2025-05-21 14:13:59,CSI_DATA,STA,D8:B1:90:DB:E8:90,-44,11,1,7,0,0,1,1,0,0,1,-95,0,2,0,1166324592,0,110,0,0,82771.1,256,[110 96 6 0 -15 24 -14 24 -14 24 -13 23 -12 23 -11 23 -10 23 -9 23 -9 23 -8 22 -7 22 -7 22 -7 22 -6 22 -5 21 -5 21 -5 21 -5 20 -5 19 -5 18 -4 18 -4 17 -5 17 -5 16 -5 16 0 0 0 0 0 0 0 0 0 0 0 0 0 0 0 0 0 0 0 0 0 0 1 16 0 16 7 -2 7 -2 7 -2 7 -3 23 4 24 3 24 4 25 3 -18 15 -18 15 -18 16 -18 16 -17 16 -18 17 -17 17 -17 18 -17 19 -16 20 -16 21 -16 22 -16 23 -16 23 -16 23 -15 23 ]
2025-05-21 14:14:03,CSI_DATA,STA,D8:B1:90:DB:E8:90,-46,11,1,7,0,0,1,1,0,0,1,-95,0,2,0,1170834076,0,110,0,0,82775.6,256,[110 96 6 0 18 20 17 21 17 21 25 18 25 19 23 19 23 20 19 21 17 22 17 23 16 23 -7 -24 -6 -25 -5 -24 -4 -25 -6 -1 -6 -2 -6 -2 -6 -3 -5 -24 -4 -24 -2 -24 -1 -25 -7 15 -9 14 0 0 0 0 0 0 0 0 0 0 0 0 0 0 0 0 0 0 0 0 0 0 -18 10 -20 8 -20 -3 -21 -5 -21 -6 -21 -8 -11 -6 -11 -6 -11 -7 -11 -7 -7 -18 -7 -18 -6 -19 -6 -19 -15 -9 -16 -9 -16 -10 -16 -10 14 23 14 24 13 25 13 26 14 19 14 20 14 21 18 24 ]
2025-05-21 14:14:04,CSI_DATA,STA,D8:B1:90:DB:E8:90,-41,11,1,7,0,0,1,1,0,0,1,-95,0,2,0,1171334578,0,110,0,0,82776.1,256,[110 96 6 0 8 23 8 23 8 22 9 21 10 21 10 20 10 20 10 19 11 19 11 18 12 18 12 18 12 18 12 18 12 18 11 18 11 18 11 18 10 17 10 17 10 17 9 17 8 18 8 18 6 19 0 0 0 0 0 0 0 0 0 0 0 0 0 0 0 0 0 0 0 0 0 0 8 15 7 16 6 17 5 18 5 18 5 19 5 20 5 21 4 21 4 22 3 22 3 22 4 22 3 23 4 22 4 22 4 22 4 23 5 23 6 23 6 23 6 23 7 23 7 23 7 24 8 23 ]
2025-05-21 14:14:08,CSI_DATA,STA,D8:B1:90:DB:E8:90,-41,11,1,7,0,0,1,1,0,0,1,-95,0,2,0,1175846416,0,110,0,0,82780.6,256,[110 96 6 0 9 25 9 25 9 24 10 23 10 22 10 22 11 21 12 20 12 20 12 20 12 19 13 19 13 19 13 19 13 19 14 18 14 18 13 18 13 18 12 18 11 18 10 18 10 19 8 19 6 19 0 0 0 0 0 0 0 0 0 0 0 0 0 0 0 0 0 0 0 0 0 0 9 17 8 18 8 19 7 20 7 21 6 21 5 23 5 23 5 23 4 24 5 25 4 25 4 25 4 25 4 25 4 25 5 25 5 25 7 25 7 25 8 25 8 26 8 24 8 25 9 25 9 25 ]
2025-05-21 14:14:09,CSI_DATA,STA,D8:B1:90:DB:E8:90,-46,11,1,7,0,0,1,1,0,0,1,-95,0,2,0,1176851213,0,110,0,0,82781.6,256,[110 96 6 0 0 -27 -1 -26 -1 -26 1 -25 -1 -24 -1 -24 -1 -23 1 -20 1 -20 0 -20 0 -19 -3 -21 -3 -20 -3 -20 -4 -20 -1 -21 -1 -20 -1 -20 0 -19 3 -19 4 -18 4 -18 5 -17 3 -18 5 -17 0 0 0 0 0 0 0 0 0 0 0 0 0 0 0 0 0 0 0 0 0 0 27 0 28 3 -25 3 -25 2 -27 2 -27 1 -8 15 -8 15 -9 16 -9 16 17 -25 18 -24 19 -24 20 -24 -18 -12 -19 -14 -19 -14 -19 -14 4 -32 3 -32 3 -32 4 -33 4 -26 4 -26 4 -26 1 -27 ]
2025-05-21 14:14:15,CSI_DATA,STA,D8:B1:90:DB:E8:90,-41,11,1,7,0,0,1,1,0,0,1,-95,0,2,0,1182892090,0,110,0,0,82787.6,256,[110 96 6 0 -10 -23 -10 -23 -10 -22 -10 -21 -10 -21 -11 -20 -11 -20 -12 -19 -12 -19 -13 -18 -13 -18 -14 -18 -13 -17 -14 -18 -13 -17 -13 -18 -12 -17 -12 -17 -12 -17 -11 -17 -11 -18 -10 -17 -10 -18 -9 -17 -7 -18 0 0 0 0 0 0 0 0 0 0 0 0 0 0 0 0 0 0 0 0 0 0 -8 -17 -7 -18 -7 -18 -7 -19 -6 -19 -6 -19 -6 -20 -5 -21 -5 -21 -5 -22 -5 -23 -4 -23 -4 -23 -4 -23 -6 -22 -6 -23 -6 -23 -6 -23 -7 -23 -7 -23
2025-05-21 14:14:20,CSI_DATA,STA,D8:B1:90:DB:E8:90,-41,11,1,7,0,0,1,1,0,0,1,-95,0,2,0,1187404059,0,110,0,0,82792.1,256,[110 96 6 0 -23 11 -23 11 -22 11 -22 11 -21 11 -20 11 -20 12 -19 12 -18 12 -18 13 -18 13 -17 13 -17 14 -17 14 -17 14 -16 13 -16 13 -17 12 -16 12 -17 11 -17 11 -16 10 -17 10 -17 10 -18 8 0 0 0 0 0 0 0 0 0 0 0 0 0 0 0 0 0 0 0 0 0 0 -16 10 -17 9 -17 8 -18 7 -18 7 -19 7 -20 7 -21 7 -21 6 -22 6 -23 5 -23 5 -23 5 -23 5 -22 6 -22 6 -22 6 -22 6 -23 8 -23 8 -23 9 -23 9 -23 10 -23 10 -23 10 -22 10 ]
2025-05-21 14:14:20,CSI_DATA,STA,D8:B1:90:DB:E8:90,-41,11,1,7,0,0,1,1,0,0,1,-95,0,2,0,1187904573,0,110,0,0,82792.6,256,[110 96 6 0 21 -12 21 -13 20 -12 20 -13 19 -13 19 -13 19 -13 18 -13 17 -13 17 -14 17 -14 17 -14 17 -14 17 -14 17 -14 16 -13 17 -13 16 -13 16 -12 17 -12 16 -12 16 -11 17 -10 18 -9 18 -8 0 0 0 0 0 0 0 0 0 0 0 0 0 0 0 0 0 0 0 0 0 0 15 -11 17 -10 16 -8 17 -8 18 -8 19 -7 20 -8 20 -8 21 -7 21 -7 22 -7 22 -7 22 -6 23 -6 22 -7 22 -7 22 -7 22 -8 22 -8 22 -9 22 -9 23 -9 22 -10 23 -10 23 -10 22 -12 ]
2025-05-21 14:14:23,CSI_DATA,STA,D8:B1:90:DB:E8:90,-40,11,1,7,0,0,1,1,0,0,1,-95,0,2,0,1190443157,0,110,0,0,82795.2,256,[110 96 6 0 3 25 3 25 3 24 4 24 4 23 4 23 5 22 5 21 5 21 6 21 6 21 6 21 6 21 7 21 6 21 6 21 6 21 5 20 5 20 4 20 4 20 3 19 2 20 1 19 0 20 0 0 0 0 0 0 0 0 0 0 0 0 0 0 0 0 0 0 0 0 0 0 3 18 2 19 1 19 0 19 0 19 -1 20 -1 21 -2 22 -2 23 -3 23 -4 22 -4 22 -4 23 -4 23 -2 23 -2 23 -2 23 -2 24 1 24 1 24 2 24 2 24 2 24 3 24 3 25 3 25 ]
2025-05-21 14:14:23,CSI_DATA,STA,D8:B1:90:DB:E8:90,-41,11,1,7,0,0,1,1,0,0,1,-95,0,2,0,1190945475,0,110,0,0,82795.7,256,[110 96 6 0 -21 -15 -21 -14 -20 -14 -19 -13 -20 -13 -20 -12 -19 -12 -20 -11 -20 -10 -20 -10 -20 -10 -21 -9 -21 -9 -21 -9 -21 -9 -20 -9 -19 -8 -20 -9 -19 -9 -18 -9 -18 -10 -18 -10 -17 -10 -16 -12 -15 -12 0 0 0 0 0 0 0 0 0 0 0 0 0 0 0 0 0 0 0 0 0 0 -16 -11 -15 -12 -15 -13 -15 -14 -15 -14 -15 -15 -15 -15 -15 -16 -15 -17 -15 -18 -15 -18 -15 -19 -15 -19 -15 -19 -16 -18 -17 -18 -17 -18 -17 -18 -18
2025-05-21 14:14:32,CSI_DATA,STA,D8:B1:90:DB:E8:90,-41,11,1,7,0,0,1,1,0,0,1,-95,0,2,0,1199960319,0,110,0,0,82804.7,256,[110 96 6 0 2 -26 1 -26 2 -25 1 -25 0 -24 0 -24 0 -24 -1 -23 -1 -23 -2 -23 -2 -22 -2 -22 -2 -22 -2 -22 -2 -22 -2 -22 -1 -22 -1 -21 -1 -21 0 -21 0 -20 1 -20 2 -20 2 -21 4 -20 0 0 0 0 0 0 0 0 0 0 0 0 0 0 0 0 0 0 0 0 0 0 1 -19 2 -19 3 -19 3 -20 4 -20 5 -20 5 -21 6 -22 6 -22 7 -22 8 -22 8 -22 8 -22 8 -22 7 -22 7 -23 7 -23 7 -23 5 -24 5 -23 4 -24 5 -25 3 -25 3 -25 3 -26 3 -26 ]
2025-05-21 14:14:33,CSI_DATA,STA,D8:B1:90:DB:E8:90,-41,11,1,7,0,0,1,1,0,0,1,-95,0,2,0,1200461097,0,110,0,0,82805.2,256,[110 96 6 0 0 27 0 27 0 26 1 25 1 24 2 24 2 24 3 23 3 23 4 22 4 22 4 23 4 23 4 22 4 22 4 22 4 22 3 22 3 22 2 21 2 21 2 21 1 21 0 20 -2 20 0 0 0 0 0 0 0 0 0 0 0 0 0 0 0 0 0 0 0 0 0 0 1 19 -1 20 -2 20 -3 21 -3 21 -4 21 -3 22 -4 22 -5 23 -5 23 -6 23 -6 23 -6 24 -6 24 -6 24 -6 24 -5 24 -5 24 -3 25 -3 25 -3 26 -3 26 -2 26 -2 26 -2 27 -2 26 ]
2025-05-21 14:14:38,CSI_DATA,STA,D8:B1:90:DB:E8:90,-48,11,1,7,0,0,1,1,0,0,1,-95,0,2,0,1205477175,0,110,0,0,82810.2,256,[110 96 6 0 24 28 24 27 25 25 -8 9 -7 9 -6 9 -5 8 -28 -4 -28 -2 -27 -1 -27 0 4 -11 3 -11 3 -12 2 -13 6 28 6 26 6 25 6 24 -8 7 -8 7 -9 7 -9 6 6 22 4 22 0 0 0 0 0 0 0 0 0 0 0 0 0 0 0 0 0 0 0 0 0 0 16 9 16 10 4 -4 4 -4 4 -4 4 -4 -13 -17 -14 -17 -15 -17 -16 -16 -1 14 -1 14 -1 15 0 15 10 8 10 8 10 8 10 7 32 22 34 21 35 20 36 18 -3 9 -4 9 -4 10 11 32 ]
2025-05-21 14:14:45,CSI_DATA,STA,D8:B1:90:DB:E8:90,-41,11,1,7,0,0,1,1,0,0,1,-95,0,2,0,1211985135,0,110,0,0,82816.7,256,[110 96 6 0 -15 19 -14 19 -14 18 -14 18 -13 18 -13 18 -12 18 -11 18 -11 17 -11 18 -10 17 -10 18 -10 18 -10 18 -10 18 -10 18 -10 18 -10 17 -10 17 -11 16 -11 16 -11 15 -12 15 -13 15 -14 14 0 0 0 0 0 0 0 0 0 0 0 0 0 0 0 0 0 0 0 0 0 0 -10 14 -11 14 -12 14 -13 13 -14 13 -14 13 -14 14 -15 14 -16 14 -16 13 -17 13 -17 13 -17 13 -18 13 -16 14 -16 15 -16 15 -16 15 -15 16 -15 16 -15 17 -15 17 -14 18 -1
2025-05-21 14:14:45,CSI_DATA,STA,D8:B1:90:DB:E8:90,-41,11,1,7,0,0,1,1,0,0,1,-95,0,2,0,1212491091,0,110,0,0,82817.2,256,[110 96 6 0 26 -5 26 -5 25 -5 25 -6 24 -6 24 -6 23 -7 23 -8 22 -8 22 -9 22 -9 22 -9 22 -9 22 -9 22 -9 21 -10 22 -10 22 -9 21 -9 21 -8 21 -8 21 -7 21 -7 21 -5 22 -4 0 0 0 0 0 0 0 0 0 0 0 0 0 0 0 0 0 0 0 0 0 0 19 -5 20 -4 20 -3 21 -3 21 -2 22 -2 22 0 24 0 24 1 24 1 24 0 24 0 24 1 24 1 25 0 25 0 25 -1 25 -1 25 -2 25 -2 26 -3 27 -2 26 -4 26 -4 27 -4 26 -5 ]
2025-05-21 14:14:48,CSI_DATA,STA,D8:B1:90:DB:E8:90,-41,11,1,7,0,0,1,1,0,0,1,-95,0,2,0,1215515417,0,110,0,0,82820.3,256,[110 96 6 0 -27 -1 -28 0 -26 0 -25 2 -24 3 -24 3 -24 3 -24 4 -23 5 -23 5 -23 6 -23 5 -23 5 -23 5 -23 5 -23 5 -23 5 -22 4 -22 4 -22 3 -22 3 -22 2 -21 2 -22 0 -22 -1 0 0 0 0 0 0 0 0 0 0 0 0 0 0 0 0 0 0 0 0 0 0 -20 1 -21 0 -21 -1 -22 -2 -22 -2 -23 -3 -23 -3 -24 -4 -24 -4 -24 -5 -24 -4 -25 -5 -25 -5 -25 -5 -25 -6 -25 -5 -26 -5 -25 -5 -26 -4 -26 -3 -26 -3 -26 -3 -26 -2 -27 -2 -27 -2 -27 -1 ]
2025-05-21 14:14:50,CSI_DATA,STA,D8:B1:90:DB:E8:90,-41,11,1,7,0,0,1,1,0,0,1,-95,0,2,0,1217515053,0,110,0,0,82822.3,256,[110 96 6 0 -25 -12 -25 -11 -25 -11 -24 -10 -24 -9 -24 -9 -24 -9 -23 -8 -23 -7 -23 -6 -24 -6 -24 -6 -23 -6 -23 -6 -23 -6 -24 -6 -23 -6 -23 -6 -23 -7 -22 -7 -21 -8 -21 -8 -20 -9 -20 -9 -19 -11 0 0 0 0 0 0 0 0 0 0 0 0 0 0 0 0 0 0 0 0 0 0 -20 -7 -19 -8 -19 -10 -19 -11 -19 -11 -20 -12 -20 -13 -20 -13 -20 -14 -21 -15 -20 -15 -20 -15 -20 -15 -20 -16 -21 -15 -21 -15 -21 -15 -21 -15 -22 -14 -22 -14
2025-05-21 14:14:52,CSI_DATA,STA,D8:B1:90:DB:E8:90,-46,11,1,7,0,0,1,1,0,0,1,-95,0,2,0,1220034050,0,110,0,0,82824.8,256,[110 96 6 0 -24 -12 -23 -12 -22 -11 -19 -19 -18 -18 -18 -17 -17 -17 -23 -8 -23 -8 -23 -8 -23 -8 24 -6 25 -6 26 -5 26 -4 -4 5 -4 5 -3 5 -3 5 -11 10 -11 9 -11 9 -12 9 -2 15 -3 15 0 0 0 0 0 0 0 0 0 0 0 0 0 0 0 0 0 0 0 0 0 0 -5 17 -6 17 -2 19 -4 19 -4 19 -6 20 -11 23 -13 23 -14 23 -15 23 15 -18 15 -18 16 -17 16 -16 -10 -12 -11 -12 -11 -13 -11 -13 -22 -11 -22 -12 -21 -12 -22 -12 -28 -9 -28 -10 -2
2025-05-21 14:14:55,CSI_DATA,STA,D8:B1:90:DB:E8:90,-41,11,1,7,0,0,1,1,0,0,1,-95,0,2,0,1222544154,0,110,0,0,82827.3,256,[110 96 6 0 -24 13 -23 13 -23 13 -22 13 -21 13 -21 14 -20 14 -19 15 -19 15 -19 15 -18 15 -18 15 -18 14 -18 15 -18 15 -19 15 -18 14 -19 14 -18 13 -19 13 -19 12 -19 12 -19 11 -19 10 -20 9 0 0 0 0 0 0 0 0 0 0 0 0 0 0 0 0 0 0 0 0 0 0 -18 11 -18 10 -19 10 -20 9 -20 9 -21 9 -22 9 -22 8 -23 8 -24 8 -24 9 -25 8 -25 8 -25 8 -24 8 -26 8 -25 8 -26 9 -25 9 -25 10 -25 10 -25 10 -25 12 -25 12 -25 12 -24 1
2025-05-21 14:14:56,CSI_DATA,STA,D8:B1:90:DB:E8:90,-41,11,1,7,0,0,1,1,0,0,1,-95,0,2,0,1223544264,0,110,0,0,82828.3,256,[110 96 6 0 6 23 6 23 6 23 7 22 7 21 7 21 8 21 8 20 8 20 9 20 9 19 8 19 9 19 9 19 9 19 8 20 8 20 7 20 7 19 6 18 6 18 5 19 5 19 4 20 2 20 0 0 0 0 0 0 0 0 0 0 0 0 0 0 0 0 0 0 0 0 0 0 6 17 5 17 4 18 4 18 3 19 3 19 2 21 2 21 2 22 1 22 0 22 0 23 0 23 0 23 1 23 1 23 2 23 2 24 3 23 3 23 4 23 4 24 5 24 5 24 5 24 6 23 ]
2025-05-21 14:14:56,CSI_DATA,STA,D8:B1:90:DB:E8:90,-41,11,1,7,0,0,1,1,0,0,1,-95,0,2,0,1224044544,0,110,0,0,82828.8,256,[110 96 6 0 -26 -1 -25 -1 -25 -1 -24 0 -24 1 -24 1 -23 1 -23 2 -23 2 -23 2 -23 2 -22 3 -22 4 -22 4 -22 4 -22 4 -21 3 -22 3 -21 2 -21 2 -21 2 -21 1 -21 1 -21 -1 -21 -2 0 0 0 0 0 0 0 0 0 0 0 0 0 0 0 0 0 0 0 0 0 0 -19 1 -19 0 -20 0 -20 -1 -20 -2 -21 -2 -22 -3 -22 -3 -23 -4 -23 -4 -23 -4 -23 -5 -23 -5 -24 -5 -24 -4 -24 -4 -24 -4 -24 -3 -24 -3 -24 -3 -25 -3 -25 -3 -25 -2 -26 -2 -26 -1 -26 -1 ]
2025-05-21 14:14:57,CSI_DATA,STA,D8:B1:90:DB:E8:90,-41,11,1,7,0,0,1,1,0,0,1,-95,0,2,0,1224544322,0,110,0,0,82829.3,256,[110 96 6 0 23 6 23 5 23 5 22 5 22 4 22 4 22 3 21 2 21 2 21 2 21 1 21 1 21 1 21 1 21 1 21 1 21 1 20 1 20 2 19 2 19 3 18 3 18 4 18 5 18 6 0 0 0 0 0 0 0 0 0 0 0 0 0 0 0 0 0 0 0 0 0 0 17 3 17 4 17 5 17 6 18 6 18 7 19 8 20 9 19 10 19 10 19 10 19 11 20 11 19 11 20 11 19 11 20 10 20 10 21 9 21 9 22 9 23 9 22 7 23 7 23 7 24 7 ]
2025-05-21 14:15:01,CSI_DATA,STA,D8:B1:90:DB:E8:90,-41,11,1,7,0,0,1,1,0,0,1,-95,0,2,0,1229095356,0,110,0,0,82833.8,256,[110 96 6 0 -17 20 -17 20 -16 20 -16 20 -15 20 -15 20 -14 20 -14 20 -13 20 -12 20 -12 20 -12 20 -12 20 -12 20 -12 20 -12 19 -13 19 -13 19 -13 18 -13 18 -14 17 -14 17 -14 16 -15 15 -16 14 0 0 0 0 0 0 0 0 0 0 0 0 0 0 0 0 0 0 0 0 0 0 -10 17 -12 17 -13 16 -14 16 -14 15 -15 16 -16 16 -17 16 -18 16 -18 16 -19 17 -19 17 -19 16 -20 16 -19 17 -19 17 -19 17 -19 17 -19 18 -19 19 -19 19 -19 19 -18 19 -1
2025-05-21 14:15:02,CSI_DATA,STA,D8:B1:90:DB:E8:90,-41,11,1,7,0,0,1,1,0,0,1,-95,0,2,0,1229595554,0,110,0,0,82834.3,256,[110 96 6 0 22 -15 22 -15 21 -15 20 -14 20 -14 19 -15 19 -15 18 -16 18 -16 17 -17 17 -17 16 -18 16 -18 16 -18 16 -17 16 -17 16 -17 16 -16 16 -16 16 -15 16 -15 16 -14 17 -14 17 -13 18 -12 0 0 0 0 0 0 0 0 0 0 0 0 0 0 0 0 0 0 0 0 0 0 14 -14 15 -13 16 -11 17 -11 18 -10 19 -10 19 -11 20 -11 21 -11 21 -11 22 -11 22 -10 22 -10 23 -10 22 -10 22 -10 22 -10 23 -11 22 -12 22 -12 22 -12 22 -13 22 -13 22
2025-05-21 14:15:02,CSI_DATA,STA,D8:B1:90:DB:E8:90,-41,11,1,7,0,0,1,1,0,0,1,-95,0,2,0,1230095133,0,110,0,0,82834.8,256,[110 96 6 0 22 14 23 13 22 13 22 12 22 12 22 11 22 11 21 9 21 9 21 8 21 8 21 8 21 8 21 7 21 8 21 8 21 8 20 8 20 8 20 10 19 10 19 11 18 11 18 12 16 13 0 0 0 0 0 0 0 0 0 0 0 0 0 0 0 0 0 0 0 0 0 0 17 9 16 11 16 12 16 13 16 13 16 14 17 15 17 15 17 16 17 17 16 16 16 17 16 17 17 17 18 16 19 16 19 16 19 16 20 15 20 15 20 15 21 15 22 14 22 15 22 14 22 14 ]
2025-05-21 14:15:04,CSI_DATA,STA,D8:B1:90:DB:E8:90,-41,11,1,7,0,0,1,1,0,0,1,-95,0,2,0,1231600508,0,110,0,0,82836.3,256,[110 96 6 0 22 15 22 15 22 14 21 13 21 12 21 11 22 11 22 9 22 9 22 8 22 8 22 8 22 8 23 8 22 8 22 8 22 8 22 8 21 9 20 9 20 9 19 10 19 11 19 12 18 13 0 0 0 0 0 0 0 0 0 0 0 0 0 0 0 0 0 0 0 0 0 0 18 10 17 11 17 11 17 12 17 13 17 14 17 14 17 15 17 16 17 16 17 17 17 17 17 17 17 17 18 18 18 18 18 18 19 17 19 17 20 17 20 16 21 17 21 16 21 16 22 16 22 15 ]
2025-05-21 14:15:05,CSI_DATA,STA,D8:B1:90:DB:E8:90,-41,11,1,7,0,0,1,1,0,0,1,-95,0,2,0,1232620304,0,110,0,0,82837.4,256,[110 96 6 0 -8 -22 -9 -22 -9 -21 -9 -22 -9 -21 -9 -20 -9 -20 -10 -20 -10 -19 -11 -19 -11 -19 -12 -18 -12 -18 -12 -18 -12 -18 -12 -18 -11 -18 -11 -18 -10 -18 -10 -18 -10 -18 -9 -18 -9 -18 -8 -19 -6 -19 0 0 0 0 0 0 0 0 0 0 0 0 0 0 0 0 0 0 0 0 0 0 -8 -16 -7 -17 -6 -18 -6 -18 -5 -19 -5 -20 -5 -20 -4 -21 -4 -21 -4 -22 -3 -22 -3 -22 -3 -22 -3 -22 -4 -22 -5 -22 -5 -22 -5 -23 -6 -23 -6 -22 -6 -23 -6
2025-05-21 14:15:09,CSI_DATA,STA,D8:B1:90:DB:E8:90,-41,11,1,7,0,0,1,1,0,0,1,-95,0,2,0,1236614140,0,110,0,0,82841.4,256,[110 96 6 0 -10 24 -9 24 -9 24 -8 24 -8 24 -7 23 -7 23 -6 23 -5 23 -5 23 -4 23 -4 23 -4 23 -4 23 -4 23 -5 23 -5 23 -5 22 -6 22 -7 21 -7 21 -7 20 -8 20 -9 19 -10 18 0 0 0 0 0 0 0 0 0 0 0 0 0 0 0 0 0 0 0 0 0 0 -4 19 -6 19 -7 19 -8 19 -8 19 -10 20 -11 20 -12 20 -12 21 -13 21 -13 21 -13 21 -13 21 -13 21 -12 22 -13 23 -12 23 -12 23 -11 23 -11 23 -11 23 -11 24 -10 24 -10 25 -10 25 -9 24 ]
2025-05-21 14:15:11,CSI_DATA,STA,D8:B1:90:DB:E8:90,-41,11,1,7,0,0,1,1,0,0,1,-95,0,2,0,1238132945,0,110,0,0,82842.9,256,[110 96 6 0 4 -24 4 -24 4 -24 1 -23 1 -23 1 -22 0 -22 0 -22 -1 -22 -1 -22 -2 -22 -2 -22 -2 -22 -1 -22 -1 -22 -1 -22 -1 -22 -1 -22 0 -21 0 -21 1 -21 1 -20 2 -20 2 -20 3 -20 0 0 0 0 0 0 0 0 0 0 0 0 0 0 0 0 0 0 0 0 0 0 1 -19 3 -19 3 -19 4 -19 5 -19 5 -19 6 -20 7 -21 8 -21 7 -21 8 -22 8 -22 8 -22 8 -22 8 -21 8 -22 7 -22 7 -22 7 -23 7 -23 6 -24 7 -24 6 -24 5 -24 5 -24 5 -25 ]
2025-05-21 14:15:14,CSI_DATA,STA,D8:B1:90:DB:E8:90,-41,11,1,7,0,0,1,1,0,0,1,-95,0,2,0,1241639731,0,110,0,0,82846.4,256,[110 96 6 0 3 -25 3 -25 3 -25 2 -24 1 -24 1 -24 1 -24 1 -23 0 -23 0 -23 0 -23 -1 -22 -1 -22 -1 -22 -1 -23 -1 -22 0 -22 0 -21 0 -21 1 -21 1 -21 2 -21 3 -21 3 -20 4 -19 0 0 0 0 0 0 0 0 0 0 0 0 0 0 0 0 0 0 0 0 0 0 0 -19 2 -19 2 -19 3 -20 4 -20 5 -20 4 -21 5 -22 5 -22 6 -23 6 -22 7 -22 7 -23 7 -23 6 -23 6 -23 6 -23 6 -24 5 -24 5 -24 4 -24 4 -25 4 -25 4 -25 4 -25 4 -25 ]
2025-05-21 14:15:17,CSI_DATA,STA,D8:B1:90:DB:E8:90,-41,11,1,7,0,0,1,1,0,0,1,-95,0,2,0,1244149230,0,110,0,0,82848.9,256,[110 96 6 0 -18 -22 -18 -22 -18 -21 -18 -20 -18 -19 -19 -19 -19 -18 -18 -18 -19 -17 -19 -17 -19 -17 -19 -16 -19 -16 -19 -16 -19 -16 -19 -15 -19 -16 -18 -16 -18 -16 -18 -15 -17 -16 -16 -16 -16 -16 -15 -17 -14 -18 0 0 0 0 0 0 0 0 0 0 0 0 0 0 0 0 0 0 0 0 0 0 -16 -14 -15 -16 -14 -16 -14 -17 -13 -17 -14 -18 -14 -19 -14 -20 -14 -20 -14 -21 -13 -22 -13 -22 -13 -22 -13 -23 -13 -22 -14 -22 -14 -22 -1
2025-05-21 14:15:20,CSI_DATA,STA,D8:B1:90:DB:E8:90,-49,11,1,7,0,0,1,1,0,0,1,-95,0,2,0,1247156009,0,110,0,0,82851.9,256,[110 96 6 0 26 -16 25 -16 24 -14 19 -4 18 -4 18 -4 17 -4 20 -15 19 -14 19 -14 19 -13 -8 -20 -7 -20 -6 -20 -6 -21 0 22 -1 21 -2 21 -3 21 7 -21 9 -19 10 -18 10 -17 8 3 8 4 0 0 0 0 0 0 0 0 0 0 0 0 0 0 0 0 0 0 0 0 0 0 -1 -27 1 -27 4 -23 5 -23 7 -24 8 -24 1 -24 3 -24 4 -25 5 -26 12 -8 12 -7 12 -7 12 -6 7 -24 7 -24 7 -23 8 -24 10 -26 10 -26 10 -26 11 -26 11 -1 12 -1 12 -1 25 -29 ]
2025-05-21 14:15:20,CSI_DATA,STA,D8:B1:90:DB:E8:90,-42,11,1,6,0,0,1,0,0,0,1,-95,0,2,0,1248156460,0,110,0,0,82852.9,256,[110 96 6 0 17 38 15 36 13 32 13 27 12 20 13 12 13 4 14 -3 15 -11 16 -18 17 -24 18 -28 19 -32 20 -33 21 -34 20 -33 19 -32 17 -29 14 -25 10 -21 7 -17 2 -13 -2 -10 -5 -7 -9 -5 0 0 0 0 0 0 0 0 0 0 0 0 0 0 0 0 0 0 0 0 0 0 25 -12 23 -9 20 -7 16 -7 11 -8 6 -9 2 -11 -4 -14 -7 -18 -11 -22 -13 -25 -14 -29 -14 -31 -12 -31 -10 -31 -7 -29 -3 -26 0 -21 4 -16 8 -9 13 -2 16 6 19 14 20 21 21 28 21 34 ]
2025-05-21 14:15:21,CSI_DATA,STA,D8:B1:90:DB:E8:90,-41,11,1,7,0,0,1,0,0,0,0,-95,0,2,0,1248656409,0,110,0,0,82853.4,256,[110 96 6 0 20 -18 20 -18 19 -17 18 -18 18 -18 17 -19 17 -18 15 -18 15 -19 14 -19 14 -19 14 -20 14 -20 14 -20 14 -20 14 -19 14 -19 14 -18 14 -18 15 -17 15 -17 15 -16 15 -15 16 -15 17 -14 0 0 0 0 0 0 0 0 0 0 0 0 0 0 0 0 0 0 0 0 0 0 15 -14 16 -13 17 -14 18 -13 18 -13 20 -13 20 -13 20 -13 21 -13 22 -13 22 -12 23 -12 23 -12 23 -12 22 -12 22 -12 22 -12 23 -12 22 -15 22 -15 22 -16 22 -16 21 -16 22
2025-05-21 14:15:21,CSI_DATA,STA,D8:B1:90:DB:E8:90,-49,11,1,6,0,0,1,0,0,0,1,-95,0,2,0,1249157733,0,110,0,0,82853.9,256,[110 96 6 0 10 -14 11 -14 11 -15 8 6 8 6 7 6 7 6 3 8 4 8 5 6 6 5 3 10 4 10 5 9 6 9 3 -5 3 -5 2 -5 1 -5 10 -1 9 -1 8 -1 8 -1 -12 5 -13 4 0 0 0 0 0 0 0 0 0 0 0 0 0 0 0 0 0 0 0 0 0 0 11 -21 12 -21 13 -3 13 -3 15 -3 15 -3 -10 15 -10 15 -9 15 -8 16 24 -27 24 -27 24 -28 23 -28 -26 5 -27 6 -26 7 -27 9 -17 26 -15 28 -14 28 -12 30 -27 -13 -26 -13 -27 -12 -8 -8 ]
2025-05-21 14:15:27,CSI_DATA,STA,D8:B1:90:DB:E8:90,-47,11,1,5,0,0,1,0,0,0,1,-95,0,2,0,1254674077,0,110,0,0,82859.4,256,[110 96 6 0 11 9 11 9 11 10 -2 14 -3 14 -2 14 -1 15 -21 27 -21 28 -19 28 -19 29 -3 -1 -2 0 -2 1 -1 2 -12 -9 -12 -9 -13 -9 -13 -8 22 -2 22 -3 21 -2 21 -2 20 -2 20 -1 0 0 0 0 0 0 0 0 0 0 0 0 0 0 0 0 0 0 0 0 0 0 10 -8 11 -7 -5 -10 -5 -10 -6 -10 -6 -10 -7 -26 -7 -27 -8 -27 -8 -28 2 -23 3 -23 3 -24 2 -24 -8 -41 -10 -42 -11 -41 -13 -42 -13 -14 -13 -13 -14 -12 -14 -12 6 1 7 1 6 1 14 6 ]
2025-05-21 14:15:31,CSI_DATA,STA,D8:B1:90:DB:E8:90,-42,11,1,6,0,0,1,0,0,0,1,-95,0,2,0,1258181539,0,110,0,0,82862.9,256,[110 96 6 0 40 -9 37 -8 32 -7 26 -7 20 -8 13 -10 5 -11 -2 -14 -9 -15 -16 -18 -22 -19 -27 -21 -30 -22 -31 -23 -32 -24 -31 -23 -29 -21 -26 -19 -23 -16 -20 -12 -16 -8 -13 -4 -10 0 -7 4 -5 8 0 0 0 0 0 0 0 0 0 0 0 0 0 0 0 0 0 0 0 0 0 0 0 -26 1 -23 1 -19 -1 -16 -3 -12 -6 -7 -10 -4 -15 -1 -20 2 -24 4 -28 4 -31 4 -33 4 -33 2 -32 1 -30 -2 -26 -4 -20 -6 -14 -9 -7 -10 1 -13 9 -13 16 -15 24 -15 30 -14 3
2025-05-21 14:15:31,CSI_DATA,STA,D8:B1:90:DB:E8:90,-42,11,1,6,0,0,1,0,0,0,1,-95,0,2,0,1258682451,0,110,0,0,82863.4,256,[110 96 6 0 -36 -7 -34 -7 -29 -5 -25 -3 -20 0 -15 3 -9 7 -5 12 0 16 4 20 8 24 10 27 12 30 13 31 13 32 12 31 11 29 10 26 9 22 8 18 8 13 7 8 7 4 7 0 8 -4 0 0 0 0 0 0 0 0 0 0 0 0 0 0 0 0 0 0 0 0 0 0 -1 22 -3 19 -3 16 -1 13 1 10 4 7 8 4 13 2 17 1 21 0 24 0 27 1 28 2 28 3 27 5 23 6 20 8 14 8 9 8 2 9 -5 8 -12 7 -19 6 -25 4 -30 2 -34 -1 ]
2025-05-21 14:15:31,CSI_DATA,STA,D8:B1:90:DB:E8:90,-42,11,1,6,0,0,1,0,0,0,1,-95,0,2,0,1259182559,0,110,0,0,82863.9,256,[110 96 6 0 -34 16 -32 14 -28 12 -23 12 -17 11 -10 11 -3 11 4 11 10 12 16 12 21 13 26 14 29 15 31 15 32 15 30 15 29 14 26 13 22 10 19 7 15 4 11 1 8 -2 5 -5 2 -8 0 0 0 0 0 0 0 0 0 0 0 0 0 0 0 0 0 0 0 0 0 0 7 21 5 19 4 16 4 13 5 9 7 4 9 0 12 -4 16 -7 19 -9 22 -11 25 -12 27 -11 27 -10 27 -8 25 -6 22 -3 18 0 13 4 7 8 1 11 -6 14 -12 16 -19 18 -24 19 -30 19 ]
2025-05-21 14:15:33,CSI_DATA,STA,D8:B1:90:DB:E8:90,-41,11,1,7,0,0,1,0,0,0,1,-95,0,2,0,1261190388,0,110,0,0,82865.9,256,[110 96 6 0 -32 16 -29 14 -26 12 -21 11 -16 11 -10 11 -4 11 3 12 9 12 14 14 19 15 23 17 25 17 27 19 27 19 27 19 25 18 22 16 20 13 17 11 14 7 11 3 8 0 7 -4 5 -7 0 0 0 0 0 0 0 0 0 0 0 0 0 0 0 0 0 0 0 0 0 0 15 15 12 14 10 12 9 9 8 6 8 1 9 -3 10 -8 13 -11 15 -15 17 -17 20 -18 22 -18 23 -17 23 -15 21 -11 19 -8 16 -4 12 0 8 4 2 8 -4 12 -10 16 -16 17 -22 18 -26 19 ]
2025-05-21 14:15:36,CSI_DATA,STA,D8:B1:90:DB:E8:90,-42,11,1,6,0,0,1,0,0,0,1,-95,0,2,0,1263198570,0,110,0,0,82867.9,256,[110 96 6 0 -18 38 -17 35 -16 31 -11 26 -7 22 -2 17 4 12 10 7 16 2 22 -2 27 -6 31 -8 34 -10 36 -11 37 -11 36 -11 33 -11 30 -10 26 -9 21 -9 16 -9 10 -9 5 -8 1 -9 -4 -9 0 0 0 0 0 0 0 0 0 0 0 0 0 0 0 0 0 0 0 0 0 0 22 14 19 14 16 13 13 9 11 5 10 0 9 -5 8 -11 9 -16 10 -21 11 -24 13 -27 15 -28 16 -28 17 -26 17 -23 16 -18 16 -13 14 -6 12 1 9 9 5 16 1 23 -3 28 -8 33 -12 37 ]
2025-05-21 14:15:38,CSI_DATA,STA,D8:B1:90:DB:E8:90,-41,11,1,6,0,0,1,0,0,0,1,-95,0,2,0,1265706442,0,110,0,0,82870.4,256,[110 96 6 0 10 -26 10 -26 10 -25 8 -24 7 -25 7 -24 6 -24 5 -25 4 -24 4 -24 3 -25 2 -24 2 -23 3 -23 3 -24 2 -23 3 -23 3 -23 4 -22 4 -23 5 -23 5 -22 6 -22 7 -21 8 -21 0 0 0 0 0 0 0 0 0 0 0 0 0 0 0 0 0 0 0 0 0 0 5 -20 6 -19 7 -20 8 -20 9 -20 10 -20 11 -20 12 -21 13 -21 13 -21 11 -22 12 -22 12 -22 12 -22 13 -23 13 -23 13 -23 13 -23 12 -23 12 -23 11 -23 12 -24 11 -25 11 -25 11 -26 11 -24 ]
2025-05-21 14:15:39,CSI_DATA,STA,D8:B1:90:DB:E8:90,-41,11,1,7,0,0,1,0,0,0,1,-95,0,2,0,1266206351,0,110,0,0,82870.9,256,[110 96 6 0 1 25 2 24 2 24 1 24 2 23 2 23 3 22 4 22 4 21 4 21 4 21 5 21 5 21 5 21 5 21 6 21 5 21 5 20 5 20 3 20 3 20 2 19 1 20 0 19 -1 19 0 0 0 0 0 0 0 0 0 0 0 0 0 0 0 0 0 0 0 0 0 0 2 19 1 19 0 19 -1 19 -1 20 -2 20 -2 20 -3 21 -3 22 -4 22 -4 22 -5 22 -5 22 -5 23 -4 23 -4 23 -4 23 -3 24 -3 23 -2 24 -2 24 -2 25 -1 25 -1 25 -1 26 1 25 ]
2025-05-21 14:15:39,CSI_DATA,STA,D8:B1:90:DB:E8:90,-41,11,1,6,0,0,1,1,0,0,1,-95,0,2,0,1266708160,0,110,0,0,82871.4,256,[110 96 6 0 4 -40 4 -37 5 -33 2 -28 -1 -23 -4 -18 -8 -12 -13 -7 -18 -2 -23 2 -27 6 -31 8 -34 10 -35 10 -36 10 -35 10 -33 9 -30 8 -26 7 -22 7 -17 7 -12 8 -7 8 -3 9 0 11 0 0 0 0 0 0 0 0 0 0 0 0 0 0 0 0 0 0 0 0 0 0 -24 9 -22 7 -19 5 -16 4 -12 5 -7 7 -3 10 1 13 4 17 6 21 7 25 7 28 7 30 5 30 3 29 0 27 -3 23 -5 17 -7 11 -8 5 -10 -3 -9 -11 -9 -19 -8 -26 -5 -32 -2 -37 ]
2025-05-21 14:15:40,CSI_DATA,STA,D8:B1:90:DB:E8:90,-41,11,1,7,0,0,1,0,0,0,1,-95,0,2,0,1267210505,0,110,0,0,82871.9,256,[110 96 6 0 23 -14 23 -14 23 -14 21 -15 20 -15 19 -16 19 -16 18 -17 17 -17 17 -17 17 -17 17 -17 17 -17 17 -17 17 -17 17 -15 17 -15 17 -15 17 -14 18 -15 18 -14 18 -13 18 -12 18 -11 19 -10 0 0 0 0 0 0 0 0 0 0 0 0 0 0 0 0 0 0 0 0 0 0 16 -13 17 -12 18 -11 19 -11 19 -10 20 -10 21 -10 22 -10 23 -9 23 -9 24 -8 25 -8 25 -8 25 -8 24 -10 24 -10 24 -10 24 -10 24 -11 24 -11 24 -12 24 -12 24 -13 24 -13 2
2025-05-21 14:15:43,CSI_DATA,STA,D8:B1:90:DB:E8:90,-42,11,1,7,0,0,1,0,0,0,1,-94,0,2,0,1270227703,0,110,0,0,82875,256,[110 96 6 0 9 -27 8 -27 8 -26 7 -26 6 -26 6 -26 5 -25 5 -25 4 -25 3 -25 3 -25 2 -25 2 -25 3 -25 3 -25 3 -24 3 -24 3 -24 4 -23 4 -24 4 -23 5 -23 5 -23 6 -23 7 -22 0 0 0 0 0 0 0 0 0 0 0 0 0 0 0 0 0 0 0 0 0 0 5 -21 6 -20 7 -20 8 -20 9 -21 10 -21 10 -21 11 -21 12 -21 12 -22 12 -22 13 -22 13 -22 13 -22 13 -22 13 -22 13 -23 13 -23 10 -24 11 -24 10 -25 11 -26 9 -26 8 -26 9 -27 8 -27 ]
2025-05-21 14:15:53,CSI_DATA,STA,D8:B1:90:DB:E8:90,-42,11,1,7,0,0,1,0,0,0,1,-94,0,2,0,1280773596,0,110,0,0,82885.5,256,[110 96 6 0 26 7 26 7 25 6 24 4 24 4 24 4 24 3 24 2 24 2 24 1 24 1 23 2 23 1 23 2 23 2 23 2 23 2 22 3 22 3 22 3 21 3 21 4 21 4 21 6 20 8 0 0 0 0 0 0 0 0 0 0 0 0 0 0 0 0 0 0 0 0 0 0 19 3 18 5 19 6 19 7 19 7 20 8 19 9 20 10 20 11 20 11 20 11 21 12 21 12 21 12 21 12 21 12 21 12 21 12 23 10 24 10 24 10 25 10 25 8 25 8 25 8 26 8 ]
2025-05-21 14:15:54,CSI_DATA,STA,D8:B1:90:DB:E8:90,-42,11,1,7,0,0,1,1,0,0,1,-94,0,2,0,1281274699,0,110,0,0,82886,256,[110 96 6 0 9 -26 9 -25 9 -25 8 -24 8 -24 7 -24 7 -24 7 -23 6 -23 6 -23 5 -23 5 -23 5 -23 5 -24 5 -23 6 -23 6 -23 6 -22 6 -22 8 -21 8 -21 9 -20 9 -20 10 -20 12 -19 0 0 0 0 0 0 0 0 0 0 0 0 0 0 0 0 0 0 0 0 0 0 7 -18 8 -18 9 -18 9 -18 10 -19 11 -19 11 -19 12 -19 13 -19 14 -20 13 -20 14 -20 14 -20 14 -20 14 -20 14 -21 13 -21 14 -21 12 -21 12 -21 12 -22 12 -22 11 -24 11 -24 11 -25 9 -25 ]
2025-05-21 14:15:54,CSI_DATA,STA,D8:B1:90:DB:E8:90,-46,11,1,7,0,0,1,1,0,0,1,-95,0,2,0,1281774097,0,110,0,0,82886.5,256,[110 96 6 0 -6 21 -8 21 -9 21 3 23 1 23 -1 22 -2 23 2 30 1 29 -1 30 -3 29 -2 -25 0 -25 1 -24 3 -24 -13 17 -14 16 -16 15 -17 14 -10 -10 -9 -11 -8 -11 -6 -12 -9 20 -12 18 0 0 0 0 0 0 0 0 0 0 0 0 0 0 0 0 0 0 0 0 0 0 -16 7 -17 5 -6 14 -7 14 -9 14 -10 13 -6 9 -7 8 -8 9 -8 9 -14 21 -16 20 -18 20 -19 19 -14 24 -16 24 -17 23 -18 23 -2 16 -3 16 -4 16 -4 17 -7 28 -8 29 -10 29 -6 23 ]
2025-05-21 14:15:56,CSI_DATA,STA,D8:B1:90:DB:E8:90,-40,11,1,7,0,0,1,1,0,0,1,-95,0,2,0,1283279167,0,110,0,0,82888,256,[110 96 6 0 9 -24 9 -24 9 -24 8 -22 7 -22 7 -22 6 -22 6 -22 6 -22 5 -22 5 -22 5 -22 5 -22 5 -23 5 -22 4 -22 5 -22 5 -22 5 -21 5 -21 5 -20 5 -20 6 -20 6 -19 8 -18 0 0 0 0 0 0 0 0 0 0 0 0 0 0 0 0 0 0 0 0 0 0 5 -18 6 -18 7 -18 8 -18 8 -18 9 -18 9 -19 10 -19 11 -19 11 -19 13 -20 13 -20 13 -20 13 -20 12 -20 12 -21 12 -20 12 -21 12 -22 11 -22 11 -23 11 -23 10 -22 10 -23 10 -23 10 -24 ]
2025-05-21 14:15:59,CSI_DATA,STA,D8:B1:90:DB:E8:90,-42,11,1,7,0,0,1,1,0,0,1,-94,0,2,0,1286290115,0,110,0,0,82891,256,[110 96 6 0 0 -26 -1 -26 0 -25 -1 -24 -2 -23 -2 -23 -2 -23 -4 -23 -4 -23 -4 -23 -4 -22 -5 -21 -5 -21 -5 -21 -5 -21 -5 -22 -4 -21 -4 -21 -4 -21 -3 -20 -2 -21 -1 -20 -1 -20 0 -19 1 -19 0 0 0 0 0 0 0 0 0 0 0 0 0 0 0 0 0 0 0 0 0 0 -1 -19 0 -20 0 -20 1 -21 2 -21 3 -21 3 -21 4 -21 4 -22 5 -22 5 -22 5 -23 5 -23 5 -23 5 -24 5 -24 4 -24 4 -24 4 -24 4 -24 3 -24 4 -25 1 -25 1 -25 1 -25 1 -25 ]
2025-05-21 14:15:59,CSI_DATA,STA,D8:B1:90:DB:E8:90,-42,11,1,7,0,0,1,1,0,0,1,-94,0,2,0,1286794618,0,110,0,0,82891.5,256,[110 96 6 0 24 5 24 5 23 4 23 3 23 2 23 2 23 2 22 1 22 0 22 0 22 0 22 -1 22 -1 22 -1 22 -1 21 0 21 0 21 1 21 1 20 1 20 2 19 2 19 3 19 4 18 6 0 0 0 0 0 0 0 0 0 0 0 0 0 0 0 0 0 0 0 0 0 0 17 0 17 2 18 3 18 4 19 4 19 5 19 6 20 6 20 7 20 7 21 8 21 8 21 8 21 8 21 8 21 8 21 8 22 8 22 7 22 8 22 7 23 7 24 6 24 6 24 6 24 5 ]
2025-05-21 14:16:02,CSI_DATA,STA,D8:B1:90:DB:E8:90,-42,11,1,7,0,0,1,1,0,0,1,-94,0,2,0,1289799246,0,110,0,0,82894.5,256,[110 96 6 0 25 -9 25 -10 24 -9 24 -10 23 -10 23 -11 23 -11 22 -11 21 -12 21 -12 21 -12 20 -12 20 -13 20 -12 20 -12 20 -12 20 -12 20 -12 20 -11 19 -10 19 -10 19 -9 19 -8 20 -7 20 -5 0 0 0 0 0 0 0 0 0 0 0 0 0 0 0 0 0 0 0 0 0 0 17 -9 18 -8 18 -8 19 -7 19 -7 21 -7 21 -6 22 -6 23 -6 23 -5 23 -4 23 -4 23 -4 23 -4 24 -6 24 -6 25 -6 24 -6 24 -7 24 -8 24 -8 25 -9 25 -9 26 -9 26 -10 25 -10 ]
2025-05-21 14:16:03,CSI_DATA,STA,D8:B1:90:DB:E8:90,-42,11,1,7,0,0,1,1,0,0,1,-94,0,2,0,1290799204,0,110,0,0,82895.5,256,[110 96 6 0 -7 23 -7 23 -7 23 -5 22 -5 22 -5 22 -4 21 -4 21 -3 21 -3 21 -3 21 -3 21 -3 21 -2 21 -3 21 -3 21 -3 21 -3 21 -3 20 -4 20 -4 20 -4 20 -5 19 -5 18 -7 18 0 0 0 0 0 0 0 0 0 0 0 0 0 0 0 0 0 0 0 0 0 0 -3 17 -4 17 -5 17 -6 18 -6 18 -7 18 -8 19 -8 19 -9 20 -9 20 -10 20 -10 20 -10 20 -10 20 -10 20 -10 20 -10 21 -10 21 -10 22 -9 22 -9 22 -9 23 -8 23 -8 23 -8 23 -7 23 ]
2025-05-21 14:16:07,CSI_DATA,STA,D8:B1:90:DB:E8:90,-40,11,1,7,0,0,1,1,0,0,1,-95,0,2,0,1294307305,0,110,0,0,82899,256,[110 96 6 0 15 -23 14 -22 14 -22 14 -22 13 -23 13 -23 12 -23 11 -23 10 -23 9 -23 9 -23 9 -23 8 -22 9 -23 9 -22 9 -23 9 -22 10 -22 10 -22 10 -21 11 -20 11 -20 11 -19 12 -19 13 -17 0 0 0 0 0 0 0 0 0 0 0 0 0 0 0 0 0 0 0 0 0 0 9 -19 10 -18 11 -18 12 -18 13 -18 14 -18 14 -18 16 -19 16 -19 17 -19 16 -19 17 -19 17 -19 17 -19 17 -19 17 -20 16 -19 17 -20 17 -21 17 -21 16 -22 17 -22 16 -22 16 -22 16 -22
2025-05-21 14:16:07,CSI_DATA,STA,D8:B1:90:DB:E8:90,-42,11,1,7,0,0,1,1,0,0,1,-94,0,2,0,1294809767,0,110,0,0,82899.5,256,[110 96 6 0 19 -20 19 -20 18 -20 17 -20 17 -20 16 -21 16 -21 15 -21 14 -21 14 -22 13 -22 13 -21 13 -21 13 -21 13 -21 13 -20 14 -20 14 -20 14 -19 14 -18 14 -18 14 -17 15 -17 15 -15 16 -14 0 0 0 0 0 0 0 0 0 0 0 0 0 0 0 0 0 0 0 0 0 0 12 -16 14 -15 14 -15 15 -15 16 -14 17 -14 17 -15 18 -15 19 -15 19 -15 20 -15 20 -15 20 -15 20 -15 20 -15 20 -16 20 -16 20 -17 20 -17 20 -17 19 -18 20 -18 19 -20 19
2025-05-21 14:16:08,CSI_DATA,STA,D8:B1:90:DB:E8:90,-42,11,1,7,0,0,1,1,0,0,1,-94,0,2,0,1295307347,0,110,0,0,82900,256,[110 96 6 0 18 19 18 19 18 18 18 18 18 17 18 17 19 16 19 15 19 15 19 14 20 14 19 13 19 13 19 13 19 13 19 14 19 14 18 14 18 14 17 13 17 14 16 14 15 15 14 16 13 16 0 0 0 0 0 0 0 0 0 0 0 0 0 0 0 0 0 0 0 0 0 0 13 14 12 15 12 16 12 17 12 18 11 18 11 19 11 19 11 20 11 21 11 22 11 22 11 22 11 23 11 22 11 22 11 21 12 22 14 21 14 21 14 21 16 22 16 20 16 20 17 20 18 19 ]
2025-05-21 14:16:08,CSI_DATA,STA,D8:B1:90:DB:E8:90,-48,11,1,7,0,0,1,1,0,0,1,-94,0,2,0,1295807464,0,110,0,0,82900.5,256,[110 96 6 0 16 -4 17 -4 18 -5 16 -7 16 -7 15 -6 16 -6 20 -13 20 -14 19 -13 19 -14 2 6 2 6 2 7 2 7 7 -14 8 -13 8 -13 8 -12 3 38 2 38 1 37 1 37 12 -3 12 -3 0 0 0 0 0 0 0 0 0 0 0 0 0 0 0 0 0 0 0 0 0 0 -14 -12 -13 -13 -18 -9 -19 -11 -19 -11 -19 -13 -15 -11 -16 -12 -15 -13 -15 -13 -27 0 -27 0 -27 0 -27 0 -21 -24 -21 -24 -22 -24 -21 -25 -20 -14 -20 -14 -20 -15 -20 -14 -14 -13 -14 -13 -14 -14 -4 2
2025-05-21 14:16:10,CSI_DATA,STA,D8:B1:90:DB:E8:90,-40,11,1,7,0,0,1,1,0,0,1,-95,0,2,0,1297446930,0,100,0,0,82902.2,256,[100 -64 5 0 -3 25 -3 25 -2 24 -2 24 -1 23 -1 23 -1 23 0 22 0 22 0 22 0 22 1 23 1 23 1 22 1 23 1 22 0 22 0 22 0 21 0 20 0 20 -1 20 -2 20 -3 20 -4 20 0 0 0 0 0 0 0 0 0 0 0 0 0 0 0 0 0 0 0 0 0 0 -1 18 -2 18 -3 19 -4 19 -4 19 -5 20 -6 21 -6 21 -7 21 -8 21 -8 22 -8 22 -9 22 -9 22 -7 22 -8 22 -7 23 -7 23 -6 24 -5 24 -5 24 -5 25 -5 25 -5 25 -5 26 -4 25 ]
2025-05-21 14:16:11,CSI_DATA,STA,D8:B1:90:DB:E8:90,-43,11,1,7,0,0,1,1,0,0,1,-95,0,2,0,1298814962,0,110,0,0,82903.6,256,[110 96 6 0 -12 -21 -12 -21 -12 -20 -23 -30 -24 -29 -25 -28 -26 -27 -13 -19 -14 -18 -14 -17 -15 -17 -14 -17 -14 -17 -14 -16 -14 -16 -10 -14 -10 -14 -10 -14 -10 -14 -14 -11 -13 -11 -13 -11 -13 -10 -13 -15 -12 -16 0 0 0 0 0 0 0 0 0 0 0 0 0 0 0 0 0 0 0 0 0 0 10 10 10 11 -12 -16 -12 -17 -12 -17 -12 -18 -16 -5 -17 -6 -17 -6 -17 -6 23 10 23 10 23 10 24 10 24 10 24 9 25 8 26 7 -21 -1 -21 0 -21 1 -2
2025-05-21 14:16:13,CSI_DATA,STA,D8:B1:90:DB:E8:90,-42,11,1,7,0,0,1,1,0,0,1,-94,0,2,0,1300314598,0,110,0,0,82905.1,256,[110 96 6 0 18 -17 17 -17 17 -17 17 -17 16 -17 15 -17 15 -17 14 -17 14 -18 14 -18 13 -18 13 -17 13 -18 13 -18 14 -18 13 -17 14 -17 14 -17 13 -16 13 -16 13 -15 13 -15 14 -14 14 -13 15 -12 0 0 0 0 0 0 0 0 0 0 0 0 0 0 0 0 0 0 0 0 0 0 12 -13 13 -12 14 -11 14 -11 15 -11 16 -11 16 -12 17 -12 17 -12 18 -12 18 -12 19 -12 19 -12 19 -12 18 -12 19 -12 18 -12 18 -13 18 -14 18 -14 18 -15 18 -16 18 -16 18
2025-05-21 14:16:13,CSI_DATA,STA,D8:B1:90:DB:E8:90,-42,11,1,7,0,0,1,1,0,0,1,-94,0,2,0,1300815286,0,110,0,0,82905.6,256,[110 96 6 0 13 -24 13 -23 13 -23 12 -23 11 -23 10 -23 10 -23 9 -23 9 -23 9 -23 8 -23 9 -23 9 -23 9 -23 9 -23 10 -23 10 -22 10 -22 10 -21 10 -21 10 -20 11 -20 11 -19 12 -18 13 -17 0 0 0 0 0 0 0 0 0 0 0 0 0 0 0 0 0 0 0 0 0 0 10 -17 11 -16 12 -16 13 -16 14 -16 15 -16 15 -16 16 -16 17 -16 17 -16 17 -18 17 -18 17 -18 17 -18 17 -18 17 -18 16 -19 17 -19 17 -19 16 -20 16 -21 16 -21 14 -22 15 -23 14
2025-05-21 14:16:15,CSI_DATA,STA,D8:B1:90:DB:E8:90,-40,11,1,7,0,0,1,0,0,0,0,-95,0,2,0,1302825975,0,110,0,0,82907.6,256,[110 96 6 0 20 13 21 13 20 13 20 11 20 11 20 10 20 10 20 9 20 9 20 8 20 8 21 7 21 8 21 7 21 8 20 8 20 8 19 8 19 8 19 10 19 10 18 10 18 11 17 11 16 12 0 0 0 0 0 0 0 0 0 0 0 0 0 0 0 0 0 0 0 0 0 0 16 7 16 9 15 9 15 10 15 11 15 12 16 13 16 13 16 14 16 15 15 15 15 15 15 16 16 16 16 16 16 15 17 15 17 15 17 16 17 16 18 15 19 16 18 14 19 15 19 15 20 14 ]
2025-05-21 14:16:18,CSI_DATA,STA,D8:B1:90:DB:E8:90,-41,11,1,6,0,0,1,0,0,0,1,-94,0,2,0,1305352531,0,110,0,0,82910.1,256,[110 96 6 0 -20 -15 -20 -14 -19 -14 -20 -14 -20 -13 -21 -12 -20 -12 -20 -11 -19 -10 -20 -10 -20 -10 -21 -9 -21 -9 -21 -9 -21 -9 -20 -9 -20 -9 -20 -9 -20 -9 -19 -9 -19 -9 -18 -9 -18 -10 -17 -11 -16 -12 0 0 0 0 0 0 0 0 0 0 0 0 0 0 0 0 0 0 0 0 0 0 -15 -11 -15 -12 -14 -13 -15 -14 -14 -14 -15 -15 -15 -15 -15 -16 -15 -16 -15 -17 -15 -17 -15 -17 -15 -17 -15 -17 -16 -19 -16 -18 -16 -18 -17 -18 -17 -
2025-05-21 14:16:19,CSI_DATA,STA,D8:B1:90:DB:E8:90,-43,11,1,6,0,0,1,0,0,0,1,-94,0,2,0,1306354880,0,110,0,0,82911.1,256,[110 96 6 0 26 -24 25 -22 23 -19 18 -17 12 -15 6 -13 0 -11 -8 -10 -14 -9 -20 -8 -26 -8 -30 -7 -33 -7 -35 -7 -35 -8 -34 -8 -32 -8 -29 -7 -25 -6 -21 -4 -17 -2 -12 0 -8 2 -4 5 -1 7 0 0 0 0 0 0 0 0 0 0 0 0 0 0 0 0 0 0 0 0 0 0 -13 -20 -11 -19 -9 -17 -8 -13 -8 -9 -8 -5 -10 0 -12 5 -14 9 -17 12 -19 15 -22 16 -24 16 -24 16 -24 14 -23 11 -21 8 -18 4 -15 -1 -10 -5 -5 -10 1 -14 6 -19 12 -21 17 -24 23 -
2025-05-21 14:16:22,CSI_DATA,STA,D8:B1:90:DB:E8:90,-41,11,1,5,0,0,1,0,0,0,1,-94,0,2,0,1309882984,0,110,0,0,82914.6,256,[110 96 6 0 21 -12 21 -12 20 -12 20 -11 19 -11 19 -12 18 -12 18 -13 18 -14 17 -14 17 -14 17 -14 17 -14 17 -14 17 -14 16 -14 17 -14 17 -13 17 -13 17 -12 17 -12 17 -11 17 -11 17 -10 18 -8 0 0 0 0 0 0 0 0 0 0 0 0 0 0 0 0 0 0 0 0 0 0 14 -10 15 -9 16 -8 17 -8 17 -7 19 -7 18 -7 19 -7 20 -6 20 -6 20 -6 21 -6 21 -6 21 -6 22 -7 21 -7 22 -7 22 -7 22 -8 22 -7 22 -8 23 -9 21 -10 22 -11 22 -11 21 -12 ]
2025-05-21 14:16:26,CSI_DATA,STA,D8:B1:90:DB:E8:90,-41,11,1,7,0,0,1,0,0,0,0,-95,0,2,0,1313432433,0,110,0,0,82918.2,256,[110 96 6 0 14 -23 13 -23 13 -23 12 -22 11 -22 11 -22 10 -22 10 -23 9 -23 9 -23 8 -23 8 -22 8 -22 8 -22 8 -22 9 -22 9 -22 9 -22 10 -21 10 -21 10 -20 10 -20 11 -19 12 -19 13 -18 0 0 0 0 0 0 0 0 0 0 0 0 0 0 0 0 0 0 0 0 0 0 8 -19 10 -19 11 -17 11 -18 12 -17 13 -17 14 -18 15 -19 16 -19 16 -19 17 -18 17 -18 18 -18 18 -18 16 -19 16 -19 16 -19 16 -20 15 -20 15 -20 14 -21 15 -22 14 -23 14 -23 14 -23
2025-05-21 14:16:27,CSI_DATA,STA,D8:B1:90:DB:E8:90,-41,11,1,7,0,0,1,0,0,0,0,-94,0,2,0,1314432506,0,110,0,0,82919.2,256,[110 96 6 0 -24 -10 -24 -10 -23 -10 -22 -9 -22 -8 -22 -8 -22 -7 -22 -7 -22 -6 -22 -6 -23 -6 -22 -6 -22 -5 -22 -5 -22 -6 -21 -6 -21 -6 -21 -6 -20 -7 -20 -8 -19 -8 -19 -9 -19 -9 -18 -10 -17 -11 0 0 0 0 0 0 0 0 0 0 0 0 0 0 0 0 0 0 0 0 0 0 -18 -7 -17 -9 -17 -9 -17 -10 -17 -11 -17 -12 -18 -12 -18 -12 -18 -13 -19 -14 -18 -14 -18 -15 -18 -15 -18 -15 -18 -15 -19 -15 -19 -15 -19 -15 -20 -13 -20 -13 -
2025-05-21 14:16:27,CSI_DATA,STA,D8:B1:90:DB:E8:90,-41,11,1,7,0,0,1,0,0,0,0,-94,0,2,0,1314932471,0,110,0,0,82919.7,256,[110 96 6 0 -13 -21 -13 -20 -13 -20 -13 -20 -13 -19 -14 -19 -13 -18 -15 -17 -15 -17 -15 -17 -15 -16 -15 -16 -16 -16 -16 -16 -16 -16 -15 -16 -15 -16 -14 -16 -14 -16 -13 -16 -13 -16 -12 -16 -12 -16 -11 -17 -10 -18 0 0 0 0 0 0 0 0 0 0 0 0 0 0 0 0 0 0 0 0 0 0 -11 -14 -10 -15 -10 -17 -10 -17 -9 -18 -9 -18 -9 -18 -9 -18 -9 -19 -8 -20 -9 -21 -9 -21 -9 -21 -9 -21 -9 -21 -10 -22 -10 -22 -10 -21 -11 -
2025-05-21 14:16:28,CSI_DATA,STA,D8:B1:90:DB:E8:90,-41,11,1,7,0,0,1,0,0,0,1,-94,0,2,0,1315432603,0,110,0,0,82920.2,256,[110 96 6 0 -16 -21 -16 -20 -16 -20 -16 -18 -16 -18 -16 -17 -16 -17 -17 -17 -17 -16 -17 -16 -18 -15 -17 -15 -17 -15 -17 -15 -17 -15 -17 -16 -16 -15 -16 -15 -15 -15 -15 -15 -15 -16 -14 -16 -14 -16 -13 -17 -12 -18 0 0 0 0 0 0 0 0 0 0 0 0 0 0 0 0 0 0 0 0 0 0 -13 -14 -12 -15 -12 -15 -11 -16 -11 -16 -11 -17 -12 -18 -11 -19 -11 -19 -11 -20 -11 -20 -11 -20 -11 -21 -10 -21 -10 -21 -11 -21 -11 -21 -1
2025-05-21 14:16:32,CSI_DATA,STA,D8:B1:90:DB:E8:90,-41,11,1,7,0,0,1,0,0,0,1,-95,0,2,0,1319943460,0,110,0,0,82924.7,256,[110 96 6 0 -21 12 -21 12 -20 12 -19 13 -19 13 -18 13 -17 13 -18 14 -17 14 -17 14 -17 14 -17 14 -17 15 -16 14 -17 14 -16 13 -17 13 -17 13 -17 12 -17 11 -17 11 -17 10 -17 10 -18 9 -19 8 0 0 0 0 0 0 0 0 0 0 0 0 0 0 0 0 0 0 0 0 0 0 -14 11 -15 10 -16 9 -17 9 -17 8 -18 8 -18 8 -19 9 -19 8 -20 8 -21 9 -21 9 -21 8 -21 8 -21 9 -21 8 -21 9 -21 9 -21 10 -21 10 -21 11 -21 11 -21 11 -21 12 -21 12 -21 12
2025-05-21 14:16:33,CSI_DATA,STA,D8:B1:90:DB:E8:90,-42,11,1,7,0,0,1,0,0,0,1,-94,0,2,0,1320443537,0,110,0,0,82925.2,256,[110 96 6 0 2 -28 2 -28 2 -27 1 -27 0 -26 0 -26 0 -26 -1 -25 -1 -25 -2 -25 -2 -25 -3 -25 -3 -25 -2 -25 -2 -25 -1 -25 -1 -24 0 -24 0 -24 0 -23 1 -22 1 -22 2 -22 3 -22 5 -21 0 0 0 0 0 0 0 0 0 0 0 0 0 0 0 0 0 0 0 0 0 0 0 -20 1 -21 3 -20 4 -20 4 -20 5 -21 5 -22 5 -23 6 -23 6 -23 7 -23 7 -24 8 -24 8 -24 7 -24 7 -24 6 -24 6 -25 5 -26 6 -26 5 -27 5 -27 3 -27 3 -27 3 -28 2 -28 ]
2025-05-21 14:16:33,CSI_DATA,STA,D8:B1:90:DB:E8:90,-42,11,1,7,0,0,1,0,0,0,1,-94,0,2,0,1320943392,0,110,0,0,82925.7,256,[110 96 6 0 -1 -27 -2 -27 -2 -27 -2 -26 -3 -25 -3 -25 -3 -25 -4 -25 -4 -25 -5 -24 -5 -24 -6 -24 -6 -23 -6 -23 -6 -24 -5 -24 -5 -24 -4 -23 -4 -23 -4 -23 -3 -23 -2 -22 -2 -22 0 -22 1 -21 0 0 0 0 0 0 0 0 0 0 0 0 0 0 0 0 0 0 0 0 0 0 -4 -20 -3 -20 -2 -21 -1 -21 0 -22 0 -22 1 -23 1 -24 2 -24 2 -25 2 -25 3 -25 3 -25 3 -25 3 -25 3 -25 3 -25 3 -26 2 -26 2 -27 1 -27 1 -28 0 -27 -1 -27 0 -28 -1 -28 ]
2025-05-21 14:16:34,CSI_DATA,STA,D8:B1:90:DB:E8:90,-41,11,1,7,0,0,1,1,0,0,1,-94,0,2,0,1321448307,0,110,0,0,82926.2,256,[110 96 6 0 -21 -15 -21 -14 -20 -14 -21 -13 -21 -12 -20 -12 -20 -11 -21 -11 -21 -11 -21 -10 -21 -10 -20 -9 -20 -9 -21 -9 -20 -9 -21 -9 -20 -9 -20 -9 -19 -10 -19 -10 -18 -11 -18 -11 -17 -11 -17 -12 -16 -13 0 0 0 0 0 0 0 0 0 0 0 0 0 0 0 0 0 0 0 0 0 0 -16 -10 -15 -11 -15 -12 -15 -13 -15 -14 -15 -14 -16 -15 -16 -15 -16 -16 -16 -17 -16 -17 -16 -17 -16 -18 -16 -18 -16 -17 -16 -17 -16 -17 -17 -17 -
2025-05-21 14:16:39,CSI_DATA,STA,D8:B1:90:DB:E8:90,-42,11,1,7,0,0,1,1,0,0,1,-94,0,2,0,1326474094,0,110,0,0,82931.2,256,[110 96 6 0 -24 -11 -24 -11 -24 -10 -23 -9 -23 -9 -23 -8 -23 -7 -23 -7 -23 -7 -23 -7 -24 -6 -24 -5 -24 -5 -24 -5 -24 -5 -23 -5 -23 -5 -23 -5 -22 -5 -22 -5 -22 -6 -21 -6 -21 -7 -21 -8 -20 -9 0 0 0 0 0 0 0 0 0 0 0 0 0 0 0 0 0 0 0 0 0 0 -18 -6 -18 -8 -19 -9 -19 -10 -19 -10 -19 -11 -19 -11 -20 -12 -20 -13 -20 -13 -20 -14 -20 -14 -21 -14 -20 -14 -20 -14 -21 -14 -21 -13 -22 -13 -22 -14 -22 -13 -23
2025-05-21 14:16:39,CSI_DATA,STA,D8:B1:90:DB:E8:90,-41,11,1,7,0,0,1,1,0,0,1,-94,0,2,0,1326977535,0,110,0,0,82931.7,256,[110 96 6 0 24 -11 24 -11 23 -11 23 -11 22 -12 22 -12 21 -12 19 -14 19 -14 19 -14 19 -14 18 -16 18 -16 18 -16 19 -17 18 -16 18 -15 18 -15 19 -14 19 -13 19 -13 20 -12 20 -11 20 -10 20 -9 0 0 0 0 0 0 0 0 0 0 0 0 0 0 0 0 0 0 0 0 0 0 17 -9 18 -8 18 -8 19 -8 20 -7 21 -7 22 -6 22 -6 23 -6 23 -5 23 -5 23 -5 24 -5 24 -5 23 -7 23 -7 23 -7 24 -7 25 -8 25 -8 24 -9 25 -9 25 -9 25 -9 25 -10 25 -10 ]
2025-05-21 14:16:43,CSI_DATA,STA,D8:B1:90:DB:E8:90,-42,11,1,6,0,0,1,0,0,0,1,-94,0,2,0,1330503566,0,110,0,0,82935.2,256,[110 96 6 0 22 30 20 29 18 24 16 19 13 13 11 7 8 -1 6 -8 4 -14 2 -21 0 -27 -1 -32 -2 -36 -2 -37 -3 -39 -3 -37 -3 -35 -3 -31 -3 -27 -4 -22 -4 -17 -5 -12 -6 -7 -7 -2 -8 2 0 0 0 0 0 0 0 0 0 0 0 0 0 0 0 0 0 0 0 0 0 0 24 -1 21 1 18 1 14 0 9 -2 5 -5 1 -8 -3 -12 -7 -16 -10 -20 -11 -23 -12 -26 -13 -28 -12 -30 -11 -30 -8 -27 -5 -25 -2 -21 2 -16 6 -10 10 -4 14 2 17 8 20 14 22 20 24 25 ]
2025-05-21 14:16:47,CSI_DATA,STA,D8:B1:90:DB:E8:90,-41,11,1,6,0,0,1,0,0,0,1,-94,0,2,0,1334528366,0,110,0,0,82939.3,256,[110 96 6 0 26 8 26 8 26 7 25 7 25 6 24 6 24 6 24 4 24 4 24 3 24 3 24 3 24 3 24 3 24 3 23 3 23 3 22 3 22 3 21 4 21 5 21 5 21 6 21 7 20 9 0 0 0 0 0 0 0 0 0 0 0 0 0 0 0 0 0 0 0 0 0 0 20 4 19 6 19 7 19 8 19 9 19 9 20 9 20 10 21 11 21 11 21 11 21 12 21 12 21 12 22 12 22 12 22 12 23 12 24 10 24 10 24 9 25 10 25 9 25 9 26 9 26 8 ]
2025-05-21 14:16:48,CSI_DATA,STA,D8:B1:90:DB:E8:90,-42,11,1,7,0,0,1,0,0,0,0,-94,0,2,0,1335528107,0,110,0,0,82940.3,256,[110 96 6 0 -16 -23 -16 -23 -15 -22 -15 -21 -16 -21 -16 -20 -16 -20 -16 -20 -16 -19 -16 -19 -17 -19 -17 -17 -17 -17 -17 -17 -17 -17 -16 -17 -16 -17 -15 -17 -15 -17 -15 -18 -14 -18 -13 -18 -13 -18 -12 -20 -10 -20 0 0 0 0 0 0 0 0 0 0 0 0 0 0 0 0 0 0 0 0 0 0 -12 -16 -12 -17 -11 -17 -11 -18 -10 -19 -10 -20 -11 -20 -11 -20 -10 -21 -10 -22 -10 -22 -10 -23 -10 -23 -10 -23 -10 -23 -10 -22 -11 -23 -1
2025-05-21 14:16:53,CSI_DATA,STA,D8:B1:90:DB:E8:90,-41,11,1,5,0,0,1,0,0,0,1,-94,0,2,0,1341044784,0,110,0,0,82945.8,256,[110 96 6 0 -29 -1 -29 0 -27 0 -27 0 -26 1 -26 2 -26 2 -25 2 -25 3 -25 3 -25 3 -25 4 -26 4 -25 4 -25 3 -25 3 -24 3 -24 3 -24 2 -24 1 -23 0 -23 0 -23 -1 -23 -2 -23 -4 0 0 0 0 0 0 0 0 0 0 0 0 0 0 0 0 0 0 0 0 0 0 -21 -1 -22 -2 -21 -4 -22 -5 -22 -6 -22 -6 -23 -5 -23 -5 -24 -6 -24 -6 -26 -7 -26 -7 -26 -7 -26 -8 -25 -7 -25 -7 -26 -7 -26 -6 -26 -5 -26 -5 -27 -4 -27 -5 -27 -3 -27 -3 -28 -3 -27 -2 ]
2025-05-21 14:16:54,CSI_DATA,STA,D8:B1:90:DB:E8:90,-42,11,1,6,0,0,1,0,0,0,1,-94,0,2,0,1341545078,0,110,0,0,82946.3,256,[110 96 6 0 29 -25 27 -23 24 -20 18 -18 12 -16 5 -14 -2 -12 -10 -11 -16 -10 -23 -10 -29 -9 -33 -9 -37 -9 -38 -9 -39 -10 -36 -9 -35 -9 -31 -8 -26 -6 -22 -4 -17 -1 -12 2 -8 4 -5 7 -2 10 0 0 0 0 0 0 0 0 0 0 0 0 0 0 0 0 0 0 0 0 0 0 -14 -21 -11 -19 -9 -17 -9 -13 -9 -9 -9 -4 -10 2 -12 6 -15 11 -18 14 -21 16 -24 17 -26 18 -27 17 -27 15 -25 11 -23 8 -19 3 -15 -2 -10 -6 -5 -12 2 -16 7 -20 13 -23 19 -
2025-05-21 14:16:54,CSI_DATA,STA,D8:B1:90:DB:E8:90,-42,11,1,6,0,0,1,0,0,0,1,-94,0,2,0,1342044507,0,110,0,0,82946.8,256,[110 96 6 0 -40 1 -37 1 -33 1 -27 2 -21 4 -15 7 -8 10 -2 14 5 17 10 20 15 24 18 27 21 29 22 31 22 30 21 30 20 27 18 25 16 21 14 16 12 11 10 6 9 1 8 -3 8 -7 0 0 0 0 0 0 0 0 0 0 0 0 0 0 0 0 0 0 0 0 0 0 2 24 0 22 0 18 1 15 3 11 5 7 9 4 13 0 18 -1 22 -4 25 -4 28 -4 31 -3 31 -2 30 0 27 3 23 5 18 6 11 8 4 9 -3 11 -11 11 -18 12 -25 10 -32 9 -36 7 ]
2025-05-21 14:16:55,CSI_DATA,STA,D8:B1:90:DB:E8:90,-42,11,1,6,0,0,1,0,0,0,1,-94,0,2,0,1342544625,0,110,0,0,82947.3,256,[110 96 6 0 -38 0 -36 -1 -31 -1 -27 1 -21 3 -16 6 -9 10 -4 14 2 18 6 22 10 26 13 29 15 32 15 33 16 34 14 33 14 31 12 27 11 23 10 18 9 13 9 8 8 3 9 -1 9 -5 0 0 0 0 0 0 0 0 0 0 0 0 0 0 0 0 0 0 0 0 0 0 6 22 4 21 3 18 4 14 5 10 7 7 10 3 14 -1 18 -3 22 -5 25 -6 28 -5 30 -4 30 -3 29 -1 26 1 22 3 17 5 11 8 4 9 -4 10 -11 10 -18 10 -25 9 -31 8 -36 5 ]
2025-05-21 14:16:59,CSI_DATA,STA,D8:B1:90:DB:E8:90,-43,11,1,7,0,0,1,0,0,0,1,-94,0,2,0,1347073695,0,110,0,0,82951.8,256,[110 96 6 0 -24 26 -23 23 -20 21 -16 18 -11 16 -5 14 1 12 7 10 13 9 19 8 24 8 27 8 30 8 32 8 32 9 32 9 29 9 27 8 23 6 20 4 15 2 12 -1 8 -3 5 -6 3 -9 0 0 0 0 0 0 0 0 0 0 0 0 0 0 0 0 0 0 0 0 0 0 21 9 18 9 15 8 12 6 10 3 9 -1 8 -6 7 -10 8 -15 9 -19 11 -21 13 -23 14 -24 15 -23 16 -21 16 -18 15 -14 14 -10 11 -4 8 2 5 8 0 13 -5 18 -10 22 -14 25 -19 27 ]
2025-05-21 14:17:00,CSI_DATA,STA,D8:B1:90:DB:E8:90,-42,11,1,6,0,0,1,0,0,0,1,-94,0,2,0,1347573694,0,110,0,0,82952.3,256,[110 96 6 0 -28 -27 -25 -25 -22 -23 -20 -19 -17 -13 -15 -8 -12 -1 -12 6 -10 12 -10 18 -10 24 -10 29 -11 32 -11 34 -12 34 -13 34 -12 31 -11 28 -10 25 -8 21 -5 17 -2 13 2 10 5 7 8 5 0 0 0 0 0 0 0 0 0 0 0 0 0 0 0 0 0 0 0 0 0 0 -7 23 -9 20 -8 17 -6 14 -3 12 1 9 5 8 10 7 15 7 19 8 22 9 24 11 25 12 25 14 23 14 20 14 16 14 11 13 5 10 -1 8 -7 4 -13 0 -18 -5 -23 -10 -26 -15 -28 -20 ]
2025-05-21 14:17:03,CSI_DATA,STA,D8:B1:90:DB:E8:90,-41,11,1,6,0,0,1,0,0,0,1,-94,0,2,0,1350083461,0,110,0,0,82954.8,256,[110 96 6 0 -17 -19 -17 -18 -17 -18 -18 -17 -18 -16 -18 -16 -18 -15 -18 -14 -18 -14 -18 -13 -18 -13 -19 -13 -19 -12 -19 -12 -19 -12 -19 -12 -18 -12 -18 -12 -17 -13 -17 -13 -17 -13 -16 -14 -15 -14 -15 -15 -14 -16 0 0 0 0 0 0 0 0 0 0 0 0 0 0 0 0 0 0 0 0 0 0 -15 -14 -14 -15 -13 -15 -12 -16 -12 -16 -12 -17 -13 -18 -12 -18 -12 -19 -12 -20 -13 -20 -13 -20 -13 -21 -13 -21 -13 -20 -13 -21 -14 -20 -1
2025-05-21 14:17:05,CSI_DATA,STA,D8:B1:90:DB:E8:90,-42,11,1,7,0,0,1,0,0,0,1,-94,0,2,0,1353088381,0,110,0,0,82957.8,256,[110 96 6 0 -20 13 -20 13 -19 13 -17 14 -17 14 -17 14 -16 14 -15 14 -15 14 -15 14 -14 15 -13 15 -13 16 -13 16 -13 16 -13 16 -13 16 -13 15 -13 15 -13 14 -14 13 -14 13 -14 12 -15 12 -16 11 0 0 0 0 0 0 0 0 0 0 0 0 0 0 0 0 0 0 0 0 0 0 -14 11 -15 10 -16 10 -17 9 -18 9 -19 9 -19 8 -20 8 -20 8 -20 8 -21 8 -21 8 -21 8 -21 8 -20 8 -21 8 -21 9 -21 9 -21 10 -20 10 -21 11 -21 11 -21 13 -21 13 -20 13 -20
2025-05-21 14:17:06,CSI_DATA,STA,D8:B1:90:DB:E8:90,-43,11,1,6,0,0,1,1,0,0,1,-94,0,2,0,1353589158,0,110,0,0,82958.3,256,[110 96 6 0 17 -38 16 -35 14 -32 10 -27 5 -21 0 -16 -6 -10 -12 -5 -18 0 -23 5 -28 9 -32 13 -34 15 -36 17 -37 17 -36 17 -33 16 -30 14 -25 13 -20 12 -15 10 -9 9 -4 7 1 6 5 6 0 0 0 0 0 0 0 0 0 0 0 0 0 0 0 0 0 0 0 0 0 0 -18 -22 -15 -21 -13 -19 -11 -15 -10 -10 -9 -4 -10 2 -11 7 -12 13 -15 18 -17 22 -19 24 -21 25 -22 25 -23 23 -22 20 -21 16 -19 10 -17 4 -14 -2 -10 -10 -6 -16 -2 -24 3 -29 8 -34 13
2025-05-21 14:17:06,CSI_DATA,STA,D8:B1:90:DB:E8:90,-46,11,1,7,0,0,1,0,0,0,1,-94,0,2,0,1354091694,0,110,0,0,82958.8,256,[110 96 6 0 -23 13 -24 15 -22 15 -25 16 -23 17 -23 18 -22 18 -21 16 -20 17 -19 19 -19 20 -21 13 -21 14 -20 14 -21 15 -24 16 -24 16 -24 16 -23 15 -25 16 -25 15 -24 15 -24 15 -26 15 -27 13 0 0 0 0 0 0 0 0 0 0 0 0 0 0 0 0 0 0 0 0 0 0 2 5 2 6 9 5 9 5 9 5 9 5 12 1 13 1 13 1 13 0 21 0 21 0 22 -1 22 -1 -22 4 -21 4 -22 6 -21 6 -9 -8 -9 -8 -10 -6 -10 -6 -20 9 -20 10 -21 10 -27 9 ]
2025-05-21 14:17:12,CSI_DATA,STA,D8:B1:90:DB:E8:90,-41,11,1,7,0,0,1,0,0,0,1,-94,0,2,0,1359617852,0,110,0,0,82964.4,256,[110 96 6 0 27 -7 26 -7 26 -7 25 -8 24 -8 24 -9 23 -10 22 -10 22 -10 21 -10 21 -11 21 -11 20 -11 21 -12 20 -11 20 -11 20 -10 20 -11 20 -10 20 -10 20 -10 20 -9 20 -8 21 -7 21 -6 0 0 0 0 0 0 0 0 0 0 0 0 0 0 0 0 0 0 0 0 0 0 19 -7 20 -5 20 -5 20 -4 21 -4 22 -4 23 -3 24 -3 24 -2 25 -1 24 -2 24 -1 25 -1 25 -1 24 -2 25 -2 24 -2 25 -3 26 -3 26 -3 26 -4 27 -5 26 -5 27 -5 27 -5 26 -6 ]
2025-05-21 14:17:13,CSI_DATA,STA,D8:B1:90:DB:E8:90,-41,11,1,7,0,0,1,0,0,0,1,-94,0,2,0,1360639930,0,110,0,0,82965.4,256,[110 96 6 0 11 22 12 22 11 21 12 20 12 20 12 19 12 19 12 17 12 17 13 17 13 17 13 17 14 17 13 16 13 17 14 17 13 17 12 17 12 17 11 17 11 17 11 17 10 17 9 17 8 18 0 0 0 0 0 0 0 0 0 0 0 0 0 0 0 0 0 0 0 0 0 0 10 14 9 16 8 17 7 18 7 19 7 19 7 20 7 21 6 21 6 22 6 21 6 22 6 22 6 22 6 22 6 22 6 22 7 22 8 21 8 22 9 22 9 22 11 22 11 22 12 23 12 21 ]
2025-05-21 14:17:15,CSI_DATA,STA,D8:B1:90:DB:E8:90,-41,11,1,7,0,0,1,1,0,0,1,-94,0,2,0,1362666593,0,110,0,0,82967.4,256,[110 96 6 0 -3 23 -2 23 -2 23 -1 22 -1 22 -1 21 0 21 1 20 1 20 2 20 2 20 3 20 3 21 3 21 3 21 3 21 3 21 2 20 2 20 1 19 1 20 1 19 0 19 -1 19 -3 19 0 0 0 0 0 0 0 0 0 0 0 0 0 0 0 0 0 0 0 0 0 0 -1 18 -2 18 -3 18 -4 18 -4 18 -5 19 -5 19 -6 20 -6 20 -7 20 -7 21 -7 21 -7 21 -7 21 -6 21 -6 22 -6 22 -5 22 -5 22 -4 22 -4 22 -4 23 -3 23 -3 23 -3 24 -3 23 ]
2025-05-21 14:17:15,CSI_DATA,STA,D8:B1:90:DB:E8:90,-42,11,1,7,0,0,1,1,0,0,1,-94,0,2,0,1363166825,0,110,0,0,82967.9,256,[110 96 6 0 10 -24 10 -25 9 -24 8 -23 7 -23 7 -23 7 -23 6 -23 6 -23 5 -23 5 -24 5 -23 6 -23 6 -23 6 -23 5 -22 6 -22 6 -22 7 -21 7 -21 7 -21 8 -20 9 -20 9 -19 11 -19 0 0 0 0 0 0 0 0 0 0 0 0 0 0 0 0 0 0 0 0 0 0 5 -20 7 -19 7 -20 8 -20 9 -20 10 -20 11 -19 11 -20 12 -20 12 -20 13 -20 13 -21 13 -21 14 -21 13 -21 13 -21 13 -21 13 -22 12 -23 12 -22 11 -23 11 -23 10 -23 10 -24 11 -24 10 -24 ]
2025-05-21 14:17:16,CSI_DATA,STA,D8:B1:90:DB:E8:90,-42,11,1,7,0,0,1,1,0,0,1,-94,0,2,0,1364175096,0,110,0,0,82968.9,256,[110 96 6 0 -18 20 -17 20 -17 20 -15 20 -14 20 -14 21 -13 20 -12 21 -12 21 -12 21 -12 21 -11 21 -11 21 -11 21 -11 21 -11 21 -11 20 -11 20 -12 19 -12 18 -12 18 -13 17 -14 17 -15 17 -16 15 0 0 0 0 0 0 0 0 0 0 0 0 0 0 0 0 0 0 0 0 0 0 -12 17 -13 15 -14 15 -15 15 -16 15 -17 15 -18 15 -19 14 -19 15 -20 14 -20 14 -20 14 -20 14 -21 14 -20 15 -20 16 -20 16 -20 16 -20 17 -20 18 -19 18 -19 18 -18 19 -1
2025-05-21 14:17:17,CSI_DATA,STA,D8:B1:90:DB:E8:90,-41,11,1,7,0,0,1,1,0,0,1,-94,0,2,0,1364250352,0,100,0,0,82969,256,[100 -64 5 0 -24 -9 -23 -8 -23 -8 -22 -6 -22 -6 -22 -6 -22 -5 -22 -4 -22 -4 -22 -3 -22 -3 -22 -2 -22 -2 -22 -2 -21 -2 -21 -3 -20 -3 -21 -3 -20 -4 -20 -4 -20 -5 -19 -5 -19 -5 -19 -6 -18 -8 0 0 0 0 0 0 0 0 0 0 0 0 0 0 0 0 0 0 0 0 0 0 -18 -5 -18 -6 -18 -7 -18 -8 -18 -9 -18 -10 -18 -11 -18 -12 -18 -12 -19 -13 -19 -12 -19 -12 -19 -12 -19 -13 -19 -12 -20 -12 -20 -11 -21 -12 -21 -12 -21 -12 -22 -11 -
2025-05-21 14:17:21,CSI_DATA,STA,D8:B1:90:DB:E8:90,-50,11,1,7,0,0,1,1,0,0,1,-94,0,2,0,1368685569,0,110,0,0,82973.4,256,[110 96 6 0 10 17 11 15 10 15 -12 2 -11 3 -11 3 -10 4 9 -16 8 -18 7 -18 7 -19 -22 -11 -22 -10 -22 -10 -22 -9 -6 -33 -8 -32 -9 -31 -10 -30 2 -18 2 -18 1 -17 1 -17 10 -2 10 -1 0 0 0 0 0 0 0 0 0 0 0 0 0 0 0 0 0 0 0 0 0 0 -3 -16 -2 -16 3 4 4 4 4 4 5 5 36 -23 37 -24 37 -25 38 -27 13 -9 13 -10 13 -10 13 -11 -6 -21 -8 -22 -9 -22 -10 -22 -2 13 -2 13 0 13 1 14 -20 -6 -21 -4 -21 -3 -10 -10 ]
2025-05-21 14:17:23,CSI_DATA,STA,D8:B1:90:DB:E8:90,-41,11,1,7,0,0,1,1,0,0,1,-94,0,2,0,1370694199,0,110,0,0,82975.4,256,[110 96 6 0 13 21 13 20 13 19 13 19 13 18 14 18 14 17 13 17 14 16 14 16 15 16 15 16 15 16 15 16 15 16 15 16 14 16 14 16 13 16 13 16 12 17 12 17 11 17 9 17 8 18 0 0 0 0 0 0 0 0 0 0 0 0 0 0 0 0 0 0 0 0 0 0 11 14 10 15 10 16 9 17 9 17 9 18 9 18 9 19 9 20 9 20 9 20 9 21 9 21 9 22 8 21 8 21 9 21 9 21 10 21 10 21 10 21 11 21 12 21 13 21 13 21 13 20 ]
2025-05-21 14:17:28,CSI_DATA,STA,D8:B1:90:DB:E8:90,-41,11,1,7,0,0,1,1,0,0,1,-94,0,2,0,1375727103,0,110,0,0,82980.5,256,[110 96 6 0 -16 -19 -16 -19 -16 -18 -16 -17 -16 -17 -16 -16 -16 -16 -18 -15 -17 -14 -17 -14 -18 -14 -19 -13 -19 -13 -19 -13 -19 -13 -18 -13 -18 -13 -18 -13 -17 -13 -17 -13 -17 -14 -16 -14 -16 -14 -14 -15 -13 -16 0 0 0 0 0 0 0 0 0 0 0 0 0 0 0 0 0 0 0 0 0 0 -14 -12 -14 -13 -13 -16 -12 -16 -12 -17 -12 -18 -12 -17 -11 -18 -11 -19 -11 -19 -11 -20 -11 -20 -11 -21 -12 -21 -12 -21 -12 -21 -12 -21 -1
2025-05-21 14:17:29,CSI_DATA,STA,D8:B1:90:DB:E8:90,-41,11,1,7,0,0,1,1,0,0,1,-94,0,2,0,1376226926,0,110,0,0,82981,256,[110 96 6 0 -27 -4 -27 -3 -26 -3 -26 -2 -26 -2 -26 -2 -25 -1 -25 -1 -24 0 -25 1 -25 1 -25 1 -25 1 -24 2 -25 1 -24 1 -24 1 -24 1 -24 0 -24 0 -24 -1 -23 -1 -23 -2 -23 -3 -23 -5 0 0 0 0 0 0 0 0 0 0 0 0 0 0 0 0 0 0 0 0 0 0 -20 -2 -20 -4 -21 -4 -21 -5 -21 -6 -22 -6 -23 -7 -23 -8 -23 -8 -23 -9 -24 -9 -24 -9 -24 -10 -24 -10 -24 -10 -24 -9 -24 -9 -24 -9 -26 -7 -25 -7 -26 -6 -26 -6 -26 -5 -27 -5 -27 -5
2025-05-21 14:17:33,CSI_DATA,STA,D8:B1:90:DB:E8:90,-42,11,1,7,0,0,1,1,0,0,1,-94,0,2,0,1380755131,0,110,0,0,82985.5,256,[110 96 6 0 21 13 22 13 21 12 21 12 21 12 22 11 21 10 21 9 21 8 21 8 21 8 21 8 22 7 21 8 22 8 21 8 21 8 20 8 20 8 20 9 20 9 19 9 19 10 18 11 17 13 0 0 0 0 0 0 0 0 0 0 0 0 0 0 0 0 0 0 0 0 0 0 17 9 17 10 16 11 17 12 16 13 17 13 16 14 17 15 17 16 17 16 18 16 18 17 18 17 18 17 18 16 18 16 18 16 18 16 19 16 19 16 20 16 20 16 21 15 22 15 22 15 22 13 ]
2025-05-21 14:17:40,CSI_DATA,STA,D8:B1:90:DB:E8:90,-41,11,1,7,0,0,1,1,0,0,1,-94,0,2,0,1387770673,0,110,0,0,82992.5,256,[110 96 6 0 -21 -14 -21 -13 -20 -13 -20 -13 -21 -12 -21 -12 -21 -12 -20 -11 -21 -11 -21 -10 -21 -10 -21 -9 -21 -9 -21 -9 -21 -9 -21 -9 -20 -9 -20 -9 -20 -10 -19 -10 -19 -10 -18 -11 -18 -11 -17 -12 -16 -13 0 0 0 0 0 0 0 0 0 0 0 0 0 0 0 0 0 0 0 0 0 0 -16 -11 -15 -12 -15 -13 -15 -13 -15 -14 -14 -15 -15 -14 -15 -15 -15 -16 -16 -16 -16 -17 -16 -17 -16 -18 -16 -18 -16 -16 -17 -16 -17 -16 -17 -16 -
2025-05-21 14:17:42,CSI_DATA,STA,D8:B1:90:DB:E8:90,-41,11,1,7,0,0,1,1,0,0,1,-94,0,2,0,1389277282,0,110,0,0,82994,256,[110 96 6 0 -15 -23 -15 -23 -15 -22 -15 -23 -15 -22 -16 -22 -16 -21 -16 -18 -17 -18 -17 -18 -18 -18 -18 -18 -18 -18 -18 -18 -18 -18 -17 -19 -17 -19 -16 -19 -16 -19 -16 -19 -15 -19 -14 -19 -14 -19 -12 -20 -11 -21 0 0 0 0 0 0 0 0 0 0 0 0 0 0 0 0 0 0 0 0 0 0 -12 -17 -11 -18 -11 -19 -10 -20 -10 -21 -9 -21 -9 -21 -9 -22 -9 -22 -9 -23 -9 -24 -8 -24 -8 -24 -9 -24 -10 -24 -11 -24 -11 -24 -11 -24 -12 -
2025-05-21 14:17:42,CSI_DATA,STA,D8:B1:90:DB:E8:90,-41,11,1,7,0,0,1,1,0,0,1,-94,0,2,0,1389778174,0,110,0,0,82994.5,256,[110 96 6 0 7 -23 6 -23 7 -23 5 -23 4 -23 4 -23 4 -22 3 -23 2 -22 2 -22 1 -22 0 -22 0 -22 1 -22 1 -22 1 -22 1 -22 2 -21 2 -21 3 -21 3 -21 4 -21 4 -21 6 -20 7 -19 0 0 0 0 0 0 0 0 0 0 0 0 0 0 0 0 0 0 0 0 0 0 2 -18 4 -18 5 -18 5 -19 6 -19 7 -19 7 -20 8 -20 9 -20 9 -20 10 -20 10 -21 10 -20 10 -20 10 -20 9 -21 9 -21 9 -21 9 -22 9 -22 9 -22 9 -23 8 -23 8 -23 8 -23 7 -24 ]
2025-05-21 14:17:44,CSI_DATA,STA,D8:B1:90:DB:E8:90,-42,11,1,7,0,0,1,0,0,0,0,-94,0,2,0,1391283793,0,110,0,0,82996,256,[110 96 6 0 4 24 4 24 4 23 5 24 6 23 6 23 7 22 7 22 7 21 7 21 8 21 8 21 8 21 8 21 8 22 8 21 8 21 7 21 7 20 6 20 5 20 5 20 4 20 3 20 2 21 0 0 0 0 0 0 0 0 0 0 0 0 0 0 0 0 0 0 0 0 0 0 5 19 4 20 3 19 2 21 2 21 1 22 1 22 1 23 0 23 0 23 1 24 1 24 1 24 0 24 0 25 0 24 0 25 1 24 1 25 2 25 2 26 3 26 3 25 3 25 4 26 4 26 ]
2025-05-21 14:17:44,CSI_DATA,STA,D8:B1:90:DB:E8:90,-42,11,1,6,0,0,1,0,0,0,1,-94,0,2,0,1391783738,0,110,0,0,82996.5,256,[110 96 6 0 22 -4 22 -4 21 -4 21 -5 20 -5 20 -5 20 -6 19 -6 19 -7 19 -7 19 -7 19 -7 19 -7 19 -7 19 -7 19 -6 19 -6 19 -5 19 -5 19 -5 19 -4 19 -4 19 -3 19 -2 18 0 0 0 0 0 0 0 0 0 0 0 0 0 0 0 0 0 0 0 0 0 0 0 17 -5 18 -4 17 -3 18 -2 18 -1 19 -1 19 -1 20 0 20 0 20 1 21 1 21 1 21 1 21 1 22 1 22 1 22 1 22 1 22 0 22 -1 22 -1 22 -1 22 -3 22 -3 22 -3 23 -4 ]
2025-05-21 14:17:47,CSI_DATA,STA,D8:B1:90:DB:E8:90,-43,11,1,3,0,0,1,0,0,0,0,-94,0,2,0,1394306946,0,110,0,0,82999,256,[110 96 6 0 -35 -15 -32 -13 -28 -12 -24 -9 -19 -4 -14 0 -9 5 -5 10 0 15 4 20 8 24 10 28 12 30 13 31 13 32 13 31 12 29 11 26 10 22 9 17 9 13 8 8 7 3 7 -1 7 -5 0 0 0 0 0 0 0 0 0 0 0 0 0 0 0 0 0 0 0 0 0 0 -15 19 -15 16 -13 13 -10 11 -6 9 -2 7 4 7 9 7 14 7 19 8 22 9 24 11 25 13 25 14 23 15 20 15 16 15 10 14 5 12 -1 10 -8 8 -15 4 -21 2 -26 -2 -31 -6 -34 -9 ]
