2025-04-02 16:00:15,CSI_DATA,STA,D8:B1:90:DB:E8:90,-53,11,1,7,0,0,1,0,0,0,1,-95,0,3,0,3296314031,0,110,0,0,93491,256,[110 96 6 0 8 -30 8 -30 8 -29 7 -28 7 -28 6 -27 5 -26 5 -27 5 -27 4 -26 4 -26 3 -24 2 -24 2 -24 2 -23 3 -23 3 -23 3 -22 3 -21 3 -20 3 -19 3 -19 3 -18 4 -18 4 -18 0 0 0 0 0 0 0 0 0 0 0 0 0 0 0 0 0 0 0 0 0 0 2 -20 4 -20 4 -20 5 -21 6 -21 7 -22 7 -22 8 -22 9 -23 9 -23 10 -24 11 -24 11 -24 11 -25 12 -25 12 -26 11 -26 11 -26 12 -27 11 -26 10 -27 11 -28 10 -28 10 -29 10 -30 10 -30 ]
2025-04-02 16:00:15,CSI_DATA,STA,D8:B1:90:DB:E8:90,-54,11,1,7,0,0,1,1,1,0,1,-95,0,3,0,3296813808,0,110,0,0,93491.5,384,[110 96 6 0 29 -20 28 -19 27 -18 24 -16 21 -16 16 -15 13 -15 8 -15 4 -14 -1 -15 -6 -15 -10 -15 -14 -15 -17 -15 -19 -15 -20 -16 -21 -16 -20 -16 -19 -16 -18 -16 -16 -17 -13 -16 -11 -17 -8 -16 -5 -17 0 0 0 0 0 0 0 0 0 0 0 0 0 0 0 0 0 0 0 0 0 0 20 -9 20 -8 19 -8 18 -8 16 -9 15 -9 14 -10 12 -12 11 -14 9 -16 8 -18 6 -20 5 -23 4 -25 4 -26 4 -27 4 -29 5 -30 6 -30 8 -30 10 -30 13 -30 16 -28 18 -28 22
2025-04-02 16:00:20,CSI_DATA,STA,D8:B1:90:DB:E8:90,-53,11,1,7,0,0,1,0,0,0,1,-95,0,3,0,3299822141,0,110,0,0,93494.5,256,[110 96 6 0 -20 22 -20 21 -18 21 -19 21 -17 21 -18 21 -16 21 -15 21 -15 20 -14 20 -13 20 -14 20 -13 20 -13 19 -13 18 -13 18 -12 17 -12 17 -11 15 -12 15 -12 15 -11 14 -11 13 -11 12 -11 11 0 0 0 0 0 0 0 0 0 0 0 0 0 0 0 0 0 0 0 0 0 0 -12 17 -13 16 -13 16 -14 16 -15 17 -16 16 -17 17 -18 17 -19 17 -19 18 -19 17 -21 18 -21 17 -21 17 -21 18 -21 18 -21 19 -21 18 -21 19 -20 20 -20 21 -21 21 -21 21 -2
2025-04-02 16:00:20,CSI_DATA,STA,D8:B1:90:DB:E8:90,-54,11,1,7,0,0,1,1,1,0,1,-95,0,3,0,3300322878,0,110,0,0,93495,384,[110 96 6 0 -31 -20 -30 -19 -27 -18 -26 -16 -25 -13 -23 -10 -21 -6 -20 -1 -17 3 -16 7 -15 11 -13 14 -13 18 -12 21 -12 22 -12 23 -12 23 -12 23 -12 22 -13 20 -13 17 -14 15 -15 12 -15 9 -16 6 0 0 0 0 0 0 0 0 0 0 0 0 0 0 0 0 0 0 0 0 0 0 -22 -13 -21 -13 -20 -13 -20 -12 -19 -11 -20 -9 -20 -7 -20 -5 -20 -2 -21 0 -22 2 -23 4 -23 6 -24 7 -24 8 -25 8 -26 8 -26 8 -28 6 -28 5 -30 2 -30 -1 -31 -4 -32 -8 -3
2025-04-02 16:00:20,CSI_DATA,STA,D8:B1:90:DB:E8:90,-54,11,1,7,0,0,1,1,1,0,1,-95,0,3,0,3300823871,0,110,0,0,93495.5,384,[110 96 6 0 35 -6 34 -6 32 -5 29 -6 26 -7 24 -9 19 -10 16 -13 11 -15 7 -17 3 -19 1 -22 -3 -24 -4 -25 -6 -26 -7 -26 -7 -26 -6 -26 -5 -25 -3 -24 -1 -22 1 -20 3 -18 5 -17 8 -15 0 0 0 0 0 0 0 0 0 0 0 0 0 0 0 0 0 0 0 0 0 0 24 -8 23 -7 22 -7 21 -7 20 -8 19 -9 18 -10 16 -12 15 -14 13 -16 12 -18 11 -20 10 -22 9 -23 9 -24 9 -24 10 -25 11 -25 13 -24 15 -23 17 -23 21 -21 23 -19 26 -17 29 -14 32 -12 ]
2025-04-02 16:00:20,CSI_DATA,STA,D8:B1:90:DB:E8:90,-54,11,1,7,0,0,1,1,1,0,1,-95,0,3,0,3301326315,0,110,0,0,93496,384,[110 96 6 0 16 -32 16 -32 16 -29 14 -28 11 -26 8 -24 4 -22 0 -20 -4 -18 -8 -16 -12 -14 -16 -14 -19 -12 -21 -11 -23 -11 -24 -11 -25 -10 -24 -11 -23 -11 -21 -12 -19 -13 -16 -13 -13 -14 -11 -15 -8 -16 0 0 0 0 0 0 0 0 0 0 0 0 0 0 0 0 0 0 0 0 0 0 9 -24 10 -23 10 -22 9 -21 8 -21 6 -20 4 -20 2 -20 -1 -20 -3 -20 -6 -20 -8 -20 -10 -21 -12 -22 -12 -22 -13 -23 -13 -23 -12 -25 -11 -26 -9 -27 -7 -28 -4 -30
2025-04-02 16:00:26,CSI_DATA,STA,D8:B1:90:DB:E8:90,-53,11,1,7,0,0,1,0,0,0,1,-95,0,3,0,3307833210,0,110,0,0,93502.5,256,[110 96 6 0 28 -3 28 -3 27 -4 27 -3 25 -3 25 -4 24 -4 25 -5 24 -5 24 -6 23 -6 22 -6 22 -6 21 -6 21 -7 21 -6 21 -6 19 -5 19 -5 18 -4 18 -4 17 -3 16 -3 16 -2 15 -1 0 0 0 0 0 0 0 0 0 0 0 0 0 0 0 0 0 0 0 0 0 0 18 -5 19 -4 19 -4 20 -3 20 -3 22 -2 22 -2 23 -1 24 -1 24 0 25 0 26 0 26 1 26 0 26 0 25 0 26 0 26 -1 26 -1 26 -1 27 -2 27 -2 28 -2 28 -3 29 -2 28 -3 ]
2025-04-02 16:00:27,CSI_DATA,STA,D8:B1:90:DB:E8:90,-54,11,1,7,0,0,1,1,1,0,1,-95,0,3,0,3308838417,0,110,0,0,93503.5,384,[110 96 6 0 -1 -35 0 -34 0 -31 -1 -29 -3 -26 -4 -23 -7 -20 -10 -17 -13 -12 -16 -10 -19 -7 -22 -4 -25 -1 -26 0 -28 1 -28 2 -29 2 -29 1 -28 0 -26 -1 -24 -4 -22 -4 -20 -7 -17 -8 -15 -10 0 0 0 0 0 0 0 0 0 0 0 0 0 0 0 0 0 0 0 0 0 0 -8 -25 -7 -24 -6 -24 -6 -23 -7 -22 -9 -21 -10 -20 -12 -19 -14 -19 -15 -17 -17 -17 -19 -16 -20 -16 -22 -15 -23 -15 -24 -16 -24 -16 -23 -17 -23 -18 -21 -20 -20 -23 -18 -
2025-04-02 16:00:32,CSI_DATA,STA,D8:B1:90:DB:E8:90,-53,11,1,7,0,0,1,0,0,0,1,-95,0,3,0,3313341271,0,110,0,0,93508.1,256,[110 96 6 0 23 -15 22 -15 22 -16 22 -15 21 -16 21 -15 20 -16 19 -17 18 -17 18 -17 17 -17 17 -17 16 -16 16 -17 16 -16 15 -14 15 -14 15 -13 14 -12 14 -11 14 -11 14 -10 13 -11 13 -10 13 -9 0 0 0 0 0 0 0 0 0 0 0 0 0 0 0 0 0 0 0 0 0 0 15 -12 16 -12 16 -12 17 -11 18 -11 19 -10 20 -10 21 -10 21 -10 22 -10 23 -11 23 -10 23 -10 23 -10 23 -11 23 -12 23 -12 24 -12 23 -11 23 -12 23 -12 23 -13 23 -13 23
2025-04-02 16:00:38,CSI_DATA,STA,D8:B1:90:DB:E8:90,-53,11,1,7,0,0,1,0,0,0,1,-95,0,3,0,3319364168,0,110,0,0,93514.1,256,[110 96 6 0 27 -10 27 -11 26 -11 26 -11 25 -11 25 -11 24 -11 23 -12 22 -12 21 -13 20 -13 20 -12 20 -12 19 -12 19 -12 17 -11 17 -11 17 -10 16 -9 16 -9 15 -9 15 -8 14 -8 13 -7 13 -6 0 0 0 0 0 0 0 0 0 0 0 0 0 0 0 0 0 0 0 0 0 0 16 -11 17 -10 18 -9 19 -9 19 -8 20 -9 20 -8 21 -8 22 -7 22 -7 24 -7 24 -7 24 -6 25 -7 26 -7 26 -7 26 -8 26 -8 27 -9 26 -8 26 -9 27 -10 26 -10 26 -10 26 -10 28 -11 ]
2025-04-02 16:00:41,CSI_DATA,STA,D8:B1:90:DB:E8:90,-52,11,1,7,0,0,1,0,0,0,1,-95,0,3,0,3322366897,0,110,0,0,93517.1,256,[110 96 6 0 -17 -25 -17 -24 -17 -23 -16 -23 -16 -21 -16 -21 -16 -20 -17 -20 -17 -19 -17 -18 -17 -18 -17 -17 -17 -17 -17 -16 -16 -16 -16 -16 -15 -15 -15 -15 -14 -15 -14 -14 -13 -14 -13 -13 -13 -13 -11 -14 -10 -14 0 0 0 0 0 0 0 0 0 0 0 0 0 0 0 0 0 0 0 0 0 0 -13 -14 -12 -15 -12 -16 -12 -17 -12 -18 -12 -19 -12 -20 -11 -21 -11 -22 -11 -23 -11 -24 -11 -24 -11 -25 -12 -25 -11 -24 -12 -24 -12 -24 -1
2025-04-02 16:00:41,CSI_DATA,STA,D8:B1:90:DB:E8:90,-54,11,1,7,0,0,1,1,1,0,1,-95,0,3,0,3322866294,0,110,0,0,93517.6,384,[110 96 6 0 -34 -22 -34 -22 -32 -20 -30 -19 -28 -15 -27 -12 -25 -8 -23 -3 -21 1 -20 5 -18 9 -17 12 -15 15 -14 16 -13 18 -13 19 -12 18 -12 18 -12 16 -12 14 -13 12 -13 9 -13 7 -14 4 -15 1 0 0 0 0 0 0 0 0 0 0 0 0 0 0 0 0 0 0 0 0 0 0 -23 -9 -22 -10 -20 -10 -20 -9 -19 -9 -19 -7 -18 -6 -18 -4 -18 -1 -19 1 -19 3 -20 5 -20 7 -21 8 -22 9 -22 9 -24 9 -25 9 -26 7 -28 5 -30 2 -31 -1 -33 -4 -34 -8 -35 -1
2025-04-02 16:00:47,CSI_DATA,STA,D8:B1:90:DB:E8:90,-52,11,1,7,0,0,1,0,0,0,1,-95,0,3,0,3327881163,0,110,0,0,93522.6,256,[110 96 6 0 7 -29 7 -29 7 -28 6 -27 5 -26 5 -26 5 -26 4 -26 4 -25 3 -25 2 -25 2 -24 2 -23 2 -23 3 -23 3 -22 3 -21 3 -21 4 -20 3 -18 3 -18 4 -17 4 -17 4 -16 5 -16 0 0 0 0 0 0 0 0 0 0 0 0 0 0 0 0 0 0 0 0 0 0 0 -20 2 -20 2 -22 3 -22 4 -22 5 -23 6 -23 7 -23 7 -24 7 -24 8 -25 9 -25 9 -25 9 -26 9 -25 9 -25 9 -26 9 -26 8 -28 8 -27 8 -28 8 -28 7 -29 7 -29 7 -29 7 -29 ]
2025-04-02 16:00:50,CSI_DATA,STA,D8:B1:90:DB:E8:90,-53,11,1,7,0,0,1,0,0,0,1,-95,0,3,0,3331896208,0,110,0,0,93526.6,256,[110 96 6 0 -11 24 -10 25 -10 24 -9 24 -9 23 -8 23 -8 22 -7 22 -6 21 -6 21 -5 21 -6 21 -6 21 -5 20 -5 20 -5 19 -6 18 -5 18 -5 17 -5 16 -5 16 -5 15 -5 15 -5 15 -6 14 0 0 0 0 0 0 0 0 0 0 0 0 0 0 0 0 0 0 0 0 0 0 -3 16 -4 18 -6 16 -7 18 -7 17 -8 18 -9 19 -10 19 -10 20 -11 20 -11 21 -11 20 -11 20 -12 21 -11 21 -11 21 -11 21 -11 21 -12 22 -12 22 -11 22 -11 23 -11 23 -11 23 -11 24 -11 24 ]
2025-04-02 16:00:54,CSI_DATA,STA,D8:B1:90:DB:E8:90,-53,11,1,7,0,0,1,0,0,0,1,-96,0,3,0,3335397042,0,110,0,0,93530.1,256,[110 96 6 0 27 9 27 9 27 8 25 8 26 8 25 8 25 7 24 6 24 6 23 5 23 5 23 5 22 5 22 5 22 4 21 4 20 4 19 4 18 4 18 4 18 4 16 4 16 4 15 5 14 6 0 0 0 0 0 0 0 0 0 0 0 0 0 0 0 0 0 0 0 0 0 0 18 1 18 3 18 4 18 4 19 5 19 5 20 6 21 7 22 8 22 7 22 8 22 9 22 9 22 9 24 10 24 10 24 10 24 9 25 9 25 9 25 9 26 10 26 9 27 9 27 9 26 9 ]
2025-04-02 16:00:54,CSI_DATA,STA,D8:B1:90:DB:E8:90,-56,11,1,7,0,0,1,1,1,0,1,-96,0,3,0,3335897978,0,110,0,0,93530.6,384,[110 96 6 0 24 19 24 20 22 19 21 17 20 15 18 12 16 9 14 4 11 0 8 -3 5 -7 3 -11 0 -14 -2 -16 -5 -19 -6 -20 -7 -21 -7 -21 -8 -21 -7 -21 -6 -20 -4 -19 -2 -18 0 -17 3 -16 0 0 0 0 0 0 0 0 0 0 0 0 0 0 0 0 0 0 0 0 0 0 -4 16 -4 15 -4 13 -3 12 -2 11 0 9 2 8 6 6 8 5 12 4 15 2 18 1 21 0 24 -1 26 -2 27 -3 29 -3 29 -3 30 -3 30 -2 30 0 30 3 29 5 29 8 28 11 28 14 ]
2025-04-02 16:00:55,CSI_DATA,STA,D8:B1:90:DB:E8:90,-54,11,1,7,0,0,1,1,1,0,1,-96,0,3,0,3336404603,0,110,0,0,93531.1,384,[110 96 6 0 32 10 32 11 30 11 29 10 26 8 23 6 20 3 17 0 13 -3 9 -7 5 -9 1 -12 -2 -15 -5 -16 -8 -18 -10 -19 -12 -20 -12 -19 -12 -19 -11 -19 -10 -19 -8 -18 -6 -17 -4 -17 -1 -16 0 0 0 0 0 0 0 0 0 0 0 0 0 0 0 0 0 0 0 0 0 0 7 17 5 17 5 16 4 14 5 13 6 10 7 8 8 5 11 2 12 -1 15 -4 17 -7 19 -10 21 -14 23 -15 24 -16 25 -17 26 -17 27 -17 28 -15 28 -14 30 -11 30 -9 31 -6 32 -2 33 2 ]
2025-04-02 16:00:56,CSI_DATA,STA,D8:B1:90:DB:E8:90,-57,11,1,7,0,0,1,0,0,0,1,-96,0,3,0,3337907144,0,110,0,0,93532.6,256,[110 96 6 0 15 18 15 18 14 17 14 16 14 16 13 16 13 15 13 15 13 14 13 13 12 13 13 13 12 13 12 13 11 12 11 13 11 12 10 12 10 12 9 11 8 12 8 12 7 11 6 11 6 11 0 0 0 0 0 0 0 0 0 0 0 0 0 0 0 0 0 0 0 0 0 0 -6 10 -7 9 19 7 19 8 19 9 18 10 18 11 19 12 18 13 19 14 18 14 18 15 18 16 18 16 17 16 17 17 17 16 17 17 17 16 17 16 17 17 17 17 18 17 17 17 17 17 17 17 ]
2025-04-02 16:01:00,CSI_DATA,STA,D8:B1:90:DB:E8:90,-53,11,1,7,0,0,1,0,0,0,1,-96,0,3,0,3341917649,0,110,0,0,93536.6,256,[110 96 6 0 25 -6 25 -6 23 -6 24 -6 23 -6 22 -7 22 -7 21 -7 20 -7 20 -7 19 -8 19 -8 19 -8 18 -8 18 -8 17 -7 17 -7 17 -6 16 -6 15 -6 15 -5 14 -5 14 -4 13 -4 13 -3 0 0 0 0 0 0 0 0 0 0 0 0 0 0 0 0 0 0 0 0 0 0 15 -7 16 -5 14 -4 16 -5 16 -5 17 -3 19 -3 19 -4 20 -3 20 -3 21 -3 21 -2 21 -2 21 -2 22 -2 21 -2 22 -3 22 -3 23 -4 23 -4 23 -5 24 -5 24 -6 25 -5 25 -6 26 -5 ]
2025-04-02 16:01:01,CSI_DATA,STA,D8:B1:90:DB:E8:90,-56,11,1,7,0,0,1,1,1,0,1,-96,0,3,0,3342414834,0,110,0,0,93537.1,384,[110 96 6 0 -31 9 -31 8 -30 7 -27 7 -24 7 -21 7 -17 8 -12 8 -8 8 -3 8 2 7 7 7 11 6 14 5 17 4 20 4 21 3 21 3 21 3 20 3 19 4 18 4 16 6 14 7 12 9 0 0 0 0 0 0 0 0 0 0 0 0 0 0 0 0 0 0 0 0 0 0 -10 -14 -8 -13 -8 -12 -8 -11 -8 -9 -8 -6 -9 -4 -10 0 -10 3 -11 7 -12 10 -13 14 -14 17 -15 19 -15 21 -16 23 -16 24 -17 25 -17 26 -18 25 -19 24 -21 23 -23 22 -24 19 -27 17 -29 14 ]
2025-04-02 16:01:03,CSI_DATA,STA,D8:B1:90:DB:E8:90,-55,11,1,7,0,0,1,0,0,0,1,-96,0,3,0,3344424224,0,110,0,0,93539.1,256,[110 96 6 0 13 22 13 22 13 21 13 20 13 19 13 19 14 18 14 19 14 18 14 17 14 17 14 16 13 15 13 15 13 15 12 15 11 14 11 14 11 13 10 13 10 13 9 13 8 12 8 12 7 12 0 0 0 0 0 0 0 0 0 0 0 0 0 0 0 0 0 0 0 0 0 0 11 12 11 13 11 14 11 15 10 16 10 16 10 17 10 18 10 18 10 19 10 20 10 20 10 21 9 21 10 21 10 21 10 20 10 21 11 21 12 22 13 22 13 22 13 22 13 22 13 23 14 23 ]
2025-04-02 16:01:05,CSI_DATA,STA,00:00:00:00:00:00,-54,11,0,0,0,0,0,0,0,0,0,-96,0,3,0,3346458910,0,14,0,0,93541.2,128,[14 -32 0 0 -32 -18 -31 -20 -29 -19 -28 -18 -25 -16 -24 -13 -21 -9 -19 -6 -17 -1 -15 3 -12 7 -10 12 -7 15 -5 18 -3 20 -2 22 -1 23 -1 23 -1 22 -2 22 -3 20 -4 19 -5 17 -8 16 -10 14 0 0 0 0 0 0 0 0 0 0 0 0 0 0 0 0 0 0 0 0 0 0 -10 -20 -8 -20 -7 -19 -6 -18 -7 -15 -8 -14 -9 -11 -11 -9 -13 -6 -15 -3 -19 0 -21 2 -23 5 -26 7 -28 9 -29 9 -31 10 -31 10 -33 9 -32 8 -34 5 -34 2 -34 1 -34 -3 -35 -7 -35 -12
2025-04-02 16:01:08,CSI_DATA,STA,D8:B1:90:DB:E8:90,-52,11,1,7,0,0,1,0,0,0,1,-96,0,3,0,3349951523,0,110,0,0,93544.7,256,[110 96 6 0 -26 15 -26 14 -25 14 -24 14 -24 15 -23 15 -22 15 -22 15 -22 15 -21 14 -20 15 -20 15 -20 15 -19 15 -19 14 -18 14 -18 13 -17 13 -17 12 -16 11 -16 11 -16 10 -16 9 -16 8 -16 8 0 0 0 0 0 0 0 0 0 0 0 0 0 0 0 0 0 0 0 0 0 0 -15 13 -15 12 -16 11 -17 11 -17 10 -19 11 -20 12 -21 11 -22 11 -22 11 -23 11 -23 11 -24 11 -23 10 -24 10 -25 10 -25 10 -25 11 -25 11 -25 12 -25 12 -25 13 -25 13 -26 1
2025-04-02 16:01:12,CSI_DATA,STA,D8:B1:90:DB:E8:90,-54,11,1,7,0,0,1,0,0,0,1,-95,0,3,0,3353961469,0,110,0,0,93548.7,256,[110 96 6 0 -7 28 -6 28 -6 27 -6 27 -5 26 -5 26 -4 25 -3 24 -3 24 -2 24 -2 23 -2 22 -2 22 -2 22 -2 21 -3 21 -3 20 -3 20 -3 19 -3 18 -3 17 -3 17 -3 16 -4 15 -5 15 0 0 0 0 0 0 0 0 0 0 0 0 0 0 0 0 0 0 0 0 0 0 -3 19 -3 19 -5 20 -5 20 -6 20 -7 21 -8 21 -8 21 -9 22 -9 23 -9 23 -10 23 -10 23 -10 23 -10 24 -10 25 -10 25 -9 26 -9 25 -8 26 -8 26 -8 27 -8 27 -7 28 -8 28 -7 27 ]
2025-04-02 16:01:17,CSI_DATA,STA,D8:B1:90:DB:E8:90,-52,11,1,7,0,0,1,0,0,0,1,-96,0,3,0,3358468264,0,110,0,0,93553.2,256,[110 96 6 0 21 -20 21 -20 20 -19 20 -20 19 -19 18 -19 18 -19 17 -18 16 -19 16 -19 15 -18 14 -18 13 -18 13 -17 13 -17 13 -16 12 -16 12 -15 12 -15 11 -14 11 -14 11 -13 11 -12 10 -12 11 -11 0 0 0 0 0 0 0 0 0 0 0 0 0 0 0 0 0 0 0 0 0 0 10 -16 12 -15 14 -15 14 -15 15 -15 16 -15 18 -15 18 -15 19 -14 19 -15 21 -15 21 -14 22 -14 21 -15 21 -16 21 -16 22 -16 21 -16 23 -18 22 -18 22 -19 22 -19 22 -19 22
2025-04-02 16:01:17,CSI_DATA,STA,D8:B1:90:DB:E8:90,-53,11,1,7,0,0,1,1,1,0,1,-96,0,3,0,3358968320,0,110,0,0,93553.7,384,[110 96 6 0 30 -20 30 -19 29 -18 26 -17 23 -17 19 -18 15 -18 11 -19 7 -19 3 -19 -2 -20 -5 -21 -8 -21 -11 -22 -12 -21 -13 -22 -13 -22 -12 -21 -11 -20 -9 -20 -7 -19 -5 -19 -2 -17 1 -17 3 -16 0 0 0 0 0 0 0 0 0 0 0 0 0 0 0 0 0 0 0 0 0 0 16 -19 17 -17 17 -17 16 -17 15 -17 14 -17 12 -17 10 -18 8 -19 7 -20 5 -21 3 -22 1 -24 0 -25 -1 -25 0 -26 0 -27 1 -28 2 -28 4 -28 8 -28 11 -28 15 -28 18 -27 22 -2
2025-04-02 16:01:21,CSI_DATA,STA,D8:B1:90:DB:E8:90,-52,11,1,7,0,0,1,0,0,0,1,-96,0,3,0,3362975351,0,110,0,0,93557.7,256,[110 96 6 0 -11 28 -10 28 -9 27 -8 26 -8 26 -7 26 -7 25 -7 25 -7 24 -6 25 -5 24 -4 24 -4 23 -4 23 -4 22 -5 22 -5 20 -6 19 -5 19 -5 18 -5 17 -5 16 -5 16 -5 15 -6 14 0 0 0 0 0 0 0 0 0 0 0 0 0 0 0 0 0 0 0 0 0 0 -3 19 -4 18 -5 19 -6 20 -7 20 -8 20 -8 22 -9 22 -9 23 -10 23 -10 23 -11 23 -11 24 -11 24 -12 25 -12 25 -11 25 -11 26 -11 26 -11 26 -10 27 -10 27 -10 27 -10 28 -10 28 -10 28 ]
2025-04-02 16:01:22,CSI_DATA,STA,D8:B1:90:DB:E8:90,-53,11,1,7,0,0,1,1,1,0,1,-96,0,3,0,3363475839,0,110,0,0,93558.2,384,[110 96 6 0 -19 -27 -18 -26 -17 -23 -16 -20 -16 -16 -16 -13 -16 -9 -17 -5 -17 -1 -17 3 -18 6 -18 8 -19 11 -19 12 -19 13 -19 13 -19 12 -19 11 -19 9 -19 7 -18 5 -18 3 -17 0 -17 -2 -17 -5 0 0 0 0 0 0 0 0 0 0 0 0 0 0 0 0 0 0 0 0 0 0 -13 -18 -12 -18 -12 -17 -13 -16 -14 -15 -15 -14 -16 -13 -17 -11 -19 -10 -20 -9 -22 -8 -23 -7 -24 -7 -26 -6 -26 -6 -27 -6 -28 -6 -28 -8 -28 -9 -28 -11 -28 -14 -28 -17
2025-04-02 16:01:22,CSI_DATA,STA,D8:B1:90:DB:E8:90,-52,11,1,7,0,0,1,1,1,0,1,-96,0,3,0,3363975772,0,110,0,0,93558.7,384,[110 96 6 0 -37 9 -36 9 -33 8 -32 9 -28 10 -25 11 -21 13 -18 14 -14 16 -10 19 -7 20 -5 22 -4 23 -2 23 -1 23 -1 23 -1 22 -2 21 -3 20 -5 18 -6 16 -7 15 -9 13 -10 11 -13 10 0 0 0 0 0 0 0 0 0 0 0 0 0 0 0 0 0 0 0 0 0 0 -22 12 -22 11 -21 10 -21 10 -19 10 -19 12 -18 12 -16 14 -15 15 -13 17 -12 19 -11 20 -10 21 -10 23 -10 23 -11 23 -12 24 -13 24 -15 24 -18 23 -21 23 -24 21 -26 20 -29 19 -32 17 -34 1
2025-04-02 16:01:23,CSI_DATA,STA,D8:B1:90:DB:E8:90,-53,11,1,7,0,0,1,1,1,0,1,-96,0,3,0,3364475780,0,110,0,0,93559.2,384,[110 96 6 0 10 36 9 35 9 32 10 31 10 27 11 24 13 20 15 16 16 12 18 8 19 5 20 2 21 0 21 -2 22 -3 21 -4 21 -3 20 -2 19 -1 17 0 16 2 14 4 13 6 11 8 9 10 0 0 0 0 0 0 0 0 0 0 0 0 0 0 0 0 0 0 0 0 0 0 11 21 10 21 9 20 9 19 10 18 10 17 11 16 13 15 14 13 15 12 17 10 19 9 20 8 21 8 22 8 23 8 23 9 23 11 23 13 23 16 22 18 21 22 19 25 18 28 16 31 14 34 ]
2025-04-02 16:01:25,CSI_DATA,STA,D8:B1:90:DB:E8:90,-52,11,1,7,0,0,1,0,0,0,1,-96,0,3,0,3366983136,0,110,0,0,93561.7,256,[110 96 6 0 29 1 28 1 28 0 27 0 27 -1 26 -1 26 -2 26 -3 25 -3 24 -3 24 -3 23 -3 22 -3 22 -3 21 -3 21 -3 20 -3 19 -3 18 -3 18 -3 17 -3 17 -2 16 -1 16 0 15 1 0 0 0 0 0 0 0 0 0 0 0 0 0 0 0 0 0 0 0 0 0 0 19 -4 19 -3 20 -2 21 -2 21 -1 22 -1 22 0 24 0 24 1 24 2 25 3 25 4 25 4 25 4 27 3 27 3 27 3 27 3 28 3 28 2 29 1 29 2 29 1 29 1 30 2 30 1 ]
2025-04-02 16:01:26,CSI_DATA,STA,D8:B1:90:DB:E8:90,-54,11,1,7,0,0,1,1,1,0,1,-96,0,3,0,3367483876,0,110,0,0,93562.2,384,[110 96 6 0 5 -31 5 -29 4 -26 3 -23 1 -20 -1 -17 -3 -13 -5 -10 -8 -7 -10 -3 -13 -1 -15 2 -17 5 -18 6 -19 7 -21 8 -21 8 -21 8 -21 7 -20 6 -20 4 -19 2 -18 0 -17 -2 -16 -4 0 0 0 0 0 0 0 0 0 0 0 0 0 0 0 0 0 0 0 0 0 0 10 -15 9 -14 8 -14 7 -14 6 -15 4 -15 2 -16 0 -17 -2 -18 -4 -20 -6 -21 -8 -22 -9 -24 -10 -25 -11 -26 -11 -27 -11 -28 -12 -29 -11 -30 -10 -31 -9 -32 -7 -33 -6 -34 -4 -34 -1 -35 2 -34
2025-04-02 16:01:31,CSI_DATA,STA,D8:B1:90:DB:E8:90,-53,11,1,7,0,0,1,0,0,0,1,-95,0,3,0,3372500117,0,110,0,0,93567.2,256,[110 96 6 0 -21 -23 -21 -23 -20 -21 -21 -22 -21 -20 -20 -20 -20 -19 -21 -18 -20 -17 -20 -17 -20 -16 -20 -16 -20 -16 -19 -14 -19 -14 -18 -15 -18 -14 -17 -14 -17 -13 -16 -13 -15 -13 -14 -12 -13 -12 -13 -13 -12 -13 0 0 0 0 0 0 0 0 0 0 0 0 0 0 0 0 0 0 0 0 0 0 -17 -12 -16 -14 -15 -15 -16 -16 -16 -16 -16 -18 -16 -18 -17 -19 -16 -20 -17 -21 -17 -21 -16 -22 -17 -22 -16 -23 -17 -24 -16 -23 -17 -23 -1
2025-04-02 16:01:36,CSI_DATA,STA,D8:B1:90:DB:E8:90,-54,11,1,7,0,0,1,0,0,0,1,-95,0,3,0,3377507769,0,110,0,0,93572.2,256,[110 96 6 0 -24 -20 -25 -19 -24 -18 -24 -18 -24 -17 -23 -16 -23 -15 -23 -15 -22 -14 -23 -13 -22 -13 -21 -12 -22 -11 -21 -11 -21 -11 -20 -12 -19 -11 -18 -11 -18 -11 -17 -10 -17 -10 -16 -10 -15 -10 -14 -10 -13 -10 0 0 0 0 0 0 0 0 0 0 0 0 0 0 0 0 0 0 0 0 0 0 -18 -10 -17 -11 -17 -13 -17 -14 -17 -14 -17 -15 -18 -15 -18 -16 -19 -18 -18 -18 -18 -19 -19 -19 -18 -20 -18 -20 -19 -21 -20 -21 -21 -20 -2
2025-04-02 16:01:36,CSI_DATA,STA,D8:B1:90:DB:E8:90,-54,11,1,7,0,0,1,1,1,0,1,-95,0,3,0,3378009347,0,110,0,0,93572.7,384,[110 96 6 0 2 -38 3 -37 4 -35 3 -33 1 -30 -1 -27 -3 -23 -6 -19 -9 -15 -12 -11 -15 -8 -17 -4 -19 0 -22 2 -23 4 -24 5 -25 6 -25 6 -24 5 -24 4 -23 3 -21 1 -20 -2 -19 -4 -17 -6 0 0 0 0 0 0 0 0 0 0 0 0 0 0 0 0 0 0 0 0 0 0 4 -25 4 -24 4 -22 3 -22 1 -21 -1 -20 -3 -18 -6 -18 -9 -16 -12 -17 -14 -16 -17 -16 -19 -15 -21 -15 -23 -15 -24 -15 -24 -16 -24 -18 -23 -19 -22 -21 -20 -23 -17 -26 -14 -28 -11 -31
2025-04-02 16:01:38,CSI_DATA,STA,D8:B1:90:DB:E8:90,-54,11,1,1,0,0,1,0,0,0,0,-95,0,3,0,3379512865,0,110,0,0,93574.2,256,[110 96 6 0 35 -16 34 -15 33 -14 30 -14 26 -13 23 -14 19 -15 14 -15 9 -16 4 -17 0 -17 -5 -18 -8 -18 -12 -19 -14 -19 -15 -20 -16 -20 -16 -20 -16 -20 -14 -20 -12 -20 -10 -20 -8 -19 -5 -19 -1 -19 0 0 0 0 0 0 0 0 0 0 0 0 0 0 0 0 0 0 0 0 0 0 24 -9 22 -8 22 -8 20 -8 19 -10 17 -11 15 -12 13 -15 11 -16 9 -19 7 -20 6 -23 5 -25 4 -26 3 -27 4 -28 4 -28 6 -29 7 -28 9 -28 12 -28 16 -27 20 -26 23 -24 27 -
2025-04-02 16:01:40,CSI_DATA,STA,D8:B1:90:DB:E8:90,-55,11,1,2,0,0,1,0,0,0,0,-95,0,3,0,3382015540,0,110,0,0,93576.7,256,[110 96 6 0 -4 -37 -4 -37 -3 -34 -4 -32 -5 -28 -6 -25 -7 -20 -10 -16 -12 -12 -13 -7 -16 -3 -18 1 -19 5 -20 8 -21 10 -22 11 -22 12 -22 12 -22 11 -22 10 -21 8 -21 6 -20 3 -19 0 -18 -2 0 0 0 0 0 0 0 0 0 0 0 0 0 0 0 0 0 0 0 0 0 0 2 -24 2 -23 2 -22 0 -20 -2 -20 -4 -18 -6 -17 -9 -16 -12 -15 -14 -15 -17 -13 -19 -13 -22 -13 -23 -12 -24 -12 -25 -13 -25 -14 -25 -15 -24 -17 -23 -19 -22 -21 -20 -24 -18
2025-04-02 16:01:44,CSI_DATA,STA,D8:B1:90:DB:E8:90,-54,11,1,3,0,0,1,0,0,0,0,-95,0,3,0,3385527209,0,110,0,0,93580.2,256,[110 96 6 0 -31 15 -30 14 -27 13 -25 13 -22 13 -18 13 -14 13 -10 14 -6 14 -1 15 2 16 6 17 9 17 11 18 13 18 14 19 14 20 14 20 13 20 11 19 9 19 7 19 5 19 2 18 -1 18 0 0 0 0 0 0 0 0 0 0 0 0 0 0 0 0 0 0 0 0 0 0 -21 8 -20 8 -20 8 -18 9 -17 10 -15 11 -14 13 -13 15 -11 16 -10 18 -8 20 -8 22 -7 23 -6 24 -6 25 -7 25 -8 25 -9 26 -11 26 -12 25 -15 25 -18 24 -21 23 -23 22 -26 20 -29 18 ]
2025-04-02 16:01:48,CSI_DATA,STA,D8:B1:90:DB:E8:90,-52,11,1,6,0,0,1,0,0,0,1,-96,0,3,0,3389533145,0,110,0,0,93584.2,256,[110 96 6 0 0 -34 0 -35 1 -32 0 -31 -2 -28 -4 -25 -6 -22 -9 -19 -12 -15 -15 -13 -18 -10 -21 -8 -22 -6 -23 -4 -25 -3 -25 -2 -25 -2 -25 -3 -24 -3 -23 -5 -21 -6 -19 -7 -17 -9 -15 -10 -12 -12 0 0 0 0 0 0 0 0 0 0 0 0 0 0 0 0 0 0 0 0 0 0 -8 -22 -7 -22 -6 -21 -7 -21 -8 -20 -9 -19 -10 -18 -12 -17 -14 -15 -16 -15 -18 -14 -20 -13 -21 -13 -22 -13 -22 -13 -23 -13 -23 -14 -22 -15 -22 -18 -20 -20 -19 -22
2025-04-02 16:01:52,CSI_DATA,STA,D8:B1:90:DB:E8:90,-53,11,1,7,0,0,1,0,0,0,0,-95,0,3,0,3393541416,0,110,0,0,93588.3,256,[110 96 6 0 -15 -21 -15 -21 -15 -20 -15 -20 -15 -19 -15 -19 -15 -18 -16 -18 -16 -17 -16 -16 -16 -16 -16 -15 -16 -15 -15 -15 -15 -14 -14 -15 -14 -14 -13 -14 -12 -14 -12 -13 -11 -13 -11 -13 -11 -13 -10 -12 -9 -13 0 0 0 0 0 0 0 0 0 0 0 0 0 0 0 0 0 0 0 0 0 0 -13 -12 -12 -13 -12 -14 -12 -15 -12 -15 -11 -16 -12 -17 -12 -18 -12 -19 -12 -19 -12 -20 -12 -21 -12 -21 -12 -21 -11 -21 -12 -21 -12 -21 -12
2025-04-02 16:01:58,CSI_DATA,STA,D8:B1:90:DB:E8:90,-59,11,1,6,0,0,1,0,0,0,1,-96,0,3,0,3399049347,0,110,0,0,93593.8,256,[110 96 6 0 11 -23 11 -23 10 -23 -11 3 -11 3 -11 2 -11 2 -16 24 -16 23 -15 23 -15 22 -15 22 -15 22 -15 22 -15 21 -15 20 -16 20 -16 18 -16 18 -16 16 -17 15 -16 14 -17 14 -17 13 -18 11 0 0 0 0 0 0 0 0 0 0 0 0 0 0 0 0 0 0 0 0 0 0 -15 13 -16 12 -20 10 -21 9 -22 9 -24 8 -29 14 -30 14 -32 14 -32 12 -43 15 -45 14 -46 13 -47 13 19 -18 19 -17 20 -17 20 -17 -6 -8 -6 -7 -6 -6 -6 -6 -11 5 -12 6 -12 5 -1
2025-04-02 16:02:02,CSI_DATA,STA,D8:B1:90:DB:E8:90,-54,11,1,7,0,0,1,0,0,0,1,-95,0,3,0,3403058178,0,110,0,0,93597.8,256,[110 96 6 0 -26 -27 -25 -26 -23 -24 -22 -21 -21 -17 -20 -13 -19 -9 -18 -4 -17 1 -16 6 -15 10 -15 14 -14 17 -14 20 -14 22 -14 22 -14 23 -15 22 -15 20 -16 19 -16 16 -16 14 -17 12 -18 8 -19 5 0 0 0 0 0 0 0 0 0 0 0 0 0 0 0 0 0 0 0 0 0 0 -17 -18 -16 -17 -16 -16 -16 -14 -17 -12 -18 -10 -19 -7 -20 -5 -21 -3 -23 -1 -24 1 -25 2 -26 3 -27 4 -28 4 -28 4 -29 3 -29 1 -30 -1 -30 -4 -31 -7 -31 -10 -31 -13
2025-04-02 16:02:03,CSI_DATA,STA,D8:B1:90:DB:E8:90,-52,11,1,5,0,0,1,0,0,0,1,-95,0,3,0,3404058348,0,110,0,0,93598.8,256,[110 96 6 0 -11 -29 -11 -29 -11 -27 -11 -28 -12 -27 -12 -26 -12 -26 -11 -25 -11 -24 -12 -24 -12 -23 -12 -23 -12 -22 -11 -22 -12 -22 -11 -21 -10 -20 -10 -20 -10 -19 -9 -18 -8 -18 -8 -18 -7 -17 -6 -18 -6 -18 0 0 0 0 0 0 0 0 0 0 0 0 0 0 0 0 0 0 0 0 0 0 -10 -18 -10 -19 -8 -20 -8 -21 -7 -22 -7 -23 -8 -24 -8 -25 -7 -26 -7 -26 -6 -27 -6 -27 -6 -28 -6 -28 -6 -28 -6 -28 -7 -28 -7 -28 -8 -29 -8 -28 -9
2025-04-02 16:02:05,CSI_DATA,STA,00:00:00:00:00:00,-53,11,0,0,0,0,0,0,0,0,0,-95,0,3,0,3406459488,0,14,0,0,93601.2,128,[14 -32 0 0 29 3 28 3 27 3 24 2 22 0 20 -2 17 -5 14 -8 12 -11 9 -13 6 -16 4 -18 2 -20 1 -22 0 -23 0 -24 0 -23 0 -23 1 -22 2 -21 3 -20 4 -18 6 -16 8 -14 10 -12 0 0 0 0 0 0 0 0 0 0 0 0 0 0 0 0 0 0 0 0 0 0 19 -1 17 -1 18 0 17 -1 17 -3 16 -5 16 -6 15 -8 15 -10 15 -12 14 -14 15 -15 15 -17 15 -18 15 -18 16 -19 16 -18 17 -18 19 -17 19 -15 21 -13 24 -12 25 -9 27 -6 28 -4 30 -1 ]
2025-04-02 16:02:11,CSI_DATA,STA,D8:B1:90:DB:E8:90,-53,11,1,7,0,0,1,0,0,0,1,-95,0,3,0,3412584146,0,110,0,0,93607.3,256,[110 96 6 0 16 -28 15 -27 14 -25 12 -24 8 -22 5 -20 2 -18 -2 -17 -6 -15 -10 -14 -14 -13 -17 -12 -19 -11 -21 -11 -22 -10 -24 -10 -24 -11 -23 -12 -22 -12 -20 -14 -18 -14 -17 -15 -14 -16 -12 -17 -9 -18 0 0 0 0 0 0 0 0 0 0 0 0 0 0 0 0 0 0 0 0 0 0 12 -20 12 -20 11 -20 10 -20 8 -20 7 -20 5 -20 3 -21 1 -22 -1 -22 -3 -23 -4 -23 -5 -24 -6 -24 -7 -25 -6 -25 -6 -26 -5 -27 -3 -28 -1 -28 1 -29 4 -30 6 -3
2025-04-02 16:02:12,CSI_DATA,STA,D8:B1:90:DB:E8:90,-52,11,1,7,0,0,1,0,0,0,1,-95,0,3,0,3413084079,0,110,0,0,93607.8,256,[110 96 6 0 -32 -18 -31 -18 -29 -16 -28 -14 -26 -10 -24 -7 -23 -3 -21 1 -20 5 -18 8 -17 12 -17 15 -16 17 -15 19 -16 20 -16 21 -16 21 -17 20 -16 19 -17 17 -18 14 -19 12 -20 9 -20 7 -20 3 0 0 0 0 0 0 0 0 0 0 0 0 0 0 0 0 0 0 0 0 0 0 -25 -11 -24 -11 -23 -11 -23 -10 -23 -9 -23 -7 -23 -5 -23 -3 -23 -1 -24 1 -24 2 -24 3 -25 5 -25 5 -25 6 -26 5 -27 5 -27 4 -28 2 -29 1 -31 -1 -31 -4 -32 -7 -33 -11 -3
2025-04-02 16:02:12,CSI_DATA,STA,D8:B1:90:DB:E8:90,-52,11,1,7,0,0,1,0,0,0,1,-95,0,3,0,3413586280,0,110,0,0,93608.3,256,[110 96 6 0 -34 -3 -32 -3 -31 -2 -28 -1 -25 2 -22 4 -19 6 -17 9 -13 12 -11 15 -8 18 -6 21 -5 23 -4 24 -3 25 -4 26 -4 26 -4 25 -5 25 -7 24 -8 21 -10 20 -11 18 -13 15 -15 13 0 0 0 0 0 0 0 0 0 0 0 0 0 0 0 0 0 0 0 0 0 0 -25 3 -25 3 -24 3 -23 3 -23 4 -22 6 -22 8 -21 9 -20 11 -20 13 -20 14 -19 16 -19 17 -19 18 -19 19 -20 18 -21 18 -22 17 -23 17 -24 16 -26 14 -29 12 -31 10 -32 7 -34 5 -35 2 ]
2025-04-02 16:02:16,CSI_DATA,STA,D8:B1:90:DB:E8:90,-53,11,1,7,0,0,1,0,0,0,1,-95,0,3,0,3417593216,0,110,0,0,93612.3,256,[110 96 6 0 10 -31 11 -30 9 -26 7 -24 5 -21 2 -19 -2 -16 -5 -13 -8 -10 -12 -7 -16 -5 -19 -3 -22 -1 -23 0 -27 1 -28 1 -29 1 -29 0 -29 -1 -28 -2 -27 -4 -25 -5 -24 -7 -22 -9 -20 -11 0 0 0 0 0 0 0 0 0 0 0 0 0 0 0 0 0 0 0 0 0 0 14 -18 13 -17 13 -17 10 -18 8 -18 6 -19 4 -19 2 -21 0 -22 -2 -23 -4 -24 -5 -26 -7 -27 -7 -28 -9 -30 -9 -30 -9 -31 -8 -31 -7 -34 -6 -34 -5 -35 -2 -36 0 -35 2 -36 5 -36 7 -3
2025-04-02 16:02:19,CSI_DATA,STA,D8:B1:90:DB:E8:90,-52,11,1,7,0,0,1,0,0,0,1,-95,0,3,0,3420601319,0,110,0,0,93615.3,256,[110 96 6 0 29 -16 28 -15 26 -14 23 -14 20 -15 17 -15 13 -16 9 -17 5 -18 2 -19 -2 -21 -5 -22 -7 -23 -9 -24 -9 -24 -10 -25 -9 -25 -8 -25 -7 -25 -5 -25 -3 -24 -1 -22 1 -22 4 -20 7 -19 0 0 0 0 0 0 0 0 0 0 0 0 0 0 0 0 0 0 0 0 0 0 18 -17 18 -16 18 -16 17 -16 16 -17 15 -17 13 -19 12 -20 11 -20 9 -22 8 -22 7 -23 7 -24 6 -25 6 -25 6 -26 7 -25 9 -26 10 -26 12 -25 15 -25 18 -24 20 -23 23 -22 26 -21 28
2025-04-02 16:02:23,CSI_DATA,STA,D8:B1:90:DB:E8:90,-53,11,1,7,0,0,1,0,0,0,1,-95,0,3,0,3424601596,0,110,0,0,93619.3,256,[110 96 6 0 -24 21 -22 21 -20 19 -18 18 -14 17 -11 16 -7 16 -3 15 0 15 4 14 8 14 11 14 14 15 15 15 17 16 18 16 18 18 17 18 16 19 15 19 12 19 10 19 8 20 5 19 3 20 0 0 0 0 0 0 0 0 0 0 0 0 0 0 0 0 0 0 0 0 0 0 -18 14 -16 16 -16 16 -16 15 -15 16 -12 16 -11 18 -10 18 -8 20 -6 21 -5 21 -4 22 -4 24 -3 24 -3 25 -4 26 -4 26 -5 27 -6 27 -8 27 -10 28 -13 28 -15 27 -17 27 -20 26 -22 25 ]
2025-04-02 16:02:23,CSI_DATA,STA,D8:B1:90:DB:E8:90,-52,11,1,7,0,0,1,1,0,0,1,-95,0,3,0,3425103104,0,110,0,0,93619.8,256,[110 96 6 0 28 -6 28 -6 28 -6 26 -6 26 -6 25 -7 25 -7 24 -9 23 -9 22 -9 22 -9 23 -9 22 -9 22 -9 21 -9 20 -8 19 -8 19 -7 19 -7 19 -6 18 -6 18 -5 17 -5 16 -4 16 -3 0 0 0 0 0 0 0 0 0 0 0 0 0 0 0 0 0 0 0 0 0 0 19 -8 19 -7 20 -6 21 -6 22 -5 22 -5 23 -4 23 -4 24 -3 24 -3 25 -2 25 -2 25 -2 25 -2 26 -2 26 -2 26 -3 26 -3 26 -3 26 -3 27 -4 28 -4 27 -5 28 -5 29 -5 29 -6 ]
2025-04-02 16:02:26,CSI_DATA,STA,D8:B1:90:DB:E8:90,-52,11,1,7,0,0,1,0,0,0,1,-95,0,3,0,3427110101,0,110,0,0,93621.8,256,[110 96 6 0 -3 36 -4 34 -3 32 -1 30 1 28 2 25 5 23 8 20 11 17 14 15 17 13 19 11 21 10 23 9 24 9 24 9 24 9 24 10 22 10 21 12 19 12 17 14 14 15 12 16 9 17 0 0 0 0 0 0 0 0 0 0 0 0 0 0 0 0 0 0 0 0 0 0 6 26 5 25 5 26 5 24 6 24 7 23 8 22 9 22 11 21 12 20 14 20 15 19 16 19 17 19 17 19 17 19 17 20 16 21 16 23 15 24 13 26 11 29 9 31 6 33 4 34 1 35 ]
2025-04-02 16:02:31,CSI_DATA,STA,D8:B1:90:DB:E8:90,-54,11,1,7,0,0,1,0,0,0,1,-94,0,3,0,3432624129,0,110,0,0,93627.3,256,[110 96 6 0 7 26 6 25 6 23 6 21 7 18 8 14 9 11 10 8 11 4 13 1 14 -2 16 -4 17 -6 19 -8 20 -9 21 -9 21 -9 21 -9 21 -8 21 -7 21 -5 20 -3 19 -1 18 2 17 4 0 0 0 0 0 0 0 0 0 0 0 0 0 0 0 0 0 0 0 0 0 0 4 20 3 19 4 19 4 18 6 17 7 16 8 16 10 15 12 14 14 14 15 13 16 13 18 13 18 13 19 13 20 14 20 14 20 15 20 16 20 18 19 19 18 21 16 23 14 25 13 26 11 27 ]
2025-04-02 16:02:31,CSI_DATA,STA,D8:B1:90:DB:E8:90,-57,11,1,7,0,0,1,1,0,0,1,-95,0,3,0,3433128064,0,110,0,0,93627.8,256,[110 96 6 0 -24 0 -24 1 -23 2 12 2 12 1 12 1 12 1 -13 -1 -12 0 -12 0 -12 0 21 -10 19 -11 19 -12 18 -12 -13 10 -12 10 -11 10 -11 10 8 -3 8 -3 7 -3 6 -3 -4 14 -4 14 0 0 0 0 0 0 0 0 0 0 0 0 0 0 0 0 0 0 0 0 0 0 5 6 5 6 6 10 7 10 8 10 8 10 12 14 13 14 14 14 15 15 11 21 12 21 13 21 14 21 -17 -17 -18 -16 -19 -15 -20 -15 -18 -26 -19 -25 -21 -24 -23 -24 22 18 23 17 24 16 -27 -23 ]
2025-04-02 16:02:35,CSI_DATA,STA,D8:B1:90:DB:E8:90,-53,11,1,6,0,0,1,0,0,0,1,-95,0,3,0,3436133157,0,110,0,0,93630.8,256,[110 96 6 0 -23 27 -22 27 -21 25 -19 25 -16 24 -14 23 -10 22 -6 22 -2 21 2 20 5 20 9 21 11 20 13 20 14 20 15 20 15 20 13 20 13 20 10 20 8 20 6 19 4 18 1 18 -2 17 0 0 0 0 0 0 0 0 0 0 0 0 0 0 0 0 0 0 0 0 0 0 -7 25 -8 25 -9 24 -8 24 -7 24 -6 23 -4 22 -3 23 -1 22 1 23 3 22 5 22 6 22 7 22 8 22 7 23 7 24 6 24 5 24 2 25 0 27 -3 27 -7 29 -9 29 -13 29 -16 29 ]
2025-04-02 16:02:42,CSI_DATA,STA,D8:B1:90:DB:E8:90,-60,11,1,7,0,0,1,0,0,0,0,-95,0,3,0,3443160667,0,110,0,0,93637.9,256,[110 96 6 0 15 -15 16 -13 16 -11 17 -9 17 -6 17 -5 16 -3 16 -2 16 -1 15 1 15 2 14 4 13 5 12 6 12 7 10 9 9 9 7 9 6 10 5 11 3 11 2 11 0 11 -1 11 -4 10 0 0 0 0 0 0 0 0 0 0 0 0 0 0 0 0 0 0 0 0 0 0 -21 15 -24 12 3 17 1 17 -2 17 -4 17 5 2 4 2 5 2 5 3 12 -7 14 -6 15 -4 16 -2 22 -13 23 -11 24 -8 25 -6 25 -11 26 -9 28 -6 29 -3 3 -22 5 -21 8 -20 10 -20 ]
2025-04-02 16:02:48,CSI_DATA,STA,D8:B1:90:DB:E8:90,-52,11,1,6,0,0,1,0,0,0,1,-95,0,3,0,3450187042,0,110,0,0,93644.9,256,[110 96 6 0 18 17 17 17 18 16 18 16 18 15 18 15 17 14 18 13 18 12 18 12 17 11 17 11 17 11 17 10 16 10 16 10 16 9 15 10 15 9 13 9 13 9 12 9 12 9 11 9 11 9 0 0 0 0 0 0 0 0 0 0 0 0 0 0 0 0 0 0 0 0 0 0 14 7 13 10 14 11 13 10 13 12 14 12 14 13 14 15 14 15 15 15 14 16 14 16 14 17 14 17 15 17 16 17 15 17 16 18 16 17 16 17 17 17 18 17 18 17 18 18 18 18 18 17 ]
2025-04-02 16:02:49,CSI_DATA,STA,D8:B1:90:DB:E8:90,-56,11,1,7,0,0,1,0,0,0,1,-95,0,3,0,3450684288,0,110,0,0,93645.4,256,[110 96 6 0 -3 35 -3 34 -3 31 -2 29 0 26 2 22 4 18 7 15 10 10 11 6 14 3 17 0 19 -3 20 -5 21 -6 22 -7 23 -7 22 -7 22 -6 21 -4 20 -2 19 0 17 2 16 5 15 8 0 0 0 0 0 0 0 0 0 0 0 0 0 0 0 0 0 0 0 0 0 0 -4 22 -5 21 -5 20 -4 19 -2 18 0 18 2 17 5 16 7 15 10 15 12 14 14 14 16 14 17 14 19 14 18 15 19 16 18 17 17 19 16 21 15 23 12 25 10 28 8 30 5 32 3 34 ]
2025-04-02 16:02:50,CSI_DATA,STA,D8:B1:90:DB:E8:90,-56,11,1,7,0,0,1,0,0,0,1,-95,0,3,0,3451184307,0,110,0,0,93645.9,256,[110 96 6 0 14 32 13 31 12 29 12 26 12 23 12 19 13 14 13 9 14 5 14 0 14 -4 15 -8 15 -11 16 -14 16 -16 17 -16 17 -17 17 -17 17 -16 17 -14 17 -12 17 -9 17 -6 16 -4 16 -1 0 0 0 0 0 0 0 0 0 0 0 0 0 0 0 0 0 0 0 0 0 0 7 21 6 20 6 19 6 18 7 16 9 14 10 13 12 11 14 9 16 7 17 6 19 5 21 4 22 3 23 3 24 3 24 4 25 5 25 7 25 9 24 12 24 16 22 19 21 22 20 25 18 28 ]
2025-04-02 16:02:52,CSI_DATA,STA,D8:B1:90:DB:E8:90,-53,11,1,7,0,0,1,0,0,0,1,-95,0,3,0,3453192335,0,110,0,0,93647.9,256,[110 96 6 0 -16 26 -16 26 -14 25 -13 25 -13 26 -12 25 -11 25 -10 24 -10 23 -9 23 -8 23 -8 23 -8 23 -8 22 -8 22 -7 22 -7 21 -8 20 -7 19 -7 19 -7 18 -7 17 -7 17 -8 16 -8 16 0 0 0 0 0 0 0 0 0 0 0 0 0 0 0 0 0 0 0 0 0 0 -6 20 -8 20 -9 20 -10 20 -11 20 -12 21 -13 21 -14 22 -15 22 -15 21 -16 23 -17 22 -17 22 -17 22 -16 22 -17 22 -17 23 -17 23 -17 24 -17 24 -16 25 -16 25 -17 26 -16 26 -17 27 -17 27
2025-04-02 16:02:55,CSI_DATA,STA,D8:B1:90:DB:E8:90,-53,11,1,7,0,0,1,0,0,0,1,-95,0,3,0,3456701294,0,110,0,0,93651.4,256,[110 96 6 0 -1 -28 -1 -28 -2 -27 -1 -27 -2 -27 -2 -26 -2 -25 -2 -25 -3 -24 -3 -24 -3 -24 -4 -23 -4 -23 -3 -23 -4 -22 -4 -21 -3 -21 -3 -20 -3 -19 -2 -19 -2 -19 -2 -18 -1 -18 -1 -17 0 -17 0 0 0 0 0 0 0 0 0 0 0 0 0 0 0 0 0 0 0 0 0 0 -4 -18 -3 -19 -2 -19 -2 -20 -1 -20 0 -22 0 -22 0 -23 1 -23 2 -24 3 -25 3 -25 3 -25 3 -26 3 -26 3 -26 3 -26 3 -26 2 -28 2 -27 1 -28 1 -28 0 -27 0 -28 0 -28 0 -29 ]
2025-04-02 16:02:57,CSI_DATA,STA,D8:B1:90:DB:E8:90,-54,11,1,7,0,0,1,1,1,0,1,-95,0,3,0,3458205017,0,110,0,0,93652.9,384,[110 96 6 0 24 -25 24 -24 22 -22 20 -21 16 -20 12 -19 9 -18 4 -17 -1 -16 -5 -15 -9 -14 -13 -14 -16 -13 -18 -12 -20 -12 -20 -12 -21 -12 -20 -13 -19 -13 -17 -13 -15 -14 -13 -14 -11 -15 -8 -16 -5 -17 0 0 0 0 0 0 0 0 0 0 0 0 0 0 0 0 0 0 0 0 0 0 17 -14 16 -14 16 -17 14 -14 14 -15 12 -15 10 -15 8 -17 6 -18 3 -18 1 -20 -1 -21 -2 -23 -4 -24 -4 -25 -4 -25 -3 -25 -3 -26 -1 -28 1 -28 3 -28 8 -29 10 -29
2025-04-02 16:03:04,CSI_DATA,STA,D8:B1:90:DB:E8:90,-53,11,1,7,0,0,1,0,0,0,1,-95,0,3,0,3465725273,0,110,0,0,93660.4,256,[110 96 6 0 6 -30 6 -30 6 -29 6 -29 5 -28 4 -28 4 -28 3 -28 3 -27 2 -27 2 -26 1 -26 1 -25 1 -25 1 -25 1 -23 1 -22 1 -21 1 -20 2 -20 2 -19 3 -19 3 -18 3 -18 4 -17 0 0 0 0 0 0 0 0 0 0 0 0 0 0 0 0 0 0 0 0 0 0 1 -20 2 -20 3 -20 4 -21 4 -21 5 -22 6 -23 6 -24 7 -24 8 -25 8 -25 9 -26 9 -25 9 -26 9 -26 9 -27 9 -27 9 -27 7 -28 7 -28 7 -28 7 -29 8 -29 8 -30 8 -30 8 -29 ]
2025-04-02 16:03:05,CSI_DATA,STA,00:00:00:00:00:00,-54,11,0,0,0,0,0,0,0,0,0,-95,0,3,0,3466459452,0,14,0,0,93661.2,128,[14 -32 0 0 32 -6 31 -5 28 -5 27 -6 23 -6 19 -8 15 -9 11 -11 7 -12 3 -14 -1 -16 -4 -17 -8 -19 -9 -19 -11 -21 -12 -21 -11 -21 -11 -21 -10 -21 -8 -21 -6 -20 -4 -19 -1 -18 1 -18 4 -17 0 0 0 0 0 0 0 0 0 0 0 0 0 0 0 0 0 0 0 0 0 0 17 -1 19 -1 17 -2 17 -2 15 -3 15 -4 14 -6 14 -8 13 -10 12 -12 12 -14 12 -16 11 -17 11 -18 11 -20 12 -20 13 -20 14 -20 15 -20 18 -18 20 -18 22 -16 24 -16 27 -14 29 -11 32
2025-04-02 16:03:12,CSI_DATA,STA,D8:B1:90:DB:E8:90,-53,11,1,7,0,0,1,0,0,0,1,-95,0,3,0,3473248133,0,110,0,0,93668,256,[110 96 6 0 6 26 6 27 6 25 6 25 6 24 6 24 7 23 6 22 6 21 7 21 7 21 7 20 7 21 7 19 7 19 7 18 7 18 6 17 6 17 6 17 5 16 5 16 5 15 4 16 3 15 0 0 0 0 0 0 0 0 0 0 0 0 0 0 0 0 0 0 0 0 0 0 7 15 7 17 6 18 6 19 5 19 5 20 5 21 4 22 4 23 4 23 4 23 3 24 3 24 3 25 3 26 3 25 3 26 4 25 5 26 5 26 5 26 5 27 5 27 5 27 5 28 6 27 ]
2025-04-02 16:03:15,CSI_DATA,STA,D8:B1:90:DB:E8:90,-53,11,1,7,0,0,1,0,0,0,1,-95,0,3,0,3476764112,0,110,0,0,93671.5,256,[110 96 6 0 23 18 22 17 23 17 22 17 22 16 21 16 21 15 21 14 21 13 22 12 21 12 20 11 20 11 20 10 20 10 20 11 19 10 18 11 17 10 17 10 16 10 15 10 15 9 14 10 13 10 0 0 0 0 0 0 0 0 0 0 0 0 0 0 0 0 0 0 0 0 0 0 18 8 18 10 18 10 17 11 18 12 18 13 18 14 18 16 18 17 18 17 19 17 19 18 19 19 19 19 19 18 19 18 19 17 20 18 20 19 20 19 21 18 21 19 22 19 23 19 23 20 23 19 ]
2025-04-02 16:03:16,CSI_DATA,STA,D8:B1:90:DB:E8:90,-54,11,1,7,0,0,1,1,1,0,1,-95,0,3,0,3477264815,0,110,0,0,93672,384,[110 96 6 0 24 -27 24 -27 23 -24 20 -24 17 -22 13 -22 9 -21 5 -20 1 -18 -4 -18 -8 -17 -12 -17 -15 -17 -17 -16 -18 -16 -19 -16 -19 -16 -19 -16 -17 -16 -15 -17 -13 -17 -11 -17 -8 -17 -6 -17 -2 -17 0 0 0 0 0 0 0 0 0 0 0 0 0 0 0 0 0 0 0 0 0 0 13 -22 14 -21 13 -20 12 -20 11 -20 10 -20 8 -20 6 -20 4 -21 2 -21 0 -21 -2 -22 -4 -22 -5 -23 -5 -24 -5 -24 -5 -26 -4 -26 -3 -27 0 -27 3 -28 6 -29 9 -29 12 -3
2025-04-02 16:03:21,CSI_DATA,STA,D8:B1:90:DB:E8:90,-52,11,1,7,0,0,1,0,0,0,1,-95,0,3,0,3482777134,0,110,0,0,93677.5,256,[110 96 6 0 -8 27 -7 27 -6 26 -5 26 -4 26 -4 25 -3 24 -3 24 -2 24 -2 23 -2 23 -1 22 -1 22 0 21 0 21 -1 21 -1 21 -1 20 -1 19 -1 19 -2 19 -2 18 -2 17 -3 17 -4 17 0 0 0 0 0 0 0 0 0 0 0 0 0 0 0 0 0 0 0 0 0 0 -2 19 -3 19 -3 20 -4 21 -5 20 -6 21 -7 23 -7 24 -8 24 -8 24 -9 24 -10 24 -10 24 -11 25 -9 25 -9 25 -9 25 -9 25 -9 27 -8 27 -7 28 -8 28 -7 28 -7 28 -7 29 -7 28 ]
2025-04-02 16:03:23,CSI_DATA,STA,D8:B1:90:DB:E8:90,-57,11,1,7,0,0,1,0,0,0,1,-95,0,3,0,3484784389,0,110,0,0,93679.5,256,[110 96 6 0 -4 6 -4 6 -3 6 -3 5 -3 5 -2 5 -2 5 -20 1 -19 2 -19 2 -18 3 -18 4 -17 5 -17 5 -17 6 -16 6 -15 7 -15 7 -14 7 -14 7 -13 7 -12 7 -12 7 -12 7 -12 6 0 0 0 0 0 0 0 0 0 0 0 0 0 0 0 0 0 0 0 0 0 0 4 -10 6 -10 9 -10 10 -11 9 -10 9 -12 -5 14 -5 15 -5 16 -5 16 -10 21 -10 22 -10 23 -9 23 -15 17 -15 17 -13 19 -13 20 9 -30 8 -31 7 -32 6 -32 -9 11 -8 11 -8 12 -8 12 ]
2025-04-02 16:03:24,CSI_DATA,STA,D8:B1:90:DB:E8:90,-54,11,1,7,0,0,1,1,1,0,1,-95,0,3,0,3485287196,0,110,0,0,93680,384,[110 96 6 0 -22 -30 -22 -30 -20 -28 -20 -26 -20 -23 -19 -20 -19 -16 -19 -12 -19 -7 -19 -4 -19 0 -20 3 -20 5 -20 7 -19 9 -19 9 -19 8 -19 8 -18 6 -18 5 -17 2 -16 1 -16 -2 -16 -4 -16 -7 0 0 0 0 0 0 0 0 0 0 0 0 0 0 0 0 0 0 0 0 0 0 -21 -19 -19 -18 -17 -18 -17 -18 -17 -16 -17 -15 -17 -14 -17 -13 -18 -11 -19 -9 -20 -7 -20 -5 -21 -4 -22 -2 -23 -1 -24 -1 -25 -1 -24 -2 -25 -4 -26 -6 -27 -9 -27 -12 -27 -
2025-04-02 16:03:24,CSI_DATA,STA,D8:B1:90:DB:E8:90,-53,11,1,7,0,0,1,1,1,0,1,-95,0,3,0,3485785448,0,110,0,0,93680.5,384,[110 96 6 0 -33 10 -33 9 -31 8 -30 9 -27 9 -24 11 -21 12 -18 13 -15 14 -12 16 -9 17 -6 19 -4 20 -2 20 -1 21 -1 21 -1 20 -1 19 -2 18 -3 17 -4 16 -6 14 -8 13 -9 12 -11 10 0 0 0 0 0 0 0 0 0 0 0 0 0 0 0 0 0 0 0 0 0 0 -20 15 -21 14 -22 13 -21 12 -21 12 -20 13 -19 13 -17 13 -16 14 -15 15 -13 16 -12 18 -11 19 -10 20 -9 20 -9 21 -9 21 -10 21 -12 22 -13 22 -16 22 -18 20 -21 20 -24 18 -27 16 -30 15 ]
2025-04-02 16:03:26,CSI_DATA,STA,D8:B1:90:DB:E8:90,-52,11,1,7,0,0,1,0,0,0,1,-95,0,3,0,3487792849,0,110,0,0,93682.5,256,[110 96 6 0 28 7 28 7 27 6 27 6 27 5 26 5 25 4 25 3 25 2 24 2 24 1 24 1 23 1 23 1 23 1 22 1 22 1 20 1 20 1 20 1 19 2 18 2 18 2 18 3 17 4 0 0 0 0 0 0 0 0 0 0 0 0 0 0 0 0 0 0 0 0 0 0 20 0 21 1 20 2 20 3 21 5 22 4 23 6 23 6 24 7 24 7 24 8 24 9 24 9 24 9 25 9 25 9 25 9 26 9 26 8 27 8 27 8 27 8 27 7 28 7 28 8 29 7 ]
2025-04-02 16:03:27,CSI_DATA,STA,D8:B1:90:DB:E8:90,-53,11,1,7,0,0,1,1,1,0,1,-95,0,3,0,3488798029,0,110,0,0,93683.5,384,[110 96 6 0 6 33 6 32 5 30 6 28 7 25 8 22 10 19 12 16 14 13 16 10 18 8 20 6 21 3 22 2 23 2 23 1 22 1 21 2 20 2 19 4 17 5 16 7 13 9 11 10 10 12 0 0 0 0 0 0 0 0 0 0 0 0 0 0 0 0 0 0 0 0 0 0 13 20 12 21 11 21 11 21 11 20 12 19 13 18 14 17 15 16 16 15 16 14 18 13 19 13 20 12 20 11 21 11 21 12 21 12 21 14 21 16 20 18 19 20 17 23 15 26 13 29 11 31 ]
2025-04-02 16:03:32,CSI_DATA,STA,D8:B1:90:DB:E8:90,-52,11,1,7,0,0,1,0,0,0,1,-95,0,3,0,3493810184,0,110,0,0,93688.5,256,[110 96 6 0 -16 19 -16 20 -15 19 -15 19 -14 19 -14 19 -12 18 -12 18 -12 18 -12 18 -11 18 -11 18 -11 18 -10 17 -10 17 -9 17 -10 16 -10 15 -9 15 -9 14 -9 14 -9 13 -9 13 -9 12 -10 12 0 0 0 0 0 0 0 0 0 0 0 0 0 0 0 0 0 0 0 0 0 0 -9 15 -10 15 -11 15 -12 15 -13 15 -14 15 -14 15 -14 16 -15 15 -16 15 -17 15 -17 15 -17 15 -17 15 -18 16 -19 17 -18 17 -18 17 -18 18 -18 19 -17 19 -17 19 -17 19 -17 19 -17
2025-04-02 16:03:33,CSI_DATA,STA,D8:B1:90:DB:E8:90,-53,11,1,7,0,0,1,1,1,0,1,-95,0,3,0,3494809919,0,110,0,0,93689.5,384,[110 96 6 0 -21 -19 -20 -19 -19 -17 -18 -15 -17 -13 -17 -10 -16 -6 -16 -3 -15 1 -15 4 -15 7 -15 10 -15 12 -14 13 -15 14 -15 14 -15 14 -16 13 -15 12 -15 10 -15 8 -15 7 -15 5 -15 2 -14 0 0 0 0 0 0 0 0 0 0 0 0 0 0 0 0 0 0 0 0 0 0 0 -17 -9 -17 -10 -17 -12 -16 -12 -17 -9 -17 -9 -19 -8 -18 -7 -18 -6 -20 -4 -20 -2 -21 -1 -21 0 -22 1 -22 2 -23 1 -23 1 -23 0 -24 -1 -25 -2 -25 -5 -25 -7 -25 -8 -25 -11
2025-04-02 16:03:36,CSI_DATA,STA,D8:B1:90:DB:E8:90,-52,11,1,7,0,0,1,0,0,0,1,-95,0,3,0,3497318178,0,110,0,0,93692,256,[110 96 6 0 -23 17 -22 17 -22 16 -22 16 -21 15 -20 16 -20 16 -19 16 -18 16 -18 16 -17 16 -16 16 -16 16 -15 16 -15 15 -15 15 -15 14 -14 14 -14 13 -14 13 -13 12 -13 11 -13 11 -13 10 -13 9 0 0 0 0 0 0 0 0 0 0 0 0 0 0 0 0 0 0 0 0 0 0 -14 15 -15 14 -16 14 -17 13 -18 13 -19 13 -20 13 -21 13 -21 13 -22 13 -23 13 -23 13 -23 13 -23 13 -23 13 -23 13 -23 13 -23 13 -23 15 -24 15 -23 16 -23 17 -23 16 -23 1
2025-04-02 16:03:43,CSI_DATA,STA,D8:B1:90:DB:E8:90,-52,11,1,7,0,0,1,0,0,0,1,-95,0,3,0,3504326700,0,110,0,0,93699,256,[110 96 6 0 10 22 10 21 11 21 11 21 11 20 11 20 11 19 12 18 12 18 12 17 12 17 12 16 12 16 12 15 12 15 12 15 11 14 11 14 10 14 9 13 9 12 8 13 8 12 8 13 7 13 0 0 0 0 0 0 0 0 0 0 0 0 0 0 0 0 0 0 0 0 0 0 10 12 9 15 8 14 8 16 9 17 8 18 8 19 8 20 8 21 7 21 7 22 7 22 6 22 7 22 7 21 8 21 8 22 8 21 9 22 9 22 10 22 10 22 10 23 11 24 11 23 10 23 ]
2025-04-02 16:03:45,CSI_DATA,STA,00:00:00:00:00:00,-52,11,0,0,0,0,0,0,0,0,0,-95,0,3,0,3506461841,0,14,0,0,93701.2,128,[14 -32 0 0 22 -26 22 -25 21 -24 19 -23 16 -22 12 -21 9 -21 5 -21 1 -21 -3 -21 -6 -22 -9 -22 -11 -22 -13 -22 -13 -22 -14 -23 -13 -23 -12 -22 -10 -22 -9 -21 -7 -21 -5 -20 -2 -19 0 -18 3 -17 0 0 0 0 0 0 0 0 0 0 0 0 0 0 0 0 0 0 0 0 0 0 9 -24 11 -24 11 -24 10 -23 10 -24 9 -23 8 -24 7 -24 5 -24 4 -25 3 -25 2 -26 0 -27 -1 -27 -1 -27 -1 -28 -1 -29 0 -29 1 -30 3 -29 5 -30 8 -31 11 -30 13 -30 17 -30 2
2025-04-02 16:03:45,CSI_DATA,STA,D8:B1:90:DB:E8:90,-52,11,1,7,0,0,1,0,0,0,1,-95,0,3,0,3506465138,0,100,0,0,93701.2,256,[100 -64 5 0 15 21 15 20 15 19 16 20 16 19 16 19 16 18 15 18 15 17 15 17 15 16 15 15 15 15 14 14 14 14 14 13 13 13 13 13 12 12 12 12 11 12 10 12 10 12 10 12 9 12 0 0 0 0 0 0 0 0 0 0 0 0 0 0 0 0 0 0 0 0 0 0 14 11 14 12 12 13 12 14 12 15 13 15 13 17 14 18 13 19 13 19 12 21 12 21 12 21 12 22 11 21 11 21 11 21 12 21 14 22 14 22 15 21 15 22 14 21 15 21 15 22 17 22 ]
2025-04-02 16:03:46,CSI_DATA,STA,D8:B1:90:DB:E8:90,-53,11,1,7,0,0,1,1,1,0,1,-95,0,3,0,3507332738,0,110,0,0,93702,384,[110 96 6 0 -30 -1 -29 -1 -27 -1 -26 0 -24 2 -21 4 -18 6 -16 8 -14 11 -12 13 -10 15 -8 17 -7 19 -6 19 -6 21 -6 21 -7 21 -7 19 -7 18 -9 16 -10 14 -10 12 -12 10 -12 8 -13 6 0 0 0 0 0 0 0 0 0 0 0 0 0 0 0 0 0 0 0 0 0 0 -21 6 -22 6 -21 5 -21 5 -20 6 -21 7 -20 8 -19 8 -18 10 -18 11 -17 12 -16 13 -16 14 -16 15 -16 15 -16 15 -17 15 -17 15 -19 14 -20 13 -22 12 -24 10 -25 9 -27 7 -29 5 -30 3 ]
2025-04-02 16:03:47,CSI_DATA,STA,D8:B1:90:DB:E8:90,-53,11,1,7,0,0,1,0,0,0,1,-95,0,3,0,3508836711,0,110,0,0,93703.5,256,[110 96 6 0 -22 -20 -22 -19 -21 -18 -21 -17 -21 -17 -21 -16 -20 -15 -21 -14 -20 -14 -21 -13 -20 -13 -20 -12 -20 -11 -20 -11 -20 -11 -19 -10 -18 -10 -18 -10 -17 -9 -16 -10 -16 -10 -15 -10 -15 -10 -14 -11 -13 -11 0 0 0 0 0 0 0 0 0 0 0 0 0 0 0 0 0 0 0 0 0 0 -18 -10 -17 -12 -17 -13 -16 -13 -17 -14 -17 -15 -17 -15 -17 -16 -17 -17 -17 -18 -17 -19 -17 -19 -17 -20 -17 -20 -17 -20 -18 -20 -18 -20 -19
2025-04-02 16:03:50,CSI_DATA,STA,D8:B1:90:DB:E8:90,-52,11,1,7,0,0,1,0,0,0,1,-95,0,3,0,3511340325,0,110,0,0,93706.1,256,[110 96 6 0 -27 -11 -26 -10 -26 -10 -26 -9 -26 -8 -26 -8 -25 -8 -25 -6 -24 -6 -24 -6 -24 -5 -23 -4 -23 -4 -23 -4 -22 -4 -22 -4 -21 -4 -20 -4 -19 -4 -18 -4 -18 -4 -17 -5 -16 -5 -17 -6 -16 -6 0 0 0 0 0 0 0 0 0 0 0 0 0 0 0 0 0 0 0 0 0 0 -20 -4 -20 -5 -20 -6 -20 -7 -21 -8 -21 -9 -22 -9 -22 -10 -22 -10 -23 -12 -24 -13 -24 -13 -24 -14 -24 -14 -25 -13 -25 -13 -25 -13 -25 -13 -26 -13 -26 -12 -26 -12
2025-04-02 16:03:50,CSI_DATA,STA,D8:B1:90:DB:E8:90,-52,11,1,7,0,0,1,1,1,0,1,-95,0,3,0,3511840875,0,110,0,0,93706.6,384,[110 96 6 0 -30 -17 -28 -17 -26 -16 -25 -13 -24 -11 -22 -7 -21 -4 -20 0 -19 3 -18 7 -18 10 -18 14 -17 16 -17 18 -17 19 -18 20 -18 19 -18 18 -18 16 -18 14 -18 12 -18 10 -18 7 -18 5 -18 2 0 0 0 0 0 0 0 0 0 0 0 0 0 0 0 0 0 0 0 0 0 0 -25 -6 -24 -7 -24 -8 -24 -7 -24 -6 -24 -6 -24 -4 -24 -3 -25 -2 -25 0 -25 1 -25 3 -26 4 -27 5 -27 6 -28 6 -28 6 -29 5 -30 3 -30 1 -31 -1 -32 -3 -32 -6 -33 -8 -33 -11
2025-04-02 16:03:51,CSI_DATA,STA,D8:B1:90:DB:E8:90,-53,11,1,7,0,0,1,1,1,0,1,-95,0,3,0,3512340852,0,110,0,0,93707.1,384,[110 96 6 0 31 -8 29 -7 27 -7 25 -7 21 -8 18 -10 15 -11 12 -13 8 -15 5 -17 2 -19 0 -21 -2 -23 -3 -24 -4 -25 -5 -25 -4 -25 -3 -24 -2 -24 -1 -23 1 -21 3 -20 5 -17 7 -17 9 -15 0 0 0 0 0 0 0 0 0 0 0 0 0 0 0 0 0 0 0 0 0 0 21 -10 21 -9 20 -9 20 -10 20 -10 18 -11 18 -13 17 -14 16 -15 15 -17 15 -18 15 -19 14 -20 14 -22 14 -23 14 -23 15 -23 16 -23 17 -22 19 -21 20 -21 23 -19 24 -18 27 -15 29 -14 31 -
2025-04-02 16:03:55,CSI_DATA,STA,D8:B1:90:DB:E8:90,-52,11,1,7,0,0,1,0,0,0,1,-95,0,3,0,3516349104,0,110,0,0,93711.1,256,[110 96 6 0 -24 19 -23 20 -22 19 -21 19 -19 18 -19 19 -18 19 -18 19 -17 19 -15 19 -15 19 -15 19 -16 19 -15 19 -15 18 -14 18 -14 17 -14 16 -13 16 -13 16 -13 15 -13 14 -13 14 -13 13 -13 12 0 0 0 0 0 0 0 0 0 0 0 0 0 0 0 0 0 0 0 0 0 0 -13 16 -15 15 -16 15 -17 16 -17 15 -18 16 -19 16 -20 15 -21 15 -22 15 -23 15 -23 15 -23 15 -24 15 -23 16 -24 16 -24 16 -24 17 -23 17 -23 17 -23 18 -24 18 -24 20 -2
2025-04-02 16:03:55,CSI_DATA,STA,D8:B1:90:DB:E8:90,-53,11,1,7,0,0,1,1,1,0,1,-95,0,3,0,3516850177,0,110,0,0,93711.6,384,[110 96 6 0 -29 -21 -28 -21 -27 -20 -25 -18 -24 -16 -23 -13 -22 -10 -22 -6 -21 -2 -21 1 -19 5 -19 8 -19 11 -18 13 -18 13 -18 14 -17 14 -17 13 -17 12 -17 10 -16 8 -16 6 -16 4 -16 2 -16 -1 0 0 0 0 0 0 0 0 0 0 0 0 0 0 0 0 0 0 0 0 0 0 -24 -9 -23 -10 -23 -11 -22 -11 -22 -10 -22 -10 -21 -8 -21 -6 -21 -4 -21 -3 -22 -1 -22 1 -22 3 -23 4 -23 5 -24 6 -24 6 -26 6 -26 4 -27 3 -28 0 -29 -3 -30 -5 -30 -8
2025-04-02 16:03:56,CSI_DATA,STA,D8:B1:90:DB:E8:90,-52,11,1,7,0,0,1,1,1,0,1,-95,0,3,0,3517349862,0,110,0,0,93712.1,384,[110 96 6 0 28 -23 27 -23 26 -21 24 -20 21 -20 18 -20 14 -20 11 -21 7 -22 4 -22 0 -23 -4 -23 -6 -23 -8 -24 -9 -23 -9 -24 -9 -23 -8 -22 -7 -22 -5 -20 -3 -20 -1 -18 1 -18 3 -16 6 -15 0 0 0 0 0 0 0 0 0 0 0 0 0 0 0 0 0 0 0 0 0 0 13 -23 14 -23 15 -22 14 -22 15 -22 13 -22 12 -22 10 -22 9 -23 7 -23 6 -23 4 -24 3 -25 2 -25 1 -26 0 -26 0 -26 1 -27 3 -28 4 -28 7 -28 10 -29 14 -28 17 -28 20 -27 23 -25
2025-04-02 16:03:56,CSI_DATA,STA,D8:B1:90:DB:E8:90,-52,11,1,7,0,0,1,0,0,0,1,-95,0,3,0,3517849214,0,110,0,0,93712.6,256,[110 96 6 0 24 -10 24 -10 23 -11 22 -11 22 -11 21 -11 21 -11 20 -11 19 -12 19 -12 18 -12 17 -12 17 -12 17 -12 17 -12 16 -12 16 -11 16 -10 15 -10 15 -9 15 -9 14 -8 14 -8 14 -7 14 -6 0 0 0 0 0 0 0 0 0 0 0 0 0 0 0 0 0 0 0 0 0 0 15 -11 16 -11 15 -10 16 -9 16 -9 17 -8 19 -9 20 -9 21 -8 22 -8 22 -9 22 -8 22 -8 22 -8 24 -8 24 -8 24 -8 24 -8 24 -9 24 -9 24 -9 25 -10 24 -10 24 -10 24 -11 25 -11 ]
2025-04-02 16:03:57,CSI_DATA,STA,D8:B1:90:DB:E8:90,-53,11,1,7,0,0,1,1,1,0,1,-95,0,3,0,3518353468,0,110,0,0,93713.1,384,[110 96 6 0 -35 -5 -34 -4 -32 -4 -30 -3 -28 -2 -26 0 -23 3 -22 6 -19 9 -17 12 -15 14 -14 17 -13 19 -11 19 -11 20 -11 21 -10 20 -11 18 -10 17 -12 15 -12 13 -12 11 -13 8 -14 6 -14 3 0 0 0 0 0 0 0 0 0 0 0 0 0 0 0 0 0 0 0 0 0 0 -24 8 -25 7 -25 6 -24 5 -24 6 -23 6 -22 7 -21 8 -20 9 -19 11 -18 12 -18 14 -17 15 -17 16 -17 17 -17 17 -17 17 -18 17 -19 16 -21 15 -23 13 -26 11 -28 9 -30 7 -32 4 -33 1 ]
2025-04-02 16:03:57,CSI_DATA,STA,D8:B1:90:DB:E8:90,-53,11,1,7,0,0,1,1,1,0,1,-95,0,3,0,3518866793,0,110,0,0,93713.6,384,[110 96 6 0 -5 34 -6 33 -6 31 -4 29 -3 27 -1 25 2 23 5 21 7 18 11 16 13 14 16 12 18 12 19 10 20 10 20 10 20 9 19 9 17 10 16 10 14 10 12 11 9 12 8 12 5 13 0 0 0 0 0 0 0 0 0 0 0 0 0 0 0 0 0 0 0 0 0 0 5 24 3 24 3 24 2 24 3 23 3 23 3 22 5 21 7 20 8 19 9 18 11 18 13 17 14 17 16 17 16 17 16 18 16 18 16 20 15 21 13 24 11 26 9 27 6 30 4 32 1 33 ]
2025-04-02 16:04:00,CSI_DATA,STA,D8:B1:90:DB:E8:90,-53,11,1,7,0,0,1,0,0,0,1,-95,0,3,0,3521868105,0,110,0,0,93716.6,256,[110 96 6 0 -28 5 -28 5 -26 6 -26 6 -25 5 -25 6 -24 6 -23 6 -22 6 -22 7 -22 7 -21 7 -22 7 -21 7 -21 7 -20 7 -20 6 -19 6 -19 5 -19 5 -18 4 -18 4 -18 4 -17 2 -17 2 0 0 0 0 0 0 0 0 0 0 0 0 0 0 0 0 0 0 0 0 0 0 -19 5 -20 4 -20 3 -22 2 -21 2 -23 1 -24 1 -24 1 -25 0 -25 0 -26 1 -26 0 -26 0 -26 0 -27 1 -27 0 -28 1 -28 1 -27 1 -27 2 -28 3 -28 3 -28 3 -29 4 -29 3 -28 4 ]
2025-04-02 16:04:05,CSI_DATA,STA,00:00:00:00:00:00,-54,11,0,0,0,0,0,0,0,0,0,-95,0,3,0,3526458892,0,14,0,0,93721.2,128,[14 -32 0 0 35 12 34 13 32 12 31 11 29 9 28 6 26 3 24 0 22 -3 20 -6 18 -10 17 -12 16 -15 15 -16 13 -17 13 -18 12 -18 12 -17 12 -16 12 -15 12 -12 12 -10 12 -8 13 -5 14 -2 0 0 0 0 0 0 0 0 0 0 0 0 0 0 0 0 0 0 0 0 0 0 26 -1 25 0 25 1 24 2 24 1 23 1 22 0 22 -2 21 -3 20 -5 20 -7 18 -9 18 -11 18 -12 18 -13 19 -14 20 -14 21 -14 23 -13 24 -12 26 -10 28 -7 30 -4 32 -1 33 2 35 5 ]
2025-04-02 16:04:05,CSI_DATA,STA,D8:B1:90:DB:E8:90,-53,11,1,7,0,0,1,0,0,0,1,-95,0,3,0,3526876267,0,110,0,0,93721.6,256,[110 96 6 0 14 -28 14 -28 13 -28 13 -27 12 -27 12 -27 11 -26 10 -26 9 -26 9 -26 8 -25 8 -25 7 -24 7 -24 7 -23 8 -22 8 -21 7 -21 7 -20 7 -20 7 -19 7 -18 7 -18 7 -16 8 -16 0 0 0 0 0 0 0 0 0 0 0 0 0 0 0 0 0 0 0 0 0 0 6 -20 8 -20 8 -20 10 -20 10 -21 11 -21 12 -22 13 -22 14 -22 14 -23 15 -23 16 -23 16 -23 16 -23 16 -24 16 -25 16 -24 16 -26 15 -25 15 -25 14 -26 15 -27 14 -28 14 -28 14 -28 15 -28 ]
2025-04-02 16:04:06,CSI_DATA,STA,D8:B1:90:DB:E8:90,-54,11,1,7,0,0,1,1,1,0,1,-95,0,3,0,3527377978,0,110,0,0,93722.1,384,[110 96 6 0 12 -33 12 -31 12 -30 10 -28 8 -27 5 -25 2 -23 -1 -21 -4 -20 -8 -18 -11 -17 -13 -16 -15 -14 -18 -13 -19 -13 -20 -13 -19 -12 -19 -12 -18 -13 -16 -13 -14 -13 -13 -14 -10 -15 -8 -16 -5 -17 0 0 0 0 0 0 0 0 0 0 0 0 0 0 0 0 0 0 0 0 0 0 5 -23 5 -22 6 -22 5 -21 5 -22 3 -21 2 -22 0 -21 -1 -21 -3 -22 -5 -22 -7 -22 -8 -23 -10 -23 -11 -23 -11 -24 -11 -24 -11 -26 -10 -27 -8 -28 -6 -29 -4 -31 -
2025-04-02 16:04:09,CSI_DATA,STA,D8:B1:90:DB:E8:90,-61,11,1,7,0,0,1,0,0,0,1,-94,0,3,0,3530886121,0,110,0,0,93725.6,256,[110 96 6 0 19 -21 19 -21 18 -21 -14 18 -13 18 -12 18 -12 18 -20 -1 -19 -1 -19 1 -19 1 -27 -4 -27 -3 -26 -3 -26 -3 -21 -3 -20 -3 -19 -3 -19 -3 -8 2 -7 3 -7 3 -7 3 2 12 1 11 0 0 0 0 0 0 0 0 0 0 0 0 0 0 0 0 0 0 0 0 0 0 -12 12 -13 12 -8 11 -9 12 -9 11 -10 11 -18 14 -18 13 -19 13 -19 13 -26 6 -26 5 -25 5 -25 6 -19 -5 -19 -5 -20 -4 -19 -4 -11 -8 -10 -8 -10 -8 -10 -8 16 32 16 32 17 32 14 -18 ]
2025-04-02 16:04:10,CSI_DATA,STA,D8:B1:90:DB:E8:90,-53,11,1,7,0,0,1,1,1,0,1,-95,0,3,0,3531886848,0,110,0,0,93726.6,384,[110 96 6 0 24 -23 24 -22 22 -21 20 -20 18 -20 15 -19 11 -19 7 -20 4 -19 0 -20 -4 -21 -6 -21 -8 -21 -9 -21 -10 -22 -11 -22 -11 -21 -10 -21 -8 -20 -6 -19 -4 -19 -2 -18 0 -17 2 -16 4 -15 0 0 0 0 0 0 0 0 0 0 0 0 0 0 0 0 0 0 0 0 0 0 11 -22 12 -22 12 -21 12 -21 11 -20 10 -21 9 -21 8 -21 7 -21 4 -22 3 -22 2 -23 0 -24 -1 -24 -1 -25 -1 -25 -1 -26 0 -26 1 -27 3 -27 5 -28 9 -28 11 -28 14 -28 17 -27 20
2025-04-02 16:04:11,CSI_DATA,STA,D8:B1:90:DB:E8:90,-53,11,1,7,0,0,1,1,1,0,1,-95,0,3,0,3532386874,0,110,0,0,93727.1,384,[110 96 6 0 -26 -15 -25 -15 -23 -13 -22 -12 -20 -9 -19 -6 -18 -3 -17 1 -16 3 -15 7 -15 10 -14 13 -14 15 -13 16 -15 17 -15 18 -14 19 -14 17 -14 16 -15 14 -15 12 -15 10 -15 8 -15 6 -16 3 0 0 0 0 0 0 0 0 0 0 0 0 0 0 0 0 0 0 0 0 0 0 -22 -7 -21 -8 -21 -8 -21 -7 -21 -6 -21 -6 -21 -4 -21 -3 -21 -2 -21 0 -22 1 -22 2 -22 3 -23 4 -23 5 -24 4 -24 4 -25 4 -25 2 -26 1 -27 -1 -27 -3 -28 -5 -28 -8 -28 -10
2025-04-02 16:04:16,CSI_DATA,STA,D8:B1:90:DB:E8:90,-53,11,1,7,0,0,1,0,0,0,1,-95,0,3,0,3537894339,0,110,0,0,93732.6,256,[110 96 6 0 -2 27 -2 27 -2 26 -1 26 -1 25 -1 25 0 24 0 23 0 22 0 22 1 21 2 21 2 21 1 20 1 20 1 20 0 19 0 17 0 17 0 16 0 15 -1 14 -1 14 -3 14 0 12 0 0 0 0 0 0 0 0 0 0 0 0 0 0 0 0 0 0 0 0 0 0 3 19 5 18 3 17 3 18 2 19 1 20 0 21 -1 21 -1 22 -1 22 -2 23 -2 23 -2 24 -3 24 -3 23 -3 24 -3 24 -3 24 -3 25 -2 25 -2 25 -3 26 -2 27 -2 27 -2 27 -2 27 ]
2025-04-02 16:04:17,CSI_DATA,STA,D8:B1:90:DB:E8:90,-54,11,1,7,0,0,1,1,1,0,1,-95,0,3,0,3538394837,0,110,0,0,93733.1,384,[110 96 6 0 20 25 19 27 18 26 17 25 17 23 16 19 16 16 16 12 15 8 15 4 15 1 15 -3 15 -6 14 -9 14 -11 14 -12 14 -13 13 -13 13 -13 13 -12 12 -10 12 -8 12 -6 12 -4 12 -1 0 0 0 0 0 0 0 0 0 0 0 0 0 0 0 0 0 0 0 0 0 0 15 12 14 13 13 12 13 12 13 11 13 10 14 8 15 6 15 4 16 2 18 0 19 -1 20 -3 20 -5 21 -6 22 -6 22 -6 23 -5 24 -4 24 -2 24 0 25 3 24 7 24 11 24 15 23 19 ]
2025-04-02 16:04:21,CSI_DATA,STA,D8:B1:90:DB:E8:90,-53,11,1,7,0,0,1,0,0,0,1,-95,0,3,0,3542911177,0,110,0,0,93737.6,256,[110 96 6 0 -18 -19 -18 -18 -18 -17 -18 -17 -18 -16 -17 -16 -17 -15 -19 -15 -18 -13 -18 -13 -18 -13 -19 -12 -19 -12 -17 -11 -18 -11 -16 -11 -16 -11 -15 -11 -15 -11 -14 -10 -14 -11 -13 -10 -13 -10 -13 -10 -11 -10 0 0 0 0 0 0 0 0 0 0 0 0 0 0 0 0 0 0 0 0 0 0 -13 -11 -13 -11 -14 -12 -14 -13 -14 -13 -14 -14 -13 -15 -13 -15 -13 -17 -14 -16 -14 -18 -14 -18 -14 -19 -14 -19 -14 -19 -14 -19 -15 -19 -1
2025-04-02 16:04:24,CSI_DATA,STA,D8:B1:90:DB:E8:90,-53,11,1,7,0,0,1,0,0,0,1,-95,0,3,0,3545416378,0,110,0,0,93740.1,256,[110 96 6 0 -26 7 -26 8 -25 7 -24 7 -23 8 -23 8 -22 8 -22 9 -21 9 -21 9 -20 10 -20 9 -20 10 -19 9 -19 9 -18 8 -17 8 -16 7 -16 7 -16 7 -15 7 -14 6 -14 6 -14 5 -14 5 0 0 0 0 0 0 0 0 0 0 0 0 0 0 0 0 0 0 0 0 0 0 -15 8 -16 7 -17 7 -17 6 -18 6 -19 6 -20 6 -21 6 -21 6 -22 4 -23 5 -23 4 -23 4 -24 4 -23 4 -24 5 -24 5 -24 5 -25 5 -25 6 -26 6 -26 6 -25 7 -25 7 -25 7 -27 7 ]
2025-04-02 16:04:24,CSI_DATA,STA,D8:B1:90:DB:E8:90,-56,11,1,7,0,0,1,1,1,0,1,-95,0,3,0,3545916791,0,110,0,0,93740.6,384,[110 96 6 0 -32 -13 -31 -14 -30 -13 -28 -12 -26 -10 -24 -7 -21 -4 -19 -1 -16 2 -13 5 -11 9 -8 12 -6 15 -4 17 -3 18 -2 20 -2 20 -2 19 -2 19 -3 18 -3 16 -5 14 -7 12 -9 10 -10 8 0 0 0 0 0 0 0 0 0 0 0 0 0 0 0 0 0 0 0 0 0 0 -18 -7 -17 -7 -17 -7 -16 -6 -16 -5 -15 -3 -15 -1 -15 1 -15 4 -16 6 -16 8 -16 10 -17 12 -17 13 -17 14 -18 15 -19 15 -19 14 -20 13 -22 11 -23 10 -25 6 -26 4 -28 0 -30 -3 -31 -7
2025-04-02 16:04:25,CSI_DATA,STA,D8:B1:90:DB:E8:90,-56,11,1,7,0,0,1,1,1,0,1,-95,0,3,0,3546416727,0,110,0,0,93741.1,384,[110 96 6 0 1 35 0 34 0 33 1 30 2 28 3 25 5 22 7 18 9 14 12 10 13 6 16 3 17 0 18 -2 19 -4 20 -5 20 -5 19 -5 19 -5 18 -3 17 -2 15 0 14 2 12 4 11 7 0 0 0 0 0 0 0 0 0 0 0 0 0 0 0 0 0 0 0 0 0 0 3 19 2 18 2 18 2 17 4 16 5 15 6 14 8 13 10 12 13 12 14 11 17 11 18 10 20 10 20 10 21 10 21 10 21 12 20 13 19 15 18 18 16 20 14 23 12 26 10 29 7 31 ]
2025-04-02 16:04:25,CSI_DATA,STA,D8:B1:90:DB:E8:90,-59,11,1,7,0,0,1,0,0,0,1,-95,0,3,0,3546916113,0,110,0,0,93741.6,256,[110 96 6 0 -24 9 -23 9 -23 8 -22 8 -22 7 -21 7 -21 7 -20 7 -20 6 -19 6 -19 7 -19 6 -18 6 -18 6 -18 5 -18 5 -17 5 -17 4 -16 4 -16 3 -16 2 -15 2 -15 1 -15 1 -15 0 0 0 0 0 0 0 0 0 0 0 0 0 0 0 0 0 0 0 0 0 0 0 -17 4 -18 3 -19 1 -20 0 -21 0 -21 0 -22 -3 -23 -4 -24 -4 -25 -5 25 6 26 7 26 7 27 8 15 -6 15 -6 16 -6 16 -5 -5 -1 -5 0 -4 0 -4 0 -23 12 -23 12 -23 12 -23 11 ]
2025-04-02 16:04:26,CSI_DATA,STA,D8:B1:90:DB:E8:90,-56,11,1,7,0,0,1,1,1,0,1,-95,0,3,0,3547417546,0,110,0,0,93742.1,384,[110 96 6 0 23 -25 23 -24 23 -23 21 -22 18 -20 15 -20 11 -19 7 -17 3 -16 -1 -15 -6 -14 -9 -12 -12 -11 -15 -11 -17 -10 -19 -10 -19 -9 -19 -10 -18 -9 -17 -10 -16 -10 -13 -10 -11 -11 -9 -13 -6 -14 0 0 0 0 0 0 0 0 0 0 0 0 0 0 0 0 0 0 0 0 0 0 14 -13 14 -12 13 -12 12 -12 11 -12 9 -12 8 -13 6 -14 4 -16 1 -17 0 -18 -2 -20 -4 -21 -5 -22 -6 -23 -6 -24 -6 -24 -5 -25 -4 -26 -2 -26 0 -27 4 -28 7 -27 10 -
2025-04-02 16:04:31,CSI_DATA,STA,D8:B1:90:DB:E8:90,-54,11,1,7,0,0,1,0,0,0,1,-95,0,3,0,3552930281,0,110,0,0,93747.6,256,[110 96 6 0 -3 -29 -3 -28 -3 -28 -5 -28 -5 -27 -5 -26 -6 -26 -6 -25 -6 -24 -6 -23 -6 -23 -6 -22 -7 -22 -6 -21 -6 -21 -6 -21 -5 -20 -6 -20 -5 -18 -5 -18 -5 -17 -4 -16 -3 -16 -3 -16 -2 -16 0 0 0 0 0 0 0 0 0 0 0 0 0 0 0 0 0 0 0 0 0 0 -7 -19 -6 -17 -5 -17 -5 -19 -5 -19 -4 -20 -4 -22 -4 -23 -3 -23 -2 -24 -1 -25 0 -25 0 -25 -1 -25 0 -26 0 -27 -1 -26 -1 -27 -2 -27 -3 -27 -3 -28 -3 -28 -3 -28 -2 -28
2025-04-02 16:04:32,CSI_DATA,STA,D8:B1:90:DB:E8:90,-56,11,1,7,0,0,1,1,1,0,1,-95,0,3,0,3553933751,0,110,0,0,93748.6,384,[110 96 6 0 31 13 30 14 28 14 27 13 25 11 23 8 21 5 19 1 16 -3 14 -6 11 -10 10 -13 7 -16 6 -18 5 -20 4 -21 4 -22 4 -22 4 -21 4 -20 5 -18 6 -16 8 -14 9 -11 11 -9 0 0 0 0 0 0 0 0 0 0 0 0 0 0 0 0 0 0 0 0 0 0 19 4 19 5 18 5 16 4 17 3 16 2 16 0 16 -2 16 -5 16 -7 16 -9 16 -11 16 -13 17 -15 17 -16 17 -17 18 -17 19 -17 20 -16 22 -14 23 -12 25 -8 26 -6 28 -2 29 2 31 5 ]
2025-04-02 16:04:34,CSI_DATA,STA,D8:B1:90:DB:E8:90,-54,11,1,7,0,0,1,0,0,0,1,-95,0,3,0,3555938426,0,110,0,0,93750.6,256,[110 96 6 0 -29 3 -29 4 -28 4 -28 5 -27 5 -27 5 -26 5 -25 5 -25 5 -24 6 -24 6 -23 6 -23 6 -22 6 -22 6 -21 5 -20 5 -19 4 -19 4 -18 4 -17 4 -17 3 -16 3 -16 2 -16 1 0 0 0 0 0 0 0 0 0 0 0 0 0 0 0 0 0 0 0 0 0 0 -18 8 -19 7 -20 5 -20 4 -21 4 -22 4 -22 4 -23 3 -24 2 -25 2 -26 1 -26 1 -26 1 -27 0 -27 0 -27 0 -27 1 -28 1 -28 2 -28 2 -28 2 -29 1 -29 3 -29 3 -29 3 -30 5 ]
2025-04-02 16:04:35,CSI_DATA,STA,D8:B1:90:DB:E8:90,-57,11,1,7,0,0,1,1,1,0,1,-95,0,3,0,3556438783,0,110,0,0,93751.1,384,[110 96 6 0 -29 16 -29 15 -28 13 -26 13 -23 12 -20 12 -16 12 -12 12 -8 12 -3 12 1 12 5 13 8 13 11 11 14 12 15 12 16 11 16 11 16 11 14 11 13 11 11 11 9 11 7 11 4 12 0 0 0 0 0 0 0 0 0 0 0 0 0 0 0 0 0 0 0 0 0 0 -18 7 -18 6 -17 5 -16 6 -15 6 -14 7 -12 8 -11 10 -9 12 -7 14 -5 16 -3 18 -2 20 -1 22 0 23 0 23 -1 24 -1 24 -2 24 -4 24 -6 24 -9 23 -12 23 -15 22 -19 21 -23 20 ]
2025-04-02 16:04:40,CSI_DATA,STA,D8:B1:90:DB:E8:90,-53,11,1,7,0,0,1,0,0,0,1,-95,0,3,0,3561946721,0,110,0,0,93756.7,256,[110 96 6 0 -22 16 -22 16 -21 16 -19 15 -19 16 -19 15 -17 15 -19 15 -18 15 -17 15 -16 15 -15 14 -15 14 -14 14 -14 14 -14 14 -14 14 -14 12 -13 12 -13 12 -13 11 -13 11 -12 10 -12 9 -13 8 0 0 0 0 0 0 0 0 0 0 0 0 0 0 0 0 0 0 0 0 0 0 -11 10 -12 8 -14 13 -15 13 -16 11 -16 12 -18 13 -19 13 -20 13 -21 13 -21 14 -22 13 -22 13 -23 13 -22 13 -22 12 -22 13 -22 13 -21 13 -21 14 -21 15 -21 15 -22 16 -22 1
2025-04-02 16:04:40,CSI_DATA,STA,00:00:00:00:00:00,-54,11,0,0,0,0,0,0,0,0,0,-95,0,3,0,3562010208,0,14,0,0,93756.7,128,[14 -32 0 0 25 -28 25 -27 24 -25 21 -25 18 -23 14 -22 10 -21 6 -20 1 -19 -3 -18 -7 -17 -10 -16 -13 -16 -15 -14 -17 -14 -18 -14 -18 -14 -17 -14 -16 -14 -15 -15 -13 -15 -11 -15 -8 -16 -6 -17 -3 -18 0 0 0 0 0 0 0 0 0 0 0 0 0 0 0 0 0 0 0 0 0 0 16 -19 17 -17 16 -17 16 -17 14 -16 13 -17 11 -17 9 -18 7 -19 5 -20 3 -21 2 -23 0 -23 -1 -25 -1 -26 -1 -27 -1 -28 0 -28 2 -30 4 -29 6 -31 9 -31 11 -32 15 -3
2025-04-02 16:04:40,CSI_DATA,STA,D8:B1:90:DB:E8:90,-55,11,1,7,0,0,1,1,1,0,1,-95,0,3,0,3562034421,0,100,0,0,93756.8,384,[100 -64 5 0 -36 7 -35 6 -33 5 -30 6 -26 6 -22 7 -18 9 -15 11 -11 12 -6 14 -3 15 1 17 3 17 5 18 7 18 7 19 7 19 6 19 5 19 3 18 2 18 0 17 -2 16 -5 15 -8 15 0 0 0 0 0 0 0 0 0 0 0 0 0 0 0 0 0 0 0 0 0 0 -23 1 -22 1 -21 1 -20 2 -19 3 -18 4 -18 6 -16 7 -15 10 -14 11 -14 13 -13 15 -13 17 -13 18 -13 20 -14 20 -15 21 -17 21 -18 20 -20 19 -23 19 -26 17 -28 17 -30 15 -33 12 -35 11 ]
2025-04-02 16:04:43,CSI_DATA,STA,D8:B1:90:DB:E8:90,-55,11,1,7,0,0,1,0,0,0,0,-95,0,3,0,3564445163,0,110,0,0,93759.2,256,[110 96 6 0 9 -38 10 -36 11 -35 9 -33 6 -30 4 -27 0 -24 -3 -19 -6 -16 -10 -13 -14 -9 -17 -6 -20 -2 -22 0 -24 3 -25 3 -25 4 -25 4 -25 3 -24 2 -22 1 -20 -1 -19 -4 -17 -6 -14 -9 0 0 0 0 0 0 0 0 0 0 0 0 0 0 0 0 0 0 0 0 0 0 10 -22 11 -20 10 -20 9 -19 7 -19 5 -18 3 -17 0 -18 -3 -17 -6 -18 -9 -18 -12 -19 -15 -19 -17 -19 -18 -20 -20 -21 -20 -22 -19 -23 -18 -24 -17 -25 -14 -27 -11 -29 -8 -31 -5 -33 -
2025-04-02 16:04:43,CSI_DATA,STA,D8:B1:90:DB:E8:90,-54,11,1,6,0,0,1,0,0,0,1,-95,0,3,0,3564945610,0,110,0,0,93759.7,256,[110 96 6 0 -41 10 -42 8 -40 7 -39 7 -35 8 -33 8 -28 9 -25 11 -20 12 -15 13 -11 15 -6 16 -2 17 1 18 4 19 5 20 7 20 7 21 7 19 5 19 4 18 2 18 0 17 -3 16 -6 14 0 0 0 0 0 0 0 0 0 0 0 0 0 0 0 0 0 0 0 0 0 0 -26 11 -27 9 -26 8 -25 8 -24 7 -23 8 -20 9 -18 10 -15 12 -13 13 -11 15 -9 17 -6 19 -5 21 -3 22 -4 23 -4 24 -5 24 -7 24 -9 24 -12 24 -16 23 -20 22 -24 20 -29 18 -34 16 ]
2025-04-02 16:04:44,CSI_DATA,STA,D8:B1:90:DB:E8:90,-54,11,1,7,0,0,1,1,1,0,1,-95,0,3,0,3565446268,0,110,0,0,93760.2,384,[110 96 6 0 4 -28 4 -27 4 -25 3 -23 1 -20 -1 -18 -3 -15 -7 -13 -10 -10 -12 -8 -16 -5 -18 -3 -20 -1 -22 0 -24 1 -25 1 -25 1 -25 1 -24 0 -22 -1 -21 -2 -19 -3 -18 -5 -16 -6 -14 -8 0 0 0 0 0 0 0 0 0 0 0 0 0 0 0 0 0 0 0 0 0 0 3 -19 3 -18 3 -17 1 -17 0 -17 -2 -17 -4 -17 -6 -17 -8 -17 -10 -18 -12 -19 -14 -18 -15 -19 -17 -19 -18 -20 -19 -20 -19 -21 -18 -21 -18 -22 -16 -22 -15 -24 -12 -25 -10 -26 -8
2025-04-02 16:04:46,CSI_DATA,STA,D8:B1:90:DB:E8:90,-55,11,1,5,0,0,1,0,0,0,1,-95,0,3,0,3567447616,0,110,0,0,93762.2,256,[110 96 6 0 11 27 9 27 9 24 8 22 9 19 9 15 9 11 10 7 11 2 12 -2 13 -6 14 -10 15 -13 16 -16 16 -18 17 -18 18 -19 18 -19 18 -18 18 -17 18 -15 17 -13 18 -11 17 -7 17 -5 0 0 0 0 0 0 0 0 0 0 0 0 0 0 0 0 0 0 0 0 0 0 3 17 3 17 4 16 4 15 7 15 9 14 10 14 13 13 15 12 17 11 19 11 22 10 23 10 25 9 26 9 27 10 27 10 28 10 27 11 26 13 26 15 24 18 23 19 21 22 19 24 17 26 ]
2025-04-02 16:04:49,CSI_DATA,STA,D8:B1:90:DB:E8:90,-55,11,1,7,0,0,1,0,0,0,0,-95,0,3,0,3570455133,0,110,0,0,93765.2,256,[110 96 6 0 -8 31 -10 30 -10 30 -9 29 -8 27 -6 24 -3 22 -1 19 3 16 6 12 10 10 12 7 15 4 18 1 20 -1 21 -1 21 -3 21 -4 21 -3 20 -3 19 -1 18 0 16 1 14 3 12 5 0 0 0 0 0 0 0 0 0 0 0 0 0 0 0 0 0 0 0 0 0 0 -6 19 -7 18 -7 18 -6 16 -5 16 -3 15 -1 14 2 14 5 13 8 13 11 12 15 12 17 12 19 12 21 12 22 12 22 12 23 13 22 14 21 16 19 17 16 19 12 22 9 24 5 26 1 28 ]
2025-04-02 16:04:49,CSI_DATA,STA,D8:B1:90:DB:E8:90,-54,11,1,7,0,0,1,0,0,0,0,-95,0,3,0,3570962128,0,110,0,0,93765.7,256,[110 96 6 0 -5 -34 -4 -32 -3 -31 -4 -28 -5 -25 -7 -22 -9 -17 -11 -14 -13 -9 -15 -5 -18 -1 -20 2 -21 5 -23 8 -25 8 -26 10 -26 10 -26 10 -26 8 -25 7 -24 5 -23 4 -22 1 -21 -2 -19 -4 0 0 0 0 0 0 0 0 0 0 0 0 0 0 0 0 0 0 0 0 0 0 -2 -23 -1 -22 -2 -22 -3 -21 -5 -21 -7 -20 -9 -19 -12 -18 -14 -17 -17 -17 -19 -17 -22 -16 -24 -17 -25 -17 -26 -16 -27 -17 -27 -17 -27 -18 -26 -20 -25 -21 -23 -23 -21 -25 -1
2025-04-02 16:04:51,CSI_DATA,STA,D8:B1:90:DB:E8:90,-54,11,1,7,0,0,1,0,0,0,0,-95,0,3,0,3572964411,0,110,0,0,93767.7,256,[110 96 6 0 -27 -19 -26 -20 -25 -19 -24 -19 -23 -17 -22 -14 -21 -11 -21 -7 -20 -3 -19 0 -18 3 -17 7 -17 10 -17 11 -16 12 -16 14 -15 14 -16 13 -15 12 -15 11 -15 9 -14 7 -14 5 -14 2 -14 0 0 0 0 0 0 0 0 0 0 0 0 0 0 0 0 0 0 0 0 0 0 0 -22 -6 -22 -7 -21 -7 -21 -7 -21 -7 -20 -5 -20 -4 -20 -2 -19 0 -19 3 -19 4 -19 6 -19 8 -20 10 -20 10 -20 11 -21 11 -21 10 -22 9 -23 7 -24 4 -25 2 -26 -2 -27 -5 -28 -
2025-04-02 16:04:53,CSI_DATA,STA,D8:B1:90:DB:E8:90,-53,11,1,7,0,0,1,0,0,0,1,-95,0,3,0,3574469147,0,110,0,0,93769.2,256,[110 96 6 0 -5 -30 -6 -30 -6 -28 -6 -29 -6 -28 -7 -28 -7 -27 -6 -25 -7 -24 -8 -24 -8 -24 -8 -24 -8 -24 -8 -22 -8 -23 -7 -22 -6 -21 -6 -21 -6 -20 -5 -20 -5 -19 -4 -19 -4 -18 -2 -18 -2 -18 0 0 0 0 0 0 0 0 0 0 0 0 0 0 0 0 0 0 0 0 0 0 -8 -20 -7 -21 -6 -22 -5 -22 -5 -23 -5 -24 -5 -25 -4 -26 -3 -26 -3 -27 -2 -28 -2 -28 -2 -29 -2 -29 -2 -29 -2 -29 -2 -29 -2 -29 -3 -30 -4 -29 -4 -30 -4 -30 -5 -29 -6
2025-04-02 16:04:54,CSI_DATA,STA,D8:B1:90:DB:E8:90,-52,11,1,7,0,0,1,0,0,0,0,-95,0,3,0,3575978128,0,110,0,0,93770.7,256,[110 96 6 0 -21 14 -21 14 -20 14 -20 14 -19 14 -19 14 -18 15 -18 15 -17 15 -16 15 -16 14 -15 14 -15 14 -15 14 -14 13 -15 14 -14 13 -14 13 -13 12 -12 11 -12 10 -12 10 -12 9 -11 8 -11 7 0 0 0 0 0 0 0 0 0 0 0 0 0 0 0 0 0 0 0 0 0 0 -12 12 -13 11 -14 11 -15 11 -16 10 -16 11 -17 11 -17 11 -18 11 -19 11 -19 11 -19 11 -19 11 -19 11 -20 11 -21 11 -21 11 -20 12 -20 12 -20 12 -20 13 -20 13 -21 15 -21 1
2025-04-02 16:04:55,CSI_DATA,STA,D8:B1:90:DB:E8:90,-54,11,1,7,0,0,1,0,0,0,1,-95,0,3,0,3576478277,0,110,0,0,93771.2,256,[110 96 6 0 -31 -2 -30 -3 -29 -4 -26 -4 -24 -2 -20 -1 -18 1 -14 4 -11 5 -7 8 -4 10 0 13 3 15 6 17 8 18 9 19 10 20 10 20 10 20 9 20 7 19 5 19 3 18 1 17 -2 16 0 0 0 0 0 0 0 0 0 0 0 0 0 0 0 0 0 0 0 0 0 0 -19 -8 -16 -7 -16 -7 -17 -6 -16 -4 -15 -2 -17 0 -16 3 -16 6 -16 8 -16 11 -16 14 -17 16 -17 19 -17 20 -17 21 -17 21 -18 22 -18 20 -19 19 -21 17 -23 16 -25 13 -26 10 -28 7 -30 3 ]
2025-04-02 16:04:56,CSI_DATA,STA,D8:B1:90:DB:E8:90,-53,11,1,7,0,0,1,0,0,0,0,-95,0,3,0,3577980044,0,110,0,0,93772.7,256,[110 96 6 0 -32 0 -32 0 -31 1 -30 1 -30 2 -30 2 -28 3 -28 3 -27 2 -27 2 -26 3 -25 4 -25 4 -24 4 -24 4 -24 3 -23 3 -22 3 -22 2 -20 2 -19 2 -18 2 -18 2 -17 0 -17 -1 0 0 0 0 0 0 0 0 0 0 0 0 0 0 0 0 0 0 0 0 0 0 -19 4 -20 3 -21 2 -21 2 -22 1 -23 1 -23 1 -25 0 -25 -1 -26 -1 -28 -2 -28 -2 -28 -3 -28 -3 -28 -2 -28 -2 -28 -2 -29 -1 -29 -2 -29 -1 -29 -1 -30 -1 -31 0 -31 0 -32 0 -32 1 ]
2025-04-02 16:04:59,CSI_DATA,STA,D8:B1:90:DB:E8:90,-53,11,1,7,0,0,1,0,0,0,1,-95,0,3,0,3580487155,0,110,0,0,93775.2,256,[110 96 6 0 29 16 27 16 26 14 25 12 23 10 22 7 20 3 18 -1 18 -5 16 -8 15 -11 14 -14 13 -16 13 -17 13 -18 13 -19 13 -18 14 -18 14 -17 14 -15 15 -13 15 -11 16 -8 16 -6 17 -3 0 0 0 0 0 0 0 0 0 0 0 0 0 0 0 0 0 0 0 0 0 0 21 7 21 8 20 7 20 7 20 6 20 4 19 3 20 1 19 0 20 -2 20 -3 20 -5 20 -6 21 -7 21 -7 21 -7 22 -6 23 -6 25 -4 25 -2 27 0 28 3 28 5 30 8 30 10 31 13 ]
2025-04-02 16:05:02,CSI_DATA,STA,D8:B1:90:DB:E8:90,-53,11,1,7,0,0,1,0,0,0,0,-95,0,3,0,3583507450,0,110,0,0,93778.2,256,[110 96 6 0 26 14 26 14 25 13 25 13 25 13 24 13 24 12 23 11 23 10 23 9 22 8 22 8 21 9 21 8 20 8 20 9 19 9 18 9 18 8 17 8 16 8 16 8 15 7 14 8 14 9 0 0 0 0 0 0 0 0 0 0 0 0 0 0 0 0 0 0 0 0 0 0 19 5 19 6 19 7 19 8 20 9 20 9 20 10 21 11 21 12 21 12 22 13 22 14 22 14 22 15 23 15 22 14 23 14 23 14 24 14 24 14 25 14 25 14 26 14 27 14 27 14 27 13 ]
2025-04-02 16:05:05,CSI_DATA,STA,00:00:00:00:00:00,-56,11,0,0,0,0,0,0,0,0,0,-95,0,3,0,3586459016,0,14,0,0,93781.2,128,[14 -32 0 0 -23 25 -22 23 -21 22 -18 21 -16 20 -12 19 -8 18 -5 17 -1 16 3 15 7 14 10 14 12 13 14 13 15 13 16 14 16 13 16 14 15 14 13 14 11 14 10 15 8 15 5 16 3 16 0 0 0 0 0 0 0 0 0 0 0 0 0 0 0 0 0 0 0 0 0 0 -14 14 -14 13 -13 13 -12 13 -11 14 -9 14 -8 15 -6 16 -5 16 -3 18 -2 19 0 20 1 21 1 22 1 22 0 23 0 24 -1 25 -2 25 -4 26 -7 27 -9 27 -12 28 -14 28 -17 28 -20 27 ]
2025-04-02 16:05:06,CSI_DATA,STA,D8:B1:90:DB:E8:90,-54,11,1,7,0,0,1,0,0,0,1,-95,0,3,0,3588012239,0,110,0,0,93782.7,256,[110 96 6 0 -6 37 -6 37 -6 35 -5 34 -4 31 -2 29 1 26 4 23 7 20 9 18 13 14 16 13 17 11 20 9 21 8 21 7 22 7 21 6 20 6 19 7 17 8 15 9 13 10 12 11 9 13 0 0 0 0 0 0 0 0 0 0 0 0 0 0 0 0 0 0 0 0 0 0 3 25 2 25 2 25 2 23 3 22 4 22 5 20 7 19 9 19 11 17 12 16 14 15 16 15 18 15 19 15 20 15 20 15 19 17 19 18 17 20 15 23 14 26 11 27 8 30 5 33 1 34 ]
2025-04-02 16:05:07,CSI_DATA,STA,D8:B1:90:DB:E8:90,-56,11,1,7,0,0,1,0,0,0,1,-95,0,3,0,3588512295,0,110,0,0,93783.2,256,[110 96 6 0 31 13 31 14 29 13 28 12 26 10 25 8 23 5 21 2 19 -2 18 -5 16 -9 15 -12 13 -14 12 -15 12 -17 11 -18 11 -18 11 -17 11 -17 11 -15 12 -13 12 -12 13 -10 13 -8 14 -5 0 0 0 0 0 0 0 0 0 0 0 0 0 0 0 0 0 0 0 0 0 0 23 1 23 3 22 3 21 2 21 2 20 1 19 0 18 -2 18 -4 17 -6 17 -8 16 -10 16 -12 16 -14 16 -14 17 -15 18 -15 19 -14 21 -13 22 -11 23 -9 26 -6 27 -4 29 -1 30 2 32 6 ]
2025-04-02 16:05:07,CSI_DATA,STA,D8:B1:90:DB:E8:90,-54,11,1,7,0,0,1,0,0,0,1,-95,0,3,0,3589012152,0,110,0,0,93783.7,256,[110 96 6 0 24 21 23 22 22 21 21 19 20 18 20 15 19 12 18 8 18 5 18 2 17 -1 17 -4 16 -7 16 -9 16 -10 16 -10 16 -10 16 -10 15 -10 15 -8 14 -7 14 -5 14 -2 14 -1 13 1 0 0 0 0 0 0 0 0 0 0 0 0 0 0 0 0 0 0 0 0 0 0 21 8 20 9 19 9 18 9 18 8 17 7 17 6 17 4 17 2 17 0 17 -2 17 -3 18 -4 18 -6 18 -7 20 -7 19 -7 21 -6 21 -4 22 -2 23 0 24 3 25 6 25 9 25 13 25 16 ]
2025-04-02 16:05:10,CSI_DATA,STA,D8:B1:90:DB:E8:90,-53,11,1,7,0,0,1,0,0,0,0,-95,0,3,0,3591514364,0,110,0,0,93786.2,256,[110 96 6 0 22 -10 21 -11 21 -11 20 -11 19 -11 19 -12 19 -12 18 -12 17 -12 17 -12 16 -12 16 -11 15 -11 15 -12 15 -12 14 -11 14 -11 13 -10 13 -10 12 -10 12 -9 11 -9 12 -8 11 -7 12 -7 0 0 0 0 0 0 0 0 0 0 0 0 0 0 0 0 0 0 0 0 0 0 14 -10 14 -7 15 -8 16 -9 16 -8 17 -8 17 -8 18 -8 19 -7 19 -7 20 -7 21 -6 21 -6 21 -6 21 -7 21 -7 21 -7 21 -8 21 -8 22 -8 21 -9 22 -9 22 -9 23 -9 23 -9 23 -10 ]
2025-04-02 16:05:12,CSI_DATA,STA,D8:B1:90:DB:E8:90,-53,11,1,7,0,0,1,0,0,0,1,-95,0,3,0,3593521974,0,110,0,0,93788.2,256,[110 96 6 0 -29 -26 -29 -26 -27 -26 -27 -25 -25 -23 -25 -21 -24 -17 -23 -13 -22 -8 -22 -5 -21 -1 -21 3 -20 5 -19 8 -19 9 -18 10 -18 10 -17 10 -16 9 -15 7 -15 6 -14 4 -14 2 -13 -1 -13 -4 0 0 0 0 0 0 0 0 0 0 0 0 0 0 0 0 0 0 0 0 0 0 -26 -7 -25 -8 -25 -9 -24 -9 -23 -9 -22 -7 -22 -6 -21 -4 -20 -2 -19 0 -19 2 -19 4 -19 6 -18 8 -19 9 -19 9 -19 9 -20 8 -22 7 -23 4 -24 1 -25 -2 -26 -6 -28 -9 -28 -13
2025-04-02 16:05:13,CSI_DATA,STA,D8:B1:90:DB:E8:90,-53,11,1,7,0,0,1,0,0,0,0,-95,0,3,0,3594530113,0,110,0,0,93789.2,256,[110 96 6 0 -15 -25 -15 -25 -15 -23 -16 -22 -16 -22 -16 -21 -16 -21 -15 -20 -15 -19 -16 -18 -16 -17 -16 -17 -17 -17 -15 -16 -15 -16 -14 -16 -13 -15 -13 -15 -12 -15 -12 -14 -11 -14 -11 -13 -11 -13 -10 -14 -9 -14 0 0 0 0 0 0 0 0 0 0 0 0 0 0 0 0 0 0 0 0 0 0 -13 -13 -12 -14 -12 -15 -12 -16 -12 -17 -12 -18 -12 -19 -12 -20 -12 -21 -12 -22 -12 -22 -12 -23 -12 -23 -12 -24 -12 -24 -12 -24 -12 -24 -12
2025-04-02 16:05:16,CSI_DATA,STA,D8:B1:90:DB:E8:90,-56,11,1,7,0,0,1,0,0,0,1,-95,0,3,0,3597042832,0,110,0,0,93791.8,256,[110 96 6 0 -28 -28 -27 -28 -26 -28 -25 -26 -24 -24 -23 -20 -22 -17 -21 -13 -21 -8 -20 -3 -19 0 -18 4 -17 7 -16 9 -15 11 -15 12 -14 13 -14 12 -14 12 -14 10 -13 8 -13 7 -13 4 -13 2 -14 -1 0 0 0 0 0 0 0 0 0 0 0 0 0 0 0 0 0 0 0 0 0 0 -21 -13 -19 -14 -18 -13 -18 -15 -18 -12 -16 -11 -17 -9 -17 -7 -18 -4 -18 -2 -18 1 -18 3 -19 6 -20 7 -20 8 -21 8 -21 8 -22 7 -23 5 -24 3 -26 0 -26 -4 -28 -7 -28 -12
2025-04-02 16:05:17,CSI_DATA,STA,D8:B1:90:DB:E8:90,-53,11,1,7,0,0,1,0,0,0,0,-95,0,3,0,3598047318,0,110,0,0,93792.8,256,[110 96 6 0 22 -22 22 -22 21 -22 20 -21 20 -22 19 -21 19 -21 17 -22 17 -21 17 -22 15 -21 15 -20 15 -20 15 -19 15 -19 14 -19 13 -18 13 -18 13 -17 12 -16 12 -16 12 -15 12 -14 11 -14 12 -13 0 0 0 0 0 0 0 0 0 0 0 0 0 0 0 0 0 0 0 0 0 0 10 -17 11 -17 12 -17 13 -18 14 -18 15 -18 16 -18 17 -18 18 -18 19 -18 20 -18 20 -18 21 -18 21 -19 22 -20 22 -19 21 -20 22 -20 22 -21 22 -21 22 -22 23 -22 22 -22 23
2025-04-02 16:05:17,CSI_DATA,STA,D8:B1:90:DB:E8:90,-56,11,1,7,0,0,1,0,0,0,1,-95,0,3,0,3598549919,0,110,0,0,93793.3,256,[110 96 6 0 -1 -38 0 -37 0 -36 0 -34 -2 -31 -3 -28 -5 -25 -8 -21 -10 -17 -12 -13 -15 -10 -17 -7 -19 -3 -20 0 -21 1 -21 2 -21 3 -20 4 -19 3 -19 2 -18 0 -16 -2 -14 -4 -13 -6 -11 -8 0 0 0 0 0 0 0 0 0 0 0 0 0 0 0 0 0 0 0 0 0 0 -5 -22 -3 -21 -3 -21 -4 -19 -5 -18 -6 -17 -8 -15 -9 -14 -12 -12 -14 -11 -16 -9 -19 -8 -20 -8 -22 -7 -23 -6 -24 -7 -24 -8 -23 -9 -23 -11 -22 -13 -20 -16 -18 -19 -16 -23 -13
2025-04-02 16:05:22,CSI_DATA,STA,D8:B1:90:DB:E8:90,-53,11,1,7,0,0,1,0,0,0,0,-95,0,3,0,3604056114,0,110,0,0,93798.8,256,[110 96 6 0 1 -30 1 -29 1 -28 0 -28 -1 -27 -1 -27 -1 -26 -2 -25 -2 -24 -2 -24 -3 -23 -4 -22 -3 -22 -3 -22 -4 -21 -2 -22 -2 -21 -2 -20 -2 -19 -1 -19 -1 -18 -1 -17 -1 -17 0 -17 1 -16 0 0 0 0 0 0 0 0 0 0 0 0 0 0 0 0 0 0 0 0 0 0 -3 -19 -2 -19 -1 -21 -1 -21 0 -22 1 -23 1 -23 2 -23 3 -24 3 -25 4 -25 4 -25 4 -25 4 -26 4 -25 5 -26 4 -26 4 -26 3 -27 3 -27 2 -27 2 -28 2 -28 2 -29 2 -29 2 -29 ]
2025-04-02 16:05:25,CSI_DATA,STA,D8:B1:90:DB:E8:90,-54,11,1,7,0,0,1,0,0,0,1,-95,0,3,0,3606065289,0,110,0,0,93800.8,256,[110 96 6 0 -6 -39 -5 -38 -4 -37 -4 -35 -5 -32 -7 -30 -8 -26 -10 -23 -12 -18 -15 -15 -17 -12 -19 -8 -20 -6 -21 -4 -22 -2 -22 -1 -22 0 -21 0 -20 -1 -19 -2 -17 -3 -15 -4 -14 -6 -12 -8 -10 -10 0 0 0 0 0 0 0 0 0 0 0 0 0 0 0 0 0 0 0 0 0 0 -12 -22 -11 -22 -10 -22 -9 -21 -10 -20 -11 -18 -12 -16 -13 -15 -14 -13 -16 -11 -17 -9 -19 -8 -21 -7 -23 -6 -23 -5 -24 -6 -25 -6 -24 -8 -25 -10 -23 -12 -23 -15 -
2025-04-02 16:05:30,CSI_DATA,STA,D8:B1:90:DB:E8:90,-54,11,1,7,0,0,1,0,0,0,1,-96,0,3,0,3611073651,0,110,0,0,93805.8,256,[110 96 6 0 -20 -29 -20 -29 -18 -27 -17 -25 -17 -22 -17 -19 -16 -14 -17 -9 -16 -4 -16 0 -16 4 -17 9 -17 12 -16 15 -16 17 -16 18 -16 18 -16 17 -16 16 -16 15 -16 11 -16 10 -15 7 -15 4 -15 1 0 0 0 0 0 0 0 0 0 0 0 0 0 0 0 0 0 0 0 0 0 0 -12 -18 -12 -18 -11 -18 -11 -17 -12 -16 -13 -14 -14 -12 -16 -10 -17 -8 -19 -6 -21 -4 -23 -2 -25 -1 -26 1 -27 2 -28 2 -28 2 -29 1 -29 -1 -29 -3 -29 -6 -28 -9 -28 -
2025-04-02 16:05:31,CSI_DATA,STA,D8:B1:90:DB:E8:90,-52,11,1,7,0,0,1,0,0,0,1,-96,0,3,0,3613080135,0,110,0,0,93807.8,256,[110 96 6 0 0 26 0 26 0 25 0 26 0 25 1 25 1 24 1 22 2 22 2 21 3 21 3 20 2 20 2 19 2 19 2 19 2 19 2 18 2 17 2 16 1 16 1 15 1 15 0 14 -1 14 0 0 0 0 0 0 0 0 0 0 0 0 0 0 0 0 0 0 0 0 0 0 2 16 1 17 1 18 0 18 0 19 -1 20 -2 20 -2 20 -2 21 -2 21 -3 22 -4 22 -4 23 -4 23 -3 24 -4 24 -3 24 -3 25 -2 26 -2 26 -1 27 -1 27 -1 25 -1 26 -1 26 0 26 ]
2025-04-02 16:05:32,CSI_DATA,STA,D8:B1:90:DB:E8:90,-53,11,1,7,0,0,1,1,1,0,1,-96,0,3,0,3613582547,0,110,0,0,93808.3,384,[110 96 6 0 -17 -33 -16 -34 -14 -32 -14 -30 -14 -26 -14 -23 -15 -19 -16 -14 -17 -10 -18 -5 -19 -1 -21 3 -22 6 -22 8 -23 10 -23 11 -23 11 -23 10 -21 9 -21 7 -20 5 -18 3 -18 0 -17 -3 -15 -6 0 0 0 0 0 0 0 0 0 0 0 0 0 0 0 0 0 0 0 0 0 0 -15 -20 -14 -21 -13 -20 -13 -20 -13 -18 -14 -17 -15 -16 -17 -14 -19 -12 -20 -10 -23 -7 -24 -6 -26 -4 -27 -3 -29 -2 -29 -3 -31 -2 -30 -3 -31 -5 -29 -8 -30 -10 -29
2025-04-02 16:05:35,CSI_DATA,STA,D8:B1:90:DB:E8:90,-52,11,1,5,0,0,1,0,0,0,1,-96,0,3,0,3616593337,0,110,0,0,93811.3,256,[110 96 6 0 -16 -31 -14 -31 -13 -30 -13 -29 -13 -25 -14 -23 -15 -18 -15 -15 -17 -11 -18 -7 -19 -3 -21 1 -21 4 -22 6 -22 8 -23 8 -22 8 -22 8 -21 7 -20 5 -19 3 -17 1 -16 -1 -15 -4 -13 -6 0 0 0 0 0 0 0 0 0 0 0 0 0 0 0 0 0 0 0 0 0 0 -16 -16 -15 -17 -15 -17 -14 -17 -15 -16 -16 -15 -16 -14 -18 -12 -19 -10 -20 -8 -22 -6 -23 -4 -25 -3 -26 -2 -27 -1 -28 0 -28 -1 -28 -2 -29 -3 -28 -5 -28 -7 -27 -11 -2
2025-04-02 16:05:35,CSI_DATA,STA,D8:B1:90:DB:E8:90,-53,11,1,7,0,0,1,0,0,0,1,-96,0,3,0,3617090338,0,110,0,0,93811.8,256,[110 96 6 0 4 30 5 30 5 28 6 28 7 28 7 27 7 26 7 25 7 24 7 23 8 23 8 23 8 23 9 22 8 21 7 21 6 20 6 19 6 18 6 18 5 17 5 16 5 16 3 16 2 16 0 0 0 0 0 0 0 0 0 0 0 0 0 0 0 0 0 0 0 0 0 0 6 18 5 19 5 19 4 19 4 21 4 21 3 23 3 24 2 25 2 25 0 25 0 26 0 26 0 27 1 28 1 28 1 28 1 29 2 28 2 29 3 29 3 30 4 30 5 31 5 31 4 31 ]
2025-04-02 16:05:36,CSI_DATA,STA,D8:B1:90:DB:E8:90,-53,11,1,7,0,0,1,0,0,0,1,-96,0,3,0,3617590517,0,110,0,0,93812.3,256,[110 96 6 0 -30 -7 -29 -7 -28 -7 -28 -6 -28 -6 -28 -5 -27 -5 -27 -3 -26 -2 -26 -2 -26 -2 -25 -1 -24 -1 -23 -1 -23 -1 -22 0 -21 -1 -21 -1 -20 -1 -19 -1 -19 -1 -18 -1 -18 -2 -17 -3 -17 -4 0 0 0 0 0 0 0 0 0 0 0 0 0 0 0 0 0 0 0 0 0 0 -19 0 -19 -1 -20 -3 -21 -3 -21 -4 -22 -4 -23 -5 -23 -5 -24 -6 -24 -6 -25 -8 -25 -8 -25 -9 -25 -9 -26 -9 -27 -8 -27 -8 -27 -8 -27 -8 -27 -8 -28 -8 -28 -7 -29 -7 -28
2025-04-02 16:05:37,CSI_DATA,STA,D8:B1:90:DB:E8:90,-52,11,1,7,0,0,1,0,0,0,1,-96,0,3,0,3618090233,0,110,0,0,93812.8,256,[110 96 6 0 28 0 27 0 27 -1 25 -1 25 -2 25 -2 24 -2 24 -3 23 -3 22 -3 22 -3 22 -3 22 -3 21 -3 21 -3 20 -2 19 -2 18 -2 17 -2 17 -2 17 -2 16 -1 15 -1 15 0 15 1 0 0 0 0 0 0 0 0 0 0 0 0 0 0 0 0 0 0 0 0 0 0 16 -2 19 -2 17 -2 18 -1 19 -1 20 0 20 0 21 1 22 2 23 2 23 3 24 3 24 4 24 4 24 3 24 3 24 3 25 3 25 2 25 2 26 2 26 1 27 0 27 0 28 1 28 0 ]
2025-04-02 16:05:37,CSI_DATA,STA,D8:B1:90:DB:E8:90,-53,11,1,6,0,0,1,0,0,0,1,-96,0,3,0,3618590601,0,110,0,0,93813.3,256,[110 96 6 0 1 -32 2 -33 3 -30 2 -29 0 -27 -1 -24 -4 -21 -6 -18 -9 -14 -12 -12 -15 -9 -17 -6 -19 -3 -20 -2 -22 0 -22 0 -22 1 -22 1 -20 0 -19 0 -18 -2 -15 -3 -14 -5 -12 -7 -10 -9 0 0 0 0 0 0 0 0 0 0 0 0 0 0 0 0 0 0 0 0 0 0 -3 -19 -1 -21 1 -20 -1 -20 -1 -18 -2 -19 -4 -17 -7 -16 -8 -16 -11 -14 -14 -14 -16 -14 -18 -13 -20 -13 -22 -12 -22 -13 -23 -14 -22 -14 -23 -17 -21 -17 -20 -19 -17 -22 -15 -23
2025-04-02 16:05:40,CSI_DATA,STA,D8:B1:90:DB:E8:90,-54,11,1,7,0,0,1,0,0,0,0,-96,0,3,0,3621093607,0,110,0,0,93815.8,256,[110 96 6 0 -6 -34 -4 -35 -3 -32 -4 -30 -5 -28 -6 -25 -8 -21 -10 -17 -12 -13 -14 -9 -17 -5 -19 -2 -21 1 -21 3 -22 5 -23 6 -23 6 -22 5 -21 4 -20 3 -19 1 -17 -1 -16 -2 -14 -5 -13 -8 0 0 0 0 0 0 0 0 0 0 0 0 0 0 0 0 0 0 0 0 0 0 -5 -22 -5 -21 -3 -21 -4 -20 -4 -20 -6 -19 -7 -18 -9 -16 -11 -15 -14 -14 -16 -12 -19 -11 -21 -10 -24 -10 -25 -9 -26 -9 -26 -10 -27 -11 -27 -12 -26 -14 -24 -16 -22 -19 -21
2025-04-02 16:05:45,CSI_DATA,STA,D8:B1:90:DB:E8:90,-54,11,1,7,0,0,1,0,0,0,1,-95,0,3,0,3626607109,0,110,0,0,93821.3,256,[110 96 6 0 25 -19 25 -18 24 -17 22 -16 19 -16 16 -16 12 -16 8 -16 4 -17 0 -17 -4 -18 -8 -18 -11 -18 -13 -18 -14 -18 -15 -18 -15 -18 -14 -17 -13 -17 -12 -17 -9 -16 -7 -15 -4 -15 -2 -15 1 -14 0 0 0 0 0 0 0 0 0 0 0 0 0 0 0 0 0 0 0 0 0 0 13 -15 15 -14 14 -12 14 -13 14 -14 12 -14 11 -15 8 -16 7 -18 5 -19 3 -20 1 -21 0 -23 -2 -24 -2 -25 -2 -26 -3 -26 -2 -26 -1 -27 1 -27 4 -27 7 -26 10 -26 13 -25
2025-04-02 16:05:48,CSI_DATA,STA,D8:B1:90:DB:E8:90,-54,11,1,7,0,0,1,0,0,0,1,-95,0,3,0,3629115851,0,110,0,0,93823.8,256,[110 96 6 0 -27 24 -27 23 -25 21 -22 20 -18 19 -15 18 -10 16 -6 16 -1 14 4 14 9 13 12 13 15 12 18 12 20 12 21 12 21 12 20 13 19 13 18 14 16 15 13 15 11 16 9 17 5 19 0 0 0 0 0 0 0 0 0 0 0 0 0 0 0 0 0 0 0 0 0 0 -20 12 -20 11 -19 11 -18 11 -16 12 -15 13 -14 13 -12 15 -10 17 -9 18 -7 20 -5 21 -4 23 -4 25 -3 25 -3 26 -4 28 -5 28 -6 28 -8 28 -11 29 -14 29 -16 29 -19 29 -22 29 -25 27 ]
2025-04-02 16:05:48,CSI_DATA,STA,D8:B1:90:DB:E8:90,-59,11,1,7,0,0,1,1,0,0,1,-94,0,3,0,3629617808,0,110,0,0,93824.3,256,[110 96 6 0 29 -23 28 -24 26 -25 -11 6 -10 6 -10 7 -10 7 3 -15 2 -15 2 -14 1 -14 8 -20 8 -19 7 -19 7 -19 -1 11 0 11 0 10 0 9 -2 -10 -1 -10 -2 -10 -2 -9 7 12 6 12 0 0 0 0 0 0 0 0 0 0 0 0 0 0 0 0 0 0 0 0 0 0 9 -1 10 -1 13 -1 13 -1 14 -1 16 -1 15 -2 17 -2 17 -2 17 -2 24 -5 24 -6 25 -5 25 -6 -33 9 -33 10 -33 11 -32 12 26 -13 26 -14 26 -15 27 -16 -17 12 -17 13 -17 14 26 -23 ]
2025-04-02 16:05:50,CSI_DATA,STA,D8:B1:90:DB:E8:90,-54,11,1,7,0,0,1,0,0,0,1,-95,0,3,0,3632125201,0,110,0,0,93826.8,256,[110 96 6 0 33 -17 32 -17 32 -16 28 -15 25 -15 22 -14 17 -14 13 -15 8 -16 2 -16 -3 -17 -7 -17 -11 -17 -14 -17 -16 -17 -19 -17 -19 -18 -19 -18 -19 -19 -17 -18 -15 -18 -13 -19 -10 -19 -7 -19 -3 -19 0 0 0 0 0 0 0 0 0 0 0 0 0 0 0 0 0 0 0 0 0 0 20 -7 20 -6 20 -7 19 -7 17 -8 16 -9 14 -11 13 -13 12 -15 11 -17 9 -20 8 -22 7 -24 6 -26 6 -27 6 -28 5 -30 7 -30 8 -30 10 -30 13 -30 16 -29 19 -28 22 -27 2
2025-04-02 16:05:51,CSI_DATA,STA,D8:B1:90:DB:E8:90,-63,11,1,7,0,0,1,1,0,0,1,-95,0,3,0,3632630363,0,110,0,0,93827.3,256,[110 96 6 0 -15 -19 -16 -18 -15 -18 -15 -18 -14 -16 -14 -16 -14 -16 -14 -15 -14 -14 -14 -13 -14 -14 -14 -13 -14 -12 -14 -12 -13 -11 -13 -11 -13 -11 -12 -10 -12 -10 -11 -10 -11 -10 -10 -10 -10 -9 -10 -9 -10 -10 0 0 0 0 0 0 0 0 0 0 0 0 0 0 0 0 0 0 0 0 0 0 -14 -11 -14 -12 -13 -12 -13 -14 -13 -14 -13 -15 -12 -15 -12 -16 -14 -17 -13 -17 -12 -17 -13 -18 -13 -19 -13 -19 -13 -19 -14 -19 -14 -19 -14
2025-04-02 16:05:53,CSI_DATA,STA,D8:B1:90:DB:E8:90,-55,11,1,7,0,0,1,0,0,0,1,-95,0,3,0,3634133127,0,110,0,0,93828.8,256,[110 96 6 0 -31 -21 -30 -21 -28 -21 -27 -19 -25 -17 -24 -14 -21 -10 -19 -5 -17 0 -15 4 -13 9 -11 13 -9 17 -7 20 -5 23 -4 25 -3 26 -4 26 -4 25 -5 24 -5 21 -7 20 -8 17 -10 14 -12 11 0 0 0 0 0 0 0 0 0 0 0 0 0 0 0 0 0 0 0 0 0 0 -16 -14 -15 -14 -15 -14 -15 -13 -15 -12 -16 -10 -17 -7 -18 -5 -18 -2 -19 1 -21 3 -22 6 -23 8 -24 10 -25 12 -26 13 -27 13 -27 13 -28 12 -28 10 -30 8 -30 4 -31 0 -31 -4 -32
2025-04-02 16:05:53,CSI_DATA,STA,D8:B1:90:DB:E8:90,-55,11,1,7,0,0,1,1,0,0,1,-94,0,3,0,3634635387,0,110,0,0,93829.3,256,[110 96 6 0 -30 8 -29 8 -29 8 -29 9 -28 10 -27 10 -26 9 -26 10 -25 10 -25 10 -24 10 -23 11 -23 11 -23 11 -22 10 -22 10 -21 9 -21 8 -20 8 -20 8 -19 7 -18 7 -18 6 -17 5 -17 4 0 0 0 0 0 0 0 0 0 0 0 0 0 0 0 0 0 0 0 0 0 0 -16 7 -17 7 -17 7 -18 6 -19 6 -20 5 -21 6 -22 6 -22 5 -23 5 -25 5 -25 4 -25 4 -26 4 -26 4 -27 4 -27 5 -28 5 -27 5 -28 6 -28 6 -28 7 -29 8 -29 7 -29 8 -30 8 ]
2025-04-02 16:05:53,CSI_DATA,STA,D8:B1:90:DB:E8:90,-54,11,1,7,0,0,1,1,0,0,1,-95,0,3,0,3635133618,0,110,0,0,93829.8,256,[110 96 6 0 10 28 11 28 11 27 10 27 11 26 11 25 11 23 11 25 11 23 11 23 11 23 12 22 11 21 11 20 11 20 12 21 11 20 11 19 10 19 8 17 7 17 7 16 6 17 6 16 5 16 0 0 0 0 0 0 0 0 0 0 0 0 0 0 0 0 0 0 0 0 0 0 9 15 9 17 8 17 7 18 7 19 7 19 8 21 7 21 7 22 6 23 6 24 6 24 6 25 6 25 6 26 6 25 6 26 7 26 8 27 9 27 10 27 10 28 10 27 10 28 10 28 10 29 ]
2025-04-02 16:05:55,CSI_DATA,STA,D8:B1:90:DB:E8:90,-54,11,1,7,0,0,1,0,0,0,1,-95,0,3,0,3636139812,0,110,0,0,93830.8,256,[110 96 6 0 -13 -29 -12 -28 -11 -26 -11 -24 -10 -21 -11 -18 -11 -14 -11 -9 -11 -5 -12 -1 -12 3 -12 8 -13 12 -12 14 -13 17 -13 18 -13 19 -14 19 -14 19 -14 17 -14 16 -15 13 -15 11 -15 8 -16 5 0 0 0 0 0 0 0 0 0 0 0 0 0 0 0 0 0 0 0 0 0 0 0 -19 0 -18 0 -18 -2 -17 -3 -16 -4 -15 -6 -14 -9 -14 -11 -13 -13 -12 -16 -12 -18 -11 -21 -10 -23 -10 -24 -10 -25 -9 -26 -10 -26 -10 -27 -11 -26 -13 -26 -15 -25
2025-04-02 16:05:59,CSI_DATA,STA,D8:B1:90:DB:E8:90,-54,11,1,7,0,0,1,0,0,0,1,-95,0,3,0,3640655198,0,110,0,0,93835.4,256,[110 96 6 0 30 -4 28 -4 27 -4 24 -4 20 -5 17 -6 13 -7 9 -9 5 -11 1 -12 -3 -14 -6 -16 -9 -17 -11 -18 -13 -18 -14 -20 -15 -20 -15 -20 -13 -20 -12 -19 -10 -19 -9 -19 -6 -18 -3 -18 0 -17 0 0 0 0 0 0 0 0 0 0 0 0 0 0 0 0 0 0 0 0 0 0 18 3 18 3 17 3 16 2 17 0 16 -2 16 -4 16 -6 15 -8 15 -11 15 -13 15 -15 15 -17 16 -19 15 -20 16 -21 16 -21 18 -21 18 -22 20 -20 21 -20 24 -18 25 -16 27 -14 28 -12 30 -10
2025-04-02 16:06:00,CSI_DATA,STA,D8:B1:90:DB:E8:90,-53,11,1,7,0,0,1,1,0,0,1,-95,0,3,0,3641156933,0,110,0,0,93835.9,256,[110 96 6 0 1 -29 1 -28 2 -28 1 -27 1 -26 0 -26 0 -26 0 -26 -1 -26 -1 -25 -2 -25 -2 -23 -2 -23 -2 -23 -2 -22 -2 -23 -1 -22 -2 -21 -1 -20 -1 -19 -1 -18 0 -18 0 -17 1 -17 2 -16 0 0 0 0 0 0 0 0 0 0 0 0 0 0 0 0 0 0 0 0 0 0 -2 -17 -1 -17 -1 -18 0 -18 1 -19 1 -20 2 -20 2 -21 2 -22 3 -22 4 -23 5 -23 4 -24 5 -24 5 -24 5 -25 4 -25 4 -25 4 -25 4 -26 3 -26 3 -26 2 -29 2 -28 2 -29 3 -28 ]
2025-04-02 16:06:00,CSI_DATA,STA,D8:B1:90:DB:E8:90,-53,11,1,7,0,0,1,1,0,0,1,-95,0,3,0,3642166470,0,110,0,0,93836.9,256,[110 96 6 0 1 -29 1 -29 1 -27 1 -28 0 -27 0 -27 0 -26 -2 -26 -2 -25 -3 -25 -3 -25 -4 -24 -4 -24 -4 -23 -3 -23 -4 -22 -4 -22 -3 -21 -3 -21 -2 -19 -2 -19 -1 -18 -1 -18 0 -17 0 -17 0 0 0 0 0 0 0 0 0 0 0 0 0 0 0 0 0 0 0 0 0 0 -3 -20 -2 -18 0 -20 0 -20 0 -21 0 -20 1 -22 2 -22 2 -23 3 -23 4 -24 4 -25 4 -25 4 -25 3 -25 4 -25 3 -25 3 -25 3 -27 3 -27 2 -27 1 -28 2 -27 2 -27 2 -27 2 -28 ]
2025-04-02 16:06:01,CSI_DATA,STA,D8:B1:90:DB:E8:90,-53,11,1,7,0,0,1,0,0,0,1,-95,0,3,0,3642665182,0,110,0,0,93837.4,256,[110 96 6 0 -21 -25 -20 -23 -18 -22 -17 -20 -16 -16 -16 -13 -15 -9 -15 -5 -15 0 -15 4 -15 8 -15 11 -14 15 -15 17 -15 19 -16 20 -16 20 -16 19 -16 18 -17 17 -17 14 -17 13 -17 10 -17 7 -17 4 0 0 0 0 0 0 0 0 0 0 0 0 0 0 0 0 0 0 0 0 0 0 -14 -16 -13 -16 -13 -16 -13 -15 -14 -14 -15 -13 -16 -12 -18 -10 -19 -9 -21 -8 -22 -6 -24 -5 -26 -4 -27 -3 -28 -3 -28 -3 -29 -3 -30 -4 -30 -5 -30 -7 -31 -9 -30 -11
2025-04-02 16:06:02,CSI_DATA,STA,D8:B1:90:DB:E8:90,-53,11,1,7,0,0,1,1,0,0,1,-95,0,3,0,3643166193,0,110,0,0,93837.9,256,[110 96 6 0 19 -21 19 -21 19 -20 18 -20 17 -20 17 -20 16 -20 15 -20 15 -20 14 -20 13 -20 14 -20 13 -20 13 -19 13 -19 12 -18 12 -17 12 -17 11 -16 11 -15 11 -14 10 -13 10 -13 11 -13 11 -12 0 0 0 0 0 0 0 0 0 0 0 0 0 0 0 0 0 0 0 0 0 0 8 -15 10 -14 11 -14 11 -14 12 -14 13 -15 14 -15 15 -16 16 -15 17 -16 18 -16 18 -15 19 -15 19 -15 18 -15 19 -15 19 -16 19 -16 20 -18 19 -18 19 -19 20 -20 19 -19 19
2025-04-02 16:06:05,CSI_DATA,STA,D8:B1:90:DB:E8:90,-53,11,1,7,0,0,1,0,0,0,1,-95,0,3,0,3646170101,0,110,0,0,93840.9,256,[110 96 6 0 32 6 30 6 28 5 26 4 23 2 20 0 18 -3 15 -6 12 -9 9 -12 6 -15 5 -18 3 -20 1 -22 0 -24 0 -24 0 -25 1 -25 1 -24 3 -23 4 -22 5 -20 7 -18 9 -17 11 -14 0 0 0 0 0 0 0 0 0 0 0 0 0 0 0 0 0 0 0 0 0 0 20 4 20 5 19 5 19 3 19 2 18 1 18 -1 19 -3 20 -5 20 -7 20 -9 20 -11 21 -13 21 -14 22 -15 22 -15 23 -16 25 -15 26 -15 27 -13 29 -12 30 -10 31 -8 32 -5 33 -3 34 0 ]
2025-04-02 16:06:05,CSI_DATA,STA,00:00:00:00:00:00,-54,11,0,0,0,0,0,0,0,0,0,-95,0,3,0,3646458873,0,14,0,0,93841.2,128,[14 -32 0 0 -16 -28 -15 -27 -14 -24 -13 -22 -13 -18 -13 -15 -13 -11 -13 -7 -13 -2 -14 1 -14 5 -14 9 -14 12 -14 14 -15 16 -15 17 -16 17 -16 17 -16 16 -16 15 -16 12 -17 10 -17 8 -17 6 -17 3 0 0 0 0 0 0 0 0 0 0 0 0 0 0 0 0 0 0 0 0 0 0 -6 -20 -5 -19 -6 -19 -6 -17 -7 -17 -9 -16 -10 -15 -12 -14 -14 -13 -16 -12 -18 -10 -20 -10 -21 -10 -22 -10 -24 -9 -25 -9 -25 -10 -26 -11 -26 -12 -26 -13 -26 -16 -25
2025-04-02 16:06:10,CSI_DATA,STA,D8:B1:90:DB:E8:90,-54,11,1,7,0,0,1,0,0,0,1,-95,0,3,0,3651678169,0,110,0,0,93846.4,256,[110 96 6 0 34 0 33 1 31 1 29 1 26 -1 23 -3 20 -6 17 -8 14 -11 11 -14 8 -16 5 -18 3 -21 2 -23 0 -23 0 -24 0 -24 0 -24 1 -23 2 -22 3 -21 5 -19 7 -17 9 -15 11 -13 0 0 0 0 0 0 0 0 0 0 0 0 0 0 0 0 0 0 0 0 0 0 22 -5 22 -4 21 -5 21 -5 21 -6 21 -7 20 -9 20 -11 20 -12 19 -14 19 -16 19 -17 19 -19 18 -20 18 -21 19 -21 20 -21 21 -21 22 -20 24 -19 26 -17 28 -16 30 -14 31 -10 33 -8 35 -5 ]
2025-04-02 16:06:16,CSI_DATA,STA,D8:B1:90:DB:E8:90,-53,11,1,7,0,0,1,0,0,0,1,-95,0,3,0,3657194390,0,110,0,0,93851.9,256,[110 96 6 0 22 29 21 29 20 27 20 25 20 22 19 19 20 15 20 11 20 7 20 3 20 0 21 -3 21 -5 21 -7 21 -8 21 -8 20 -8 20 -8 19 -6 18 -5 17 -3 16 0 15 2 15 4 14 7 0 0 0 0 0 0 0 0 0 0 0 0 0 0 0 0 0 0 0 0 0 0 21 13 20 15 19 15 20 14 19 13 20 13 20 11 20 9 21 8 21 7 21 5 22 3 23 2 23 1 24 0 24 0 25 0 25 1 26 3 26 5 27 8 27 11 27 14 27 18 26 22 25 25 ]
2025-04-02 16:06:18,CSI_DATA,STA,D8:B1:90:DB:E8:90,-53,11,1,7,0,0,1,0,0,0,1,-95,0,3,0,3659703166,0,110,0,0,93854.4,256,[110 96 6 0 -6 -38 -5 -35 -5 -34 -6 -31 -7 -28 -9 -25 -11 -22 -12 -19 -15 -16 -16 -12 -18 -10 -20 -8 -20 -6 -22 -5 -21 -3 -22 -4 -20 -4 -20 -5 -19 -6 -18 -7 -16 -9 -15 -11 -13 -12 -12 -14 -10 -16 0 0 0 0 0 0 0 0 0 0 0 0 0 0 0 0 0 0 0 0 0 0 -9 -24 -8 -23 -8 -24 -8 -23 -8 -22 -9 -20 -10 -20 -12 -19 -13 -18 -15 -17 -16 -16 -17 -15 -18 -15 -19 -15 -20 -15 -21 -15 -20 -16 -20 -17 -19 -19 -19 -21
2025-04-02 16:06:19,CSI_DATA,STA,D8:B1:90:DB:E8:90,-56,11,1,7,0,0,1,1,0,0,1,-95,0,3,0,3660204133,0,110,0,0,93854.9,256,[110 96 6 0 21 12 22 11 21 9 22 9 21 8 21 6 21 5 20 4 20 3 20 2 19 1 20 0 19 -1 19 -1 19 -2 18 -2 18 -3 18 -3 17 -3 17 -4 16 -4 16 -4 15 -3 15 -4 15 -3 0 0 0 0 0 0 0 0 0 0 0 0 0 0 0 0 0 0 0 0 0 0 -6 8 -6 8 -9 9 -10 10 -10 11 -10 11 -14 16 -14 17 -15 18 -15 19 -19 18 -20 19 -19 20 -20 21 27 -19 25 -20 25 -21 24 -22 17 17 18 17 18 16 19 16 19 15 20 15 20 14 21 13 ]
2025-04-02 16:06:21,CSI_DATA,STA,D8:B1:90:DB:E8:90,-56,11,1,7,0,0,1,0,0,0,1,-95,0,3,0,3662711044,0,110,0,0,93857.4,256,[110 96 6 0 -12 -27 -11 -26 -9 -23 -8 -20 -9 -17 -8 -13 -9 -10 -9 -5 -9 -1 -10 3 -10 6 -11 10 -11 13 -12 16 -12 17 -13 19 -13 19 -13 19 -13 18 -14 17 -14 15 -15 14 -15 12 -15 11 -16 8 0 0 0 0 0 0 0 0 0 0 0 0 0 0 0 0 0 0 0 0 0 0 5 -19 5 -17 5 -16 4 -15 2 -15 0 -14 -2 -14 -5 -14 -7 -13 -10 -14 -13 -14 -16 -14 -18 -15 -20 -15 -22 -15 -24 -17 -24 -17 -25 -18 -25 -18 -25 -19 -25 -21 -23 -22 -23 -
2025-04-02 16:06:25,CSI_DATA,STA,D8:B1:90:DB:E8:90,-56,11,1,7,0,0,1,0,0,0,1,-95,0,3,0,3666719091,0,110,0,0,93861.4,256,[110 96 6 0 -27 -20 -25 -20 -24 -19 -22 -17 -20 -14 -18 -11 -17 -8 -15 -4 -13 0 -11 4 -9 8 -8 12 -6 15 -5 17 -4 19 -4 21 -3 22 -4 21 -4 21 -5 20 -6 19 -7 17 -8 16 -10 14 -12 12 0 0 0 0 0 0 0 0 0 0 0 0 0 0 0 0 0 0 0 0 0 0 -9 -18 -8 -17 -8 -17 -8 -15 -9 -14 -10 -12 -11 -10 -13 -9 -15 -7 -16 -5 -18 -3 -20 -2 -22 0 -23 1 -25 2 -26 3 -27 3 -28 2 -29 2 -29 0 -30 -2 -31 -4 -31 -6 -31 -9 -31 -13 -30
2025-04-02 16:06:26,CSI_DATA,STA,D8:B1:90:DB:E8:90,-62,11,1,7,0,0,1,1,0,0,1,-95,0,3,0,3667219980,0,110,0,0,93861.9,256,[110 96 6 0 11 4 12 4 12 3 6 27 9 26 12 25 14 23 -8 -23 -10 -21 -11 -20 -13 -19 -4 -8 -5 -7 -5 -8 -6 -7 -19 7 -19 8 -18 9 -16 10 8 -15 6 -15 5 -15 4 -14 6 1 5 1 0 0 0 0 0 0 0 0 0 0 0 0 0 0 0 0 0 0 0 0 0 0 -1 23 0 23 3 16 4 16 5 16 6 16 9 18 11 17 12 17 14 16 7 17 8 17 10 16 11 15 4 16 4 15 6 15 7 14 -2 14 -1 14 0 14 1 15 -27 -9 -27 -7 -28 -4 -19 -8 ]
2025-04-02 16:06:27,CSI_DATA,STA,D8:B1:90:DB:E8:90,-53,11,1,7,0,0,1,1,0,0,1,-95,0,3,0,3668226805,0,110,0,0,93862.9,256,[110 96 6 0 12 26 13 26 13 25 13 24 13 24 13 23 13 22 13 21 13 20 13 20 14 19 13 18 13 17 14 17 13 17 13 17 13 17 12 15 12 15 10 14 10 14 9 13 9 14 8 13 8 13 0 0 0 0 0 0 0 0 0 0 0 0 0 0 0 0 0 0 0 0 0 0 11 15 10 16 10 17 9 17 9 18 9 19 9 21 9 21 9 22 9 23 8 23 8 23 8 24 8 24 9 25 9 24 9 24 10 25 10 25 10 25 11 25 11 26 11 26 12 27 13 27 12 27 ]
2025-04-02 16:06:28,CSI_DATA,STA,D8:B1:90:DB:E8:90,-54,11,1,7,0,0,1,0,0,0,1,-95,0,3,0,3669227062,0,110,0,0,93863.9,256,[110 96 6 0 31 12 30 13 29 13 27 12 25 10 22 6 20 3 17 -1 15 -4 12 -8 9 -12 7 -15 5 -18 4 -21 2 -22 2 -24 1 -24 1 -24 2 -23 3 -22 4 -20 5 -18 7 -16 8 -14 10 -12 0 0 0 0 0 0 0 0 0 0 0 0 0 0 0 0 0 0 0 0 0 0 18 10 16 10 16 10 15 9 16 8 15 6 16 4 16 1 17 -1 18 -3 18 -6 20 -8 21 -10 21 -12 22 -14 22 -15 24 -15 25 -15 26 -14 27 -12 28 -10 29 -8 30 -5 31 -1 32 2 33 6 ]
2025-04-02 16:06:29,CSI_DATA,STA,D8:B1:90:DB:E8:90,-53,11,1,7,0,0,1,1,0,0,1,-95,0,3,0,3670255040,0,110,0,0,93865,256,[110 96 6 0 26 13 25 12 25 11 25 11 24 10 24 10 23 9 24 8 24 8 23 7 23 7 23 6 22 6 21 6 21 6 21 6 19 6 19 5 18 5 18 5 16 5 16 5 16 5 14 6 14 6 0 0 0 0 0 0 0 0 0 0 0 0 0 0 0 0 0 0 0 0 0 0 10 1 10 2 18 5 19 6 19 7 19 8 20 8 21 8 21 9 22 9 20 11 21 11 21 11 21 11 22 12 22 13 22 12 22 12 23 13 23 13 24 12 25 12 25 12 25 12 26 12 27 12 ]
2025-04-02 16:06:35,CSI_DATA,STA,D8:B1:90:DB:E8:90,-55,11,1,7,0,0,1,0,0,0,1,-95,0,3,0,3676744242,0,110,0,0,93871.5,256,[110 96 6 0 -18 -36 -18 -36 -17 -32 -16 -30 -16 -26 -16 -22 -15 -18 -16 -13 -15 -8 -16 -4 -15 0 -16 4 -16 7 -15 9 -16 10 -16 11 -16 12 -17 11 -17 10 -17 9 -18 7 -18 5 -18 3 -19 1 -20 -2 0 0 0 0 0 0 0 0 0 0 0 0 0 0 0 0 0 0 0 0 0 0 -6 -24 -6 -23 -2 -22 -5 -21 -7 -20 -6 -19 -6 -14 -7 -13 -11 -12 -13 -11 -14 -11 -16 -10 -17 -7 -20 -7 -20 -8 -21 -8 -23 -8 -23 -10 -24 -13 -24 -15 -24 -18 -24 -22 -
2025-04-02 16:06:36,CSI_DATA,STA,D8:B1:90:DB:E8:90,-54,11,1,7,0,0,1,1,0,0,1,-95,0,3,0,3677245033,0,110,0,0,93872,256,[110 96 6 0 20 -21 20 -21 19 -20 19 -20 18 -20 17 -19 16 -19 16 -19 15 -19 14 -20 14 -20 13 -20 13 -20 13 -18 13 -19 13 -18 13 -18 13 -17 13 -16 12 -15 12 -14 11 -14 11 -13 11 -12 12 -11 0 0 0 0 0 0 0 0 0 0 0 0 0 0 0 0 0 0 0 0 0 0 9 -16 10 -16 10 -15 12 -15 12 -15 13 -16 14 -16 15 -16 17 -16 16 -16 17 -17 18 -17 18 -17 19 -17 19 -17 19 -17 19 -17 19 -18 19 -19 19 -19 19 -20 20 -20 18 -20 18 -2
2025-04-02 16:06:36,CSI_DATA,STA,D8:B1:90:DB:E8:90,-53,11,1,7,0,0,1,1,0,0,1,-95,0,3,0,3677746925,0,110,0,0,93872.5,256,[110 96 6 0 13 25 13 25 13 23 12 24 12 23 12 22 12 21 13 20 13 19 13 19 13 19 13 18 13 18 13 17 12 17 12 17 11 17 11 16 9 16 10 14 9 15 8 14 8 14 6 15 6 15 0 0 0 0 0 0 0 0 0 0 0 0 0 0 0 0 0 0 0 0 0 0 9 13 9 14 9 15 8 16 8 16 9 17 8 17 8 19 8 19 8 20 8 22 8 22 8 22 8 23 9 23 9 22 9 23 10 22 11 24 11 23 12 23 13 24 13 24 13 25 13 25 13 24 ]
2025-04-02 16:06:37,CSI_DATA,STA,D8:B1:90:DB:E8:90,-54,11,1,7,0,0,1,1,0,0,1,-95,0,3,0,3678244748,0,110,0,0,93873,256,[110 96 6 0 -27 11 -28 13 -25 12 -26 12 -25 12 -24 12 -23 12 -23 12 -22 12 -21 13 -21 13 -20 13 -20 13 -19 12 -19 12 -18 13 -18 12 -18 11 -17 10 -16 10 -16 10 -15 9 -15 9 -14 8 -15 7 0 0 0 0 0 0 0 0 0 0 0 0 0 0 0 0 0 0 0 0 0 0 -15 10 -16 10 -16 9 -17 9 -17 8 -19 8 -19 8 -20 8 -20 8 -21 8 -22 8 -22 8 -23 8 -23 7 -24 8 -24 8 -24 8 -24 8 -25 9 -25 9 -25 10 -26 10 -26 12 -27 12 -27 12 -26 12 ]
2025-04-02 16:06:42,CSI_DATA,STA,D8:B1:90:DB:E8:90,-53,11,1,6,0,0,1,0,0,0,1,-95,0,3,0,3683250410,0,110,0,0,93878,256,[110 96 6 0 24 -25 24 -23 24 -22 22 -21 19 -21 16 -21 12 -20 8 -20 5 -21 1 -20 -3 -21 -7 -21 -9 -21 -11 -21 -12 -21 -13 -22 -13 -21 -12 -21 -11 -20 -10 -19 -7 -19 -5 -17 -3 -17 0 -16 3 -15 0 0 0 0 0 0 0 0 0 0 0 0 0 0 0 0 0 0 0 0 0 0 9 -20 10 -19 11 -19 10 -19 10 -19 8 -19 7 -19 5 -20 3 -20 1 -21 -1 -22 -2 -22 -4 -23 -5 -24 -6 -24 -6 -25 -6 -25 -5 -26 -4 -27 -2 -27 1 -28 4 -28 7 -29 11 -28 15 -
2025-04-02 16:06:42,CSI_DATA,STA,D8:B1:90:DB:E8:90,-53,11,1,7,0,0,1,0,0,0,0,-95,0,3,0,3683750616,0,110,0,0,93878.5,256,[110 96 6 0 -13 24 -13 24 -13 23 -13 24 -12 23 -11 23 -11 23 -11 23 -10 22 -10 22 -9 22 -9 22 -8 22 -8 21 -8 21 -8 20 -9 19 -7 18 -7 18 -8 17 -8 16 -8 15 -8 15 -8 15 -9 14 0 0 0 0 0 0 0 0 0 0 0 0 0 0 0 0 0 0 0 0 0 0 -6 17 -7 16 -7 16 -9 17 -9 17 -10 17 -11 17 -12 18 -12 18 -13 18 -14 19 -14 19 -14 19 -14 20 -14 20 -15 20 -15 20 -14 20 -14 21 -14 21 -14 22 -14 23 -13 24 -13 24 -14 25 -13 25 ]
2025-04-02 16:06:43,CSI_DATA,STA,D8:B1:90:DB:E8:90,-60,11,1,6,0,0,1,0,0,0,1,-95,0,3,0,3684750279,0,110,0,0,93879.5,256,[110 96 6 0 6 -16 7 -16 7 -15 -17 7 -17 6 -17 6 -17 6 33 -14 33 -13 32 -13 31 -12 -14 12 -14 11 -14 11 -14 10 -1 -16 -1 -15 -1 -15 0 -15 10 -4 10 -4 10 -3 9 -2 11 8 10 9 0 0 0 0 0 0 0 0 0 0 0 0 0 0 0 0 0 0 0 0 0 0 11 4 11 6 5 -9 5 -9 5 -9 5 -9 -20 21 -21 21 -23 21 -24 21 -14 17 -14 16 -15 16 -15 16 11 6 11 5 12 5 12 4 5 -23 5 -23 5 -23 5 -24 -4 -34 -4 -34 -3 -34 11 11 ]
2025-04-02 16:06:44,CSI_DATA,STA,D8:B1:90:DB:E8:90,-55,11,1,7,0,0,1,0,0,0,1,-93,0,3,0,3685250823,0,110,0,0,93880,256,[110 96 6 0 -22 27 -23 26 -22 25 -20 24 -18 23 -15 22 -11 22 -8 21 -4 20 0 20 4 20 7 20 10 19 11 19 13 19 13 19 13 19 12 18 11 18 9 17 7 16 5 16 2 15 0 15 -3 14 0 0 0 0 0 0 0 0 0 0 0 0 0 0 0 0 0 0 0 0 0 0 -8 23 -9 22 -8 20 -9 21 -7 20 -6 20 -5 20 -3 19 -1 20 1 21 3 20 4 21 6 22 7 22 8 21 8 22 8 23 7 23 6 24 4 26 1 26 -2 27 -5 28 -9 28 -13 29 -16 29 ]
2025-04-02 16:06:48,CSI_DATA,STA,D8:B1:90:DB:E8:90,-54,11,1,7,0,0,1,0,0,0,1,-95,0,3,0,3689258205,0,110,0,0,93884,256,[110 96 6 0 -28 28 -29 28 -28 26 -27 25 -24 24 -21 24 -17 23 -13 23 -9 22 -5 22 0 22 3 22 5 22 8 21 9 21 10 21 9 20 8 20 7 19 5 18 3 18 1 17 -1 16 -4 15 -6 15 0 0 0 0 0 0 0 0 0 0 0 0 0 0 0 0 0 0 0 0 0 0 -11 22 -13 21 -13 21 -12 20 -11 20 -10 20 -9 19 -7 19 -5 20 -3 20 -1 20 1 21 3 22 4 22 5 22 5 23 5 24 4 24 2 26 0 26 -3 28 -7 29 -10 29 -13 30 -17 30 -22 30 ]
2025-04-02 16:06:51,CSI_DATA,STA,D8:B1:90:DB:E8:90,-55,11,1,7,0,0,1,0,0,0,1,-96,0,3,0,3692775100,0,110,0,0,93887.5,256,[110 96 6 0 37 1 36 3 37 3 35 3 33 2 30 0 27 -2 24 -3 20 -6 16 -9 12 -11 9 -14 6 -15 3 -18 1 -18 0 -20 -2 -20 -2 -20 -2 -19 -1 -18 0 -17 1 -16 3 -14 5 -12 7 -11 0 0 0 0 0 0 0 0 0 0 0 0 0 0 0 0 0 0 0 0 0 0 21 -2 20 -1 20 -1 19 0 18 -1 17 -2 16 -3 14 -5 14 -8 12 -10 11 -12 10 -14 9 -16 9 -19 7 -20 8 -22 8 -22 9 -22 10 -22 12 -21 15 -20 18 -18 21 -16 24 -13 28 -9 31 -6 ]
2025-04-02 16:06:55,CSI_DATA,STA,D8:B1:90:DB:E8:90,-53,11,1,7,0,0,1,0,0,0,1,-95,0,3,0,3696283281,0,110,0,0,93891,256,[110 96 6 0 -22 -21 -22 -21 -22 -20 -22 -19 -23 -18 -23 -17 -22 -17 -22 -16 -22 -16 -22 -16 -22 -15 -22 -14 -22 -14 -22 -13 -21 -13 -20 -12 -19 -12 -18 -12 -17 -11 -17 -12 -16 -12 -16 -12 -15 -12 -14 -12 -13 -12 0 0 0 0 0 0 0 0 0 0 0 0 0 0 0 0 0 0 0 0 0 0 -16 -11 -16 -12 -16 -13 -16 -14 -16 -15 -17 -16 -17 -16 -17 -17 -17 -18 -18 -19 -17 -20 -18 -20 -18 -21 -17 -21 -18 -21 -18 -21 -18 -21 -19
2025-04-02 16:06:58,CSI_DATA,STA,D8:B1:90:DB:E8:90,-53,11,1,7,0,0,1,0,0,0,1,-95,0,3,0,3699291214,0,110,0,0,93894,256,[110 96 6 0 12 -25 12 -26 11 -24 12 -25 11 -25 11 -25 10 -24 9 -23 8 -23 8 -23 7 -23 6 -22 6 -22 6 -21 7 -21 6 -21 7 -20 7 -20 7 -19 6 -17 7 -17 6 -16 6 -16 6 -15 7 -15 0 0 0 0 0 0 0 0 0 0 0 0 0 0 0 0 0 0 0 0 0 0 4 -16 6 -16 5 -17 6 -18 6 -18 8 -19 9 -20 9 -20 10 -20 11 -21 11 -20 11 -20 11 -21 12 -21 12 -23 12 -23 12 -23 12 -23 11 -24 12 -23 11 -24 12 -25 12 -24 12 -25 12 -26 12 -26 ]
2025-04-02 16:06:59,CSI_DATA,STA,D8:B1:90:DB:E8:90,-53,11,1,7,0,0,1,0,0,0,1,-95,0,3,0,3700793369,0,110,0,0,93895.5,256,[110 96 6 0 -31 8 -31 9 -29 9 -28 10 -27 10 -27 10 -26 10 -26 10 -25 10 -24 10 -24 10 -23 11 -23 11 -23 10 -22 10 -22 9 -21 9 -21 8 -20 7 -20 7 -20 6 -19 5 -18 5 -18 4 -18 3 0 0 0 0 0 0 0 0 0 0 0 0 0 0 0 0 0 0 0 0 0 0 -17 9 -18 9 -19 8 -20 8 -20 8 -22 7 -22 7 -23 7 -24 7 -25 6 -26 7 -26 6 -27 6 -27 6 -27 6 -28 6 -28 7 -28 7 -28 7 -28 7 -28 8 -28 7 -29 9 -30 9 -30 9 -29 10 ]
2025-04-02 16:07:00,CSI_DATA,STA,D8:B1:90:DB:E8:90,-54,11,1,7,0,0,1,1,1,0,1,-95,0,3,0,3701291915,0,110,0,0,93896,384,[110 96 6 0 31 -22 31 -21 32 -20 29 -19 27 -19 24 -19 20 -19 16 -20 12 -20 7 -21 3 -22 -1 -22 -4 -22 -7 -23 -8 -23 -9 -23 -9 -22 -9 -22 -8 -21 -7 -20 -5 -19 -2 -17 0 -16 3 -15 5 -13 0 0 0 0 0 0 0 0 0 0 0 0 0 0 0 0 0 0 0 0 0 0 12 -21 13 -20 13 -20 12 -19 12 -19 10 -19 9 -19 8 -19 6 -20 3 -20 1 -21 -1 -21 -3 -23 -4 -23 -6 -24 -6 -25 -6 -24 -5 -26 -4 -26 -2 -27 1 -27 5 -27 10 -27 14 -27 19 -26 23
2025-04-02 16:07:05,CSI_DATA,STA,00:00:00:00:00:00,-56,11,0,0,0,0,0,0,0,0,0,-95,0,3,0,3706458894,0,14,0,0,93901.2,128,[14 -32 0 0 -11 -34 -10 -35 -9 -33 -9 -33 -9 -30 -10 -27 -10 -23 -12 -19 -12 -14 -14 -10 -15 -6 -16 -2 -17 2 -17 5 -17 7 -18 9 -18 10 -18 10 -17 9 -16 8 -16 7 -15 5 -15 2 -14 0 -13 -3 0 0 0 0 0 0 0 0 0 0 0 0 0 0 0 0 0 0 0 0 0 0 -7 -20 -6 -20 -5 -20 -6 -19 -6 -18 -6 -17 -8 -15 -9 -13 -11 -11 -12 -10 -15 -8 -16 -6 -18 -4 -20 -3 -21 -2 -22 -2 -23 -2 -23 -2 -24 -4 -23 -6 -23 -9 -22 -12 -21 -15 -2
2025-04-02 16:07:06,CSI_DATA,STA,D8:B1:90:DB:E8:90,-53,11,1,7,0,0,1,0,0,0,1,-95,0,3,0,3707304950,0,110,0,0,93902,256,[110 96 6 0 0 30 0 31 0 29 0 29 1 28 1 27 1 26 1 26 2 24 2 25 2 24 3 24 3 23 3 22 3 22 2 21 2 20 1 19 1 19 0 19 0 18 0 17 0 16 0 16 -1 16 0 0 0 0 0 0 0 0 0 0 0 0 0 0 0 0 0 0 0 0 0 0 4 15 4 16 3 17 3 18 2 19 2 20 1 21 1 22 0 23 0 23 -1 23 -1 24 -1 24 -1 25 -1 25 -1 25 -1 26 -2 26 -2 27 -1 27 -1 27 -1 28 0 28 0 30 -1 30 1 30 ]
2025-04-02 16:07:09,CSI_DATA,STA,D8:B1:90:DB:E8:90,-61,11,1,7,0,0,1,0,0,0,1,-95,0,3,0,3710313152,0,110,0,0,93905,256,[110 96 6 0 -15 -8 -15 -8 -15 -7 9 23 10 22 10 21 10 20 2 8 2 8 2 8 2 8 -3 2 -2 2 -2 2 -1 1 -10 -18 -9 -17 -9 -17 -9 -16 -6 -16 -6 -16 -6 -15 -6 -15 -4 -12 -3 -12 0 0 0 0 0 0 0 0 0 0 0 0 0 0 0 0 0 0 0 0 0 0 5 14 5 15 -1 21 -2 22 -1 23 -1 24 -1 -16 -1 -16 -1 -17 -1 -18 25 -9 25 -10 24 -10 24 -11 16 -15 16 -16 15 -17 14 -18 -11 2 -11 2 -11 2 -11 2 -24 -5 -25 -5 -25 -5 -13 -1 ]
2025-04-02 16:07:10,CSI_DATA,STA,D8:B1:90:DB:E8:90,-56,11,1,7,0,0,1,1,1,0,1,-95,0,3,0,3711316679,0,110,0,0,93906,384,[110 96 6 0 15 -33 17 -33 18 -31 17 -30 15 -29 13 -27 10 -25 6 -23 3 -21 -1 -18 -5 -17 -9 -14 -12 -12 -15 -10 -17 -9 -19 -8 -20 -7 -20 -7 -19 -6 -19 -7 -17 -7 -15 -8 -13 -9 -11 -10 -8 -11 0 0 0 0 0 0 0 0 0 0 0 0 0 0 0 0 0 0 0 0 0 0 7 -21 9 -20 9 -20 9 -19 8 -19 7 -18 5 -17 3 -17 0 -17 -2 -17 -5 -16 -7 -16 -10 -16 -13 -17 -15 -17 -16 -17 -17 -18 -16 -19 -16 -20 -15 -21 -13 -23 -10 -25 -6 -26 -2
2025-04-02 16:07:13,CSI_DATA,STA,D8:B1:90:DB:E8:90,-52,11,1,7,0,0,1,0,0,0,1,-95,0,3,0,3714822045,0,110,0,0,93909.5,256,[110 96 6 0 26 -2 26 -3 25 -3 25 -4 24 -4 24 -4 23 -5 23 -6 22 -6 21 -6 21 -6 21 -7 21 -7 20 -7 20 -7 19 -5 19 -6 18 -6 18 -5 17 -5 16 -5 16 -4 15 -4 15 -3 15 -2 0 0 0 0 0 0 0 0 0 0 0 0 0 0 0 0 0 0 0 0 0 0 15 -5 17 -1 17 -2 18 -2 18 -2 19 -1 19 -1 20 0 21 0 21 0 22 1 22 1 22 1 23 1 22 2 22 1 22 0 22 1 24 0 24 0 24 0 25 0 26 -1 26 -2 27 -2 26 -2 ]
2025-04-02 16:07:19,CSI_DATA,STA,D8:B1:90:DB:E8:90,-61,11,1,7,0,0,1,0,0,0,1,-95,0,3,0,3720327341,0,110,0,0,93915,256,[110 96 6 0 29 -17 28 -19 26 -19 9 29 10 27 11 25 12 24 15 -15 13 -16 13 -17 12 -17 -7 19 -6 20 -5 19 -4 19 -13 5 -12 6 -13 6 -11 6 13 -4 13 -5 12 -5 13 -6 0 -14 0 -15 0 0 0 0 0 0 0 0 0 0 0 0 0 0 0 0 0 0 0 0 0 0 -6 -4 -6 -5 -26 -5 -27 -5 -27 -4 -28 -4 -8 -13 -7 -14 -8 -14 -8 -14 -16 -11 -16 -11 -16 -10 -16 -10 4 -15 4 -15 4 -15 4 -15 6 -16 5 -16 5 -16 4 -17 -15 -12 -16 -11 -17 -10 -9 -3 ]
2025-04-02 16:07:20,CSI_DATA,STA,D8:B1:90:DB:E8:90,-56,11,1,7,0,0,1,1,1,0,1,-95,0,3,0,3721327896,0,110,0,0,93916,384,[110 96 6 0 28 -16 27 -15 27 -14 24 -13 21 -14 18 -13 14 -14 9 -14 6 -14 1 -15 -3 -15 -7 -16 -10 -16 -13 -17 -15 -17 -17 -18 -17 -17 -17 -17 -16 -17 -14 -17 -12 -17 -10 -17 -8 -17 -5 -17 -2 -16 0 0 0 0 0 0 0 0 0 0 0 0 0 0 0 0 0 0 0 0 0 0 19 -10 18 -8 18 -9 17 -8 17 -9 15 -10 14 -11 12 -13 11 -14 10 -17 8 -18 7 -20 6 -22 5 -23 4 -24 4 -26 4 -26 5 -28 6 -27 8 -27 10 -27 13 -26 16 -26 19 -24 22 -
2025-04-02 16:07:21,CSI_DATA,STA,D8:B1:90:DB:E8:90,-54,11,1,7,0,0,1,0,0,0,1,-95,0,3,0,3722327175,0,110,0,0,93917,256,[110 96 6 0 12 -28 12 -28 11 -27 11 -27 10 -26 10 -26 9 -26 8 -25 8 -24 7 -24 6 -24 6 -24 6 -23 6 -22 6 -22 5 -21 5 -20 5 -20 5 -19 5 -18 5 -18 5 -17 6 -16 6 -15 6 -15 0 0 0 0 0 0 0 0 0 0 0 0 0 0 0 0 0 0 0 0 0 0 4 -18 5 -18 7 -18 7 -19 7 -19 9 -20 9 -19 10 -20 11 -20 11 -21 13 -22 13 -22 13 -22 14 -22 13 -22 13 -23 12 -23 12 -23 13 -25 12 -25 12 -25 12 -26 12 -26 12 -27 12 -27 13 -28 ]
2025-04-02 16:07:21,CSI_DATA,STA,D8:B1:90:DB:E8:90,-55,11,1,7,0,0,1,1,1,0,1,-95,0,3,0,3722827816,0,110,0,0,93917.5,384,[110 96 6 0 11 -37 12 -36 12 -34 10 -32 9 -29 7 -26 3 -23 0 -21 -3 -18 -8 -14 -11 -12 -14 -9 -17 -7 -19 -4 -21 -3 -23 -2 -23 -2 -23 -2 -23 -2 -22 -3 -22 -4 -20 -6 -18 -7 -17 -10 -15 -12 0 0 0 0 0 0 0 0 0 0 0 0 0 0 0 0 0 0 0 0 0 0 14 -19 15 -17 15 -17 14 -16 13 -16 12 -15 10 -15 8 -15 5 -16 2 -17 -1 -18 -4 -19 -6 -20 -9 -22 -11 -23 -12 -25 -13 -25 -13 -27 -13 -28 -11 -30 -10 -32 -7 -34 -5 -35
2025-04-02 16:07:22,CSI_DATA,STA,D8:B1:90:DB:E8:90,-53,11,1,7,0,0,1,0,0,0,1,-95,0,3,0,3723828413,0,110,0,0,93918.5,256,[110 96 6 0 -25 -13 -25 -13 -25 -12 -25 -11 -25 -10 -25 -10 -24 -9 -23 -8 -23 -8 -23 -7 -22 -7 -23 -7 -23 -7 -22 -6 -22 -6 -21 -7 -20 -6 -20 -6 -19 -7 -17 -7 -17 -7 -16 -6 -16 -7 -15 -7 -15 -8 0 0 0 0 0 0 0 0 0 0 0 0 0 0 0 0 0 0 0 0 0 0 -18 -4 -17 -6 -17 -7 -17 -8 -18 -10 -18 -10 -19 -10 -20 -11 -20 -12 -20 -13 -21 -13 -21 -14 -21 -15 -21 -14 -21 -14 -22 -14 -22 -14 -22 -14 -22 -14 -22 -14 -
