2025-05-21 13:55:10,CSI_DATA,STA,D8:B1:90:DB:E8:90,-40,11,1,7,0,0,1,0,0,0,1,-95,0,2,0,38054630,0,110,0,0,81642.8,256,[110 96 6 0 23 8 21 7 23 7 23 7 22 7 22 5 22 5 22 3 23 3 23 3 23 2 24 3 24 3 25 4 25 4 24 4 24 5 23 5 23 5 22 5 22 6 22 6 21 7 22 8 21 10 0 0 0 0 0 0 0 0 0 0 0 0 0 0 0 0 0 0 0 0 0 0 18 8 13 7 16 8 17 9 17 11 15 11 15 12 16 11 17 12 17 13 16 13 15 14 14 13 15 11 18 10 15 10 18 13 16 14 17 8 20 9 22 11 20 11 20 10 20 8 22 8 21 8 ]
2025-05-21 13:55:14,CSI_DATA,STA,D8:B1:90:DB:E8:90,-44,11,1,7,0,0,1,0,0,0,1,-95,0,2,0,41569770,0,110,0,0,81646.3,256,[110 96 6 0 -27 -6 -27 -5 -26 -5 -25 -4 -24 -4 -24 -4 -24 -3 -25 -3 -25 -3 -25 -2 -25 -3 -25 -2 -25 -1 -25 -2 -25 -2 -24 -1 -24 -2 -23 -2 -23 -3 -24 -4 -24 -5 -23 -5 -23 -5 -21 -7 -21 -9 0 0 0 0 0 0 0 0 0 0 0 0 0 0 0 0 0 0 0 0 0 0 -19 -5 -18 -6 -19 -7 -19 -8 -19 -9 -19 -9 -19 -10 -19 -10 -19 -11 -20 -12 -21 -10 -21 -11 -21 -11 -21 -11 -22 -10 -23 -9 -23 -9 -23 -9 -23 -8 -24 -8 -24 -7 -25 -8 -2
2025-05-21 13:55:14,CSI_DATA,STA,D8:B1:90:DB:E8:90,-47,11,1,7,0,0,1,1,1,0,1,-95,0,2,0,42066329,0,110,0,0,81646.8,384,[110 96 6 0 8 -37 6 -31 5 -25 4 -18 3 -11 3 -3 5 4 6 11 9 16 12 20 15 23 18 25 20 24 21 23 21 21 21 17 18 13 15 8 12 4 7 -1 3 -5 -2 -8 -7 -11 -11 -13 -15 -14 0 0 0 0 0 0 0 0 0 0 0 0 0 0 0 0 0 0 0 0 0 0 20 3 16 3 12 2 7 1 2 1 -4 0 -9 0 -14 -1 -18 0 -21 0 -24 0 -25 -1 -25 -1 -23 -1 -20 -2 -17 -4 -13 -6 -9 -10 -5 -14 -1 -18 3 -23 6 -28 8 -33 10 -37 12 -40 12 -42 ]
2025-05-21 13:55:21,CSI_DATA,STA,D8:B1:90:DB:E8:90,-42,11,1,7,0,0,1,0,0,0,1,-95,0,2,0,48587533,0,110,0,0,81653.3,256,[110 96 6 0 -5 26 -4 26 -3 25 -3 25 -2 25 -2 25 -1 25 -1 25 0 25 0 25 1 25 1 25 1 25 1 26 1 26 0 26 0 25 -1 25 -1 25 -1 24 -2 24 -3 24 -3 24 -5 24 -7 23 0 0 0 0 0 0 0 0 0 0 0 0 0 0 0 0 0 0 0 0 0 0 -3 20 -4 20 -6 20 -6 20 -7 21 -8 21 -8 22 -9 22 -9 22 -10 23 -10 22 -10 23 -10 23 -10 23 -10 22 -10 22 -10 22 -9 23 -8 24 -8 24 -8 24 -7 25 -5 25 -5 26 -5 26 -4 26 ]
2025-05-21 13:55:24,CSI_DATA,STA,D8:B1:90:DB:E8:90,-42,11,1,7,0,0,1,0,0,0,1,-95,0,2,0,51595858,0,110,0,0,81656.3,256,[110 96 6 0 -8 -24 -8 -24 -8 -23 -8 -22 -9 -22 -9 -22 -10 -22 -10 -22 -11 -22 -11 -21 -11 -21 -11 -22 -11 -22 -11 -22 -10 -23 -11 -22 -10 -22 -10 -22 -9 -22 -9 -22 -8 -22 -7 -22 -7 -22 -6 -22 -4 -23 0 0 0 0 0 0 0 0 0 0 0 0 0 0 0 0 0 0 0 0 0 0 -6 -17 -5 -18 -4 -18 -4 -19 -4 -19 -3 -20 -3 -20 -3 -21 -2 -21 -3 -22 -2 -22 -2 -22 -2 -22 -2 -22 -2 -22 -2 -22 -2 -22 -3 -22 -4 -22 -4 -22 -5 -22 -5 -23
2025-05-21 13:55:24,CSI_DATA,STA,D8:B1:90:DB:E8:90,-41,11,1,7,0,0,1,1,1,0,1,-95,0,2,0,52096922,0,110,0,0,81656.8,384,[110 96 6 0 -10 27 -9 24 -8 21 -6 16 -4 11 -1 5 1 -1 3 -7 5 -14 6 -19 7 -25 7 -29 7 -32 7 -35 7 -36 6 -36 4 -34 3 -32 2 -29 0 -26 -2 -22 -4 -17 -6 -13 -7 -9 -8 -5 0 0 0 0 0 0 0 0 0 0 0 0 0 0 0 0 0 0 0 0 0 0 -4 18 -5 14 -5 11 -3 6 -1 2 1 -3 4 -7 7 -13 10 -17 13 -20 15 -23 18 -24 19 -25 19 -25 19 -23 18 -21 16 -18 14 -14 11 -9 9 -4 6 2 3 7 0 13 -2 17 -5 22 -8 25 ]
2025-05-21 13:55:25,CSI_DATA,STA,D8:B1:90:DB:E8:90,-42,11,1,7,0,0,1,1,1,0,1,-95,0,2,0,52608010,0,110,0,0,81657.3,384,[110 96 6 0 -26 17 -24 15 -21 12 -16 10 -11 7 -5 3 1 -1 6 -6 11 -10 16 -14 19 -19 22 -22 23 -26 24 -28 24 -30 22 -30 20 -30 17 -29 14 -27 10 -24 6 -22 3 -18 -1 -15 -3 -11 -6 -8 0 0 0 0 0 0 0 0 0 0 0 0 0 0 0 0 0 0 0 0 0 0 -19 8 -17 5 -13 3 -8 0 -3 -1 2 -3 8 -4 14 -6 20 -6 25 -6 29 -6 32 -5 33 -5 33 -4 31 -4 29 -3 25 -1 21 -1 15 2 9 4 3 6 -3 9 -10 12 -16 13 -21 15 -25 17 ]
2025-05-21 13:55:26,CSI_DATA,STA,D8:B1:90:DB:E8:90,-43,11,1,7,0,0,1,0,0,0,1,-95,0,2,0,53605541,0,110,0,0,81658.3,256,[110 96 6 0 -25 -6 -25 -5 -24 -5 -23 -4 -23 -4 -23 -3 -23 -3 -24 -2 -24 -1 -24 -1 -24 -1 -24 -1 -24 0 -24 0 -24 0 -24 0 -24 -1 -24 -1 -23 -2 -23 -2 -23 -3 -22 -4 -22 -5 -22 -5 -22 -7 0 0 0 0 0 0 0 0 0 0 0 0 0 0 0 0 0 0 0 0 0 0 -19 -2 -19 -3 -19 -4 -19 -5 -19 -5 -20 -6 -20 -6 -20 -7 -21 -7 -21 -8 -21 -8 -21 -9 -21 -9 -21 -9 -22 -9 -22 -9 -22 -8 -22 -8 -22 -8 -23 -7 -23 -7 -23 -7 -24 -7 -24 -7 -
2025-05-21 13:55:32,CSI_DATA,STA,D8:B1:90:DB:E8:90,-43,11,1,7,0,0,1,0,0,0,1,-95,0,2,0,59634405,0,110,0,0,81664.4,256,[110 96 6 0 10 22 11 22 11 21 11 21 11 20 12 20 12 20 12 19 13 19 13 19 13 19 13 18 13 18 14 18 13 18 13 19 12 19 12 19 12 19 11 19 11 19 10 20 9 20 7 21 6 21 0 0 0 0 0 0 0 0 0 0 0 0 0 0 0 0 0 0 0 0 0 0 7 16 6 17 5 17 5 17 4 18 4 19 4 20 4 20 4 21 4 21 3 21 3 21 3 22 3 21 4 21 4 21 5 21 5 21 6 22 6 22 7 22 8 22 9 22 9 22 9 22 10 21 ]
2025-05-21 13:55:34,CSI_DATA,STA,D8:B1:90:DB:E8:90,-43,11,1,7,0,0,1,0,0,0,1,-95,0,2,0,62144636,0,110,0,0,81666.9,256,[110 96 6 0 13 -22 13 -23 13 -22 11 -23 10 -23 10 -23 10 -23 9 -23 9 -23 8 -23 8 -23 8 -24 8 -24 8 -24 8 -24 9 -24 9 -24 9 -23 9 -23 9 -22 10 -22 10 -21 11 -21 12 -20 13 -19 0 0 0 0 0 0 0 0 0 0 0 0 0 0 0 0 0 0 0 0 0 0 10 -17 11 -17 12 -17 13 -17 14 -17 14 -17 14 -17 15 -17 16 -17 16 -17 17 -17 17 -17 17 -17 18 -18 17 -18 17 -18 16 -18 16 -19 16 -20 15 -20 15 -21 15 -21 15 -22 15 -22 15 -22 15
2025-05-21 13:55:37,CSI_DATA,STA,D8:B1:90:DB:E8:90,-43,11,1,7,0,0,1,0,0,0,1,-95,0,2,0,64663564,0,110,0,0,81669.4,256,[110 96 6 0 -3 -24 -3 -25 -3 -24 -4 -24 -4 -24 -4 -23 -5 -23 -5 -23 -6 -22 -6 -23 -7 -22 -7 -23 -7 -23 -7 -23 -7 -24 -7 -22 -7 -23 -6 -22 -5 -22 -6 -22 -5 -22 -4 -22 -4 -22 -3 -22 -1 -22 0 0 0 0 0 0 0 0 0 0 0 0 0 0 0 0 0 0 0 0 0 0 -1 -19 0 -19 1 -19 2 -20 2 -20 3 -21 3 -21 3 -21 3 -22 3 -22 4 -23 4 -23 4 -23 4 -23 3 -23 3 -23 2 -24 2 -23 2 -24 1 -24 1 -24 1 -25 0 -24 0 -25 -1 -25 -1 -24 ]
2025-05-21 13:55:38,CSI_DATA,STA,D8:B1:90:DB:E8:90,-42,11,1,7,0,0,1,1,1,0,1,-95,0,2,0,65164056,0,110,0,0,81669.9,384,[110 96 6 0 31 2 29 2 23 2 18 1 10 1 3 1 -4 1 -12 2 -19 3 -25 4 -30 7 -34 9 -38 11 -38 12 -39 14 -36 14 -33 15 -29 15 -24 14 -19 14 -13 13 -7 11 -2 10 3 8 7 7 0 0 0 0 0 0 0 0 0 0 0 0 0 0 0 0 0 0 0 0 0 0 17 11 13 10 10 8 6 5 1 1 -3 -3 -7 -7 -12 -11 -16 -15 -19 -19 -22 -22 -24 -25 -24 -26 -25 -26 -23 -26 -20 -24 -17 -22 -12 -19 -7 -17 -2 -13 5 -11 11 -8 17 -6 23 -3 28 -1 32 0 ]
2025-05-21 13:55:43,CSI_DATA,STA,D8:B1:90:DB:E8:90,-43,11,1,7,0,0,1,0,0,0,1,-94,0,2,0,71203385,0,110,0,0,81675.9,256,[110 96 6 0 -14 18 -14 19 -13 18 -12 18 -12 18 -11 18 -11 19 -10 19 -10 19 -9 19 -9 19 -9 19 -9 19 -9 19 -9 19 -9 20 -9 19 -10 19 -10 18 -10 18 -10 18 -10 17 -11 17 -11 16 -13 15 0 0 0 0 0 0 0 0 0 0 0 0 0 0 0 0 0 0 0 0 0 0 -10 14 -11 14 -11 14 -12 13 -12 13 -13 13 -14 14 -14 14 -15 14 -15 14 -15 14 -15 14 -15 14 -16 14 -15 15 -16 15 -16 15 -15 15 -15 16 -15 16 -15 16 -15 17 -14 18 -14 18 -14 1
2025-05-21 13:55:48,CSI_DATA,STA,D8:B1:90:DB:E8:90,-40,11,1,7,0,0,1,0,0,0,1,-95,0,2,0,75713861,0,110,0,0,81680.5,256,[110 96 6 0 -24 -4 -24 -3 -24 -3 -23 -3 -23 -2 -23 -2 -22 -1 -22 0 -22 0 -22 0 -22 1 -23 1 -23 2 -23 1 -22 1 -22 1 -22 1 -22 1 -21 0 -21 -1 -21 -1 -21 -1 -20 -1 -21 -3 -20 -4 0 0 0 0 0 0 0 0 0 0 0 0 0 0 0 0 0 0 0 0 0 0 -19 0 -19 -2 -19 -2 -19 -3 -19 -3 -20 -5 -20 -5 -21 -5 -21 -5 -22 -6 -21 -6 -22 -6 -22 -7 -22 -7 -22 -7 -22 -7 -22 -6 -22 -5 -22 -5 -22 -5 -24 -4 -24 -5 -23 -4 -24 -4 -24 -4 -24
2025-05-21 13:55:49,CSI_DATA,STA,D8:B1:90:DB:E8:90,-41,11,1,7,0,0,1,1,1,0,1,-95,0,2,0,76714313,0,110,0,0,81681.5,384,[110 96 6 0 -24 22 -22 20 -18 16 -13 13 -8 8 -2 3 3 -3 8 -9 12 -14 15 -20 18 -26 19 -30 19 -34 18 -36 18 -38 16 -36 14 -35 11 -31 8 -27 6 -22 3 -16 1 -10 -1 -5 -3 0 -4 5 0 0 0 0 0 0 0 0 0 0 0 0 0 0 0 0 0 0 0 0 0 0 -18 -5 -15 -4 -12 -3 -8 0 -3 2 1 5 6 8 11 11 16 13 19 16 23 18 25 19 26 20 27 20 26 20 24 18 21 18 17 17 13 17 7 18 1 18 -5 19 -11 20 -16 21 -20 22 -24 23 ]
2025-05-21 13:55:50,CSI_DATA,STA,D8:B1:90:DB:E8:90,-40,11,1,7,0,0,1,0,0,0,1,-95,0,2,0,77726798,0,110,0,0,81682.5,256,[110 96 6 0 -6 21 -5 21 -4 21 -5 20 -4 20 -4 19 -3 19 -2 20 -2 20 -2 20 -1 21 -2 19 -1 19 -2 20 -1 19 -1 20 -1 19 -1 20 -2 19 -3 19 -2 18 -3 18 -4 18 -5 19 -6 18 0 0 0 0 0 0 0 0 0 0 0 0 0 0 0 0 0 0 0 0 0 0 -3 17 -4 17 -5 17 -5 16 -6 17 -7 17 -8 18 -8 19 -9 19 -9 19 -9 18 -9 19 -9 18 -10 18 -9 20 -10 19 -9 20 -9 19 -8 19 -8 20 -7 20 -7 21 -7 21 -7 21 -6 20 -6 22 ]
2025-05-21 13:55:54,CSI_DATA,STA,D8:B1:90:DB:E8:90,-41,11,1,7,0,0,1,0,0,0,1,-95,0,2,0,81753457,0,110,0,0,81686.5,256,[110 96 6 0 -4 23 -4 23 -3 22 -3 22 -2 22 -2 22 -2 21 -1 21 -1 21 -1 21 0 21 0 21 0 22 0 21 0 22 0 22 0 21 -1 21 -1 21 -2 21 -2 21 -2 20 -4 20 -4 20 -6 20 0 0 0 0 0 0 0 0 0 0 0 0 0 0 0 0 0 0 0 0 0 0 -1 18 -3 18 -3 19 -4 19 -5 19 -5 19 -6 19 -6 20 -6 20 -6 20 -7 20 -8 21 -8 21 -8 21 -7 21 -8 21 -7 21 -7 21 -6 21 -6 21 -5 22 -5 22 -5 23 -5 23 -4 23 -4 23 ]
2025-05-21 13:55:55,CSI_DATA,STA,D8:B1:90:DB:E8:90,-41,11,1,7,0,0,1,1,1,0,1,-94,0,2,0,82756083,0,110,0,0,81687.5,384,[110 96 6 0 -7 27 -6 24 -5 21 -3 16 -2 10 -1 4 -1 -3 -2 -9 -2 -16 -4 -21 -7 -26 -8 -29 -12 -32 -13 -33 -15 -33 -15 -32 -15 -29 -16 -25 -14 -21 -12 -17 -9 -12 -6 -8 -2 -4 1 0 4 3 0 0 0 0 0 0 0 0 0 0 0 0 0 0 0 0 0 0 0 0 0 0 -17 -5 -14 -4 -11 -3 -7 -2 -4 0 1 2 6 4 10 6 15 6 19 8 23 8 26 9 27 9 27 8 27 8 26 8 23 7 20 8 17 9 14 12 9 14 5 17 1 20 -2 22 -5 25 -7 27 ]
2025-05-21 13:55:57,CSI_DATA,STA,D8:B1:90:DB:E8:90,-40,11,1,7,0,0,1,0,0,0,1,-95,0,2,0,84763528,0,110,0,0,81689.5,256,[110 96 6 0 -1 -26 -1 -26 -1 -25 -1 -25 -2 -24 -3 -24 -3 -24 -3 -24 -3 -24 -3 -24 -4 -24 -4 -24 -4 -24 -4 -23 -4 -24 -4 -24 -3 -24 -3 -24 -3 -23 -3 -23 -2 -23 -1 -22 -1 -22 0 -22 2 -22 0 0 0 0 0 0 0 0 0 0 0 0 0 0 0 0 0 0 0 0 0 0 -1 -20 1 -20 2 -21 3 -21 3 -21 4 -21 3 -21 4 -22 4 -23 5 -23 4 -23 5 -23 5 -23 5 -23 4 -24 4 -24 3 -24 3 -25 3 -24 2 -24 2 -25 2 -26 2 -25 2 -25 1 -26 1 -26 ]
2025-05-21 13:55:58,CSI_DATA,STA,D8:B1:90:DB:E8:90,-40,11,1,7,0,0,1,1,1,0,1,-95,0,2,0,85264482,0,110,0,0,81690,384,[110 96 6 0 -3 -32 -3 -28 -3 -24 -3 -18 -2 -12 -1 -5 2 2 5 8 9 14 14 19 18 22 22 25 26 26 29 26 30 24 31 23 30 20 28 17 25 14 20 11 15 7 10 5 5 3 0 2 -5 1 0 0 0 0 0 0 0 0 0 0 0 0 0 0 0 0 0 0 0 0 0 0 17 3 14 3 10 2 6 0 1 -1 -4 -3 -9 -4 -15 -5 -20 -6 -25 -6 -29 -7 -32 -7 -34 -6 -34 -5 -33 -5 -32 -5 -29 -5 -27 -6 -23 -8 -19 -11 -16 -14 -12 -18 -9 -23 -7 -26 -5 -30 -3 -33 ]
2025-05-21 13:56:02,CSI_DATA,STA,D8:B1:90:DB:E8:90,-40,11,1,7,0,0,1,0,0,0,1,-95,0,2,0,89785102,0,110,0,0,81694.5,256,[110 96 6 0 -27 1 -28 1 -26 2 -27 2 -26 3 -26 3 -25 4 -26 5 -25 5 -25 5 -25 6 -26 6 -26 6 -25 6 -26 6 -24 5 -24 5 -24 5 -24 4 -24 4 -24 4 -24 3 -24 2 -24 1 -24 -1 0 0 0 0 0 0 0 0 0 0 0 0 0 0 0 0 0 0 0 0 0 0 -21 0 -22 -1 -21 -2 -22 -3 -22 -3 -23 -4 -23 -4 -23 -5 -24 -5 -24 -6 -24 -6 -24 -6 -25 -6 -25 -6 -26 -6 -26 -6 -26 -5 -26 -4 -26 -4 -26 -3 -27 -2 -27 -2 -27 -2 -28 -2 -28 -1 -27 -1 ]
2025-05-21 13:56:03,CSI_DATA,STA,D8:B1:90:DB:E8:90,-39,11,1,7,0,0,1,1,1,0,1,-95,0,2,0,90784358,0,110,0,0,81695.5,384,[110 96 6 0 -18 -28 -16 -25 -14 -20 -11 -15 -7 -9 -2 -4 3 1 9 5 16 8 22 10 28 11 33 11 37 10 39 9 40 7 39 4 36 3 32 1 27 -1 21 -1 15 -2 9 -1 3 0 -2 2 -7 3 0 0 0 0 0 0 0 0 0 0 0 0 0 0 0 0 0 0 0 0 0 0 18 -4 14 -3 11 -3 6 -2 1 -2 -5 -1 -10 0 -16 1 -22 3 -26 5 -30 6 -32 8 -34 9 -34 10 -33 10 -32 9 -30 8 -27 5 -24 2 -22 -2 -20 -7 -19 -13 -19 -17 -18 -22 -18 -26 -17 -29 ]
2025-05-21 13:56:06,CSI_DATA,STA,D8:B1:90:DB:E8:90,-41,11,1,7,0,0,1,0,0,0,1,-94,0,2,0,93795688,0,110,0,0,81698.5,256,[110 96 6 0 -14 20 -14 20 -14 20 -12 20 -11 20 -11 20 -11 20 -11 20 -10 20 -10 20 -10 21 -9 20 -8 20 -8 21 -8 20 -9 21 -9 21 -9 20 -10 20 -10 19 -11 19 -11 18 -11 18 -12 17 -13 16 0 0 0 0 0 0 0 0 0 0 0 0 0 0 0 0 0 0 0 0 0 0 -11 16 -11 15 -12 15 -13 14 -14 14 -14 14 -14 15 -15 15 -16 16 -16 15 -18 16 -18 16 -18 16 -18 15 -17 16 -17 16 -17 16 -17 17 -16 17 -16 18 -16 18 -16 19 -15 20 -15 20 -15
2025-05-21 13:56:11,CSI_DATA,STA,D8:B1:90:DB:E8:90,-42,11,1,7,0,0,1,0,0,0,1,-94,0,2,0,98823431,0,110,0,0,81703.6,256,[110 96 6 0 -26 7 -25 7 -24 8 -22 8 -22 8 -21 8 -21 9 -21 9 -21 9 -21 9 -20 10 -21 10 -21 11 -20 10 -20 10 -20 9 -20 9 -20 9 -19 8 -20 8 -20 7 -20 7 -20 6 -20 5 -20 3 0 0 0 0 0 0 0 0 0 0 0 0 0 0 0 0 0 0 0 0 0 0 -18 8 -18 7 -19 6 -19 5 -20 4 -20 4 -21 4 -22 4 -23 3 -23 3 -23 3 -24 2 -24 2 -24 2 -24 3 -24 3 -24 3 -25 3 -25 5 -25 5 -25 5 -26 5 -26 7 -26 7 -26 7 -26 7 ]
2025-05-21 13:56:13,CSI_DATA,STA,D8:B1:90:DB:E8:90,-48,11,1,7,0,0,1,0,0,0,1,-94,0,2,0,100443850,0,100,0,0,81705.2,256,[100 -64 5 0 24 -8 23 -10 22 -12 16 -15 16 -15 14 -16 13 -17 21 -20 20 -21 19 -23 17 -24 -23 18 -22 19 -21 20 -20 21 10 -27 9 -27 7 -27 7 -27 14 -3 13 -3 13 -4 12 -4 -1 -3 -1 -3 0 0 0 0 0 0 0 0 0 0 0 0 0 0 0 0 0 0 0 0 0 0 -14 -8 -15 -9 -15 -9 -16 -9 -16 -9 -17 -8 -16 -10 -16 -10 -17 -9 -18 -9 17 0 17 -1 17 -1 17 -2 10 6 10 5 10 5 11 4 11 13 12 13 12 12 14 12 9 24 10 24 11 24 9 7 ]
2025-05-21 13:56:13,CSI_DATA,STA,D8:B1:90:DB:E8:90,-43,11,1,7,0,0,1,1,1,0,1,-94,0,2,0,100542187,0,382,0,0,81705.3,384,[126 97 23 0 24 29 23 26 20 20 18 15 15 8 12 0 9 -7 6 -14 3 -20 0 -26 -3 -31 -6 -34 -8 -37 -8 -37 -9 -37 -8 -34 -8 -31 -7 -27 -6 -22 -5 -16 -4 -10 -2 -4 -1 1 0 6 0 11 0 0 0 0 0 0 0 0 0 0 0 0 0 0 0 0 0 0 0 0 0 0 19 11 16 10 13 7 12 3 9 -1 8 -5 6 -10 5 -15 5 -19 4 -22 5 -25 5 -27 6 -28 7 -28 8 -26 10 -22 12 -18 13 -13 16 -7 18 -1 21 5 23 12 25 17 26 22 27 27 27 31 ]
2025-05-21 13:56:16,CSI_DATA,STA,D8:B1:90:DB:E8:90,-42,11,1,7,0,0,1,0,0,0,1,-94,0,2,0,103362518,0,110,0,0,81708.1,256,[110 96 6 0 -8 -25 -8 -24 -8 -23 -8 -24 -9 -23 -9 -23 -10 -22 -10 -21 -10 -21 -10 -20 -11 -21 -11 -21 -11 -21 -11 -20 -11 -21 -11 -21 -10 -21 -10 -21 -9 -21 -9 -21 -8 -20 -8 -21 -7 -21 -5 -21 -4 -21 0 0 0 0 0 0 0 0 0 0 0 0 0 0 0 0 0 0 0 0 0 0 -4 -18 -3 -19 -3 -19 -2 -20 -2 -20 -2 -21 -1 -21 -1 -22 -1 -22 -1 -23 -1 -24 -1 -24 -1 -24 -1 -24 -1 -23 -2 -23 -2 -24 -3 -24 -3 -24 -4 -24 -4 -24 -5 -2
2025-05-21 13:56:18,CSI_DATA,STA,D8:B1:90:DB:E8:90,-43,11,1,7,0,0,1,0,0,0,1,-94,0,2,0,105373004,0,110,0,0,81710.1,256,[110 96 6 0 9 24 9 24 9 23 9 23 10 22 10 21 10 21 10 20 11 20 11 19 11 19 12 19 12 19 12 19 12 19 12 19 11 19 11 19 10 19 10 18 9 19 9 19 8 19 7 19 6 19 0 0 0 0 0 0 0 0 0 0 0 0 0 0 0 0 0 0 0 0 0 0 8 18 7 19 6 19 6 20 5 20 5 21 5 21 4 22 4 23 4 23 4 24 3 24 3 24 4 25 4 25 4 24 4 25 4 25 5 24 6 24 6 24 6 25 7 24 8 25 8 25 8 24 ]
2025-05-21 13:56:18,CSI_DATA,STA,D8:B1:90:DB:E8:90,-43,11,1,7,0,0,1,1,1,0,1,-94,0,2,0,105577359,0,100,0,0,81710.3,384,[100 -64 5 0 -22 -32 -20 -28 -17 -23 -15 -17 -13 -10 -9 -3 -5 4 -2 11 2 17 6 21 10 25 13 29 16 30 17 30 18 29 18 27 17 25 16 21 13 16 11 12 7 7 4 3 0 -2 -3 -5 -6 -9 0 0 0 0 0 0 0 0 0 0 0 0 0 0 0 0 0 0 0 0 0 0 -6 -23 -5 -19 -4 -16 -5 -12 -6 -7 -7 -2 -9 3 -10 8 -12 13 -13 17 -15 20 -16 22 -17 23 -17 23 -18 22 -18 18 -18 14 -18 10 -19 4 -20 -2 -21 -8 -21 -15 -23 -21 -23 -26 -23 -30 -23 -34 ]
2025-05-21 13:56:18,CSI_DATA,STA,D8:B1:90:DB:E8:90,-43,11,1,7,0,0,1,1,1,0,1,-94,0,2,0,105873062,0,110,0,0,81710.6,384,[110 96 6 0 22 36 19 32 18 27 16 20 14 13 13 4 11 -4 9 -12 7 -19 5 -26 3 -32 1 -36 0 -38 -1 -40 -2 -40 -2 -38 -2 -35 -2 -31 -2 -26 -2 -20 -2 -14 -2 -8 -2 -2 -2 3 -2 9 0 0 0 0 0 0 0 0 0 0 0 0 0 0 0 0 0 0 0 0 0 0 21 12 18 11 15 9 13 5 11 1 9 -3 7 -8 6 -13 6 -18 5 -22 5 -25 6 -27 7 -28 8 -28 10 -26 11 -23 13 -18 15 -13 17 -7 19 0 21 7 23 15 25 21 25 27 26 32 25 36 ]
2025-05-21 13:56:19,CSI_DATA,STA,D8:B1:90:DB:E8:90,-43,11,1,7,0,0,1,1,1,0,1,-94,0,2,0,106379027,0,110,0,0,81711.1,384,[110 96 6 0 -5 34 -4 29 -3 26 0 20 4 15 8 9 11 3 15 -3 19 -8 21 -13 24 -17 25 -20 26 -22 27 -24 26 -23 25 -23 22 -20 19 -19 16 -16 12 -12 7 -9 3 -6 -1 -3 -5 -1 -9 1 0 0 0 0 0 0 0 0 0 0 0 0 0 0 0 0 0 0 0 0 0 0 12 14 9 12 8 9 7 5 8 1 8 -3 8 -8 10 -11 11 -15 13 -18 15 -19 16 -20 17 -20 18 -18 18 -16 17 -13 16 -8 15 -3 13 2 12 8 9 15 7 20 4 26 1 30 -2 34 -5 36 ]
2025-05-21 13:56:19,CSI_DATA,STA,D8:B1:90:DB:E8:90,-43,11,1,7,0,0,1,1,1,0,1,-94,0,2,0,106873275,0,110,0,0,81711.6,384,[110 96 6 0 -12 36 -10 32 -8 27 -4 22 0 16 5 10 9 3 13 -3 17 -9 20 -14 23 -20 25 -23 26 -26 27 -27 26 -28 25 -27 23 -25 20 -22 16 -19 12 -15 8 -11 4 -7 0 -3 -3 1 -7 4 0 0 0 0 0 0 0 0 0 0 0 0 0 0 0 0 0 0 0 0 0 0 2 21 1 18 1 14 3 10 5 6 7 2 10 -3 13 -7 16 -10 19 -13 22 -15 24 -16 25 -16 25 -15 25 -13 23 -10 21 -6 18 -2 15 4 12 9 8 15 4 21 0 26 -3 31 -7 34 -10 37 ]
2025-05-21 13:56:20,CSI_DATA,STA,D8:B1:90:DB:E8:90,-46,11,1,7,0,0,1,0,0,0,1,-94,0,2,0,107372502,0,110,0,0,81712.1,256,[110 96 6 0 -7 18 -7 18 -5 17 -12 -18 -13 -17 -14 -16 -14 -15 -11 -26 -12 -25 -13 -24 -14 -23 13 16 14 15 15 15 15 14 23 8 23 7 22 6 22 5 -23 -11 -22 -10 -22 -10 -22 -9 15 4 14 4 0 0 0 0 0 0 0 0 0 0 0 0 0 0 0 0 0 0 0 0 0 0 5 -1 5 -1 11 10 11 10 12 11 12 11 -25 -7 -26 -7 -26 -7 -27 -7 -23 -6 -23 -6 -24 -5 -24 -4 -21 -13 -22 -13 -23 -12 -23 -12 -8 15 -7 15 -7 16 -6 16 2 -26 1 -26 -1 -26 6 -2 ]
2025-05-21 13:56:20,CSI_DATA,STA,D8:B1:90:DB:E8:90,-43,11,1,7,0,0,1,1,1,0,1,-94,0,2,0,107874166,0,110,0,0,81712.6,384,[110 96 6 0 -32 20 -29 18 -24 17 -18 15 -11 13 -4 11 3 9 11 7 18 5 23 3 29 1 32 0 35 -1 37 -3 36 -3 35 -3 32 -3 28 -3 23 -3 18 -3 12 -3 6 -3 1 -3 -4 -3 -9 -3 0 0 0 0 0 0 0 0 0 0 0 0 0 0 0 0 0 0 0 0 0 0 -11 19 -10 16 -8 13 -4 11 -1 9 4 6 9 4 13 2 18 2 22 1 25 0 28 1 29 2 28 3 27 4 24 6 20 7 15 10 9 12 3 14 -4 17 -11 19 -17 21 -23 22 -27 23 -32 23 ]
2025-05-21 13:56:23,CSI_DATA,STA,D8:B1:90:DB:E8:90,-41,11,1,7,0,0,1,0,0,0,1,-94,0,2,0,110384705,0,110,0,0,81715.1,256,[110 96 6 0 -24 -6 -23 -5 -23 -5 -23 -4 -24 -3 -23 -3 -23 -3 -23 -2 -23 -2 -23 -2 -23 -1 -23 -1 -23 -1 -23 -1 -22 -1 -22 -1 -21 -1 -21 -2 -21 -2 -21 -2 -21 -3 -20 -4 -20 -4 -20 -5 -19 -7 0 0 0 0 0 0 0 0 0 0 0 0 0 0 0 0 0 0 0 0 0 0 -18 -1 -18 -3 -18 -4 -18 -4 -18 -5 -19 -5 -19 -6 -19 -6 -20 -7 -20 -7 -21 -8 -21 -8 -21 -9 -21 -9 -21 -9 -21 -9 -21 -8 -22 -8 -22 -8 -22 -8 -23 -8 -23 -8 -23 -7 -24
2025-05-21 13:56:29,CSI_DATA,STA,D8:B1:90:DB:E8:90,-42,11,1,7,0,0,1,0,0,0,1,-95,0,2,0,116906097,0,110,0,0,81721.6,256,[110 96 6 0 -11 24 -11 24 -10 24 -9 23 -9 23 -9 23 -8 23 -7 24 -7 24 -6 23 -6 23 -5 23 -5 23 -5 23 -5 23 -6 23 -5 22 -6 22 -7 22 -7 20 -7 20 -8 20 -9 19 -9 19 -10 18 0 0 0 0 0 0 0 0 0 0 0 0 0 0 0 0 0 0 0 0 0 0 -6 16 -8 16 -8 16 -9 16 -10 16 -10 16 -10 18 -11 18 -12 18 -12 18 -13 18 -13 18 -13 18 -13 18 -14 19 -14 19 -14 19 -14 20 -12 21 -12 22 -12 22 -12 23 -12 24 -12 24 -12 24 -11 23 ]
2025-05-21 13:56:34,CSI_DATA,STA,D8:B1:90:DB:E8:90,-44,11,1,7,0,0,1,0,0,0,1,-94,0,2,0,121414276,0,110,0,0,81726.2,256,[110 96 6 0 -3 -26 -4 -26 -3 -25 -4 -25 -4 -24 -5 -24 -5 -23 -6 -23 -6 -23 -6 -23 -7 -23 -8 -22 -8 -22 -8 -22 -8 -22 -8 -22 -7 -22 -7 -22 -6 -22 -6 -21 -5 -21 -5 -21 -4 -21 -3 -21 -2 -21 0 0 0 0 0 0 0 0 0 0 0 0 0 0 0 0 0 0 0 0 0 0 -5 -19 -4 -19 -3 -20 -2 -20 -2 -21 -1 -21 -2 -21 -1 -22 -1 -22 -1 -23 0 -24 0 -24 0 -24 0 -24 0 -24 0 -24 -1 -24 -1 -24 -2 -25 -2 -24 -3 -25 -2 -25 -3 -25 -3 -25 -3
2025-05-21 13:56:38,CSI_DATA,STA,D8:B1:90:DB:E8:90,-43,11,1,7,0,0,1,0,0,0,1,-94,0,2,0,125933717,0,110,0,0,81730.7,256,[110 96 6 0 -7 24 -7 24 -6 24 -7 24 -6 24 -5 24 -5 23 -4 23 -4 23 -4 23 -3 23 -3 22 -3 22 -3 22 -3 22 -3 22 -4 22 -4 22 -4 21 -5 20 -5 20 -6 20 -6 19 -7 18 -8 17 0 0 0 0 0 0 0 0 0 0 0 0 0 0 0 0 0 0 0 0 0 0 -4 20 -6 20 -7 20 -8 20 -8 20 -9 20 -9 21 -10 21 -10 21 -11 21 -11 22 -12 22 -12 23 -12 22 -11 22 -11 23 -11 23 -11 23 -10 24 -10 24 -10 24 -9 25 -9 25 -9 25 -9 25 -8 25 ]
2025-05-21 13:56:39,CSI_DATA,STA,D8:B1:90:DB:E8:90,-43,11,1,7,0,0,1,1,1,0,1,-94,0,2,0,126434926,0,110,0,0,81731.2,384,[110 96 6 0 4 -41 4 -39 3 -33 0 -28 -2 -20 -5 -13 -7 -5 -9 2 -11 9 -13 16 -13 23 -14 28 -14 32 -15 33 -15 35 -13 33 -12 31 -10 27 -8 23 -6 18 -3 13 -1 7 1 2 3 -2 5 -7 0 0 0 0 0 0 0 0 0 0 0 0 0 0 0 0 0 0 0 0 0 0 0 -25 1 -22 1 -18 -1 -14 -3 -9 -6 -5 -9 1 -12 5 -15 9 -18 12 -20 15 -23 16 -24 17 -24 16 -24 15 -23 11 -22 8 -19 3 -17 -2 -13 -8 -11 -15 -8 -21 -5 -27 -3 -32 0 -37 3 -41 ]
2025-05-21 13:56:44,CSI_DATA,STA,D8:B1:90:DB:E8:90,-44,11,1,7,0,0,1,0,0,0,1,-94,0,2,0,131954794,0,110,0,0,81736.7,256,[110 96 6 0 19 -16 19 -16 18 -16 18 -16 17 -16 17 -16 16 -16 15 -17 15 -17 15 -17 14 -17 14 -17 14 -17 14 -17 14 -17 14 -17 14 -16 14 -16 14 -16 14 -14 14 -14 14 -13 14 -13 15 -12 16 -11 0 0 0 0 0 0 0 0 0 0 0 0 0 0 0 0 0 0 0 0 0 0 14 -12 15 -11 16 -12 17 -12 17 -11 18 -11 18 -11 19 -11 20 -11 20 -11 20 -11 20 -10 21 -10 21 -11 20 -11 20 -11 20 -11 21 -12 21 -13 21 -13 21 -13 22 -14 20 -14 20
2025-05-21 13:56:55,CSI_DATA,STA,D8:B1:90:DB:E8:90,-43,11,1,7,0,0,1,0,0,0,1,-94,0,2,0,142483518,0,110,0,0,81747.2,256,[110 96 6 0 -18 18 -18 19 -17 18 -16 19 -15 19 -15 19 -14 19 -14 20 -13 20 -12 20 -12 20 -11 21 -11 21 -11 20 -11 20 -12 20 -12 20 -12 19 -12 19 -12 18 -12 17 -12 17 -12 16 -13 16 -14 15 0 0 0 0 0 0 0 0 0 0 0 0 0 0 0 0 0 0 0 0 0 0 -12 16 -14 15 -14 14 -15 14 -15 13 -16 14 -17 15 -18 15 -19 15 -19 15 -19 15 -20 15 -20 15 -20 15 -20 15 -20 15 -21 16 -20 15 -19 17 -18 17 -19 18 -19 18 -19 18 -18
2025-05-21 13:56:55,CSI_DATA,STA,D8:B1:90:DB:E8:90,-44,11,1,7,0,0,1,1,1,0,1,-94,0,2,0,142984230,0,110,0,0,81747.7,384,[110 96 6 0 32 -22 29 -21 24 -19 18 -17 12 -14 5 -10 -1 -6 -7 -1 -13 4 -17 9 -21 14 -24 18 -25 22 -25 24 -25 25 -23 25 -21 24 -18 21 -14 18 -11 14 -8 9 -5 5 -3 0 0 -4 2 -9 0 0 0 0 0 0 0 0 0 0 0 0 0 0 0 0 0 0 0 0 0 0 21 8 18 7 14 5 11 3 7 0 3 -3 -2 -6 -6 -10 -10 -13 -14 -16 -17 -18 -19 -20 -20 -21 -20 -22 -19 -22 -16 -21 -13 -20 -9 -19 -5 -19 1 -19 7 -20 14 -19 19 -21 24 -21 29 -22 33 -23 ]
2025-05-21 13:56:58,CSI_DATA,STA,D8:B1:90:DB:E8:90,-42,11,1,7,0,0,1,0,0,0,1,-95,0,2,0,145495776,0,110,0,0,81750.2,256,[110 96 6 0 2 26 3 26 3 25 5 24 5 24 5 24 6 23 7 23 7 22 7 22 8 22 8 22 8 22 7 22 7 22 7 23 7 22 6 22 6 22 5 20 4 20 4 20 3 20 2 21 0 21 0 0 0 0 0 0 0 0 0 0 0 0 0 0 0 0 0 0 0 0 0 0 4 18 3 19 2 19 1 20 1 20 0 21 0 21 0 22 -1 22 -1 22 -1 24 -1 24 -1 24 -2 24 -1 23 -1 23 -1 24 -1 24 0 25 0 25 1 25 1 26 3 26 3 26 3 26 3 25 ]
2025-05-21 13:57:00,CSI_DATA,STA,D8:B1:90:DB:E8:90,-42,11,1,7,0,0,1,0,0,0,1,-95,0,2,0,147505436,0,110,0,0,81752.2,256,[110 96 6 0 23 2 24 2 23 2 24 2 23 2 23 1 23 1 22 -1 21 -2 22 -2 21 -3 22 -3 22 -3 22 -2 22 -2 21 -2 22 -2 21 -1 21 -1 21 -1 20 0 20 0 20 0 19 1 19 3 0 0 0 0 0 0 0 0 0 0 0 0 0 0 0 0 0 0 0 0 0 0 18 0 18 1 18 2 19 3 19 4 20 4 20 5 20 5 20 6 20 6 21 6 21 6 22 7 22 6 22 6 22 6 23 5 22 5 24 5 23 5 24 5 24 4 24 3 24 3 25 3 24 2 ]
2025-05-21 13:57:00,CSI_DATA,STA,D8:B1:90:DB:E8:90,-42,11,1,7,0,0,1,1,1,0,1,-95,0,2,0,148004201,0,110,0,0,81752.7,384,[110 96 6 0 -41 -7 -37 -5 -32 -4 -26 -1 -19 1 -12 3 -4 5 3 7 11 7 18 8 24 7 29 7 32 6 34 5 35 4 34 4 32 2 28 1 23 1 17 0 12 0 6 0 0 0 -5 0 -10 0 0 0 0 0 0 0 0 0 0 0 0 0 0 0 0 0 0 0 0 0 0 0 -19 -15 -16 -13 -13 -11 -11 -7 -8 -3 -5 1 -3 7 0 12 2 16 4 20 5 23 6 26 7 27 6 27 5 26 3 25 0 22 -3 19 -7 16 -12 12 -18 8 -23 5 -28 2 -33 -1 -37 -4 -40 -6 ]
2025-05-21 13:57:03,CSI_DATA,STA,D8:B1:90:DB:E8:90,-43,11,1,7,0,0,1,0,0,0,1,-94,0,2,0,150512164,0,110,0,0,81755.3,256,[110 96 6 0 -24 -13 -24 -12 -23 -12 -23 -11 -23 -10 -23 -10 -23 -9 -23 -9 -22 -8 -22 -8 -23 -8 -23 -8 -23 -7 -23 -7 -22 -7 -23 -7 -22 -7 -22 -8 -22 -8 -20 -8 -20 -8 -19 -8 -19 -9 -18 -9 -18 -11 0 0 0 0 0 0 0 0 0 0 0 0 0 0 0 0 0 0 0 0 0 0 -18 -9 -18 -10 -18 -12 -18 -12 -18 -13 -18 -13 -18 -14 -18 -14 -18 -15 -18 -15 -19 -16 -19 -16 -19 -17 -19 -17 -19 -16 -20 -17 -20 -16 -20 -16 -20 -15 -21 -1
2025-05-21 13:57:03,CSI_DATA,STA,D8:B1:90:DB:E8:90,-44,11,1,7,0,0,1,1,1,0,1,-94,0,2,0,151014155,0,110,0,0,81755.8,384,[110 96 6 0 -38 -10 -35 -9 -30 -6 -25 -4 -19 -1 -12 2 -4 5 2 7 9 9 16 10 22 10 27 10 30 10 32 9 34 8 32 8 30 7 27 5 22 4 17 3 12 2 7 1 1 0 -4 0 -9 0 0 0 0 0 0 0 0 0 0 0 0 0 0 0 0 0 0 0 0 0 0 0 -17 -16 -14 -14 -12 -12 -10 -8 -8 -3 -6 2 -4 7 -2 12 -1 16 1 20 2 23 2 26 2 27 2 28 1 27 -1 25 -3 22 -6 19 -10 15 -14 11 -19 7 -23 2 -28 -1 -32 -4 -35 -7 -38 -10 ]
2025-05-21 13:57:10,CSI_DATA,STA,D8:B1:90:DB:E8:90,-44,11,1,7,0,0,1,0,0,0,1,-94,0,2,0,158054604,0,110,0,0,81762.8,256,[110 96 6 0 18 19 19 18 18 18 19 17 19 17 18 16 18 16 18 15 18 15 19 14 19 14 19 14 19 14 19 14 19 14 19 15 19 14 18 14 17 15 16 14 16 14 16 15 15 15 14 16 13 17 0 0 0 0 0 0 0 0 0 0 0 0 0 0 0 0 0 0 0 0 0 0 16 12 15 13 14 14 14 15 14 16 14 16 13 17 13 18 13 18 13 19 14 19 13 19 13 20 14 20 14 20 14 20 14 20 15 20 15 19 16 20 16 19 16 20 18 19 18 20 18 20 19 19 ]
2025-05-21 13:57:19,CSI_DATA,STA,D8:B1:90:DB:E8:90,-42,11,1,7,0,0,1,0,0,0,1,-94,0,2,0,166073969,0,110,0,0,81770.8,256,[110 96 6 0 14 -26 13 -25 13 -25 11 -25 11 -25 11 -25 10 -25 8 -25 8 -25 8 -25 8 -25 8 -25 8 -25 8 -26 8 -25 8 -25 9 -24 9 -24 9 -23 10 -22 10 -22 11 -21 12 -20 12 -20 14 -19 0 0 0 0 0 0 0 0 0 0 0 0 0 0 0 0 0 0 0 0 0 0 8 -19 9 -18 11 -19 11 -19 12 -19 13 -19 14 -19 14 -19 15 -19 16 -19 16 -20 17 -20 17 -20 17 -20 16 -20 16 -21 15 -21 16 -22 15 -21 15 -22 15 -22 15 -23 15 -24 14 -24 15 -25 14
2025-05-21 13:57:19,CSI_DATA,STA,D8:B1:90:DB:E8:90,-43,11,1,7,0,0,1,1,1,0,1,-94,0,2,0,166574107,0,110,0,0,81771.3,384,[110 96 6 0 14 32 13 30 11 25 10 19 9 12 8 5 6 -2 5 -10 3 -16 2 -23 0 -28 -1 -32 -3 -36 -3 -37 -4 -38 -4 -36 -3 -34 -3 -30 -3 -25 -3 -20 -3 -14 -3 -9 -2 -3 -2 2 -2 6 0 0 0 0 0 0 0 0 0 0 0 0 0 0 0 0 0 0 0 0 0 0 12 16 10 14 9 11 8 6 7 2 7 -3 7 -8 7 -14 7 -19 8 -23 9 -26 9 -28 10 -29 10 -30 11 -28 11 -25 12 -21 12 -16 13 -10 13 -4 14 3 15 9 15 16 16 22 16 27 15 31 ]
2025-05-21 13:57:24,CSI_DATA,STA,D8:B1:90:DB:E8:90,-41,11,1,7,0,0,1,0,0,0,1,-95,0,2,0,171596089,0,110,0,0,81776.3,256,[110 96 6 0 22 -3 22 -4 22 -4 22 -5 21 -5 21 -5 20 -6 20 -6 20 -7 20 -8 19 -8 20 -8 20 -8 20 -7 20 -8 19 -7 19 -7 19 -6 19 -6 19 -5 19 -5 18 -4 18 -4 18 -3 19 -2 0 0 0 0 0 0 0 0 0 0 0 0 0 0 0 0 0 0 0 0 0 0 17 -4 18 -3 18 -2 19 -1 19 -1 20 -1 20 0 20 0 21 1 21 1 21 0 21 1 21 1 21 1 22 1 21 1 22 1 21 0 22 -1 22 -1 22 -1 22 -1 22 -2 22 -3 22 -3 23 -3 ]
2025-05-21 13:57:24,CSI_DATA,STA,D8:B1:90:DB:E8:90,-41,11,1,7,0,0,1,1,1,0,1,-95,0,2,0,172094812,0,110,0,0,81776.8,384,[110 96 6 0 -34 7 -31 7 -26 6 -21 6 -13 7 -6 7 1 7 9 7 15 7 22 7 27 6 31 6 34 5 36 5 36 4 34 4 31 4 27 3 22 2 17 1 12 -1 6 -2 1 -3 -3 -4 -8 -6 0 0 0 0 0 0 0 0 0 0 0 0 0 0 0 0 0 0 0 0 0 0 -18 12 -15 10 -12 9 -7 8 -2 8 3 8 8 8 14 9 19 10 22 11 25 12 27 13 28 14 27 14 25 14 22 14 18 14 13 14 7 13 0 13 -6 13 -13 13 -20 12 -25 11 -30 10 -34 9 ]
2025-05-21 13:57:25,CSI_DATA,STA,D8:B1:90:DB:E8:90,-41,11,1,7,0,0,1,1,1,0,1,-95,0,2,0,172596695,0,110,0,0,81777.3,384,[110 96 6 0 35 1 31 1 27 0 21 -2 14 -3 6 -5 -1 -7 -9 -8 -16 -9 -22 -10 -28 -10 -32 -9 -35 -9 -37 -9 -37 -8 -36 -8 -33 -7 -29 -5 -24 -4 -19 -3 -13 -1 -7 0 -2 1 3 2 8 4 0 0 0 0 0 0 0 0 0 0 0 0 0 0 0 0 0 0 0 0 0 0 21 1 17 1 14 -1 9 -3 5 -6 0 -9 -5 -12 -9 -16 -13 -19 -16 -22 -18 -24 -19 -26 -20 -27 -20 -27 -18 -26 -15 -25 -12 -22 -7 -20 -2 -18 4 -15 11 -12 17 -9 23 -7 28 -4 32 -2 36 0 ]
2025-05-21 13:57:27,CSI_DATA,STA,D8:B1:90:DB:E8:90,-41,11,1,7,0,0,1,0,0,0,1,-95,0,2,0,175099637,0,110,0,0,81779.8,256,[110 96 6 0 -23 13 -22 14 -21 14 -21 14 -20 14 -20 14 -19 15 -19 14 -18 15 -18 15 -18 15 -18 16 -18 16 -18 16 -17 16 -18 16 -17 15 -18 15 -18 14 -18 14 -18 13 -18 13 -18 12 -19 11 -20 9 0 0 0 0 0 0 0 0 0 0 0 0 0 0 0 0 0 0 0 0 0 0 -17 13 -18 11 -19 11 -19 11 -20 10 -21 10 -21 10 -22 10 -23 9 -23 9 -23 9 -23 9 -23 9 -24 8 -23 8 -24 9 -23 9 -24 9 -23 10 -23 10 -24 11 -24 11 -24 12 -23 12 -24 12
2025-05-21 13:57:29,CSI_DATA,STA,D8:B1:90:DB:E8:90,-42,11,1,7,0,0,1,1,1,0,1,-94,0,2,0,176614496,0,110,0,0,81781.4,384,[110 96 6 0 34 15 30 12 26 10 21 6 15 2 10 -2 3 -6 -3 -11 -10 -15 -16 -17 -21 -20 -25 -22 -28 -23 -30 -24 -30 -23 -29 -22 -27 -20 -24 -17 -21 -14 -17 -11 -12 -7 -7 -3 -3 0 1 4 4 7 0 0 0 0 0 0 0 0 0 0 0 0 0 0 0 0 0 0 0 0 0 0 21 4 18 4 14 2 10 -1 7 -5 3 -9 -1 -13 -5 -17 -7 -21 -10 -25 -11 -27 -12 -30 -13 -31 -12 -31 -10 -29 -8 -27 -5 -24 -1 -21 3 -17 8 -12 13 -8 19 -3 24 1 28 5 31 9 34 12 ]
2025-05-21 13:57:30,CSI_DATA,STA,D8:B1:90:DB:E8:90,-42,11,1,7,0,0,1,0,0,0,1,-94,0,2,0,177613463,0,110,0,0,81782.4,256,[110 96 6 0 22 -1 22 -1 21 -1 21 -2 20 -2 20 -2 20 -3 20 -3 19 -3 19 -4 19 -4 20 -5 20 -5 20 -4 20 -4 19 -4 19 -4 19 -3 19 -3 19 -2 19 -2 18 -2 18 -1 17 1 17 2 0 0 0 0 0 0 0 0 0 0 0 0 0 0 0 0 0 0 0 0 0 0 17 -1 17 0 17 0 18 1 18 2 19 2 19 2 19 3 20 4 20 4 20 4 20 4 20 5 20 5 21 4 20 3 21 3 21 3 21 3 21 3 22 2 22 2 21 2 22 1 22 2 22 1 ]
2025-05-21 13:57:30,CSI_DATA,STA,D8:B1:90:DB:E8:90,-42,11,1,7,0,0,1,1,1,0,1,-94,0,2,0,178114392,0,110,0,0,81782.9,384,[110 96 6 0 -33 13 -30 12 -25 11 -19 10 -12 8 -5 7 3 5 10 3 16 1 22 0 28 -3 32 -4 35 -6 36 -6 36 -7 34 -7 32 -6 28 -6 23 -6 18 -5 12 -4 6 -3 1 -2 -4 -2 -9 -2 0 0 0 0 0 0 0 0 0 0 0 0 0 0 0 0 0 0 0 0 0 0 -19 11 -16 9 -12 8 -8 8 -3 8 3 7 9 8 14 8 20 9 24 10 27 11 29 12 30 13 29 13 28 13 24 13 20 13 15 13 9 13 3 14 -4 15 -10 15 -17 16 -23 16 -28 16 -32 15 ]
2025-05-21 13:57:31,CSI_DATA,STA,D8:B1:90:DB:E8:90,-42,11,1,7,0,0,1,1,1,0,1,-94,0,2,0,178614102,0,110,0,0,81783.4,384,[110 96 6 0 -35 -9 -31 -8 -27 -6 -21 -3 -14 -1 -7 2 0 5 7 7 14 8 21 9 27 10 31 10 34 10 36 9 36 8 35 8 31 6 28 5 23 3 17 2 12 1 6 0 1 -1 -4 -2 -9 -3 0 0 0 0 0 0 0 0 0 0 0 0 0 0 0 0 0 0 0 0 0 0 -19 -12 -16 -10 -13 -7 -10 -3 -7 1 -4 6 -1 11 2 16 4 21 6 25 7 28 8 30 9 32 8 32 7 30 5 28 3 25 0 22 -4 18 -9 14 -14 9 -19 5 -24 1 -29 -2 -32 -5 -35 -8 ]
2025-05-21 13:57:35,CSI_DATA,STA,D8:B1:90:DB:E8:90,-43,11,1,7,0,0,1,0,0,0,1,-94,0,2,0,182632430,0,110,0,0,81787.4,256,[110 96 6 0 14 17 14 17 14 17 15 16 16 15 15 15 16 14 16 14 16 13 16 13 16 13 16 13 16 13 17 13 16 13 16 14 15 14 14 14 14 14 13 14 13 14 12 15 12 15 11 16 9 16 0 0 0 0 0 0 0 0 0 0 0 0 0 0 0 0 0 0 0 0 0 0 11 14 10 14 10 16 9 16 9 17 9 17 9 18 8 18 9 19 8 20 8 20 8 20 8 20 8 20 8 19 8 19 8 19 9 19 10 19 11 19 11 19 12 19 13 19 13 19 13 19 13 18 ]
2025-05-21 13:57:35,CSI_DATA,STA,D8:B1:90:DB:E8:90,-43,11,1,7,0,0,1,1,1,0,1,-94,0,2,0,183134288,0,110,0,0,81787.9,384,[110 96 6 0 -9 -36 -9 -31 -8 -25 -8 -18 -7 -11 -6 -3 -3 5 -1 13 3 19 6 25 10 30 13 33 16 34 18 35 19 34 19 32 18 28 16 24 14 19 10 14 7 9 3 5 0 1 -4 -3 -7 -6 0 0 0 0 0 0 0 0 0 0 0 0 0 0 0 0 0 0 0 0 0 0 14 -16 11 -13 8 -11 3 -9 -2 -6 -7 -3 -13 0 -18 3 -23 5 -27 8 -30 9 -33 10 -34 11 -33 11 -32 10 -30 7 -28 5 -25 1 -22 -3 -20 -8 -17 -14 -15 -20 -13 -26 -11 -31 -10 -35 -9 -38 ]
2025-05-21 13:57:36,CSI_DATA,STA,D8:B1:90:DB:E8:90,-42,11,1,7,0,0,1,1,1,0,1,-94,0,2,0,183633560,0,110,0,0,81788.4,384,[110 96 6 0 5 34 5 30 5 25 5 18 6 11 6 3 6 -4 6 -12 5 -19 5 -25 3 -30 2 -35 0 -37 0 -39 -1 -39 -1 -37 -2 -34 -2 -30 -2 -24 -2 -19 -2 -13 -2 -8 -2 -2 -1 3 -1 7 0 0 0 0 0 0 0 0 0 0 0 0 0 0 0 0 0 0 0 0 0 0 -1 20 -1 16 0 13 2 8 5 4 8 -1 11 -5 14 -10 17 -13 20 -17 22 -19 24 -20 25 -20 25 -20 25 -18 23 -15 22 -12 20 -7 18 -2 16 4 14 10 13 16 11 22 9 27 7 32 6 35 ]
2025-05-21 13:57:36,CSI_DATA,STA,D8:B1:90:DB:E8:90,-42,11,1,7,0,0,1,0,0,0,1,-94,0,2,0,184132943,0,110,0,0,81788.9,256,[110 96 6 0 22 -12 22 -13 21 -13 21 -13 21 -14 20 -14 20 -14 20 -14 19 -15 19 -15 18 -16 18 -16 18 -16 18 -15 18 -16 18 -15 18 -15 18 -14 18 -14 18 -14 18 -13 18 -12 18 -12 20 -11 20 -9 0 0 0 0 0 0 0 0 0 0 0 0 0 0 0 0 0 0 0 0 0 0 17 -12 17 -11 18 -10 18 -9 19 -9 20 -9 20 -8 21 -8 22 -8 22 -8 22 -7 22 -7 23 -7 23 -7 23 -8 22 -8 22 -8 22 -9 23 -9 22 -9 22 -10 23 -11 23 -12 23 -12 23 -12 23 -12
2025-05-21 13:57:39,CSI_DATA,STA,D8:B1:90:DB:E8:90,-43,11,1,7,0,0,1,0,0,0,1,-94,0,2,0,187143531,0,110,0,0,81791.9,256,[110 96 6 0 10 -24 9 -23 9 -23 7 -23 7 -23 6 -23 6 -22 5 -22 5 -22 4 -23 4 -23 5 -22 4 -22 5 -22 5 -22 5 -22 6 -21 6 -21 6 -21 6 -20 6 -20 7 -19 8 -19 9 -19 10 -18 0 0 0 0 0 0 0 0 0 0 0 0 0 0 0 0 0 0 0 0 0 0 5 -19 7 -18 8 -19 8 -19 9 -19 10 -19 11 -19 11 -19 13 -19 13 -20 13 -20 13 -20 13 -20 14 -20 13 -19 13 -20 13 -20 13 -20 12 -22 12 -22 12 -22 12 -23 11 -22 11 -22 11 -23 10 -24 ]
2025-05-21 13:57:40,CSI_DATA,STA,D8:B1:90:DB:E8:90,-43,11,1,7,0,0,1,1,1,0,1,-94,0,2,0,188144197,0,110,0,0,81792.9,384,[110 96 6 0 -17 33 -15 29 -13 25 -9 21 -4 16 1 10 6 5 11 -1 16 -6 21 -11 24 -15 27 -18 29 -21 31 -22 30 -22 30 -22 27 -20 24 -18 20 -16 15 -13 11 -10 5 -7 0 -5 -4 -3 -8 -1 0 0 0 0 0 0 0 0 0 0 0 0 0 0 0 0 0 0 0 0 0 0 3 21 2 18 3 14 4 9 6 5 8 0 11 -4 14 -9 17 -12 20 -15 23 -17 25 -18 26 -18 26 -17 25 -15 24 -12 21 -8 18 -5 14 1 11 6 6 12 2 17 -3 23 -7 27 -11 30 -15 33 ]
2025-05-21 13:57:41,CSI_DATA,STA,D8:B1:90:DB:E8:90,-42,11,1,7,0,0,1,1,1,0,1,-94,0,2,0,188644247,0,110,0,0,81793.4,384,[110 96 6 0 36 -4 32 -4 28 -4 22 -5 15 -5 7 -7 0 -8 -8 -9 -16 -10 -22 -11 -28 -11 -33 -12 -36 -12 -37 -12 -38 -11 -37 -11 -34 -9 -30 -9 -25 -7 -20 -5 -15 -3 -9 -1 -4 1 0 3 4 6 0 0 0 0 0 0 0 0 0 0 0 0 0 0 0 0 0 0 0 0 0 0 18 -12 15 -10 12 -8 7 -8 2 -8 -3 -8 -9 -9 -14 -10 -19 -12 -23 -13 -26 -14 -28 -16 -29 -17 -28 -18 -26 -18 -23 -18 -18 -17 -13 -16 -7 -15 0 -14 7 -13 14 -12 21 -11 26 -10 32 -8
2025-05-21 13:57:41,CSI_DATA,STA,D8:B1:90:DB:E8:90,-42,11,1,7,0,0,1,0,0,0,1,-94,0,2,0,189143970,0,110,0,0,81793.9,256,[110 96 6 0 14 -22 14 -22 13 -22 12 -21 12 -21 11 -22 10 -22 11 -21 10 -22 10 -22 9 -22 9 -22 8 -22 9 -22 9 -22 9 -22 10 -22 10 -22 10 -21 10 -20 10 -20 11 -19 11 -19 12 -18 13 -17 0 0 0 0 0 0 0 0 0 0 0 0 0 0 0 0 0 0 0 0 0 0 10 -18 11 -17 12 -16 13 -16 14 -16 14 -16 15 -17 16 -17 16 -17 17 -17 17 -17 17 -17 17 -17 17 -17 16 -17 16 -17 16 -17 16 -18 15 -19 15 -19 15 -20 15 -20 15 -21 14 -21 15
2025-05-21 13:57:42,CSI_DATA,STA,D8:B1:90:DB:E8:90,-42,11,1,7,0,0,1,1,1,0,1,-94,0,2,0,189644053,0,110,0,0,81794.4,384,[110 96 6 0 -13 33 -11 30 -9 25 -6 20 -1 15 3 9 7 2 12 -4 16 -10 19 -15 22 -20 24 -24 26 -27 27 -28 27 -28 26 -27 23 -25 20 -22 17 -19 13 -16 8 -12 4 -8 -1 -5 -5 -2 -8 1 0 0 0 0 0 0 0 0 0 0 0 0 0 0 0 0 0 0 0 0 0 0 3 21 3 17 3 13 4 9 6 4 8 0 11 -5 15 -10 18 -13 21 -16 23 -19 25 -19 26 -20 27 -19 26 -17 25 -14 22 -10 19 -6 16 -1 12 5 8 11 4 17 1 23 -3 27 -7 31 -10 33 ]
2025-05-21 13:57:51,CSI_DATA,STA,D8:B1:90:DB:E8:90,-53,11,1,7,0,0,1,0,0,0,1,-94,0,2,0,199195067,0,110,0,0,81803.9,256,[110 96 6 0 -19 17 -20 17 -21 15 -25 18 -26 17 -27 16 -27 14 -27 15 -27 14 -27 12 -28 11 18 -10 19 -8 19 -6 20 -5 12 -12 13 -11 13 -10 14 -10 8 -9 9 -8 10 -7 11 -6 -11 -13 -10 -14 0 0 0 0 0 0 0 0 0 0 0 0 0 0 0 0 0 0 0 0 0 0 -25 -2 -25 -6 -16 -9 -16 -10 -15 -12 -15 -13 -16 -3 -16 -5 -17 -5 -16 -7 -17 1 -17 0 -17 -1 -17 -2 -9 21 -10 20 -11 20 -13 20 -14 5 -15 5 -15 5 -16 4 -17 16 -19 15 -20 15
2025-05-21 13:57:54,CSI_DATA,STA,D8:B1:90:DB:E8:90,-48,11,1,7,0,0,1,0,0,0,1,-94,0,2,0,201195090,0,110,0,0,81805.9,256,[110 96 6 0 20 -15 19 -15 19 -15 17 -16 17 -16 17 -16 16 -16 14 -17 13 -17 13 -17 13 -17 13 -17 13 -17 13 -17 13 -17 13 -16 13 -16 13 -16 13 -15 14 -15 14 -15 14 -15 14 -14 15 -13 16 -12 0 0 0 0 0 0 0 0 0 0 0 0 0 0 0 0 0 0 0 0 0 0 13 -12 14 -12 14 -11 15 -10 16 -10 17 -10 18 -10 19 -10 19 -10 20 -10 20 -11 20 -11 20 -11 21 -11 20 -11 20 -11 20 -11 21 -11 20 -12 20 -12 20 -13 20 -13 20 -13 20
2025-05-21 13:57:55,CSI_DATA,STA,D8:B1:90:DB:E8:90,-49,11,1,7,0,0,1,0,0,0,1,-94,0,2,0,203203943,0,110,0,0,81807.9,256,[110 96 6 0 8 -24 7 -24 7 -23 5 -23 5 -23 4 -23 4 -23 3 -23 2 -23 2 -23 1 -23 1 -22 1 -22 2 -23 2 -23 2 -22 2 -22 3 -22 3 -22 3 -22 4 -22 4 -22 5 -21 6 -21 8 -21 0 0 0 0 0 0 0 0 0 0 0 0 0 0 0 0 0 0 0 0 0 0 4 -19 6 -18 6 -18 6 -18 7 -18 8 -18 7 -19 8 -20 9 -20 9 -20 9 -20 9 -20 10 -20 10 -20 10 -21 10 -21 10 -21 10 -21 8 -23 8 -23 8 -24 8 -24 7 -24 7 -25 8 -25 8 -25 ]
2025-05-21 13:58:02,CSI_DATA,STA,D8:B1:90:DB:E8:90,-49,11,1,7,0,0,1,0,0,0,1,-94,0,2,0,209723441,0,110,0,0,81814.5,256,[110 96 6 0 -6 -26 -6 -25 -5 -25 -6 -24 -6 -24 -6 -23 -6 -23 -7 -22 -7 -22 -7 -22 -8 -22 -8 -21 -8 -21 -8 -21 -8 -21 -7 -22 -7 -21 -7 -21 -6 -21 -5 -21 -5 -21 -4 -21 -3 -21 -1 -21 0 -21 0 0 0 0 0 0 0 0 0 0 0 0 0 0 0 0 0 0 0 0 0 0 -4 -18 -3 -18 -2 -18 -1 -19 -1 -19 0 -20 -2 -20 -2 -21 -1 -22 -1 -22 -2 -23 -2 -23 -1 -24 -1 -24 -1 -24 -2 -24 -2 -25 -2 -25 -3 -24 -3 -25 -3 -25 -3 -25 -5 -26 -5 -2
2025-05-21 13:58:03,CSI_DATA,STA,D8:B1:90:DB:E8:90,-49,11,1,7,0,0,1,1,1,0,1,-94,0,2,0,210224274,0,110,0,0,81815,384,[110 96 6 0 29 -25 24 -21 20 -17 14 -13 7 -8 -1 -5 -7 -1 -13 4 -19 7 -23 10 -27 13 -28 16 -29 17 -28 19 -26 19 -23 19 -19 18 -14 17 -9 16 -4 15 2 13 7 12 11 10 15 9 18 7 0 0 0 0 0 0 0 0 0 0 0 0 0 0 0 0 0 0 0 0 0 0 10 -18 10 -14 8 -10 5 -5 2 -2 -3 2 -7 6 -12 8 -15 10 -19 12 -22 12 -23 11 -24 9 -23 8 -21 5 -18 2 -14 -1 -9 -6 -3 -10 2 -14 9 -19 15 -23 20 -26 25 -28 29 -29 33 -29 ]
2025-05-21 13:58:03,CSI_DATA,STA,D8:B1:90:DB:E8:90,-49,11,1,7,0,0,1,1,1,0,1,-94,0,2,0,210725896,0,110,0,0,81815.5,384,[110 96 6 0 39 -3 35 -3 29 -3 21 -2 14 -1 6 1 -2 4 -9 8 -14 12 -19 16 -22 20 -23 24 -24 27 -22 29 -20 30 -17 29 -13 27 -8 24 -4 20 0 15 4 10 7 5 9 0 11 -5 11 -9 0 0 0 0 0 0 0 0 0 0 0 0 0 0 0 0 0 0 0 0 0 0 1 22 -1 18 -2 14 -4 10 -5 5 -7 0 -8 -6 -10 -11 -12 -15 -13 -19 -14 -22 -15 -24 -15 -25 -14 -25 -13 -23 -10 -21 -6 -18 -2 -15 4 -12 10 -9 17 -7 23 -5 30 -4 35 -2 39 -2 43 -1 ]
2025-05-21 13:58:05,CSI_DATA,STA,D8:B1:90:DB:E8:90,-47,11,1,7,0,0,1,0,0,0,1,-95,0,2,0,212735869,0,110,0,0,81817.5,256,[110 96 6 0 15 20 14 19 14 19 14 18 14 17 14 17 15 16 15 15 16 15 16 14 16 14 15 13 15 13 15 13 15 13 16 14 15 14 15 15 14 15 14 15 14 15 13 15 12 16 11 16 10 18 0 0 0 0 0 0 0 0 0 0 0 0 0 0 0 0 0 0 0 0 0 0 11 13 10 14 11 14 11 15 11 16 11 16 11 17 11 17 11 18 12 19 11 20 11 20 11 20 11 21 11 20 11 20 11 20 12 21 13 21 14 21 14 21 14 21 14 21 14 21 14 21 14 21 ]
2025-05-21 13:58:10,CSI_DATA,STA,D8:B1:90:DB:E8:90,-48,11,1,7,0,0,1,0,0,0,1,-94,0,2,0,217468458,0,100,0,0,81822.2,256,[100 -64 5 0 15 21 15 21 14 20 15 20 15 19 15 19 15 18 16 18 15 17 15 17 16 17 16 15 17 15 16 15 16 15 16 16 16 16 15 16 15 16 14 16 14 16 13 17 12 17 11 18 10 19 0 0 0 0 0 0 0 0 0 0 0 0 0 0 0 0 0 0 0 0 0 0 9 14 9 15 8 15 8 16 8 17 8 17 8 18 8 19 8 19 7 20 7 21 7 21 8 22 8 22 10 21 9 21 10 21 10 21 11 21 11 21 12 22 12 22 13 22 13 22 13 22 13 22 ]
2025-05-21 13:58:13,CSI_DATA,STA,D8:B1:90:DB:E8:90,-48,11,1,7,0,0,1,0,0,0,1,-94,0,2,0,220741980,0,110,0,0,81825.5,256,[110 96 6 0 -26 4 -25 4 -24 4 -24 4 -23 4 -23 5 -22 5 -23 6 -22 6 -22 6 -22 6 -22 7 -22 7 -21 6 -22 6 -21 6 -21 6 -21 5 -21 5 -20 4 -20 3 -19 3 -20 2 -20 1 -20 0 0 0 0 0 0 0 0 0 0 0 0 0 0 0 0 0 0 0 0 0 0 0 -17 3 -18 2 -18 1 -19 1 -19 0 -20 0 -20 0 -21 0 -21 -1 -22 -1 -22 -1 -22 -2 -23 -2 -23 -2 -23 -1 -23 -1 -24 0 -24 0 -24 1 -24 2 -25 2 -25 2 -25 3 -26 3 -25 3 -25 4 ]
2025-05-21 13:58:18,CSI_DATA,STA,D8:B1:90:DB:E8:90,-48,11,1,7,0,0,1,0,0,0,1,-94,0,2,0,225765443,0,110,0,0,81830.5,256,[110 96 6 0 -21 10 -21 10 -20 10 -20 10 -19 10 -19 10 -18 10 -18 11 -17 11 -17 11 -17 12 -17 12 -17 12 -17 12 -17 12 -17 11 -17 11 -16 10 -16 10 -17 9 -17 9 -17 9 -17 9 -17 8 -18 6 0 0 0 0 0 0 0 0 0 0 0 0 0 0 0 0 0 0 0 0 0 0 -14 7 -15 6 -15 6 -16 6 -16 5 -17 6 -18 6 -18 6 -19 5 -19 6 -20 6 -20 5 -20 6 -21 5 -21 6 -21 6 -21 7 -21 7 -21 8 -21 8 -21 9 -21 9 -21 10 -21 10 -22 10 -21 10 ]
2025-05-21 13:58:20,CSI_DATA,STA,D8:B1:90:DB:E8:90,-47,11,1,7,0,0,1,0,0,0,1,-95,0,2,0,227782390,0,110,0,0,81832.5,256,[110 96 6 0 -9 -23 -9 -23 -9 -22 -9 -21 -9 -21 -9 -20 -9 -20 -10 -20 -10 -19 -10 -19 -10 -19 -11 -19 -11 -18 -11 -18 -11 -18 -10 -17 -10 -17 -10 -17 -9 -17 -9 -17 -8 -17 -8 -17 -7 -17 -7 -17 -5 -18 0 0 0 0 0 0 0 0 0 0 0 0 0 0 0 0 0 0 0 0 0 0 -6 -16 -5 -17 -6 -17 -5 -18 -5 -19 -5 -19 -5 -19 -4 -20 -4 -20 -4 -21 -4 -21 -4 -21 -4 -22 -4 -22 -6 -22 -6 -22 -6 -22 -7 -22 -8 -23 -7 -22 -8 -23 -8 -24
2025-05-21 13:58:21,CSI_DATA,STA,D8:B1:90:DB:E8:90,-46,11,1,7,0,0,1,1,1,0,1,-95,0,2,0,228283153,0,110,0,0,81833,384,[110 96 6 0 34 -11 30 -11 25 -10 19 -8 14 -5 10 -1 6 4 3 10 3 15 3 20 5 24 6 26 9 28 12 28 14 26 15 23 15 19 14 14 12 9 9 5 5 1 1 -2 -4 -4 -8 -5 -12 -5 0 0 0 0 0 0 0 0 0 0 0 0 0 0 0 0 0 0 0 0 0 0 -21 5 -18 4 -15 2 -12 0 -8 -2 -5 -5 -3 -8 0 -12 2 -15 3 -19 4 -21 4 -23 4 -24 4 -23 4 -22 4 -20 5 -18 7 -14 10 -11 13 -8 18 -6 23 -4 28 -4 31 -4 35 -5 38 -6 ]
2025-05-21 13:58:24,CSI_DATA,STA,D8:B1:90:DB:E8:90,-46,11,1,7,0,0,1,0,0,0,1,-95,0,2,0,231794138,0,110,0,0,81836.5,256,[110 96 6 0 16 -19 16 -18 16 -18 15 -18 15 -18 14 -18 14 -18 13 -18 13 -18 13 -18 12 -18 12 -18 11 -18 12 -17 12 -17 11 -17 11 -17 11 -17 11 -16 11 -16 11 -16 11 -15 12 -15 12 -14 13 -12 0 0 0 0 0 0 0 0 0 0 0 0 0 0 0 0 0 0 0 0 0 0 11 -13 12 -13 12 -13 13 -13 14 -13 14 -13 14 -14 15 -15 15 -15 16 -15 16 -14 17 -14 17 -14 17 -14 17 -15 17 -15 17 -15 17 -16 16 -17 16 -17 16 -18 16 -18 16 -19 17
2025-05-21 13:58:26,CSI_DATA,STA,D8:B1:90:DB:E8:90,-46,11,1,7,0,0,1,0,0,0,1,-95,0,2,0,233300544,0,110,0,0,81838,256,[110 96 6 0 -14 -22 -14 -22 -13 -21 -13 -21 -13 -20 -13 -20 -13 -19 -14 -18 -13 -18 -14 -18 -14 -17 -14 -16 -14 -16 -14 -16 -13 -16 -13 -17 -12 -16 -12 -16 -11 -16 -11 -16 -11 -16 -11 -16 -10 -16 -9 -17 -8 -18 0 0 0 0 0 0 0 0 0 0 0 0 0 0 0 0 0 0 0 0 0 0 -9 -16 -8 -17 -7 -18 -7 -18 -7 -18 -6 -19 -6 -19 -6 -20 -6 -20 -6 -21 -7 -22 -7 -22 -6 -22 -7 -23 -8 -21 -9 -22 -9 -22 -9 -22 -10 -23 -10 -23 -
2025-05-21 13:58:27,CSI_DATA,STA,D8:B1:90:DB:E8:90,-48,11,1,7,0,0,1,1,1,0,1,-94,0,2,0,234800622,0,110,0,0,81839.5,384,[110 96 6 0 -17 -35 -15 -31 -13 -25 -10 -19 -6 -13 -1 -7 5 -3 11 1 16 3 22 4 27 4 30 3 32 2 33 -1 32 -3 29 -5 25 -6 20 -8 15 -8 8 -8 2 -7 -4 -5 -9 -3 -13 -1 -17 1 0 0 0 0 0 0 0 0 0 0 0 0 0 0 0 0 0 0 0 0 0 0 21 -1 18 1 13 2 9 3 5 4 0 6 -5 8 -9 10 -13 12 -16 14 -18 15 -20 16 -20 16 -19 15 -18 13 -16 10 -14 6 -12 2 -11 -4 -9 -10 -10 -17 -10 -24 -11 -28 -12 -33 -13 -37 -14 -40 ]
2025-05-21 13:58:28,CSI_DATA,STA,D8:B1:90:DB:E8:90,-48,11,1,7,0,0,1,0,0,0,1,-94,0,2,0,235802301,0,110,0,0,81840.5,256,[110 96 6 0 -18 16 -18 16 -17 16 -18 17 -16 17 -16 17 -15 17 -15 17 -14 16 -14 17 -14 17 -13 17 -13 17 -14 17 -13 17 -13 17 -13 17 -13 16 -13 16 -13 15 -13 15 -13 14 -14 14 -14 13 -15 12 0 0 0 0 0 0 0 0 0 0 0 0 0 0 0 0 0 0 0 0 0 0 -12 12 -13 12 -14 12 -14 11 -15 11 -16 11 -16 11 -17 11 -18 12 -18 11 -18 12 -19 11 -18 12 -19 12 -19 12 -19 13 -20 13 -19 13 -20 14 -19 14 -19 15 -20 15 -19 15 -19
2025-05-21 13:58:29,CSI_DATA,STA,D8:B1:90:DB:E8:90,-48,11,1,7,0,0,1,1,1,0,1,-94,0,2,0,236303820,0,110,0,0,81841,384,[110 96 6 0 34 18 31 15 26 12 20 9 12 7 5 5 -2 5 -10 7 -16 9 -21 12 -25 16 -26 19 -27 22 -26 25 -24 26 -20 25 -16 24 -11 20 -7 17 -3 12 1 7 3 1 5 -5 6 -10 7 -15 0 0 0 0 0 0 0 0 0 0 0 0 0 0 0 0 0 0 0 0 0 0 -23 7 -20 4 -17 1 -13 -1 -8 -5 -4 -8 0 -11 3 -15 7 -18 8 -22 10 -24 11 -25 11 -25 11 -24 10 -22 10 -19 10 -14 10 -9 12 -3 14 3 18 9 21 14 25 18 29 21 32 23 35 24 ]
2025-05-21 13:58:35,CSI_DATA,STA,D8:B1:90:DB:E8:90,-52,11,1,5,0,0,1,0,0,0,1,-94,0,2,0,242338547,0,110,0,0,81847.1,256,[110 96 6 0 -32 -21 -30 -18 -27 -16 -24 -12 -19 -10 -13 -8 -7 -7 -2 -7 4 -8 8 -11 11 -14 13 -16 14 -19 13 -20 11 -21 9 -20 6 -19 3 -16 0 -12 -2 -7 -4 -2 -4 3 -4 7 -2 11 -1 14 0 0 0 0 0 0 0 0 0 0 0 0 0 0 0 0 0 0 0 0 0 0 26 10 24 10 22 8 18 6 15 4 10 1 5 0 -1 -1 -7 -1 -13 0 -18 1 -22 2 -25 4 -28 6 -28 7 -28 8 -27 7 -26 6 -24 4 -23 1 -23 -4 -23 -8 -25 -12 -26 -16 -27 -19 -30 -22 ]
2025-05-21 13:58:40,CSI_DATA,STA,D8:B1:90:DB:E8:90,-44,11,1,7,0,0,1,0,0,0,1,-94,0,2,0,247858435,0,110,0,0,81852.6,256,[110 96 6 0 -22 -15 -22 -15 -22 -14 -22 -14 -23 -13 -23 -13 -23 -13 -22 -12 -22 -12 -22 -12 -22 -11 -22 -11 -22 -11 -22 -11 -22 -11 -23 -11 -22 -11 -21 -11 -21 -11 -21 -11 -21 -11 -20 -12 -19 -13 -19 -14 -18 -15 0 0 0 0 0 0 0 0 0 0 0 0 0 0 0 0 0 0 0 0 0 0 -18 -13 -17 -14 -18 -15 -17 -16 -17 -16 -17 -17 -17 -17 -17 -17 -17 -18 -17 -19 -17 -19 -17 -19 -17 -20 -17 -20 -18 -19 -18 -19 -18 -19 -19
2025-05-21 13:58:42,CSI_DATA,STA,D8:B1:90:DB:E8:90,-44,11,1,7,0,0,1,0,0,0,1,-94,0,2,0,249375607,0,110,0,0,81854.1,256,[110 96 6 0 -1 24 0 24 0 23 1 23 1 23 1 23 2 22 2 22 3 21 3 21 3 21 4 21 4 21 4 21 4 21 3 21 3 21 3 21 3 21 2 21 2 20 1 20 0 20 -1 20 -2 20 0 0 0 0 0 0 0 0 0 0 0 0 0 0 0 0 0 0 0 0 0 0 0 20 -1 20 -2 20 -3 20 -3 20 -3 21 -3 21 -4 22 -4 22 -5 22 -5 22 -6 23 -5 23 -5 23 -5 23 -5 22 -5 23 -5 22 -4 23 -4 24 -3 24 -3 24 -1 25 -1 25 -1 25 -1 25 ]
2025-05-21 13:58:42,CSI_DATA,STA,D8:B1:90:DB:E8:90,-43,11,1,7,0,0,1,0,0,0,1,-94,0,2,0,249875361,0,110,0,0,81854.6,256,[110 96 6 0 23 -8 23 -9 22 -9 22 -9 21 -10 21 -10 21 -10 21 -10 20 -11 20 -11 20 -11 20 -11 20 -11 20 -10 20 -11 20 -10 20 -10 20 -10 20 -9 20 -9 20 -9 20 -8 20 -7 20 -6 20 -5 0 0 0 0 0 0 0 0 0 0 0 0 0 0 0 0 0 0 0 0 0 0 19 -8 20 -6 20 -5 20 -5 20 -4 21 -4 22 -4 22 -4 23 -3 23 -3 23 -3 23 -3 23 -3 24 -3 24 -4 23 -4 23 -5 23 -5 24 -6 24 -6 24 -7 25 -7 23 -7 23 -7 23 -8 24 -8 ]
2025-05-21 13:58:43,CSI_DATA,STA,D8:B1:90:DB:E8:90,-44,11,1,5,0,0,1,0,0,0,0,-94,0,2,0,250376327,0,110,0,0,81855.1,256,[110 96 6 0 35 11 31 9 26 7 19 4 11 3 3 2 -6 2 -14 4 -21 5 -27 9 -32 13 -35 16 -36 20 -37 23 -34 24 -32 25 -27 24 -22 22 -16 19 -11 15 -6 10 -2 6 2 0 4 -5 6 -10 0 0 0 0 0 0 0 0 0 0 0 0 0 0 0 0 0 0 0 0 0 0 -16 17 -14 13 -11 10 -8 6 -4 2 0 -3 3 -7 7 -12 10 -17 13 -22 15 -25 16 -27 17 -29 17 -30 17 -28 16 -26 16 -23 17 -19 18 -14 20 -9 23 -4 26 2 30 5 32 9 35 12 37 14 ]
2025-05-21 13:58:43,CSI_DATA,STA,D8:B1:90:DB:E8:90,-43,11,1,6,0,0,1,0,0,0,1,-94,0,2,0,250875996,0,110,0,0,81855.6,256,[110 96 6 0 -12 31 -10 27 -8 23 -5 17 -3 10 -3 2 -3 -5 -4 -13 -6 -20 -8 -25 -12 -29 -15 -32 -18 -33 -21 -34 -23 -32 -23 -29 -22 -25 -21 -20 -18 -15 -14 -11 -10 -6 -5 -2 -1 1 4 4 8 6 0 0 0 0 0 0 0 0 0 0 0 0 0 0 0 0 0 0 0 0 0 0 -15 -16 -12 -13 -9 -11 -6 -7 -2 -4 1 0 6 4 10 8 14 11 18 13 21 15 23 17 24 17 24 18 24 17 22 17 19 16 15 17 11 17 6 19 2 21 -3 24 -7 27 -10 29 -13 32 -15 33 ]
2025-05-21 13:58:44,CSI_DATA,STA,D8:B1:90:DB:E8:90,-42,11,1,6,0,0,1,0,0,0,1,-95,0,2,0,251375368,0,110,0,0,81856.1,256,[110 96 6 0 15 28 14 25 12 19 9 14 5 9 0 4 -5 0 -11 -4 -18 -6 -23 -7 -29 -6 -33 -5 -36 -3 -37 -1 -37 2 -35 4 -31 5 -27 6 -22 7 -16 6 -11 4 -5 3 -1 0 3 -3 7 -6 0 0 0 0 0 0 0 0 0 0 0 0 0 0 0 0 0 0 0 0 0 0 -20 -6 -16 -6 -13 -5 -8 -4 -4 -3 2 -2 7 -1 12 -1 17 -1 22 -1 25 -1 28 -2 30 -3 30 -3 29 -3 27 -2 25 -1 23 1 20 4 18 8 16 12 15 17 14 22 14 26 14 29 14 31 ]
2025-05-21 13:58:49,CSI_DATA,STA,D8:B1:90:DB:E8:90,-44,11,1,7,0,0,1,0,0,0,1,-94,0,2,0,256404532,0,110,0,0,81861.1,256,[110 96 6 0 -30 -2 -25 -1 -18 0 -11 0 -4 -1 3 -2 10 -4 17 -7 22 -10 26 -14 29 -18 30 -21 30 -24 29 -26 27 -26 23 -25 19 -23 14 -21 9 -17 5 -13 1 -8 -3 -3 -6 2 -7 6 -9 10 0 0 0 0 0 0 0 0 0 0 0 0 0 0 0 0 0 0 0 0 0 0 3 -17 3 -13 3 -9 2 -5 1 0 0 5 -1 10 -2 15 -3 20 -4 23 -5 26 -5 28 -6 28 -6 27 -7 26 -8 24 -10 20 -12 17 -15 13 -18 10 -22 6 -25 3 -29 1 -32 -1 -34 -2 -35 -3 ]
2025-05-21 13:58:50,CSI_DATA,STA,D8:B1:90:DB:E8:90,-45,11,1,7,0,0,1,1,0,0,1,-94,0,2,0,257914053,0,110,0,0,81862.7,256,[110 96 6 0 -24 -9 -24 -8 -23 -8 -23 -7 -23 -6 -23 -6 -23 -5 -23 -5 -23 -5 -23 -4 -23 -4 -23 -3 -23 -3 -23 -3 -23 -3 -22 -4 -22 -4 -22 -5 -21 -5 -22 -5 -21 -6 -21 -6 -20 -6 -20 -8 -20 -9 0 0 0 0 0 0 0 0 0 0 0 0 0 0 0 0 0 0 0 0 0 0 -19 -7 -18 -9 -18 -10 -18 -11 -18 -11 -19 -12 -19 -12 -19 -12 -19 -13 -19 -13 -19 -14 -19 -14 -20 -14 -20 -14 -20 -13 -20 -13 -20 -12 -20 -12 -22 -10 -22 -10 -22 -1
2025-05-21 13:58:51,CSI_DATA,STA,D8:B1:90:DB:E8:90,-44,11,1,7,0,0,1,0,0,0,1,-94,0,2,0,258413416,0,110,0,0,81863.2,256,[110 96 6 0 30 5 26 4 21 3 15 3 8 3 2 5 -4 8 -8 12 -12 17 -14 22 -15 26 -14 30 -13 33 -10 34 -8 33 -5 31 -2 28 -1 24 1 18 1 12 0 7 -2 1 -4 -3 -7 -7 -9 -10 0 0 0 0 0 0 0 0 0 0 0 0 0 0 0 0 0 0 0 0 0 0 -20 -2 -16 -3 -12 -3 -8 -3 -3 -3 2 -4 6 -5 11 -7 15 -9 19 -11 21 -13 22 -15 23 -16 23 -16 22 -16 21 -14 20 -12 20 -10 21 -7 21 -3 24 0 26 4 28 6 31 8 33 9 34 9 ]
2025-05-21 13:58:53,CSI_DATA,STA,D8:B1:90:DB:E8:90,-43,11,1,7,0,0,1,0,0,0,1,-95,0,2,0,260933747,0,110,0,0,81865.7,256,[110 96 6 0 -19 -27 -17 -23 -14 -18 -10 -14 -5 -9 1 -6 7 -4 13 -3 19 -3 24 -5 28 -8 31 -10 31 -13 32 -16 29 -18 26 -18 22 -18 18 -17 13 -14 8 -11 4 -6 1 -2 -1 3 -2 8 -3 11 0 0 0 0 0 0 0 0 0 0 0 0 0 0 0 0 0 0 0 0 0 0 12 14 9 12 7 10 4 6 0 3 -4 1 -8 -2 -13 -4 -17 -5 -22 -6 -25 -7 -27 -7 -28 -6 -29 -5 -28 -5 -27 -6 -24 -6 -22 -8 -20 -11 -18 -14 -17 -18 -16 -21 -16 -25 -16 -28 -17 -30 -17 -32 ]
2025-05-21 13:58:54,CSI_DATA,STA,D8:B1:90:DB:E8:90,-42,11,1,7,0,0,1,1,0,0,1,-95,0,2,0,261936674,0,110,0,0,81866.7,256,[110 96 6 0 -2 25 -2 25 -2 24 -1 23 -1 23 -1 23 0 23 1 23 2 22 2 23 3 22 4 22 3 22 4 22 4 22 3 22 3 22 2 22 2 21 1 21 0 21 0 21 -1 21 -2 20 -4 20 0 0 0 0 0 0 0 0 0 0 0 0 0 0 0 0 0 0 0 0 0 0 -1 20 -2 20 -4 20 -5 20 -5 21 -5 21 -6 21 -6 21 -6 22 -7 22 -7 22 -7 22 -7 22 -7 22 -7 22 -7 23 -6 23 -6 23 -5 23 -5 23 -5 24 -5 24 -4 24 -3 24 -4 24 -3 25 ]
2025-05-21 13:58:56,CSI_DATA,STA,D8:B1:90:DB:E8:90,-42,11,1,7,0,0,1,0,0,0,1,-95,0,2,0,263937143,0,110,0,0,81868.7,256,[110 96 6 0 28 18 24 16 19 11 13 8 6 5 -1 3 -9 2 -16 2 -23 3 -28 6 -33 9 -35 13 -36 16 -35 18 -34 19 -29 20 -25 19 -20 17 -14 14 -8 11 -3 7 1 2 4 -3 7 -8 9 -12 0 0 0 0 0 0 0 0 0 0 0 0 0 0 0 0 0 0 0 0 0 0 -20 6 -17 4 -13 2 -9 0 -4 -2 1 -4 6 -7 10 -9 14 -12 17 -15 20 -17 22 -18 23 -19 22 -19 22 -18 21 -15 20 -12 20 -8 20 -4 20 2 22 7 23 12 25 15 27 19 29 21 30 23 ]
2025-05-21 13:58:59,CSI_DATA,STA,D8:B1:90:DB:E8:90,-43,11,1,7,0,0,1,0,0,0,1,-95,0,2,0,266950439,0,110,0,0,81871.7,256,[110 96 6 0 -32 -7 -27 -5 -21 -4 -14 -3 -7 -4 0 -6 7 -8 12 -12 17 -16 20 -20 22 -25 22 -28 20 -30 18 -32 14 -32 12 -30 7 -26 4 -22 1 -16 -2 -10 -3 -4 -4 2 -3 8 -3 13 -2 16 0 0 0 0 0 0 0 0 0 0 0 0 0 0 0 0 0 0 0 0 0 0 16 -8 13 -5 10 -3 6 -1 3 2 -1 4 -5 8 -8 11 -10 14 -13 17 -14 19 -15 20 -15 21 -15 20 -15 19 -15 17 -15 13 -17 10 -18 6 -20 2 -23 -2 -27 -5 -30 -7 -33 -9 -35 -10 -36 -11 ]
2025-05-21 13:59:00,CSI_DATA,STA,D8:B1:90:DB:E8:90,-43,11,1,7,0,0,1,1,0,0,1,-95,0,2,0,267450554,0,110,0,0,81872.2,256,[110 96 6 0 -2 -27 -3 -27 -2 -26 -3 -26 -3 -25 -4 -25 -4 -25 -4 -25 -4 -24 -5 -24 -5 -24 -6 -24 -6 -24 -6 -24 -6 -24 -6 -24 -5 -24 -5 -24 -4 -24 -4 -23 -3 -23 -2 -23 -2 -23 -1 -23 1 -23 0 0 0 0 0 0 0 0 0 0 0 0 0 0 0 0 0 0 0 0 0 0 -1 -20 0 -21 1 -22 2 -22 2 -22 2 -23 3 -23 3 -24 4 -24 4 -24 2 -24 3 -24 2 -24 3 -24 2 -25 2 -25 2 -25 1 -26 0 -25 0 -25 -1 -26 0 -26 -1 -26 -2 -26 -2 -27 -1 -27 ]
2025-05-21 13:59:00,CSI_DATA,STA,D8:B1:90:DB:E8:90,-43,11,1,7,0,0,1,1,0,0,1,-95,0,2,0,267952317,0,110,0,0,81872.7,256,[110 96 6 0 6 -25 6 -25 6 -25 6 -25 5 -24 5 -24 4 -24 4 -24 4 -24 4 -25 3 -24 3 -24 3 -24 3 -24 3 -24 3 -23 4 -23 4 -23 5 -22 5 -22 5 -21 6 -21 6 -21 7 -21 9 -20 0 0 0 0 0 0 0 0 0 0 0 0 0 0 0 0 0 0 0 0 0 0 5 -22 7 -21 8 -21 8 -21 9 -21 10 -21 10 -21 10 -22 11 -22 11 -23 12 -22 12 -23 12 -23 12 -23 11 -22 11 -22 11 -23 11 -23 9 -25 9 -24 8 -25 9 -25 7 -25 7 -26 7 -26 7 -26 ]
2025-05-21 13:59:07,CSI_DATA,STA,D8:B1:90:DB:E8:90,-43,11,1,7,0,0,1,0,0,0,1,-95,0,2,0,274473569,0,110,0,0,81879.2,256,[110 96 6 0 25 17 22 15 18 11 12 8 6 6 -1 5 -8 5 -14 6 -19 8 -24 12 -27 16 -27 19 -27 22 -25 24 -23 25 -19 23 -15 22 -11 18 -7 13 -4 8 -2 2 -1 -3 -1 -8 -1 -12 -2 -16 0 0 0 0 0 0 0 0 0 0 0 0 0 0 0 0 0 0 0 0 0 0 -18 -8 -15 -8 -11 -6 -7 -5 -2 -3 2 -2 7 -2 12 -1 16 -2 20 -2 23 -3 25 -3 26 -4 26 -4 26 -4 25 -3 24 -1 22 2 22 5 21 9 22 12 23 16 24 19 26 21 27 23 29 24 ]
2025-05-21 13:59:08,CSI_DATA,STA,D8:B1:90:DB:E8:90,-42,11,1,7,0,0,1,1,0,0,1,-95,0,2,0,275984119,0,110,0,0,81880.7,256,[110 96 6 0 24 -8 23 -9 23 -8 22 -10 21 -10 21 -10 21 -10 21 -10 20 -11 20 -11 20 -11 20 -10 20 -10 19 -11 20 -10 20 -10 20 -10 20 -9 20 -9 20 -8 20 -8 20 -7 20 -6 19 -5 19 -4 0 0 0 0 0 0 0 0 0 0 0 0 0 0 0 0 0 0 0 0 0 0 19 -8 20 -7 20 -6 20 -5 21 -5 21 -5 22 -4 23 -4 23 -4 23 -4 23 -4 23 -3 23 -3 24 -3 24 -3 24 -4 23 -4 24 -4 23 -5 23 -5 23 -5 24 -6 24 -8 24 -8 24 -7 23 -8 ]
2025-05-21 13:59:17,CSI_DATA,STA,D8:B1:90:DB:E8:90,-44,11,1,7,0,0,1,0,0,0,1,-94,0,2,0,285010391,0,110,0,0,81889.7,256,[110 96 6 0 -26 24 -22 21 -17 17 -13 12 -9 6 -6 -2 -4 -9 -5 -15 -7 -22 -9 -27 -12 -31 -15 -32 -19 -33 -21 -32 -22 -29 -23 -25 -21 -20 -19 -16 -15 -10 -10 -6 -5 -3 1 0 6 1 11 2 15 2 0 0 0 0 0 0 0 0 0 0 0 0 0 0 0 0 0 0 0 0 0 0 12 -17 11 -14 8 -10 6 -7 3 -2 1 3 -1 8 -2 13 -2 18 -3 22 -2 26 -2 28 -2 29 -1 29 -1 28 -2 27 -4 25 -6 23 -9 21 -13 20 -17 20 -22 20 -26 21 -29 22 -31 23 -33 24 ]
2025-05-21 13:59:23,CSI_DATA,STA,D8:B1:90:DB:E8:90,-42,11,1,7,0,0,1,0,0,0,1,-94,0,2,0,291026319,0,110,0,0,81895.8,256,[110 96 6 0 -26 14 -24 12 -19 9 -15 7 -8 4 -2 1 4 -3 10 -6 15 -10 19 -13 24 -17 26 -20 28 -22 29 -24 29 -25 28 -25 26 -24 22 -23 18 -22 14 -20 9 -18 4 -16 0 -14 -3 -12 -6 -11 0 0 0 0 0 0 0 0 0 0 0 0 0 0 0 0 0 0 0 0 0 0 -14 12 -13 8 -10 5 -6 2 -1 -1 4 -4 9 -6 15 -8 20 -10 24 -11 28 -11 31 -11 32 -10 31 -9 30 -8 27 -6 23 -4 18 -2 13 0 6 3 0 6 -6 9 -12 11 -18 13 -22 14 -26 15 ]
2025-05-21 13:59:23,CSI_DATA,STA,D8:B1:90:DB:E8:90,-42,11,1,7,0,0,1,1,0,0,1,-94,0,2,0,291102107,0,100,0,0,81895.8,256,[100 -64 5 0 21 -13 20 -13 20 -13 20 -13 19 -13 19 -14 19 -14 17 -15 17 -16 17 -16 17 -16 17 -16 17 -16 17 -16 18 -16 18 -16 18 -15 18 -15 18 -15 18 -14 18 -13 19 -12 19 -12 19 -10 20 -9 0 0 0 0 0 0 0 0 0 0 0 0 0 0 0 0 0 0 0 0 0 0 16 -8 16 -7 16 -6 16 -6 17 -5 17 -5 18 -5 19 -5 19 -5 20 -4 20 -5 20 -5 20 -5 20 -5 20 -7 20 -7 19 -8 20 -8 20 -9 20 -9 20 -10 20 -10 20 -11 20 -11 20 -11 20 -12 ]
2025-05-21 13:59:27,CSI_DATA,STA,D8:B1:90:DB:E8:90,-44,11,1,7,0,0,1,0,0,0,1,-94,0,2,0,294533733,0,110,0,0,81899.3,256,[110 96 6 0 -14 -28 -12 -25 -9 -20 -7 -15 -4 -9 0 -2 3 4 6 10 10 15 13 20 17 23 19 25 21 27 22 27 23 25 23 23 22 20 21 16 20 11 18 6 16 2 15 -3 13 -7 11 -10 10 -13 0 0 0 0 0 0 0 0 0 0 0 0 0 0 0 0 0 0 0 0 0 0 -13 -18 -9 -15 -5 -13 -3 -8 0 -3 3 3 5 9 6 14 7 19 8 24 8 28 7 30 7 31 5 30 4 28 2 24 0 20 -1 15 -4 9 -6 3 -9 -4 -11 -10 -14 -16 -16 -21 -16 -25 -17 -29 ]
