2025-05-21 16:48:40,CSI_DATA,STA,D8:B1:90:DB:E8:90,-30,11,1,7,0,0,1,1,0,0,1,-94,0,2,0,1885526441,0,100,0,0,92080.2,256,[100 -64 5 0 5 24 5 23 5 23 5 22 5 22 6 22 7 21 7 22 8 21 8 21 9 21 9 22 9 22 9 22 9 22 9 22 8 22 8 21 8 21 7 21 7 21 6 21 5 21 4 21 3 22 0 0 0 0 0 0 0 0 0 0 0 0 0 0 0 0 0 0 0 0 0 0 4 18 3 18 1 19 1 19 1 20 0 19 0 21 -1 21 -1 21 -1 22 -2 22 -2 22 -1 22 -1 22 -1 22 -1 22 0 22 0 22 1 22 2 23 2 23 3 23 3 23 3 23 4 23 3 23 ]
2025-05-21 16:48:41,CSI_DATA,STA,D8:B1:90:DB:E8:90,-30,11,1,7,0,0,1,1,0,0,1,-94,0,2,0,1886245336,0,110,0,0,92080.9,256,[110 96 6 0 3 21 3 21 3 21 4 20 4 20 4 20 5 20 5 20 5 20 6 20 6 19 6 19 6 19 6 19 6 19 6 19 6 20 6 19 5 19 4 20 4 19 3 19 3 19 2 19 1 19 0 0 0 0 0 0 0 0 0 0 0 0 0 0 0 0 0 0 0 0 0 0 2 17 1 17 0 18 0 18 0 18 -1 19 -2 19 -2 19 -2 19 -2 19 -3 20 -3 20 -3 20 -2 20 -2 20 -2 20 -2 20 -1 20 -1 20 0 20 0 20 1 20 1 21 2 21 2 21 2 21 ]
2025-05-21 16:48:43,CSI_DATA,STA,D8:B1:90:DB:E8:90,-30,11,1,7,0,0,1,1,0,0,1,-94,0,2,0,1888257566,0,110,0,0,92082.9,256,[110 96 6 0 21 3 21 3 22 2 21 1 21 1 21 1 21 0 20 0 20 -1 20 -1 21 -2 21 -2 21 -1 21 -2 21 -2 21 -1 21 -1 21 -1 21 -1 21 0 20 1 20 1 20 2 19 3 19 4 0 0 0 0 0 0 0 0 0 0 0 0 0 0 0 0 0 0 0 0 0 0 17 1 17 2 17 4 17 4 17 5 17 5 17 6 18 6 18 6 18 7 18 7 18 7 18 7 18 7 18 7 18 6 18 6 18 5 19 5 20 5 20 5 20 4 20 3 20 4 21 4 21 3 ]
2025-05-21 16:48:44,CSI_DATA,STA,D8:B1:90:DB:E8:90,-30,11,1,7,0,0,1,1,0,0,1,-94,0,2,0,1888759297,0,110,0,0,92083.4,256,[110 96 6 0 -3 -22 -3 -23 -3 -21 -4 -22 -5 -21 -5 -21 -5 -21 -6 -21 -6 -21 -6 -21 -7 -20 -7 -21 -7 -21 -7 -21 -7 -21 -7 -21 -6 -21 -6 -21 -6 -21 -6 -20 -5 -20 -4 -20 -3 -20 -2 -20 -1 -20 0 0 0 0 0 0 0 0 0 0 0 0 0 0 0 0 0 0 0 0 0 0 -3 -18 -2 -18 -1 -18 -1 -18 0 -19 0 -18 0 -19 1 -20 1 -19 1 -20 1 -20 2 -20 1 -20 1 -20 1 -20 1 -20 0 -20 0 -20 0 -21 -1 -20 -2 -21 -1 -21 -2 -21 -2 -22 -2 -22 -2
2025-05-21 16:48:44,CSI_DATA,STA,D8:B1:90:DB:E8:90,-30,11,1,7,0,0,1,1,0,0,1,-94,0,2,0,1889257782,0,110,0,0,92083.9,256,[110 96 6 0 -22 4 -22 5 -21 6 -21 5 -20 6 -20 6 -20 7 -20 7 -20 8 -20 8 -20 8 -20 8 -20 9 -20 9 -20 9 -20 9 -20 8 -20 8 -19 7 -20 7 -20 7 -20 6 -20 5 -19 4 -20 3 0 0 0 0 0 0 0 0 0 0 0 0 0 0 0 0 0 0 0 0 0 0 -17 3 -18 2 -17 1 -18 1 -18 1 -18 0 -18 0 -18 0 -19 0 -19 -1 -20 -1 -20 -2 -20 -2 -20 -2 -20 -1 -20 0 -20 1 -20 1 -21 1 -20 2 -21 2 -21 2 -21 3 -21 3 -22 3 -22 4 ]
2025-05-21 16:48:45,CSI_DATA,STA,D8:B1:90:DB:E8:90,-30,11,1,7,0,0,1,1,0,0,1,-94,0,2,0,1890256921,0,110,0,0,92084.9,256,[110 96 6 0 11 -21 11 -22 11 -22 10 -22 9 -22 9 -22 8 -22 8 -22 8 -22 8 -23 7 -23 7 -22 7 -23 7 -22 8 -22 8 -22 8 -22 9 -21 9 -21 9 -21 9 -20 9 -19 10 -19 11 -19 13 -18 0 0 0 0 0 0 0 0 0 0 0 0 0 0 0 0 0 0 0 0 0 0 7 -17 8 -17 8 -17 9 -17 10 -17 11 -17 11 -17 12 -17 12 -17 12 -17 13 -17 13 -17 12 -17 12 -17 13 -17 13 -18 13 -18 12 -18 12 -19 11 -19 11 -20 11 -20 11 -20 11 -20 11 -21 12 -22 ]
2025-05-21 16:48:46,CSI_DATA,STA,D8:B1:90:DB:E8:90,-30,11,1,7,0,0,1,1,0,0,1,-94,0,2,0,1890765603,0,110,0,0,92085.4,256,[110 96 6 0 21 -5 20 -5 21 -6 20 -6 19 -6 19 -7 19 -7 19 -8 19 -8 19 -8 18 -9 19 -9 19 -9 19 -9 19 -9 19 -8 19 -8 19 -8 19 -7 18 -7 18 -6 18 -6 18 -5 19 -4 19 -2 0 0 0 0 0 0 0 0 0 0 0 0 0 0 0 0 0 0 0 0 0 0 16 -6 16 -4 16 -4 16 -3 17 -3 17 -2 17 -2 18 -1 19 -1 19 -1 19 -1 19 -1 19 0 19 0 19 0 20 -1 19 -1 20 -2 19 -2 20 -3 20 -3 20 -4 20 -4 21 -4 21 -4 21 -5 ]
2025-05-21 16:48:47,CSI_DATA,STA,D8:B1:90:DB:E8:90,-30,11,1,7,0,0,1,1,0,0,1,-94,0,2,0,1891770764,0,110,0,0,92086.4,256,[110 96 6 0 20 9 21 9 21 8 20 7 20 8 20 7 20 7 19 6 19 5 20 4 20 4 21 4 21 5 21 4 21 4 21 5 21 5 20 6 20 6 19 6 19 7 18 7 18 7 18 8 17 9 0 0 0 0 0 0 0 0 0 0 0 0 0 0 0 0 0 0 0 0 0 0 16 6 15 7 15 8 15 9 15 10 15 10 15 11 15 11 15 11 15 12 15 12 15 12 15 12 15 12 16 12 16 12 16 11 16 11 17 11 17 10 17 10 18 10 19 9 19 9 20 9 20 9 ]
2025-05-21 16:48:52,CSI_DATA,STA,D8:B1:90:DB:E8:90,-30,11,1,7,0,0,1,1,0,0,1,-94,0,2,0,1896781761,0,110,0,0,92091.5,256,[110 96 6 0 24 3 24 3 24 2 23 2 23 1 23 1 23 0 23 -1 23 -2 23 -2 23 -2 23 -2 23 -2 24 -3 24 -3 23 -2 23 -2 23 -1 22 -1 22 0 22 0 22 1 22 1 21 2 20 4 0 0 0 0 0 0 0 0 0 0 0 0 0 0 0 0 0 0 0 0 0 0 19 1 19 3 19 4 19 5 19 5 20 5 20 6 20 6 21 7 21 7 20 8 20 8 21 9 21 8 20 9 20 8 21 7 21 7 21 7 22 7 22 6 23 6 22 5 23 5 23 5 23 4 ]
2025-05-21 16:48:54,CSI_DATA,STA,D8:B1:90:DB:E8:90,-30,11,1,7,0,0,1,1,0,0,1,-94,0,2,0,1899312589,0,110,0,0,92094,256,[110 96 6 0 -25 0 -25 0 -24 1 -25 1 -24 1 -24 2 -24 2 -24 3 -24 4 -24 5 -23 4 -24 5 -24 5 -23 5 -23 5 -24 5 -24 5 -24 4 -24 3 -23 3 -23 2 -22 2 -22 2 -23 0 -23 -1 0 0 0 0 0 0 0 0 0 0 0 0 0 0 0 0 0 0 0 0 0 0 -21 -1 -21 -2 -20 -4 -20 -4 -21 -5 -21 -5 -21 -5 -22 -6 -22 -6 -22 -6 -23 -6 -23 -7 -23 -7 -23 -7 -22 -6 -23 -6 -23 -5 -23 -4 -23 -4 -23 -4 -24 -4 -24 -3 -24 -2 -25 -2 -25 -1 -25 -1 ]
2025-05-21 16:48:55,CSI_DATA,STA,D8:B1:90:DB:E8:90,-30,11,1,7,0,0,1,1,0,0,1,-94,0,2,0,1900311840,0,110,0,0,92095,256,[110 96 6 0 11 18 12 18 12 17 13 18 13 17 13 17 13 17 13 15 13 15 14 14 14 14 15 14 15 14 15 13 15 14 15 15 15 15 14 15 14 15 13 15 12 15 12 15 12 15 10 16 9 17 0 0 0 0 0 0 0 0 0 0 0 0 0 0 0 0 0 0 0 0 0 0 9 13 8 15 8 16 7 17 7 17 6 17 6 17 6 18 6 18 6 19 5 19 6 19 6 19 6 19 6 19 6 18 7 19 7 18 8 19 9 18 9 18 10 18 10 18 11 19 11 18 11 18 ]
2025-05-21 16:48:56,CSI_DATA,STA,D8:B1:90:DB:E8:90,-30,11,1,7,0,0,1,1,0,0,1,-94,0,2,0,1900811833,0,110,0,0,92095.5,256,[110 96 6 0 -20 9 -20 9 -19 10 -19 10 -19 10 -19 10 -18 10 -18 11 -17 11 -17 12 -17 12 -17 12 -17 12 -17 12 -17 12 -17 12 -18 12 -18 11 -18 10 -18 10 -18 9 -18 9 -18 9 -18 8 -18 6 0 0 0 0 0 0 0 0 0 0 0 0 0 0 0 0 0 0 0 0 0 0 -16 9 -16 8 -17 7 -17 6 -18 6 -19 6 -19 5 -19 5 -20 5 -20 5 -20 4 -21 4 -20 4 -20 4 -20 4 -20 4 -20 5 -20 5 -20 5 -20 6 -20 7 -20 7 -20 8 -20 8 -20 9 -20 9 ]
2025-05-21 16:48:56,CSI_DATA,STA,D8:B1:90:DB:E8:90,-30,11,1,7,0,0,1,1,0,0,1,-94,0,2,0,1901311927,0,110,0,0,92096,256,[110 96 6 0 16 12 17 12 17 11 17 12 18 11 18 11 18 10 17 10 17 10 17 10 18 9 18 10 19 9 18 9 18 9 18 9 18 9 18 9 17 10 17 10 16 10 16 10 15 11 15 11 14 12 0 0 0 0 0 0 0 0 0 0 0 0 0 0 0 0 0 0 0 0 0 0 13 9 13 10 12 11 12 12 12 12 12 13 12 13 13 13 13 14 13 14 12 15 12 15 12 15 13 15 13 14 13 14 13 14 13 13 14 13 15 13 16 13 16 13 16 13 16 13 17 13 17 13 ]
2025-05-21 16:48:57,CSI_DATA,STA,D8:B1:90:DB:E8:90,-30,11,1,7,0,0,1,1,0,0,1,-94,0,2,0,1901817410,0,110,0,0,92096.5,256,[110 96 6 0 -24 6 -24 6 -24 7 -24 6 -23 7 -23 8 -22 8 -22 9 -22 9 -23 9 -22 9 -22 9 -21 10 -22 10 -21 10 -23 10 -23 10 -22 9 -22 9 -21 7 -21 7 -21 6 -22 5 -21 4 -21 3 0 0 0 0 0 0 0 0 0 0 0 0 0 0 0 0 0 0 0 0 0 0 -20 5 -20 3 -20 2 -20 2 -21 1 -22 1 -22 1 -22 1 -23 1 -23 0 -23 -1 -23 -1 -23 -2 -23 -1 -22 0 -23 0 -23 1 -23 1 -23 1 -23 3 -24 3 -23 4 -24 4 -24 4 -24 4 -25 5 ]
2025-05-21 16:48:57,CSI_DATA,STA,D8:B1:90:DB:E8:90,-30,11,1,7,0,0,1,1,0,0,1,-94,0,2,0,1902341853,0,110,0,0,92097,256,[110 96 6 0 -11 -20 -11 -19 -11 -19 -12 -19 -12 -18 -13 -18 -13 -18 -13 -17 -13 -17 -14 -17 -14 -17 -14 -17 -14 -16 -14 -16 -14 -16 -15 -17 -14 -17 -14 -17 -14 -17 -13 -17 -13 -17 -12 -17 -11 -17 -10 -18 -9 -19 0 0 0 0 0 0 0 0 0 0 0 0 0 0 0 0 0 0 0 0 0 0 -8 -16 -7 -16 -6 -18 -6 -18 -6 -18 -5 -18 -6 -19 -5 -19 -5 -19 -5 -20 -4 -20 -4 -20 -5 -20 -5 -20 -5 -19 -5 -19 -6 -19 -6 -20 -7 -20 -8 -20 -
2025-05-21 16:48:59,CSI_DATA,STA,D8:B1:90:DB:E8:90,-30,11,1,7,0,0,1,1,0,0,1,-94,0,2,0,1903844411,0,110,0,0,92098.5,256,[110 96 6 0 -4 23 -4 24 -3 23 -3 23 -2 23 -2 22 -1 22 -2 23 -1 22 -1 23 0 23 0 22 0 23 0 22 0 23 0 22 -1 23 -1 22 -1 22 -2 22 -2 21 -3 21 -4 21 -5 20 -6 20 0 0 0 0 0 0 0 0 0 0 0 0 0 0 0 0 0 0 0 0 0 0 -3 18 -4 18 -5 18 -6 19 -6 19 -7 19 -7 19 -8 19 -8 20 -8 20 -9 20 -9 19 -8 19 -8 20 -8 20 -8 20 -8 21 -7 20 -6 21 -5 21 -5 21 -5 22 -5 22 -5 22 -5 23 -5 24 ]
2025-05-21 16:49:01,CSI_DATA,STA,D8:B1:90:DB:E8:90,-30,11,1,7,0,0,1,1,0,0,1,-94,0,2,0,1906374345,0,110,0,0,92101,256,[110 96 6 0 0 -25 0 -24 0 -25 -1 -24 -1 -24 -2 -24 -2 -24 -2 -24 -3 -24 -3 -24 -4 -24 -4 -23 -4 -23 -4 -24 -4 -23 -4 -25 -3 -24 -3 -24 -2 -24 -2 -24 -1 -24 -1 -23 0 -23 0 -23 2 -22 0 0 0 0 0 0 0 0 0 0 0 0 0 0 0 0 0 0 0 0 0 0 0 -20 1 -20 2 -21 3 -20 3 -21 4 -20 4 -21 5 -21 6 -22 5 -22 6 -22 6 -22 5 -22 5 -22 5 -22 6 -23 5 -22 5 -23 3 -23 3 -23 2 -24 2 -24 2 -25 1 -24 1 -24 1 -25 ]
2025-05-21 16:49:02,CSI_DATA,STA,D8:B1:90:DB:E8:90,-30,11,1,7,0,0,1,1,0,0,1,-94,0,2,0,1906872980,0,110,0,0,92101.5,256,[110 96 6 0 -10 -23 -9 -23 -10 -23 -10 -22 -11 -22 -11 -22 -11 -21 -12 -21 -12 -21 -12 -20 -13 -20 -14 -21 -14 -21 -14 -21 -13 -21 -13 -21 -13 -21 -12 -21 -12 -21 -11 -21 -11 -21 -10 -21 -10 -21 -9 -21 -7 -21 0 0 0 0 0 0 0 0 0 0 0 0 0 0 0 0 0 0 0 0 0 0 -8 -18 -7 -18 -6 -20 -6 -20 -5 -20 -5 -20 -4 -21 -4 -21 -4 -22 -4 -22 -4 -22 -4 -22 -4 -23 -4 -22 -4 -21 -4 -22 -5 -21 -5 -22 -6 -23 -6 -22 -
2025-05-21 16:49:02,CSI_DATA,STA,D8:B1:90:DB:E8:90,-30,11,1,7,0,0,1,1,0,0,1,-94,0,2,0,1907373176,0,110,0,0,92102,256,[110 96 6 0 4 21 4 21 4 20 5 19 6 20 6 19 7 19 6 18 7 18 7 18 8 18 8 18 8 18 8 18 8 18 8 18 8 18 7 18 7 18 7 18 6 18 6 18 5 18 4 19 3 19 0 0 0 0 0 0 0 0 0 0 0 0 0 0 0 0 0 0 0 0 0 0 4 15 2 16 2 17 1 17 1 17 0 17 0 18 0 18 -1 18 0 19 -1 19 -1 19 -1 19 -1 19 0 18 -1 18 0 18 0 18 1 19 2 19 3 19 3 19 3 20 3 20 4 20 4 20 ]
2025-05-21 16:49:03,CSI_DATA,STA,D8:B1:90:DB:E8:90,-30,11,1,7,0,0,1,1,0,0,1,-94,0,2,0,1907873099,0,110,0,0,92102.5,256,[110 96 6 0 -6 23 -5 23 -4 24 -4 23 -3 23 -3 23 -2 22 -2 23 -2 23 -1 23 -1 23 -1 23 -1 23 -1 23 0 23 0 24 -1 24 -1 24 -1 23 -2 23 -3 22 -3 22 -4 22 -5 21 -7 20 0 0 0 0 0 0 0 0 0 0 0 0 0 0 0 0 0 0 0 0 0 0 -6 18 -7 18 -7 18 -8 18 -8 18 -9 18 -9 18 -10 18 -10 19 -11 19 -11 19 -11 19 -11 19 -11 19 -10 19 -11 19 -10 19 -9 20 -8 20 -8 21 -8 22 -7 22 -7 22 -6 22 -6 23 -7 23 ]
2025-05-21 16:49:06,CSI_DATA,STA,D8:B1:90:DB:E8:90,-30,11,1,7,0,0,1,1,0,0,1,-94,0,2,0,1911437894,0,110,0,0,92106.1,256,[110 96 6 0 11 -21 11 -21 11 -21 11 -22 10 -22 10 -22 9 -22 10 -22 9 -22 9 -22 8 -22 8 -23 8 -22 8 -23 9 -23 9 -22 9 -22 9 -22 9 -21 10 -21 11 -21 11 -20 12 -19 13 -19 14 -18 0 0 0 0 0 0 0 0 0 0 0 0 0 0 0 0 0 0 0 0 0 0 10 -17 11 -17 11 -17 12 -16 12 -16 13 -16 13 -16 14 -16 15 -16 15 -16 15 -16 16 -16 15 -16 15 -16 15 -17 15 -17 14 -17 14 -18 13 -18 13 -18 12 -19 13 -19 13 -20 12 -20 13 -20
2025-05-21 16:49:07,CSI_DATA,STA,D8:B1:90:DB:E8:90,-30,11,1,1,0,0,1,0,0,0,0,-94,0,2,0,1911901630,0,110,0,0,92106.6,256,[110 96 6 0 -16 -4 -15 -5 -14 -6 -13 -7 -12 -6 -11 -6 -9 -6 -8 -5 -6 -4 -3 -3 0 -2 3 -1 7 -1 11 -1 15 -1 18 -2 21 -3 24 -4 26 -6 28 -7 29 -8 28 -8 28 -8 28 -8 27 -6 0 0 0 0 0 0 0 0 0 0 0 0 0 0 0 0 0 0 0 0 0 0 10 6 8 7 5 8 4 7 2 7 0 6 -3 4 -6 3 -9 1 -12 0 -15 -2 -18 -3 -21 -3 -24 -3 -26 -3 -28 -2 -29 -1 -30 0 -30 2 -30 3 -29 4 -28 4 -26 5 -24 4 -22 3 -21 1 ]
2025-05-21 16:49:08,CSI_DATA,STA,D8:B1:90:DB:E8:90,-30,11,1,2,0,0,1,0,0,0,0,-94,0,2,0,1912901425,0,110,0,0,92107.6,256,[110 96 6 0 13 6 12 7 11 8 10 8 10 8 8 7 8 6 6 4 4 2 2 1 -1 -1 -5 -3 -8 -4 -11 -5 -16 -6 -19 -6 -23 -7 -26 -7 -28 -6 -30 -6 -31 -5 -31 -5 -31 -5 -30 -5 -29 -6 0 0 0 0 0 0 0 0 0 0 0 0 0 0 0 0 0 0 0 0 0 0 -11 -7 -9 -8 -7 -9 -5 -8 -3 -8 -1 -6 2 -5 5 -3 8 -1 11 1 15 3 18 4 21 5 23 5 25 5 27 5 29 4 30 3 30 2 30 0 29 -1 27 -1 25 -1 24 0 22 0 19 2 ]
2025-05-21 16:49:08,CSI_DATA,STA,D8:B1:90:DB:E8:90,-30,11,1,3,0,0,1,0,0,0,0,-94,0,2,0,1913401977,0,110,0,0,92108.1,256,[110 96 6 0 -16 9 -17 7 -17 6 -17 4 -15 4 -15 4 -13 3 -11 3 -8 2 -4 1 0 -1 3 -3 7 -6 10 -9 13 -13 17 -17 19 -20 20 -23 21 -27 22 -28 21 -30 21 -30 21 -30 21 -29 21 -27 0 0 0 0 0 0 0 0 0 0 0 0 0 0 0 0 0 0 0 0 0 0 14 -5 14 -3 12 -1 10 1 8 2 6 4 3 5 -1 7 -5 9 -9 11 -13 12 -17 15 -20 17 -22 19 -23 22 -24 24 -24 26 -24 28 -22 29 -21 29 -19 29 -18 28 -17 26 -16 23 -15 20 -16 18 ]
2025-05-21 16:49:09,CSI_DATA,STA,D8:B1:90:DB:E8:90,-30,11,1,7,0,0,1,0,0,0,0,-94,0,2,0,1913901284,0,110,0,0,92108.6,256,[110 96 6 0 -13 21 -12 20 -12 21 -11 20 -11 21 -11 20 -10 20 -10 20 -9 20 -8 21 -7 21 -9 22 -9 22 -9 22 -9 22 -9 22 -9 22 -10 21 -10 21 -10 20 -11 20 -11 20 -11 19 -12 18 -13 17 0 0 0 0 0 0 0 0 0 0 0 0 0 0 0 0 0 0 0 0 0 0 -9 17 -10 16 -11 16 -12 16 -12 16 -13 16 -14 16 -15 16 -15 16 -15 16 -15 16 -15 16 -15 16 -15 16 -15 16 -15 16 -15 17 -14 17 -14 17 -14 17 -13 18 -13 18 -14 19 -13 19 -13 2
2025-05-21 16:49:09,CSI_DATA,STA,D8:B1:90:DB:E8:90,-30,11,1,6,0,0,1,0,0,0,1,-94,0,2,0,1914406916,0,110,0,0,92109.1,256,[110 96 6 0 -15 -17 -15 -17 -15 -17 -15 -16 -16 -16 -16 -15 -16 -15 -16 -14 -16 -14 -16 -14 -17 -13 -17 -13 -18 -13 -17 -13 -17 -13 -17 -13 -17 -13 -17 -14 -16 -14 -17 -14 -16 -14 -15 -14 -15 -15 -13 -16 -13 -16 0 0 0 0 0 0 0 0 0 0 0 0 0 0 0 0 0 0 0 0 0 0 -12 -14 -11 -15 -10 -16 -10 -16 -10 -16 -9 -17 -9 -17 -9 -18 -9 -18 -9 -18 -9 -19 -9 -18 -9 -19 -9 -18 -10 -18 -10 -18 -10 -18 -10 -18 -12
2025-05-21 16:49:10,CSI_DATA,STA,D8:B1:90:DB:E8:90,-30,11,1,6,0,0,1,0,0,0,1,-94,0,2,0,1914904730,0,110,0,0,92109.6,256,[110 96 6 0 5 18 3 18 2 17 1 17 1 16 1 15 1 13 1 10 0 7 0 3 0 0 -2 -5 -4 -10 -5 -14 -8 -18 -11 -22 -14 -26 -16 -28 -19 -30 -21 -31 -22 -32 -23 -31 -22 -31 -22 -31 -20 -31 0 0 0 0 0 0 0 0 0 0 0 0 0 0 0 0 0 0 0 0 0 0 -4 -14 -2 -14 0 -13 2 -11 3 -9 4 -5 5 -2 6 2 7 6 9 10 10 15 11 19 14 22 15 25 17 27 19 28 21 29 22 28 24 28 25 26 25 25 24 23 23 21 20 20 18 19 15 19 ]
2025-05-21 16:49:15,CSI_DATA,STA,D8:B1:90:DB:E8:90,-30,11,1,7,0,0,1,0,0,0,1,-94,0,2,0,1919925992,0,110,0,0,92114.6,256,[110 96 6 0 -14 -19 -13 -18 -13 -18 -14 -17 -14 -17 -14 -17 -14 -16 -14 -16 -14 -16 -15 -16 -15 -16 -15 -16 -15 -16 -16 -16 -16 -16 -15 -16 -15 -16 -15 -16 -14 -17 -14 -17 -14 -17 -13 -17 -12 -17 -11 -17 -9 -18 0 0 0 0 0 0 0 0 0 0 0 0 0 0 0 0 0 0 0 0 0 0 -11 -13 -9 -14 -9 -15 -9 -15 -8 -16 -8 -16 -9 -17 -8 -17 -8 -17 -8 -18 -8 -18 -8 -18 -8 -19 -7 -18 -8 -18 -9 -18 -9 -18 -9 -18 -9 -17 -10 -
2025-05-21 16:49:19,CSI_DATA,STA,D8:B1:90:DB:E8:90,-30,11,1,7,0,0,1,0,0,0,1,-94,0,2,0,1923941308,0,110,0,0,92118.6,256,[110 96 6 0 -20 7 -20 8 -20 8 -20 9 -19 9 -19 9 -18 10 -18 10 -18 10 -18 11 -18 11 -18 11 -18 11 -18 11 -18 11 -18 11 -18 11 -18 10 -18 10 -18 10 -18 9 -18 9 -19 8 -18 7 -19 6 0 0 0 0 0 0 0 0 0 0 0 0 0 0 0 0 0 0 0 0 0 0 -17 6 -17 5 -17 5 -17 4 -18 4 -18 4 -19 4 -19 4 -19 3 -19 3 -20 2 -20 2 -20 2 -20 2 -20 2 -20 2 -20 3 -20 3 -20 4 -20 5 -20 5 -20 5 -20 6 -21 6 -21 6 -21 7 ]
2025-05-21 16:49:22,CSI_DATA,STA,D8:B1:90:DB:E8:90,-30,11,1,7,0,0,1,0,0,0,1,-94,0,2,0,1927461893,0,110,0,0,92122.1,256,[110 96 6 0 19 9 19 9 19 8 19 7 20 7 19 7 19 6 20 6 21 6 21 5 21 5 20 5 20 5 21 5 20 5 21 5 21 5 21 6 20 6 19 7 19 7 18 7 18 7 18 9 17 10 0 0 0 0 0 0 0 0 0 0 0 0 0 0 0 0 0 0 0 0 0 0 16 6 15 7 16 9 15 9 16 10 15 10 15 11 15 11 15 11 15 12 15 12 15 12 15 13 15 13 16 12 16 12 16 11 17 11 16 11 17 11 17 11 18 10 18 10 19 10 19 10 20 9 ]
2025-05-21 16:49:24,CSI_DATA,STA,D8:B1:90:DB:E8:90,-30,11,1,7,0,0,1,0,0,0,1,-94,0,2,0,1929468491,0,110,0,0,92124.1,256,[110 96 6 0 -23 6 -24 6 -22 7 -23 7 -23 7 -22 8 -22 8 -21 8 -21 9 -21 9 -21 9 -21 9 -21 10 -21 9 -21 10 -21 9 -21 9 -21 8 -21 8 -21 7 -20 7 -20 6 -21 5 -21 4 -21 3 0 0 0 0 0 0 0 0 0 0 0 0 0 0 0 0 0 0 0 0 0 0 -19 5 -19 4 -19 3 -20 2 -20 2 -21 1 -21 1 -21 1 -22 1 -21 1 -22 0 -22 0 -22 0 -22 1 -21 0 -22 1 -22 1 -21 2 -23 3 -22 3 -22 3 -23 4 -22 4 -23 4 -23 5 -23 5 ]
2025-05-21 16:49:27,CSI_DATA,STA,D8:B1:90:DB:E8:90,-30,11,1,7,0,0,1,1,0,0,1,-94,0,2,0,1931984362,0,110,0,0,92126.7,256,[110 96 6 0 20 -5 20 -5 20 -6 19 -6 19 -7 19 -7 19 -8 19 -8 19 -8 19 -9 19 -9 19 -8 19 -9 19 -8 19 -9 19 -8 18 -8 18 -8 18 -7 19 -7 19 -6 19 -6 19 -5 19 -4 19 -2 0 0 0 0 0 0 0 0 0 0 0 0 0 0 0 0 0 0 0 0 0 0 16 -3 16 -2 16 -1 17 -1 17 0 18 -1 18 0 18 0 19 0 19 0 18 1 18 1 19 1 19 1 19 1 18 0 19 0 19 -1 19 -1 19 -2 19 -3 19 -3 19 -4 19 -4 20 -4 21 -5 ]
2025-05-21 16:49:27,CSI_DATA,STA,D8:B1:90:DB:E8:90,-34,11,1,7,0,0,1,1,0,0,1,-94,0,2,0,1932496022,0,110,0,0,92127.2,256,[110 96 6 0 -9 1 -9 1 -8 0 -17 6 -17 6 -17 5 -16 5 -16 6 -16 6 -16 6 -16 6 -11 3 -11 3 -11 2 -12 1 -3 -15 -2 -15 -1 -15 0 -15 4 21 3 21 2 20 0 20 9 4 9 5 0 0 0 0 0 0 0 0 0 0 0 0 0 0 0 0 0 0 0 0 0 0 10 8 9 9 21 2 20 4 21 6 20 7 16 -6 17 -5 18 -4 18 -4 21 -10 21 -9 21 -8 22 -7 27 2 27 3 26 4 26 5 24 0 24 1 24 1 25 3 19 -3 19 -2 19 -1 4 -2 ]
2025-05-21 16:49:30,CSI_DATA,STA,D8:B1:90:DB:E8:90,-30,11,1,7,0,0,1,1,0,0,1,-94,0,2,0,1935001903,0,110,0,0,92129.7,256,[110 96 6 0 -16 21 -16 21 -15 21 -15 21 -15 21 -15 21 -14 21 -13 22 -13 22 -12 22 -11 23 -12 22 -12 22 -13 22 -13 22 -12 22 -13 22 -14 21 -13 21 -14 20 -14 19 -14 19 -15 18 -16 19 -17 17 0 0 0 0 0 0 0 0 0 0 0 0 0 0 0 0 0 0 0 0 0 0 -12 16 -13 15 -14 16 -15 16 -15 15 -17 15 -17 15 -18 15 -18 15 -18 15 -19 16 -19 16 -18 16 -18 16 -18 15 -19 16 -18 16 -18 17 -18 17 -17 17 -17 18 -17 18 -17 19 -1
2025-05-21 16:49:30,CSI_DATA,STA,D8:B1:90:DB:E8:90,-30,11,1,7,0,0,1,1,0,0,1,-94,0,2,0,1935502226,0,110,0,0,92130.2,256,[110 96 6 0 2 21 3 21 3 20 4 21 4 21 4 21 5 20 5 20 5 19 6 19 7 19 6 20 7 20 7 19 7 20 6 20 6 19 5 19 5 19 4 19 3 19 3 19 3 19 2 19 1 19 0 0 0 0 0 0 0 0 0 0 0 0 0 0 0 0 0 0 0 0 0 0 3 16 2 17 1 17 0 17 0 17 -1 17 -1 19 -2 19 -2 19 -2 20 -2 20 -2 20 -1 19 -1 20 -2 20 -1 19 -1 20 -1 20 0 20 0 19 0 20 1 20 1 21 2 21 2 21 2 21 ]
2025-05-21 16:49:31,CSI_DATA,STA,D8:B1:90:DB:E8:90,-30,11,1,7,0,0,1,1,0,0,1,-94,0,2,0,1936002102,0,110,0,0,92130.7,256,[110 96 6 0 21 -10 20 -10 21 -11 20 -11 20 -12 19 -12 20 -12 19 -13 19 -14 19 -13 18 -14 19 -14 19 -14 19 -15 19 -15 19 -14 19 -14 19 -14 19 -13 20 -12 19 -12 20 -11 20 -10 20 -8 20 -7 0 0 0 0 0 0 0 0 0 0 0 0 0 0 0 0 0 0 0 0 0 0 18 -8 18 -6 19 -6 19 -5 19 -5 20 -5 21 -5 21 -4 21 -4 22 -4 22 -4 22 -4 21 -4 21 -3 21 -4 22 -5 21 -5 21 -6 21 -6 21 -7 21 -8 21 -9 22 -9 22 -9 22 -9 23 -11 ]
2025-05-21 16:49:32,CSI_DATA,STA,D8:B1:90:DB:E8:90,-30,11,1,7,0,0,1,1,0,0,1,-94,0,2,0,1937002190,0,110,0,0,92131.7,256,[110 96 6 0 3 23 3 23 3 23 4 23 4 23 4 22 5 22 5 22 5 22 6 22 7 21 6 22 6 21 6 22 6 22 7 24 6 23 5 23 5 23 4 22 4 22 3 22 2 21 1 22 0 22 0 0 0 0 0 0 0 0 0 0 0 0 0 0 0 0 0 0 0 0 0 0 3 18 1 18 0 20 -1 20 0 20 -2 20 -2 21 -3 21 -2 21 -3 22 -4 22 -4 22 -4 22 -3 22 -3 22 -4 22 -3 22 -2 22 -1 22 -1 22 0 23 1 23 0 23 1 23 1 23 1 24 ]
2025-05-21 16:49:32,CSI_DATA,STA,D8:B1:90:DB:E8:90,-30,11,1,7,0,0,1,1,0,0,1,-94,0,2,0,1937510338,0,110,0,0,92132.2,256,[110 96 6 0 -23 9 -23 10 -22 10 -22 10 -22 11 -22 11 -21 11 -21 12 -21 12 -20 13 -20 13 -20 13 -20 13 -20 13 -20 14 -21 13 -21 13 -21 12 -21 11 -20 10 -21 10 -20 9 -21 8 -21 8 -22 6 0 0 0 0 0 0 0 0 0 0 0 0 0 0 0 0 0 0 0 0 0 0 -18 8 -19 7 -19 6 -20 6 -20 5 -21 5 -21 5 -22 5 -22 5 -23 4 -22 4 -22 4 -22 4 -22 4 -22 4 -22 5 -22 5 -22 6 -22 5 -21 6 -22 6 -22 7 -23 9 -22 8 -23 9 -23 9 ]
2025-05-21 16:49:33,CSI_DATA,STA,D8:B1:90:DB:E8:90,-30,11,1,7,0,0,1,1,0,0,1,-94,0,2,0,1938001943,0,110,0,0,92132.7,256,[110 96 6 0 21 1 21 1 21 0 21 0 21 0 21 -1 20 -1 20 -2 20 -3 20 -3 20 -4 20 -3 20 -4 20 -4 21 -4 21 -3 20 -3 20 -3 20 -2 20 -2 20 -1 19 -1 19 -1 19 1 19 2 0 0 0 0 0 0 0 0 0 0 0 0 0 0 0 0 0 0 0 0 0 0 18 0 17 2 17 2 17 3 17 4 17 4 18 5 18 5 18 5 18 6 18 6 18 6 18 6 18 6 18 6 19 5 18 5 19 4 19 4 19 4 20 3 20 3 20 2 21 2 21 2 21 1 ]
2025-05-21 16:49:33,CSI_DATA,STA,D8:B1:90:DB:E8:90,-30,11,1,7,0,0,1,1,0,0,1,-94,0,2,0,1938502502,0,110,0,0,92133.2,256,[110 96 6 0 -17 13 -17 13 -17 14 -16 14 -16 14 -16 14 -15 15 -14 15 -15 15 -14 15 -14 16 -14 16 -14 16 -13 16 -14 16 -14 16 -14 16 -14 15 -14 15 -14 14 -15 14 -14 13 -15 12 -15 12 -16 11 0 0 0 0 0 0 0 0 0 0 0 0 0 0 0 0 0 0 0 0 0 0 -14 10 -14 9 -15 9 -15 9 -15 8 -16 8 -17 8 -17 8 -17 8 -17 8 -18 8 -18 8 -17 8 -18 8 -17 8 -18 9 -17 9 -17 10 -16 10 -16 10 -16 11 -16 11 -17 12 -17 12 -17 13 -18
2025-05-21 16:49:34,CSI_DATA,STA,D8:B1:90:DB:E8:90,-30,11,1,7,0,0,1,1,0,0,1,-94,0,2,0,1939002039,0,110,0,0,92133.7,256,[110 96 6 0 18 9 19 9 19 8 19 8 19 8 19 7 19 7 19 6 19 5 20 5 20 5 19 5 19 5 19 5 20 5 20 5 20 5 19 6 19 6 19 7 18 7 18 7 17 8 17 9 16 10 0 0 0 0 0 0 0 0 0 0 0 0 0 0 0 0 0 0 0 0 0 0 15 6 15 7 14 8 14 9 14 9 14 10 15 10 15 10 14 11 15 11 15 11 14 12 15 12 15 12 15 11 15 11 15 10 15 10 16 10 16 10 17 9 17 9 17 9 18 10 18 10 19 9 ]
2025-05-21 16:49:36,CSI_DATA,STA,D8:B1:90:DB:E8:90,-30,11,1,7,0,0,1,1,0,0,1,-94,0,2,0,1941517496,0,110,0,0,92136.2,256,[110 96 6 0 5 -24 4 -23 5 -24 4 -24 4 -23 3 -24 3 -23 2 -24 2 -24 1 -24 1 -24 0 -24 0 -24 1 -25 1 -24 2 -24 2 -24 2 -23 3 -23 3 -22 4 -22 4 -22 5 -21 6 -21 7 -20 0 0 0 0 0 0 0 0 0 0 0 0 0 0 0 0 0 0 0 0 0 0 4 -19 5 -18 6 -19 6 -19 7 -19 8 -19 9 -19 9 -19 9 -19 10 -19 10 -19 10 -19 9 -19 9 -19 9 -20 9 -20 9 -20 8 -21 7 -20 7 -21 7 -21 6 -22 6 -22 6 -23 6 -23 6 -23 ]
2025-05-21 16:49:37,CSI_DATA,STA,D8:B1:90:DB:E8:90,-30,11,1,7,0,0,1,1,0,0,1,-94,0,2,0,1942014364,0,110,0,0,92136.7,256,[110 96 6 0 6 -23 6 -23 6 -23 5 -23 5 -23 4 -23 4 -23 3 -24 3 -24 2 -24 2 -24 2 -24 2 -24 2 -24 3 -24 3 -24 3 -23 4 -23 5 -22 5 -23 7 -22 6 -22 7 -22 8 -21 9 -20 0 0 0 0 0 0 0 0 0 0 0 0 0 0 0 0 0 0 0 0 0 0 5 -19 6 -18 7 -18 8 -18 8 -18 10 -18 10 -18 11 -18 11 -18 11 -18 11 -18 11 -18 11 -18 10 -18 11 -19 11 -19 10 -19 10 -20 10 -20 9 -20 9 -21 9 -21 8 -21 7 -22 8 -22 8 -23 ]
2025-05-21 16:49:39,CSI_DATA,STA,D8:B1:90:DB:E8:90,-30,11,1,7,0,0,1,1,0,0,1,-94,0,2,0,1944522203,0,110,0,0,92139.2,256,[110 96 6 0 22 -10 22 -11 22 -11 21 -11 20 -12 20 -12 20 -12 20 -13 20 -14 20 -15 20 -15 19 -14 19 -14 20 -14 20 -14 20 -14 20 -14 20 -14 21 -13 20 -12 20 -11 20 -11 20 -10 20 -9 21 -7 0 0 0 0 0 0 0 0 0 0 0 0 0 0 0 0 0 0 0 0 0 0 18 -9 18 -8 18 -7 19 -6 19 -6 20 -6 20 -6 21 -6 21 -5 21 -5 22 -5 22 -5 22 -5 21 -5 21 -5 21 -5 21 -6 21 -6 22 -6 22 -7 22 -8 22 -8 22 -9 22 -9 22 -9 23 -10 ]
2025-05-21 16:49:40,CSI_DATA,STA,D8:B1:90:DB:E8:90,-30,11,1,7,0,0,1,1,0,0,1,-94,0,2,0,1945021871,0,110,0,0,92139.7,256,[110 96 6 0 -21 1 -22 1 -21 2 -21 2 -21 3 -21 3 -20 3 -21 4 -21 4 -21 5 -21 5 -21 4 -21 5 -21 5 -21 5 -21 5 -21 5 -21 5 -21 4 -21 3 -20 2 -20 2 -20 2 -20 0 -20 -1 0 0 0 0 0 0 0 0 0 0 0 0 0 0 0 0 0 0 0 0 0 0 -17 0 -18 -1 -17 -3 -17 -3 -17 -3 -18 -4 -18 -3 -18 -4 -18 -4 -19 -5 -19 -5 -19 -5 -19 -5 -19 -5 -20 -5 -20 -4 -20 -4 -20 -3 -20 -3 -20 -3 -21 -2 -21 -1 -21 -1 -21 -1 -22 -1 -22 0 ]
2025-05-21 16:49:40,CSI_DATA,STA,D8:B1:90:DB:E8:90,-30,11,1,7,0,0,1,1,0,0,1,-94,0,2,0,1945522273,0,110,0,0,92140.2,256,[110 96 6 0 -5 23 -5 24 -4 23 -4 24 -3 24 -2 24 -1 23 -2 22 -2 22 -2 23 -1 23 -1 24 -1 24 -1 24 -1 25 -1 23 -2 24 -1 23 -2 23 -2 23 -3 22 -4 22 -5 22 -6 21 -7 21 0 0 0 0 0 0 0 0 0 0 0 0 0 0 0 0 0 0 0 0 0 0 -5 18 -6 18 -7 18 -7 19 -8 18 -9 19 -9 19 -9 20 -10 20 -10 20 -11 19 -11 19 -10 19 -10 19 -10 20 -10 20 -9 20 -9 20 -8 21 -7 21 -6 22 -6 22 -6 23 -6 23 -6 23 -6 24 ]
2025-05-21 16:49:47,CSI_DATA,STA,D8:B1:90:DB:E8:90,-30,11,1,7,0,0,1,1,0,0,1,-94,0,2,0,1952552897,0,110,0,0,92147.2,256,[110 96 6 0 -21 5 -21 5 -21 6 -21 6 -20 6 -20 7 -20 7 -19 8 -19 8 -19 8 -19 9 -19 9 -19 9 -19 9 -19 10 -20 9 -20 9 -20 9 -20 8 -19 7 -19 7 -19 6 -19 5 -20 4 -20 3 0 0 0 0 0 0 0 0 0 0 0 0 0 0 0 0 0 0 0 0 0 0 -17 3 -18 2 -18 1 -18 0 -18 0 -19 0 -19 0 -19 0 -20 0 -20 -1 -20 -1 -20 -1 -19 -1 -19 -1 -20 -1 -20 0 -20 0 -20 1 -20 1 -20 1 -20 2 -21 3 -20 3 -21 3 -21 4 -21 4 ]
2025-05-21 16:49:49,CSI_DATA,STA,D8:B1:90:DB:E8:90,-30,11,1,7,0,0,1,1,0,0,1,-94,0,2,0,1953552347,0,110,0,0,92148.2,256,[110 96 6 0 -24 -4 -25 -3 -24 -2 -23 -2 -23 -1 -23 -1 -23 -1 -24 0 -23 0 -23 1 -24 1 -24 2 -24 2 -24 2 -24 2 -23 1 -23 0 -23 0 -23 0 -23 -1 -23 -1 -22 -2 -22 -3 -22 -4 -22 -5 0 0 0 0 0 0 0 0 0 0 0 0 0 0 0 0 0 0 0 0 0 0 -19 -3 -19 -4 -19 -5 -19 -6 -19 -6 -20 -6 -20 -7 -20 -7 -21 -7 -20 -8 -20 -8 -20 -8 -20 -8 -20 -8 -21 -8 -21 -7 -21 -7 -21 -6 -22 -6 -22 -5 -22 -5 -22 -4 -23 -4 -23 -5 -23 -4
2025-05-21 16:49:49,CSI_DATA,STA,D8:B1:90:DB:E8:90,-30,11,1,7,0,0,1,1,0,0,1,-94,0,2,0,1954051874,0,110,0,0,92148.7,256,[110 96 6 0 9 -22 9 -22 9 -22 9 -21 8 -21 8 -21 7 -21 7 -22 7 -21 6 -22 6 -22 6 -23 6 -23 6 -23 6 -23 6 -23 6 -22 7 -23 7 -22 7 -21 8 -21 8 -21 9 -20 10 -19 11 -19 0 0 0 0 0 0 0 0 0 0 0 0 0 0 0 0 0 0 0 0 0 0 7 -17 9 -17 9 -17 10 -17 10 -17 12 -18 12 -17 12 -17 13 -17 13 -17 14 -17 14 -17 14 -17 14 -17 13 -17 13 -17 13 -18 12 -18 12 -19 12 -19 11 -20 11 -20 11 -21 11 -21 11 -21 11 -22 ]
2025-05-21 16:49:49,CSI_DATA,STA,D8:B1:90:DB:E8:90,-30,11,1,7,0,0,1,1,0,0,1,-94,0,2,0,1954551859,0,110,0,0,92149.2,256,[110 96 6 0 12 -21 13 -21 12 -22 12 -21 11 -22 10 -22 10 -22 9 -22 9 -22 9 -23 8 -22 8 -23 7 -23 8 -23 8 -24 9 -23 9 -23 9 -23 9 -22 9 -21 9 -21 10 -20 11 -19 12 -20 13 -19 0 0 0 0 0 0 0 0 0 0 0 0 0 0 0 0 0 0 0 0 0 0 11 -16 12 -16 13 -15 14 -15 14 -15 15 -15 15 -15 15 -15 15 -15 15 -14 17 -15 17 -15 17 -15 17 -15 16 -15 16 -16 16 -16 16 -16 15 -17 15 -17 14 -18 14 -19 14 -19 14 -19 14 -20 14
2025-05-21 16:49:50,CSI_DATA,STA,D8:B1:90:DB:E8:90,-30,11,1,7,0,0,1,1,0,0,1,-94,0,2,0,1955051880,0,110,0,0,92149.7,256,[110 96 6 0 -12 -20 -12 -19 -12 -18 -13 -19 -13 -18 -13 -18 -14 -17 -14 -18 -14 -17 -15 -17 -15 -16 -16 -16 -15 -16 -15 -16 -15 -17 -15 -17 -15 -17 -14 -17 -14 -17 -13 -17 -13 -17 -12 -17 -12 -17 -11 -18 -9 -18 0 0 0 0 0 0 0 0 0 0 0 0 0 0 0 0 0 0 0 0 0 0 -8 -15 -8 -16 -7 -17 -7 -17 -7 -18 -6 -18 -6 -18 -6 -19 -5 -19 -6 -20 -6 -20 -6 -20 -6 -20 -7 -20 -6 -19 -6 -19 -7 -19 -7 -20 -8 -19 -8 -19
2025-05-21 16:49:50,CSI_DATA,STA,D8:B1:90:DB:E8:90,-30,11,1,7,0,0,1,1,0,0,1,-94,0,2,0,1955553076,0,110,0,0,92150.2,256,[110 96 6 0 14 -20 14 -20 14 -21 13 -21 12 -21 12 -21 11 -22 11 -22 11 -21 10 -22 10 -22 10 -23 10 -23 11 -23 11 -23 11 -23 11 -23 11 -22 12 -22 11 -21 12 -20 12 -19 13 -19 14 -18 15 -17 0 0 0 0 0 0 0 0 0 0 0 0 0 0 0 0 0 0 0 0 0 0 10 -17 11 -16 13 -16 13 -16 14 -16 15 -16 15 -16 16 -16 17 -16 16 -15 17 -15 17 -15 17 -15 17 -15 17 -16 17 -16 16 -16 16 -17 16 -17 15 -17 15 -18 15 -18 15 -19 15
2025-05-21 16:49:51,CSI_DATA,STA,D8:B1:90:DB:E8:90,-30,11,1,7,0,0,1,1,0,0,1,-94,0,2,0,1956056975,0,110,0,0,92150.7,256,[110 96 6 0 17 16 17 16 17 15 16 15 17 14 17 14 17 13 18 14 18 14 18 14 19 13 18 13 18 13 18 13 18 13 19 13 18 13 18 13 17 13 16 13 16 14 15 14 15 14 15 16 14 17 0 0 0 0 0 0 0 0 0 0 0 0 0 0 0 0 0 0 0 0 0 0 12 14 11 14 11 15 10 15 11 16 10 16 10 16 10 17 10 17 10 18 9 18 9 18 9 19 10 18 10 18 10 17 11 17 11 17 11 17 12 17 13 16 14 16 14 16 15 17 15 16 16 17 ]
2025-05-21 16:49:51,CSI_DATA,STA,D8:B1:90:DB:E8:90,-30,11,1,7,0,0,1,1,0,0,1,-94,0,2,0,1956568346,0,110,0,0,92151.2,256,[110 96 6 0 5 23 5 22 5 23 6 21 7 22 7 21 8 21 8 20 8 21 8 21 9 21 9 20 9 20 9 20 9 20 9 21 8 21 9 20 8 20 8 21 7 20 6 21 5 21 4 21 3 21 0 0 0 0 0 0 0 0 0 0 0 0 0 0 0 0 0 0 0 0 0 0 2 17 2 17 1 19 0 18 0 19 -1 19 0 20 -1 20 -1 20 -1 21 -2 21 -2 21 -2 21 -2 20 -1 20 -1 21 -1 20 0 21 1 20 2 21 2 21 3 21 3 23 3 22 3 23 4 22 ]
2025-05-21 16:49:52,CSI_DATA,STA,D8:B1:90:DB:E8:90,-30,11,1,5,0,0,1,1,1,0,0,-94,0,2,0,1957570838,0,110,0,0,92152.2,384,[110 96 6 0 16 4 16 6 14 6 14 7 13 6 12 6 10 5 8 3 6 2 3 1 0 0 -5 -1 -9 -1 -13 0 -18 0 -21 1 -25 2 -27 4 -30 5 -31 7 -32 7 -31 8 -32 8 -31 7 -30 6 0 0 0 0 0 0 0 0 0 0 0 0 0 0 0 0 0 0 0 0 0 0 -12 -7 -10 -8 -8 -9 -6 -9 -3 -8 -1 -7 2 -5 5 -4 9 -3 12 -1 16 0 20 1 23 1 26 1 29 1 29 0 31 -1 31 -3 32 -4 31 -5 30 -6 28 -6 26 -6 25 -4 23 -3 21 -1 ]
2025-05-21 16:49:53,CSI_DATA,STA,D8:B1:90:DB:E8:90,-30,11,1,6,0,0,1,0,0,0,1,-94,0,2,0,1958571156,0,110,0,0,92153.2,256,[110 96 6 0 14 -8 15 -7 16 -5 15 -5 14 -4 13 -3 11 -3 9 -3 6 -3 3 -3 -1 -1 -5 1 -9 3 -12 6 -16 9 -19 12 -21 15 -23 18 -24 20 -25 21 -25 23 -24 23 -24 24 -24 23 -24 21 0 0 0 0 0 0 0 0 0 0 0 0 0 0 0 0 0 0 0 0 0 0 -13 5 -13 3 -11 1 -10 0 -8 -2 -6 -4 -3 -5 0 -7 4 -8 8 -11 11 -13 15 -14 17 -17 20 -19 21 -22 21 -23 22 -25 21 -26 21 -27 19 -26 18 -26 17 -25 15 -24 14 -22 15 -19 15 -17 ]
2025-05-21 16:49:54,CSI_DATA,STA,D8:B1:90:DB:E8:90,-30,11,1,6,0,0,1,0,0,0,1,-94,0,2,0,1959571643,0,110,0,0,92154.2,256,[110 96 6 0 -13 -20 -13 -20 -13 -20 -14 -19 -14 -19 -15 -19 -15 -18 -15 -18 -15 -17 -16 -17 -17 -17 -17 -17 -17 -17 -17 -17 -17 -17 -16 -17 -16 -16 -15 -17 -15 -17 -15 -18 -15 -18 -13 -18 -13 -18 -12 -18 -11 -19 0 0 0 0 0 0 0 0 0 0 0 0 0 0 0 0 0 0 0 0 0 0 -10 -16 -9 -17 -9 -18 -8 -18 -8 -19 -8 -19 -7 -19 -7 -20 -7 -20 -7 -20 -7 -21 -7 -21 -7 -21 -7 -21 -7 -21 -7 -21 -8 -21 -8 -21 -8 -20 -9 -
2025-05-21 16:49:55,CSI_DATA,STA,D8:B1:90:DB:E8:90,-30,11,1,7,0,0,1,0,0,0,0,-94,0,2,0,1960071286,0,110,0,0,92154.7,256,[110 96 6 0 -14 18 -14 19 -13 19 -12 18 -12 19 -12 19 -11 19 -11 20 -10 20 -10 20 -9 20 -9 21 -9 21 -9 21 -9 21 -10 21 -10 21 -10 20 -10 20 -11 19 -11 19 -12 18 -12 18 -13 17 -14 16 0 0 0 0 0 0 0 0 0 0 0 0 0 0 0 0 0 0 0 0 0 0 -12 14 -13 14 -13 14 -14 13 -14 13 -15 13 -16 14 -16 13 -17 13 -17 14 -17 13 -17 13 -16 13 -16 13 -16 14 -16 14 -16 14 -15 15 -15 15 -15 15 -15 16 -15 16 -15 17 -14 17
2025-05-21 16:49:55,CSI_DATA,STA,D8:B1:90:DB:E8:90,-37,11,1,7,0,0,1,1,0,0,1,-94,0,2,0,1960573664,0,110,0,0,92155.2,256,[110 96 6 0 11 -8 11 -8 12 -9 12 -23 12 -22 11 -23 11 -23 6 8 5 8 6 8 6 8 31 9 31 9 31 10 31 10 1 13 0 13 0 13 0 13 2 -28 3 -28 5 -28 6 -27 9 -24 11 -23 0 0 0 0 0 0 0 0 0 0 0 0 0 0 0 0 0 0 0 0 0 0 14 17 13 18 -5 -20 -4 -21 -4 -21 -2 -21 -4 13 -4 13 -5 13 -5 13 0 19 -1 19 -1 20 -1 19 13 -21 13 -21 13 -21 13 -21 -2 -25 -2 -25 -3 -24 -4 -25 6 -20 6 -20 6 -21 4 21 ]
2025-05-21 16:49:56,CSI_DATA,STA,D8:B1:90:DB:E8:90,-30,11,1,5,0,0,1,0,0,0,1,-94,0,2,0,1961071252,0,110,0,0,92155.7,256,[110 96 6 0 -24 0 -24 1 -23 2 -22 2 -21 2 -22 2 -21 3 -22 3 -21 4 -21 4 -21 5 -22 5 -22 5 -22 5 -22 5 -22 5 -22 4 -22 3 -22 3 -21 3 -21 2 -21 2 -21 1 -21 0 -21 -1 0 0 0 0 0 0 0 0 0 0 0 0 0 0 0 0 0 0 0 0 0 0 -18 1 -18 -1 -19 -2 -19 -3 -19 -3 -19 -3 -19 -4 -19 -4 -20 -4 -20 -4 -20 -5 -20 -5 -20 -5 -20 -5 -20 -4 -20 -4 -20 -3 -20 -3 -21 -3 -21 -3 -21 -2 -22 -2 -22 0 -22 0 -23 0 -23 1 ]
2025-05-21 16:49:56,CSI_DATA,STA,D8:B1:90:DB:E8:90,-30,11,1,6,0,0,1,0,0,0,1,-94,0,2,0,1961571338,0,110,0,0,92156.2,256,[110 96 6 0 -10 -16 -8 -17 -7 -16 -6 -16 -5 -15 -5 -14 -5 -12 -4 -9 -3 -6 -2 -4 0 0 2 3 4 6 8 10 11 13 14 15 18 17 20 18 23 19 25 19 26 19 27 19 26 19 26 19 24 19 0 0 0 0 0 0 0 0 0 0 0 0 0 0 0 0 0 0 0 0 0 0 4 11 2 11 0 11 -1 9 -3 7 -4 4 -6 1 -7 -2 -8 -5 -10 -9 -12 -13 -14 -16 -16 -18 -18 -20 -20 -22 -22 -22 -24 -22 -25 -22 -26 -21 -26 -20 -26 -19 -26 -17 -24 -16 -22 -16 -19 -16 -16 -15 ]
2025-05-21 16:49:57,CSI_DATA,STA,D8:B1:90:DB:E8:90,-30,11,1,6,0,0,1,0,0,0,1,-94,0,2,0,1962075306,0,110,0,0,92156.7,256,[110 96 6 0 17 -1 17 1 16 1 16 2 15 3 14 2 12 2 10 1 7 0 4 -1 0 0 -4 0 -8 1 -12 2 -17 4 -21 6 -24 8 -26 10 -28 12 -29 14 -30 15 -29 16 -29 16 -28 16 -28 14 0 0 0 0 0 0 0 0 0 0 0 0 0 0 0 0 0 0 0 0 0 0 -14 -2 -13 -4 -11 -5 -9 -6 -6 -6 -4 -6 -1 -6 3 -6 7 -6 11 -6 15 -6 19 -7 22 -8 25 -9 27 -10 28 -12 29 -13 29 -15 28 -16 27 -16 26 -16 25 -15 23 -15 21 -13 20 -11 19 -8 ]
2025-05-21 16:49:58,CSI_DATA,STA,D8:B1:90:DB:E8:90,-30,11,1,6,0,0,1,0,0,0,1,-94,0,2,0,1963073004,0,110,0,0,92157.7,256,[110 96 6 0 -5 16 -6 15 -7 14 -7 14 -7 13 -6 12 -5 11 -5 9 -4 6 -3 3 -1 0 -1 -4 -1 -8 -2 -12 -3 -16 -4 -20 -6 -23 -7 -26 -9 -27 -10 -29 -12 -29 -12 -29 -12 -29 -12 -28 -10 -27 0 0 0 0 0 0 0 0 0 0 0 0 0 0 0 0 0 0 0 0 0 0 7 -11 8 -9 8 -8 8 -6 7 -4 7 -1 5 2 4 5 3 8 1 12 -1 15 -2 19 -2 21 -2 24 -1 26 0 28 1 29 2 30 3 30 5 29 5 28 6 26 5 25 4 23 3 21 0 20 ]
2025-05-21 16:50:08,CSI_DATA,STA,D8:B1:90:DB:E8:90,-30,11,1,7,0,0,1,0,0,0,1,-94,0,2,0,1972641317,0,110,0,0,92167.3,256,[110 96 6 0 8 -15 9 -14 10 -13 9 -12 9 -11 8 -10 7 -9 6 -8 4 -6 2 -3 -1 0 -2 4 -3 7 -4 11 -4 15 -5 19 -4 22 -4 25 -3 27 -3 29 -2 30 -1 30 -1 30 -2 30 -2 28 0 0 0 0 0 0 0 0 0 0 0 0 0 0 0 0 0 0 0 0 0 0 -10 7 -11 5 -10 4 -9 2 -8 0 -7 -3 -5 -4 -2 -7 0 -9 3 -12 5 -15 7 -18 8 -21 10 -23 10 -26 9 -27 9 -29 8 -30 6 -30 5 -30 4 -29 4 -28 3 -26 4 -24 4 -22 6 -21 ]
2025-05-21 16:50:09,CSI_DATA,STA,D8:B1:90:DB:E8:90,-29,11,1,6,0,0,1,0,0,0,1,-94,0,2,0,1974148946,0,110,0,0,92168.8,256,[110 96 6 0 8 -15 10 -13 11 -12 11 -11 11 -11 9 -10 8 -8 7 -8 5 -6 2 -3 0 -1 -3 3 -4 6 -5 10 -6 15 -7 18 -7 23 -7 25 -7 27 -6 30 -6 31 -6 31 -5 31 -6 30 -6 29 0 0 0 0 0 0 0 0 0 0 0 0 0 0 0 0 0 0 0 0 0 0 -10 9 -10 7 -9 5 -9 3 -8 1 -7 -2 -5 -3 -3 -7 -1 -9 2 -12 4 -16 5 -18 7 -22 8 -24 8 -27 8 -28 7 -30 7 -31 5 -32 4 -30 3 -30 3 -28 3 -27 3 -25 4 -22 6 -21 ]
2025-05-21 16:50:14,CSI_DATA,STA,D8:B1:90:DB:E8:90,-30,11,1,6,0,0,1,0,0,0,1,-94,0,2,0,1979187256,0,110,0,0,92173.9,256,[110 96 6 0 21 2 22 2 21 1 22 1 21 1 21 0 21 -1 22 -1 21 -2 21 -2 22 -2 21 -2 22 -2 22 -2 22 -2 21 -2 22 -2 21 -2 21 -1 20 0 20 1 19 1 19 2 20 3 19 4 0 0 0 0 0 0 0 0 0 0 0 0 0 0 0 0 0 0 0 0 0 0 18 1 18 2 17 4 17 4 17 5 18 5 18 5 18 5 18 6 18 6 18 6 18 7 18 7 18 7 19 7 18 6 18 6 19 5 19 5 19 5 20 4 20 4 20 3 21 3 21 3 22 2 ]
2025-05-21 16:50:15,CSI_DATA,STA,D8:B1:90:DB:E8:90,-30,11,1,7,0,0,1,0,0,0,1,-94,0,2,0,1979695256,0,110,0,0,92174.4,256,[110 96 6 0 -19 -14 -19 -14 -19 -13 -18 -12 -19 -11 -19 -11 -19 -10 -19 -10 -19 -10 -20 -10 -20 -10 -19 -9 -20 -9 -19 -9 -19 -10 -20 -10 -20 -10 -20 -10 -19 -10 -18 -10 -18 -11 -17 -11 -16 -12 -16 -13 -15 -13 0 0 0 0 0 0 0 0 0 0 0 0 0 0 0 0 0 0 0 0 0 0 -15 -10 -14 -11 -13 -13 -13 -13 -13 -14 -13 -14 -13 -14 -13 -14 -13 -15 -13 -15 -12 -16 -13 -16 -13 -16 -13 -16 -13 -16 -13 -16 -13 -15 -13 -
2025-05-21 16:50:15,CSI_DATA,STA,D8:B1:90:DB:E8:90,-30,11,1,6,0,0,1,1,0,0,1,-94,0,2,0,1980187930,0,110,0,0,92174.9,256,[110 96 6 0 0 16 -1 16 -2 14 -2 15 -3 14 -2 13 -2 11 -2 9 -1 6 -1 3 0 0 -1 -4 -2 -8 -3 -11 -4 -16 -6 -19 -8 -22 -9 -24 -11 -26 -12 -27 -13 -28 -14 -27 -14 -27 -14 -26 -12 -26 0 0 0 0 0 0 0 0 0 0 0 0 0 0 0 0 0 0 0 0 0 0 -1 -12 1 -12 2 -11 3 -9 3 -7 4 -4 5 -1 5 2 5 6 6 9 6 13 7 16 8 19 9 21 10 24 11 24 13 25 14 25 15 25 15 24 15 22 14 21 13 19 12 18 10 17 7 17 ]
2025-05-21 16:50:16,CSI_DATA,STA,D8:B1:90:DB:E8:90,-30,11,1,7,0,0,1,0,0,0,1,-94,0,2,0,1980694516,0,110,0,0,92175.4,256,[110 96 6 0 -20 -10 -20 -10 -20 -9 -20 -10 -20 -9 -20 -8 -20 -8 -20 -7 -20 -7 -20 -7 -20 -7 -21 -6 -21 -6 -21 -6 -21 -6 -21 -6 -20 -6 -20 -6 -19 -7 -20 -7 -20 -7 -19 -8 -18 -9 -18 -9 -17 -10 0 0 0 0 0 0 0 0 0 0 0 0 0 0 0 0 0 0 0 0 0 0 -15 -9 -15 -10 -14 -11 -14 -12 -14 -12 -14 -12 -14 -13 -14 -13 -14 -13 -14 -14 -14 -14 -14 -15 -14 -15 -14 -15 -14 -14 -15 -13 -15 -13 -15 -12 -16 -12 -17 -12
2025-05-21 16:50:17,CSI_DATA,STA,D8:B1:90:DB:E8:90,-30,11,1,7,0,0,1,0,0,0,1,-94,0,2,0,1981718940,0,110,0,0,92176.4,256,[110 96 6 0 21 -9 22 -9 22 -10 21 -10 21 -10 21 -11 20 -11 21 -12 20 -13 20 -13 19 -13 19 -13 20 -13 20 -13 20 -13 21 -13 20 -13 21 -12 21 -11 20 -10 20 -10 20 -9 20 -9 20 -8 21 -6 0 0 0 0 0 0 0 0 0 0 0 0 0 0 0 0 0 0 0 0 0 0 18 -10 18 -8 18 -7 19 -7 19 -6 20 -6 21 -6 21 -5 21 -5 22 -5 22 -4 22 -4 21 -4 21 -4 21 -4 22 -5 21 -5 22 -6 21 -6 21 -6 22 -7 22 -7 23 -8 22 -8 23 -8 23 -9 ]
2025-05-21 16:50:18,CSI_DATA,STA,D8:B1:90:DB:E8:90,-30,11,1,7,0,0,1,0,0,0,1,-94,0,2,0,1982741737,0,110,0,0,92177.4,256,[110 96 6 0 0 24 0 23 1 23 1 23 2 23 2 23 3 23 2 23 3 22 4 22 5 22 4 22 4 22 4 22 4 22 4 23 3 22 3 22 2 22 2 23 2 22 1 22 1 22 0 22 -2 22 0 0 0 0 0 0 0 0 0 0 0 0 0 0 0 0 0 0 0 0 0 0 0 19 -1 19 -2 20 -3 20 -3 20 -4 19 -5 20 -5 20 -5 21 -5 21 -6 21 -6 21 -5 21 -5 21 -5 21 -6 21 -5 21 -4 22 -4 21 -3 21 -3 22 -3 22 -2 22 -1 22 -1 23 -1 23 ]
2025-05-21 16:50:22,CSI_DATA,STA,D8:B1:90:DB:E8:90,-30,11,1,7,0,0,1,1,0,0,1,-94,0,2,0,1987245283,0,110,0,0,92181.9,256,[110 96 6 0 15 14 15 14 16 13 16 13 16 13 17 12 17 12 16 11 17 11 17 11 17 10 17 11 17 11 18 10 17 11 17 11 18 11 17 11 17 11 16 12 16 12 15 12 14 13 13 14 12 14 0 0 0 0 0 0 0 0 0 0 0 0 0 0 0 0 0 0 0 0 0 0 12 10 11 11 11 13 11 13 10 14 10 14 10 14 10 14 11 15 10 16 9 16 9 16 9 17 10 17 10 16 10 16 10 15 11 15 12 15 12 15 13 15 13 15 14 15 14 15 14 15 14 14 ]
2025-05-21 16:50:24,CSI_DATA,STA,D8:B1:90:DB:E8:90,-30,11,1,7,0,0,1,1,0,0,1,-94,0,2,0,1989264924,0,110,0,0,92183.9,256,[110 96 6 0 -3 23 -3 23 -3 24 -2 23 -1 23 -1 23 0 23 0 23 0 23 0 23 1 22 1 23 1 23 2 23 1 23 1 23 1 23 0 22 0 22 0 23 0 22 -2 22 -3 22 -3 22 -5 22 0 0 0 0 0 0 0 0 0 0 0 0 0 0 0 0 0 0 0 0 0 0 -4 19 -5 18 -6 19 -7 18 -7 19 -8 18 -8 19 -9 19 -9 20 -10 20 -10 19 -10 20 -10 20 -9 20 -9 20 -9 20 -9 20 -9 21 -8 21 -7 21 -6 22 -6 22 -6 22 -5 22 -6 23 -5 23 ]
2025-05-21 16:50:27,CSI_DATA,STA,D8:B1:90:DB:E8:90,-30,11,1,7,0,0,1,1,0,0,1,-94,0,2,0,1991772860,0,110,0,0,92186.4,256,[110 96 6 0 -15 21 -15 21 -14 21 -14 22 -13 22 -13 22 -12 22 -12 22 -11 23 -11 23 -10 23 -11 23 -11 24 -11 23 -11 24 -11 23 -12 23 -11 22 -12 22 -13 22 -13 21 -13 20 -14 19 -15 19 -16 18 0 0 0 0 0 0 0 0 0 0 0 0 0 0 0 0 0 0 0 0 0 0 -12 17 -13 17 -13 16 -15 16 -15 16 -16 16 -16 16 -17 16 -17 16 -17 16 -18 16 -18 17 -18 16 -17 17 -17 16 -18 16 -17 17 -17 17 -16 18 -15 18 -15 19 -15 19 -15 20 -1
2025-05-21 16:50:27,CSI_DATA,STA,D8:B1:90:DB:E8:90,-30,11,1,7,0,0,1,1,0,0,1,-94,0,2,0,1992280277,0,110,0,0,92186.9,256,[110 96 6 0 -19 14 -19 14 -18 15 -19 14 -18 15 -18 16 -17 15 -17 16 -17 17 -17 17 -16 17 -16 17 -16 17 -16 18 -16 18 -16 18 -17 17 -17 17 -17 16 -17 15 -17 15 -18 13 -18 13 -18 12 -19 11 0 0 0 0 0 0 0 0 0 0 0 0 0 0 0 0 0 0 0 0 0 0 -15 12 -16 11 -17 10 -17 10 -18 10 -18 9 -19 10 -20 9 -20 10 -21 9 -20 9 -20 9 -20 8 -20 9 -20 9 -20 9 -20 10 -20 10 -19 10 -19 11 -19 11 -19 12 -20 13 -20 13 -20
2025-05-21 16:50:29,CSI_DATA,STA,D8:B1:90:DB:E8:90,-37,11,1,7,0,0,1,1,0,0,1,-94,0,2,0,1993793577,0,110,0,0,92188.5,256,[110 96 6 0 -8 18 -8 18 -8 18 -9 6 -8 6 -9 6 -8 6 0 25 0 25 0 25 0 25 5 5 4 5 4 5 4 5 12 -25 13 -24 13 -24 14 -23 23 -24 24 -23 25 -21 26 -19 13 -8 13 -7 0 0 0 0 0 0 0 0 0 0 0 0 0 0 0 0 0 0 0 0 0 0 -12 5 -12 4 -13 5 -13 5 -13 5 -13 3 -5 11 -6 11 -6 11 -7 11 13 9 13 10 13 10 13 10 4 13 4 13 4 13 4 13 6 23 7 23 6 23 7 23 2 15 2 16 2 16 -1 19 ]
2025-05-21 16:50:29,CSI_DATA,STA,D8:B1:90:DB:E8:90,-30,11,1,7,0,0,1,1,0,0,1,-94,0,2,0,1994308503,0,110,0,0,92189,256,[110 96 6 0 -21 -12 -21 -11 -20 -11 -19 -10 -19 -9 -20 -9 -19 -8 -20 -9 -21 -8 -21 -8 -21 -8 -21 -7 -21 -6 -21 -6 -21 -7 -22 -7 -21 -8 -21 -8 -20 -8 -20 -9 -20 -9 -19 -9 -19 -9 -18 -10 -17 -11 0 0 0 0 0 0 0 0 0 0 0 0 0 0 0 0 0 0 0 0 0 0 -16 -9 -15 -10 -14 -12 -14 -12 -14 -13 -14 -13 -15 -14 -15 -14 -15 -14 -15 -15 -14 -15 -15 -15 -15 -15 -15 -15 -14 -15 -15 -14 -15 -14 -16 -14 -17 -13 -17 -13
2025-05-21 16:50:35,CSI_DATA,STA,D8:B1:90:DB:E8:90,-34,11,1,7,0,0,1,1,0,0,1,-94,0,2,0,1999831701,0,110,0,0,92194.5,256,[110 96 6 0 14 9 13 9 12 9 12 11 11 11 11 11 11 11 10 11 9 12 9 12 9 13 8 13 7 14 6 14 5 15 5 15 3 15 2 15 1 16 0 16 -2 15 -3 15 -5 15 -6 15 -8 13 0 0 0 0 0 0 0 0 0 0 0 0 0 0 0 0 0 0 0 0 0 0 10 13 8 14 27 7 27 10 26 13 26 16 27 -3 27 -1 27 2 28 4 17 -6 17 -4 17 -3 17 -2 17 -1 16 0 16 1 16 1 17 2 16 3 16 3 16 4 15 4 16 6 15 6 15 7 ]
2025-05-21 16:50:36,CSI_DATA,STA,D8:B1:90:DB:E8:90,-30,11,1,7,0,0,1,1,0,0,1,-94,0,2,0,2001351740,0,110,0,0,92196,256,[110 96 6 0 21 -11 22 -11 21 -12 21 -12 20 -12 20 -13 19 -13 19 -14 19 -14 19 -14 18 -14 19 -15 19 -16 19 -16 20 -16 19 -15 20 -15 19 -15 19 -14 19 -13 19 -13 19 -12 20 -11 20 -10 21 -9 0 0 0 0 0 0 0 0 0 0 0 0 0 0 0 0 0 0 0 0 0 0 18 -9 19 -8 18 -7 19 -7 19 -6 21 -6 21 -6 21 -5 22 -6 21 -5 22 -4 22 -4 22 -4 22 -4 22 -5 21 -5 22 -6 21 -6 22 -7 22 -8 21 -8 22 -9 21 -9 22 -9 22 -9 23 -11 ]
2025-05-21 16:50:40,CSI_DATA,STA,D8:B1:90:DB:E8:90,-34,11,1,7,0,0,1,1,0,0,1,-94,0,2,0,2005367040,0,110,0,0,92200,256,[110 96 6 0 -2 -1 -2 -1 -2 0 18 -4 17 -4 17 -5 17 -5 13 -3 13 -4 13 -4 12 -5 -11 22 -11 22 -11 22 -12 22 5 -21 6 -21 6 -21 6 -20 7 -21 8 -21 8 -19 9 -19 3 -7 4 -7 0 0 0 0 0 0 0 0 0 0 0 0 0 0 0 0 0 0 0 0 0 0 12 14 11 15 13 17 12 18 12 19 12 19 12 18 12 19 12 19 12 19 0 -11 1 -12 1 -11 0 -11 -14 -17 -15 -17 -15 -17 -15 -17 -17 -15 -17 -14 -18 -13 -18 -13 -16 -14 -17 -15 -17 -14 -23 -13 ]
2025-05-21 16:50:41,CSI_DATA,STA,D8:B1:90:DB:E8:90,-35,11,1,7,0,0,1,1,0,0,1,-94,0,2,0,2005869729,0,110,0,0,92200.5,256,[110 96 6 0 -15 -5 -15 -5 -14 -6 4 -19 4 -19 4 -19 4 -19 6 -17 7 -17 6 -18 6 -17 -7 1 -8 1 -8 1 -7 1 -11 -7 -10 -8 -10 -9 -9 -9 -15 2 -15 1 -15 1 -16 0 -6 -12 -6 -13 0 0 0 0 0 0 0 0 0 0 0 0 0 0 0 0 0 0 0 0 0 0 15 3 15 4 21 4 21 5 21 6 20 8 25 4 25 5 25 7 25 7 20 2 19 3 19 3 19 4 25 -9 25 -9 24 -10 25 -10 24 -9 24 -9 24 -9 24 -9 24 -16 24 -17 24 -16 29 -15 ]
2025-05-21 16:50:48,CSI_DATA,STA,D8:B1:90:DB:E8:90,-30,11,1,7,0,0,1,1,0,0,1,-94,0,2,0,2013397086,0,110,0,0,92208.1,256,[110 96 6 0 -9 -21 -9 -21 -9 -21 -10 -20 -10 -20 -10 -20 -11 -20 -11 -18 -11 -19 -11 -19 -12 -18 -12 -18 -12 -18 -12 -18 -12 -18 -12 -19 -11 -19 -11 -19 -10 -19 -10 -19 -10 -19 -9 -20 -8 -19 -7 -20 -6 -21 0 0 0 0 0 0 0 0 0 0 0 0 0 0 0 0 0 0 0 0 0 0 -8 -17 -7 -17 -6 -18 -6 -18 -5 -19 -5 -19 -5 -19 -4 -19 -4 -19 -3 -20 -3 -20 -3 -20 -4 -21 -4 -20 -4 -20 -5 -20 -5 -20 -5 -20 -6 -20 -6 -20 -7 -2
2025-05-21 16:50:49,CSI_DATA,STA,D8:B1:90:DB:E8:90,-30,11,1,7,0,0,1,1,0,0,1,-94,0,2,0,2013896876,0,110,0,0,92208.6,256,[110 96 6 0 -10 -20 -11 -20 -10 -19 -11 -19 -11 -19 -11 -18 -12 -18 -12 -18 -12 -18 -13 -18 -13 -18 -13 -17 -13 -17 -13 -16 -13 -17 -14 -18 -13 -18 -13 -18 -12 -18 -11 -18 -11 -18 -10 -18 -10 -18 -9 -19 -8 -19 0 0 0 0 0 0 0 0 0 0 0 0 0 0 0 0 0 0 0 0 0 0 -7 -16 -6 -17 -5 -18 -5 -18 -5 -19 -4 -19 -5 -19 -4 -19 -4 -19 -4 -20 -3 -21 -3 -21 -3 -21 -3 -21 -4 -20 -4 -20 -5 -20 -5 -20 -6 -20 -7 -20
2025-05-21 16:50:49,CSI_DATA,STA,D8:B1:90:DB:E8:90,-30,11,1,7,0,0,1,1,0,0,1,-94,0,2,0,2014397067,0,110,0,0,92209.1,256,[110 96 6 0 11 -21 11 -21 11 -22 10 -21 9 -21 9 -22 8 -22 8 -22 7 -22 7 -22 7 -22 7 -22 6 -23 7 -22 7 -23 7 -23 7 -23 7 -23 8 -22 8 -22 8 -22 8 -20 10 -20 10 -19 12 -19 0 0 0 0 0 0 0 0 0 0 0 0 0 0 0 0 0 0 0 0 0 0 10 -17 10 -16 11 -17 12 -17 12 -16 14 -16 14 -16 14 -16 14 -17 14 -16 16 -16 16 -16 15 -16 15 -16 14 -17 14 -17 14 -17 14 -17 13 -17 13 -18 12 -19 12 -19 12 -19 12 -20 12 -20 13 -21
2025-05-21 16:50:50,CSI_DATA,STA,D8:B1:90:DB:E8:90,-30,11,1,7,0,0,1,1,0,0,1,-94,0,2,0,2014897211,0,110,0,0,92209.6,256,[110 96 6 0 5 21 6 21 6 20 6 19 7 19 7 19 7 18 8 19 8 19 8 19 9 19 8 19 9 18 9 18 8 19 9 20 8 19 8 19 8 19 7 19 6 18 5 18 5 19 4 19 2 19 0 0 0 0 0 0 0 0 0 0 0 0 0 0 0 0 0 0 0 0 0 0 5 16 4 16 4 18 3 18 3 18 2 18 2 19 2 19 1 20 1 20 0 19 0 20 1 20 1 20 1 20 1 20 2 20 2 20 3 20 3 20 4 20 5 20 4 20 5 20 5 20 5 21 ]
2025-05-21 16:50:50,CSI_DATA,STA,D8:B1:90:DB:E8:90,-30,11,1,7,0,0,1,1,0,0,1,-94,0,2,0,2015407534,0,110,0,0,92210.1,256,[110 96 6 0 -19 -13 -20 -13 -19 -11 -19 -12 -19 -11 -19 -11 -19 -10 -20 -10 -19 -9 -20 -9 -20 -8 -20 -8 -21 -8 -20 -8 -20 -8 -20 -8 -20 -8 -20 -8 -19 -9 -19 -9 -19 -10 -18 -10 -17 -10 -17 -11 -17 -12 0 0 0 0 0 0 0 0 0 0 0 0 0 0 0 0 0 0 0 0 0 0 -15 -10 -14 -11 -13 -13 -13 -13 -13 -14 -13 -14 -13 -14 -13 -14 -13 -15 -13 -16 -13 -16 -13 -16 -13 -16 -14 -16 -14 -16 -14 -15 -15 -15 -14 -14 -15 -1
2025-05-21 16:50:51,CSI_DATA,STA,D8:B1:90:DB:E8:90,-30,11,1,7,0,0,1,1,0,0,1,-94,0,2,0,2016409911,0,110,0,0,92211.1,256,[110 96 6 0 0 21 0 22 1 21 1 21 1 21 2 21 2 21 2 20 3 19 3 19 4 19 4 21 4 21 4 20 4 21 3 21 3 21 3 20 2 20 2 20 1 20 1 19 0 19 -1 20 -2 19 0 0 0 0 0 0 0 0 0 0 0 0 0 0 0 0 0 0 0 0 0 0 0 16 -1 17 -2 16 -3 17 -2 17 -3 17 -4 18 -4 18 -4 18 -5 18 -5 18 -5 19 -4 19 -4 19 -4 19 -4 18 -4 19 -4 19 -3 20 -2 20 -1 20 -1 20 -1 20 0 20 0 21 -1 21 ]
2025-05-21 16:50:53,CSI_DATA,STA,D8:B1:90:DB:E8:90,-30,11,1,7,0,0,1,1,0,0,1,-94,0,2,0,2018414968,0,110,0,0,92213.1,256,[110 96 6 0 21 9 21 9 22 8 22 7 22 7 22 7 22 6 21 5 22 4 22 4 22 4 23 4 22 4 23 3 23 4 23 4 22 4 22 5 21 5 20 5 20 6 20 6 20 6 20 8 19 9 0 0 0 0 0 0 0 0 0 0 0 0 0 0 0 0 0 0 0 0 0 0 17 7 16 8 16 9 16 10 16 11 16 11 17 12 16 12 16 12 17 13 17 13 17 13 17 13 17 13 17 13 17 12 17 12 18 12 18 11 18 11 19 11 20 11 20 10 20 10 21 10 21 9 ]
2025-05-21 16:50:54,CSI_DATA,STA,D8:B1:90:DB:E8:90,-30,11,1,7,0,0,1,1,0,0,1,-94,0,2,0,2018915060,0,110,0,0,92213.6,256,[110 96 6 0 -13 19 -14 20 -13 20 -12 21 -12 21 -12 21 -11 21 -12 21 -11 21 -10 22 -10 22 -10 22 -10 22 -10 22 -11 22 -11 21 -11 22 -11 21 -11 20 -12 20 -12 19 -12 18 -13 18 -13 18 -14 17 0 0 0 0 0 0 0 0 0 0 0 0 0 0 0 0 0 0 0 0 0 0 -11 16 -12 16 -13 16 -14 16 -14 15 -15 16 -16 15 -16 15 -17 15 -17 15 -17 15 -17 15 -17 15 -17 15 -17 16 -17 15 -17 16 -16 16 -16 17 -15 17 -15 18 -15 18 -14 19 -1
2025-05-21 16:50:54,CSI_DATA,STA,D8:B1:90:DB:E8:90,-30,11,1,7,0,0,1,1,0,0,1,-94,0,2,0,2019415102,0,110,0,0,92214.1,256,[110 96 6 0 -22 -5 -22 -5 -21 -4 -22 -4 -21 -3 -22 -3 -21 -3 -22 -2 -21 -1 -21 -1 -22 -1 -22 0 -21 0 -22 0 -22 0 -22 -1 -21 -1 -21 -1 -21 -2 -21 -2 -21 -3 -20 -3 -20 -4 -19 -4 -19 -6 0 0 0 0 0 0 0 0 0 0 0 0 0 0 0 0 0 0 0 0 0 0 -17 -3 -17 -4 -17 -5 -17 -6 -17 -6 -17 -7 -18 -7 -18 -8 -18 -8 -18 -9 -18 -8 -18 -9 -18 -9 -18 -9 -18 -8 -19 -8 -19 -7 -19 -7 -19 -7 -19 -7 -20 -6 -20 -6 -20 -5 -21 -5
2025-05-21 16:51:00,CSI_DATA,STA,D8:B1:90:DB:E8:90,-30,11,1,7,0,0,1,1,0,0,1,-94,0,2,0,2025445533,0,110,0,0,92220.1,256,[110 96 6 0 13 -19 13 -19 13 -20 13 -19 12 -20 12 -21 11 -20 11 -21 11 -21 10 -21 10 -21 10 -21 9 -21 10 -22 10 -21 11 -21 10 -21 10 -21 11 -21 11 -20 12 -19 12 -19 13 -18 14 -18 15 -17 0 0 0 0 0 0 0 0 0 0 0 0 0 0 0 0 0 0 0 0 0 0 11 -15 12 -15 13 -15 13 -14 14 -14 14 -14 14 -14 15 -14 16 -14 16 -14 17 -14 17 -14 17 -14 17 -14 16 -13 16 -14 16 -14 16 -14 14 -15 15 -16 14 -17 15 -17 15 -18 14
2025-05-21 16:51:04,CSI_DATA,STA,D8:B1:90:DB:E8:90,-30,11,1,7,0,0,1,1,0,0,1,-94,0,2,0,2028940072,0,110,0,0,92223.6,256,[110 96 6 0 11 19 10 18 11 18 11 18 11 19 11 19 12 18 12 17 12 17 13 16 13 16 14 16 13 16 13 16 13 16 13 17 12 16 12 17 12 17 11 17 11 16 10 17 9 17 9 17 7 17 0 0 0 0 0 0 0 0 0 0 0 0 0 0 0 0 0 0 0 0 0 0 10 14 9 14 8 16 7 16 8 17 7 16 7 18 7 18 7 18 7 19 6 19 6 19 6 19 6 19 6 19 6 19 6 18 7 19 7 18 8 19 9 19 9 19 10 19 10 18 11 18 10 18 ]
2025-05-21 16:51:07,CSI_DATA,STA,D8:B1:90:DB:E8:90,-30,11,1,7,0,0,1,1,0,0,1,-94,0,2,0,2032455943,0,110,0,0,92227.1,256,[110 96 6 0 -25 -4 -25 -4 -25 -3 -25 -3 -26 -2 -25 -2 -25 -2 -24 -1 -24 -1 -24 0 -24 0 -24 0 -24 1 -25 1 -24 1 -25 0 -25 0 -25 -1 -24 -2 -24 -2 -23 -3 -24 -3 -23 -3 -22 -5 -22 -6 0 0 0 0 0 0 0 0 0 0 0 0 0 0 0 0 0 0 0 0 0 0 -21 -2 -20 -3 -20 -5 -20 -5 -21 -6 -21 -6 -22 -7 -22 -7 -22 -7 -22 -8 -22 -8 -22 -8 -22 -9 -22 -9 -22 -8 -22 -7 -22 -7 -22 -6 -23 -7 -23 -6 -23 -6 -23 -5 -24 -5 -25 -5 -25
2025-05-21 16:51:08,CSI_DATA,STA,D8:B1:90:DB:E8:90,-30,11,1,7,0,0,1,1,0,0,1,-94,0,2,0,2032955881,0,110,0,0,92227.6,256,[110 96 6 0 3 24 3 23 4 23 4 22 5 22 5 22 6 22 6 21 6 22 7 21 8 20 8 21 8 21 8 21 7 21 7 22 7 22 6 22 6 22 5 22 5 21 5 21 4 21 3 21 1 21 0 0 0 0 0 0 0 0 0 0 0 0 0 0 0 0 0 0 0 0 0 0 3 18 2 18 1 19 0 19 0 20 -1 20 -1 21 -2 21 -2 21 -2 22 -2 21 -2 21 -2 21 -2 21 -2 21 -2 21 -1 21 -1 22 -1 21 0 22 0 23 1 22 2 23 2 23 2 23 2 23 ]
2025-05-21 16:51:10,CSI_DATA,STA,D8:B1:90:DB:E8:90,-30,11,1,7,0,0,1,1,0,0,1,-94,0,2,0,2035464847,0,110,0,0,92230.1,256,[110 96 6 0 24 -1 24 -1 24 -2 25 -1 24 -2 24 -3 24 -3 23 -4 23 -4 23 -4 23 -4 22 -4 22 -4 23 -5 23 -5 23 -4 24 -4 23 -3 23 -3 22 -2 22 -2 22 -1 22 0 22 1 21 3 0 0 0 0 0 0 0 0 0 0 0 0 0 0 0 0 0 0 0 0 0 0 19 -2 19 0 19 0 19 1 20 2 21 2 21 2 21 3 21 3 21 4 22 4 21 5 22 5 21 5 21 4 22 3 22 3 22 2 22 2 22 2 23 1 23 1 23 0 24 1 24 0 25 0 ]
2025-05-21 16:51:12,CSI_DATA,STA,D8:B1:90:DB:E8:90,-30,11,1,7,0,0,1,1,0,0,1,-94,0,2,0,2036983857,0,110,0,0,92231.7,256,[110 96 6 0 -15 19 -15 20 -14 20 -14 20 -13 20 -14 20 -13 20 -12 20 -12 20 -11 20 -11 20 -10 21 -10 21 -10 21 -11 21 -11 21 -12 21 -12 20 -12 19 -12 19 -13 18 -13 18 -14 17 -14 16 -15 15 0 0 0 0 0 0 0 0 0 0 0 0 0 0 0 0 0 0 0 0 0 0 -11 15 -12 14 -13 14 -13 14 -13 14 -15 14 -15 14 -16 14 -16 14 -16 14 -17 14 -17 14 -17 14 -16 14 -16 14 -16 14 -16 15 -16 15 -16 15 -16 16 -16 17 -16 16 -15 18 -1
2025-05-21 16:51:15,CSI_DATA,STA,D8:B1:90:DB:E8:90,-30,11,1,7,0,0,1,1,0,0,1,-94,0,2,0,2040048309,0,110,0,0,92234.7,256,[110 96 6 0 14 15 15 15 15 14 16 15 17 14 17 14 17 13 16 12 16 11 17 11 17 11 17 11 18 11 17 11 17 11 17 12 17 12 17 12 16 12 16 12 16 13 15 13 15 13 14 14 13 15 0 0 0 0 0 0 0 0 0 0 0 0 0 0 0 0 0 0 0 0 0 0 12 12 11 14 11 14 10 15 10 15 10 16 9 15 10 16 9 16 9 16 9 17 9 17 9 17 9 17 10 17 10 16 10 16 10 16 12 16 12 16 13 16 14 16 14 16 14 16 15 16 15 15 ]
2025-05-21 16:51:15,CSI_DATA,STA,D8:B1:90:DB:E8:90,-30,11,1,7,0,0,1,1,0,0,1,-94,0,2,0,2040532860,0,110,0,0,92235.2,256,[110 96 6 0 18 -15 18 -15 18 -16 17 -16 17 -16 17 -17 16 -17 16 -17 16 -18 15 -18 15 -18 15 -17 15 -17 15 -17 16 -18 16 -18 16 -17 16 -17 17 -16 17 -15 17 -15 17 -14 17 -14 18 -13 19 -11 0 0 0 0 0 0 0 0 0 0 0 0 0 0 0 0 0 0 0 0 0 0 14 -14 15 -13 16 -12 16 -12 17 -11 18 -12 17 -11 18 -11 18 -10 19 -10 19 -11 19 -11 19 -10 19 -10 20 -10 20 -11 19 -11 19 -12 18 -12 18 -12 19 -12 19 -13 19 -14 18
2025-05-21 16:51:16,CSI_DATA,STA,D8:B1:90:DB:E8:90,-30,11,1,7,0,0,1,1,0,0,1,-94,0,2,0,2041032134,0,110,0,0,92235.7,256,[110 96 6 0 -16 -16 -16 -15 -16 -15 -16 -15 -17 -14 -17 -14 -17 -13 -17 -12 -17 -13 -17 -12 -18 -12 -19 -12 -19 -12 -19 -12 -19 -12 -18 -12 -18 -13 -18 -13 -17 -13 -17 -13 -16 -13 -15 -13 -15 -14 -14 -15 -13 -15 0 0 0 0 0 0 0 0 0 0 0 0 0 0 0 0 0 0 0 0 0 0 -12 -13 -12 -14 -11 -15 -11 -15 -11 -15 -11 -16 -10 -16 -10 -16 -10 -16 -10 -17 -10 -17 -10 -17 -10 -17 -10 -17 -11 -17 -11 -17 -11 -16 -1
2025-05-21 16:51:16,CSI_DATA,STA,D8:B1:90:DB:E8:90,-30,11,1,7,0,0,1,1,0,0,1,-94,0,2,0,2041532128,0,110,0,0,92236.2,256,[110 96 6 0 22 1 22 1 22 0 22 1 22 0 22 0 22 -1 21 -1 21 -2 21 -2 21 -2 21 -3 21 -3 22 -3 22 -3 21 -2 21 -2 21 -2 21 0 21 0 20 0 20 1 20 1 20 3 19 4 0 0 0 0 0 0 0 0 0 0 0 0 0 0 0 0 0 0 0 0 0 0 17 0 17 2 17 2 17 3 17 4 18 4 18 4 18 5 18 5 19 6 19 6 19 6 19 6 19 6 19 5 19 5 19 5 19 4 19 4 20 4 20 3 21 3 21 2 21 2 21 2 22 2 ]
2025-05-21 16:51:17,CSI_DATA,STA,D8:B1:90:DB:E8:90,-30,11,1,7,0,0,1,1,0,0,1,-94,0,2,0,2042031940,0,110,0,0,92236.7,256,[110 96 6 0 -1 -25 -1 -25 -1 -24 -2 -24 -3 -24 -3 -24 -3 -24 -4 -24 -4 -24 -5 -24 -5 -23 -5 -24 -5 -24 -5 -24 -5 -24 -4 -24 -4 -23 -3 -23 -3 -24 -2 -24 -1 -23 -1 -23 0 -23 1 -23 3 -22 0 0 0 0 0 0 0 0 0 0 0 0 0 0 0 0 0 0 0 0 0 0 0 -19 1 -19 1 -20 2 -20 2 -20 3 -20 3 -21 4 -21 4 -22 4 -22 5 -22 5 -22 5 -22 5 -22 4 -22 4 -22 3 -22 3 -22 2 -22 2 -22 1 -23 1 -23 0 -24 0 -24 0 -24 0 -25 ]
2025-05-21 16:51:18,CSI_DATA,STA,D8:B1:90:DB:E8:90,-40,11,1,7,0,0,1,1,0,0,1,-94,0,2,0,2043037646,0,110,0,0,92237.7,256,[110 96 6 0 -17 -4 -16 -3 -16 -3 -16 -3 -17 -2 -16 -2 -16 -1 -16 -1 -15 0 -15 -1 -16 0 -16 0 -16 1 -16 1 -16 1 -17 1 -16 1 -16 1 -16 0 -15 1 -15 0 -15 -1 -15 -1 -15 -2 -15 -2 0 0 0 0 0 0 0 0 0 0 0 0 0 0 0 0 0 0 0 0 0 0 -17 -4 -16 -6 -16 -6 -16 -7 -16 -8 -16 -8 -16 -7 -16 -8 -16 -9 -15 -9 -15 -9 -15 -10 -15 -10 -15 -10 -15 -9 -15 -9 -15 -8 -15 -8 -15 -8 -15 -7 -16 -6 -16 -6 -16 -6 -16 -6 -16
2025-05-21 16:51:18,CSI_DATA,STA,D8:B1:90:DB:E8:90,-30,11,1,7,0,0,1,1,0,0,1,-94,0,2,0,2043531983,0,110,0,0,92238.2,256,[110 96 6 0 18 -17 18 -17 18 -18 17 -17 16 -18 16 -18 15 -18 15 -18 15 -19 14 -19 14 -19 14 -19 14 -19 15 -19 15 -19 15 -19 15 -18 15 -18 15 -18 15 -17 15 -16 16 -15 16 -15 17 -14 18 -13 0 0 0 0 0 0 0 0 0 0 0 0 0 0 0 0 0 0 0 0 0 0 14 -14 15 -13 15 -12 16 -12 16 -11 17 -12 18 -11 19 -11 19 -11 19 -11 20 -11 20 -11 19 -11 19 -11 19 -11 19 -11 19 -12 19 -12 19 -12 18 -13 18 -14 18 -14 18 -15 18
2025-05-21 16:51:22,CSI_DATA,STA,D8:B1:90:DB:E8:90,-36,11,1,7,0,0,1,1,0,0,1,-94,0,2,0,2047541378,0,110,0,0,92242.2,256,[110 96 6 0 -9 -9 -8 -9 -8 -9 8 -30 8 -30 7 -30 6 -31 -14 10 -14 10 -13 11 -13 11 -28 -8 -28 -8 -29 -8 -28 -8 -1 -2 -1 -2 -1 -2 -1 -2 -10 -21 -9 -22 -9 -21 -8 -21 -5 -21 -4 -21 0 0 0 0 0 0 0 0 0 0 0 0 0 0 0 0 0 0 0 0 0 0 19 15 18 16 -2 -9 -2 -9 -2 -9 -2 -9 5 19 5 19 5 19 5 19 1 -29 1 -29 1 -29 1 -29 3 27 3 27 4 27 5 27 8 14 8 14 8 14 9 14 -6 -24 -7 -24 -7 -24 9 25 ]
2025-05-21 16:51:23,CSI_DATA,STA,D8:B1:90:DB:E8:90,-30,11,1,7,0,0,1,0,0,0,0,-94,0,2,0,2048051162,0,110,0,0,92242.7,256,[110 96 6 0 20 7 21 7 21 5 21 6 21 6 21 5 21 5 21 4 21 3 21 2 21 2 21 2 21 2 20 2 21 2 21 2 21 3 20 3 20 3 20 4 20 4 19 4 19 4 19 5 19 7 0 0 0 0 0 0 0 0 0 0 0 0 0 0 0 0 0 0 0 0 0 0 17 5 17 6 16 7 16 8 16 8 17 9 16 9 16 10 16 10 17 10 17 10 17 10 17 11 17 10 17 11 17 10 18 10 18 9 18 10 18 9 19 9 20 9 19 7 20 8 21 7 21 7 ]
2025-05-21 16:51:23,CSI_DATA,STA,D8:B1:90:DB:E8:90,-29,11,1,6,0,0,1,0,0,0,1,-94,0,2,0,2048542942,0,110,0,0,92243.2,256,[110 96 6 0 -15 -17 -15 -17 -15 -16 -16 -16 -16 -15 -16 -15 -17 -15 -16 -15 -16 -14 -17 -14 -17 -13 -17 -14 -17 -14 -17 -14 -17 -14 -17 -14 -17 -14 -17 -14 -16 -14 -16 -14 -15 -14 -15 -14 -14 -15 -13 -15 -12 -16 0 0 0 0 0 0 0 0 0 0 0 0 0 0 0 0 0 0 0 0 0 0 -12 -14 -11 -15 -10 -16 -10 -17 -10 -17 -9 -17 -9 -17 -9 -18 -9 -18 -9 -19 -9 -19 -9 -19 -9 -19 -9 -18 -9 -18 -10 -18 -10 -18 -10 -18 -11
2025-05-21 16:51:24,CSI_DATA,STA,D8:B1:90:DB:E8:90,-30,11,1,6,0,0,1,0,0,0,1,-94,0,2,0,2049566892,0,110,0,0,92244.2,256,[110 96 6 0 11 12 10 13 9 12 9 13 8 12 7 11 7 10 5 8 4 5 2 3 0 1 -4 -1 -8 -2 -12 -4 -16 -4 -20 -4 -23 -5 -26 -3 -28 -3 -30 -2 -31 -1 -31 0 -31 1 -30 1 -29 -1 0 0 0 0 0 0 0 0 0 0 0 0 0 0 0 0 0 0 0 0 0 0 -5 -13 -3 -13 -1 -12 0 -11 2 -9 3 -6 5 -4 7 -1 9 2 11 5 13 8 15 11 18 13 20 14 22 15 24 14 26 14 27 13 28 12 28 10 27 10 26 8 24 8 22 8 20 8 17 9 ]
2025-05-21 16:51:28,CSI_DATA,STA,D8:B1:90:DB:E8:90,-30,11,1,5,0,0,1,0,0,0,1,-94,0,2,0,2052556054,0,110,0,0,92247.2,256,[110 96 6 0 -15 -17 -15 -17 -15 -16 -16 -16 -16 -15 -16 -15 -16 -14 -16 -14 -16 -13 -17 -13 -17 -13 -17 -14 -18 -14 -17 -14 -17 -14 -16 -13 -16 -13 -16 -14 -15 -14 -16 -14 -15 -15 -14 -14 -14 -15 -13 -15 -12 -16 0 0 0 0 0 0 0 0 0 0 0 0 0 0 0 0 0 0 0 0 0 0 -12 -12 -12 -12 -12 -14 -11 -15 -11 -15 -11 -16 -11 -15 -11 -16 -10 -16 -10 -16 -10 -17 -10 -17 -10 -17 -10 -17 -11 -18 -10 -17 -11 -18 -1
2025-05-21 16:51:29,CSI_DATA,STA,D8:B1:90:DB:E8:90,-30,11,1,7,0,0,1,0,0,0,0,-94,0,2,0,2054069489,0,110,0,0,92248.7,256,[110 96 6 0 16 14 17 14 17 13 17 13 17 12 17 12 18 11 18 11 18 11 18 10 19 10 18 10 18 10 18 10 18 10 19 11 18 11 18 11 18 11 16 11 16 11 15 12 14 12 14 13 14 14 0 0 0 0 0 0 0 0 0 0 0 0 0 0 0 0 0 0 0 0 0 0 14 10 13 11 13 12 13 13 12 13 12 14 13 14 13 14 12 15 13 15 12 16 12 16 12 16 12 16 13 16 12 15 13 15 13 15 14 15 15 14 16 15 16 14 16 14 17 14 18 14 17 14 ]
2025-05-21 16:51:29,CSI_DATA,STA,D8:B1:90:DB:E8:90,-30,11,1,7,0,0,1,0,0,0,0,-94,0,2,0,2054561721,0,110,0,0,92249.2,256,[110 96 6 0 13 17 14 17 14 16 15 16 15 16 15 15 15 15 15 15 15 15 16 14 16 14 16 13 16 14 16 13 16 13 16 14 15 14 15 14 14 14 14 15 14 14 13 15 13 15 12 16 11 16 0 0 0 0 0 0 0 0 0 0 0 0 0 0 0 0 0 0 0 0 0 0 11 13 10 14 9 15 9 16 9 16 8 17 8 17 7 17 8 18 8 18 7 19 7 19 7 19 8 18 7 18 8 18 8 18 9 17 10 18 10 18 11 18 11 18 12 17 13 17 13 17 13 18 ]
2025-05-21 16:51:34,CSI_DATA,STA,D8:B1:90:DB:E8:90,-30,11,1,7,0,0,1,0,0,0,0,-94,0,2,0,2059568409,0,110,0,0,92254.2,256,[110 96 6 0 16 14 16 14 16 13 17 14 18 13 17 12 18 12 17 12 17 11 18 11 18 11 17 11 18 11 17 10 18 11 17 11 18 11 17 11 17 11 16 11 15 11 15 11 15 12 14 13 13 14 0 0 0 0 0 0 0 0 0 0 0 0 0 0 0 0 0 0 0 0 0 0 13 10 13 12 12 13 12 14 11 13 12 14 12 14 12 15 12 15 12 16 11 17 11 17 11 17 11 17 12 17 11 16 12 17 12 15 13 16 14 16 15 16 15 16 15 15 15 15 16 15 16 15 ]
2025-05-21 16:51:37,CSI_DATA,STA,D8:B1:90:DB:E8:90,-30,11,1,7,0,0,1,0,0,0,1,-94,0,2,0,2062076819,0,110,0,0,92256.7,256,[110 96 6 0 18 -15 18 -15 18 -16 17 -16 17 -16 16 -17 16 -17 16 -18 15 -18 15 -18 14 -18 13 -18 13 -18 14 -18 14 -18 14 -17 14 -17 15 -17 14 -16 15 -16 15 -15 15 -15 16 -14 16 -14 17 -13 0 0 0 0 0 0 0 0 0 0 0 0 0 0 0 0 0 0 0 0 0 0 13 -13 14 -12 15 -12 16 -12 16 -11 17 -11 17 -11 18 -11 18 -11 18 -11 19 -11 19 -10 18 -10 19 -10 18 -10 19 -11 18 -11 19 -12 18 -12 18 -12 18 -13 18 -14 18 -15 18
2025-05-21 16:51:37,CSI_DATA,STA,D8:B1:90:DB:E8:90,-30,11,1,7,0,0,1,1,0,0,0,-94,0,2,0,2062584298,0,110,0,0,92257.3,256,[110 96 6 0 -25 4 -25 5 -24 5 -25 5 -24 6 -24 6 -23 6 -22 7 -21 8 -21 8 -21 8 -22 8 -22 9 -22 9 -22 9 -22 9 -22 8 -22 8 -22 7 -22 7 -22 6 -22 6 -22 5 -22 4 -22 2 0 0 0 0 0 0 0 0 0 0 0 0 0 0 0 0 0 0 0 0 0 0 -20 4 -20 3 -20 2 -21 1 -21 1 -22 0 -22 0 -22 0 -23 -1 -23 -1 -23 -1 -23 -2 -23 -2 -23 -2 -23 -1 -23 -1 -24 0 -23 0 -24 1 -23 1 -23 2 -24 2 -24 3 -24 3 -25 3 -25 4 ]
2025-05-21 16:51:40,CSI_DATA,STA,D8:B1:90:DB:E8:90,-30,11,1,7,0,0,1,0,0,0,1,-94,0,2,0,2065591450,0,110,0,0,92260.3,256,[110 96 6 0 -23 -12 -24 -11 -22 -10 -23 -10 -23 -9 -23 -8 -23 -8 -23 -7 -22 -7 -23 -7 -23 -7 -23 -6 -24 -6 -23 -6 -24 -6 -24 -6 -24 -6 -24 -6 -23 -7 -23 -6 -23 -7 -22 -8 -21 -8 -20 -9 -20 -11 0 0 0 0 0 0 0 0 0 0 0 0 0 0 0 0 0 0 0 0 0 0 -19 -9 -19 -10 -18 -11 -18 -12 -18 -12 -19 -13 -18 -13 -18 -13 -18 -14 -18 -14 -18 -15 -18 -15 -18 -15 -18 -15 -19 -15 -18 -14 -19 -14 -19 -13 -21 -14 -21 -13
2025-05-21 16:51:41,CSI_DATA,STA,D8:B1:90:DB:E8:90,-30,11,1,7,0,0,1,0,0,0,1,-94,0,2,0,2066091222,0,110,0,0,92260.8,256,[110 96 6 0 -21 -7 -22 -6 -21 -6 -22 -5 -22 -4 -21 -4 -21 -4 -20 -3 -20 -3 -21 -3 -21 -2 -22 -3 -21 -2 -21 -2 -21 -2 -21 -2 -21 -3 -21 -3 -20 -3 -20 -4 -20 -4 -19 -5 -19 -5 -19 -6 -19 -8 0 0 0 0 0 0 0 0 0 0 0 0 0 0 0 0 0 0 0 0 0 0 -17 -4 -17 -5 -17 -6 -18 -7 -18 -7 -18 -7 -18 -8 -18 -8 -18 -9 -18 -9 -19 -9 -19 -9 -19 -10 -18 -10 -18 -9 -18 -9 -19 -9 -19 -8 -20 -9 -20 -8 -20 -8 -20 -8 -21 -7
2025-05-21 16:51:41,CSI_DATA,STA,D8:B1:90:DB:E8:90,-30,11,1,7,0,0,1,0,0,0,1,-94,0,2,0,2066591288,0,110,0,0,92261.3,256,[110 96 6 0 4 23 5 23 5 22 5 22 6 22 6 21 7 21 7 21 7 21 8 21 8 21 8 21 9 21 8 21 9 21 8 21 8 21 8 20 7 21 6 21 6 21 5 21 5 21 4 21 2 21 0 0 0 0 0 0 0 0 0 0 0 0 0 0 0 0 0 0 0 0 0 0 3 18 2 18 1 19 1 20 0 20 0 20 -1 21 -1 21 -1 21 -1 22 -2 22 -2 22 -2 22 -2 22 -1 22 -1 21 -1 21 0 21 1 22 2 22 2 22 3 23 3 22 3 23 4 23 3 23 ]
2025-05-21 16:51:42,CSI_DATA,STA,D8:B1:90:DB:E8:90,-30,11,1,7,0,0,1,1,0,0,1,-94,0,2,0,2067598037,0,110,0,0,92262.3,256,[110 96 6 0 6 -23 6 -24 6 -24 5 -24 5 -24 4 -24 4 -24 3 -24 2 -24 2 -24 1 -24 1 -24 1 -24 1 -24 1 -24 2 -25 2 -24 2 -24 3 -24 3 -23 3 -22 4 -22 4 -21 5 -22 7 -22 0 0 0 0 0 0 0 0 0 0 0 0 0 0 0 0 0 0 0 0 0 0 5 -19 6 -19 6 -19 7 -19 8 -19 8 -19 9 -20 10 -20 10 -20 10 -20 11 -20 11 -20 11 -20 11 -20 11 -20 11 -20 10 -20 10 -21 10 -21 9 -21 9 -22 8 -22 8 -22 7 -22 8 -22 8 -24 ]
2025-05-21 16:51:43,CSI_DATA,STA,D8:B1:90:DB:E8:90,-30,11,1,7,0,0,1,1,0,0,1,-94,0,2,0,2068607714,0,110,0,0,92263.3,256,[110 96 6 0 21 -8 21 -8 22 -8 21 -8 21 -9 21 -9 21 -9 21 -10 20 -11 20 -11 19 -11 19 -12 19 -12 20 -12 19 -12 20 -11 20 -11 20 -11 20 -10 20 -9 19 -9 19 -8 19 -8 19 -7 20 -5 0 0 0 0 0 0 0 0 0 0 0 0 0 0 0 0 0 0 0 0 0 0 17 -8 17 -7 18 -6 18 -5 18 -5 19 -5 20 -4 20 -4 20 -4 21 -3 22 -4 22 -4 22 -3 21 -4 21 -3 22 -4 21 -4 22 -4 21 -4 22 -5 22 -5 22 -6 22 -6 22 -6 22 -7 23 -7 ]
2025-05-21 16:51:45,CSI_DATA,STA,D8:B1:90:DB:E8:90,-30,11,1,7,0,0,1,1,0,0,1,-94,0,2,0,2070113393,0,110,0,0,92264.8,256,[110 96 6 0 19 -8 19 -9 19 -9 18 -9 18 -10 18 -10 17 -11 17 -11 17 -12 17 -12 16 -12 16 -12 16 -12 16 -12 17 -12 17 -12 17 -12 17 -12 17 -11 17 -11 17 -10 17 -10 17 -9 18 -8 18 -7 0 0 0 0 0 0 0 0 0 0 0 0 0 0 0 0 0 0 0 0 0 0 16 -7 17 -6 16 -6 17 -5 17 -5 18 -5 18 -4 18 -4 19 -3 19 -3 19 -4 19 -4 19 -3 19 -3 19 -4 19 -4 18 -4 19 -5 19 -6 19 -7 19 -7 19 -7 19 -8 20 -8 20 -8 20 -9 ]
2025-05-21 16:51:45,CSI_DATA,STA,D8:B1:90:DB:E8:90,-30,11,1,7,0,0,1,1,0,0,1,-94,0,2,0,2070613744,0,110,0,0,92265.3,256,[110 96 6 0 11 18 11 18 12 17 12 17 13 17 13 17 13 16 13 15 14 15 14 15 15 15 14 15 13 14 14 15 14 14 14 16 14 15 13 15 13 15 13 16 13 15 12 16 11 16 10 16 9 16 0 0 0 0 0 0 0 0 0 0 0 0 0 0 0 0 0 0 0 0 0 0 9 14 8 15 7 16 7 16 7 17 7 17 7 18 6 18 6 18 6 19 6 19 5 19 6 19 6 19 5 19 6 19 6 18 6 19 7 18 8 18 9 18 9 18 10 19 10 19 10 19 11 18 ]
2025-05-21 16:51:47,CSI_DATA,STA,D8:B1:90:DB:E8:90,-30,11,1,7,0,0,1,1,0,0,1,-94,0,2,0,2072121864,0,110,0,0,92266.8,256,[110 96 6 0 -22 5 -22 5 -21 6 -21 5 -20 6 -20 6 -20 6 -21 6 -20 7 -20 7 -20 7 -20 8 -20 8 -20 8 -20 8 -20 8 -20 8 -20 7 -20 7 -20 6 -20 6 -20 5 -20 4 -20 2 -20 1 0 0 0 0 0 0 0 0 0 0 0 0 0 0 0 0 0 0 0 0 0 0 -18 4 -18 3 -18 2 -19 2 -19 1 -19 1 -20 1 -20 0 -20 0 -20 -1 -20 0 -21 0 -20 -1 -20 -1 -21 -1 -21 0 -21 1 -21 1 -21 1 -21 2 -21 2 -21 3 -21 4 -21 3 -22 4 -22 4 ]
2025-05-21 16:51:47,CSI_DATA,STA,D8:B1:90:DB:E8:90,-30,11,1,7,0,0,1,1,0,0,1,-94,0,2,0,2072622151,0,110,0,0,92267.3,256,[110 96 6 0 5 23 5 23 6 23 6 23 6 23 7 22 8 22 8 22 8 22 9 21 9 21 9 21 9 21 9 21 9 21 8 22 8 21 8 21 7 21 7 21 6 21 6 21 5 21 4 21 2 21 0 0 0 0 0 0 0 0 0 0 0 0 0 0 0 0 0 0 0 0 0 0 5 19 4 19 3 19 2 20 2 20 2 20 1 21 1 22 0 22 0 23 0 22 0 22 0 22 0 22 0 22 0 22 1 22 1 22 2 22 2 23 3 24 3 23 3 23 4 23 5 24 4 24 ]
2025-05-21 16:51:49,CSI_DATA,STA,D8:B1:90:DB:E8:90,-30,11,1,7,0,0,1,1,0,0,1,-94,0,2,0,2074638876,0,110,0,0,92269.3,256,[110 96 6 0 0 23 0 23 1 23 2 22 2 22 2 22 3 22 3 22 3 22 3 22 4 22 3 22 4 22 3 22 3 22 3 23 3 22 2 22 2 21 1 21 1 21 0 21 0 21 -1 21 -3 20 0 0 0 0 0 0 0 0 0 0 0 0 0 0 0 0 0 0 0 0 0 0 1 18 0 17 -1 19 -1 19 -2 20 -2 19 -2 20 -3 20 -4 21 -4 21 -5 21 -4 21 -4 21 -4 21 -4 21 -4 21 -3 21 -3 21 -2 21 -1 21 -1 22 -1 22 -1 23 0 22 0 23 -1 23 ]
2025-05-21 16:51:52,CSI_DATA,STA,D8:B1:90:DB:E8:90,-30,11,1,7,0,0,1,1,0,0,1,-94,0,2,0,2077159063,0,110,0,0,92271.8,256,[110 96 6 0 -22 5 -22 5 -22 6 -22 6 -21 6 -21 7 -20 7 -20 7 -20 8 -20 8 -20 9 -20 9 -20 9 -20 9 -20 10 -20 9 -20 8 -20 7 -19 7 -20 7 -20 6 -20 6 -20 5 -20 4 -20 3 0 0 0 0 0 0 0 0 0 0 0 0 0 0 0 0 0 0 0 0 0 0 -18 4 -18 3 -18 2 -18 1 -19 1 -19 0 -19 0 -19 0 -20 0 -20 -1 -20 -1 -20 -1 -20 -1 -20 -1 -20 -1 -21 0 -20 0 -20 1 -21 1 -20 2 -21 2 -21 3 -21 3 -21 3 -21 4 -22 4 ]
2025-05-21 16:51:54,CSI_DATA,STA,D8:B1:90:DB:E8:90,-30,11,1,7,0,0,1,1,0,0,1,-94,0,2,0,2079178545,0,110,0,0,92273.8,256,[110 96 6 0 -5 -22 -5 -22 -5 -22 -6 -21 -6 -21 -7 -21 -7 -21 -7 -20 -8 -20 -8 -20 -9 -20 -9 -20 -9 -20 -9 -20 -9 -20 -9 -20 -9 -20 -8 -19 -7 -19 -7 -20 -7 -19 -6 -19 -6 -19 -5 -20 -4 -20 0 0 0 0 0 0 0 0 0 0 0 0 0 0 0 0 0 0 0 0 0 0 -5 -17 -4 -18 -3 -19 -2 -19 -2 -19 -1 -19 -1 -19 0 -20 0 -20 0 -21 1 -21 0 -22 0 -22 0 -21 0 -21 0 -21 -1 -21 -1 -22 -1 -22 -2 -22 -3 -22 -3 -22 -3 -22 -4 -22 -4 -
2025-05-21 16:51:54,CSI_DATA,STA,D8:B1:90:DB:E8:90,-34,11,1,7,0,0,1,1,0,0,1,-94,0,2,0,2079677945,0,110,0,0,92274.3,256,[110 96 6 0 -15 -11 -15 -11 -14 -11 -13 -12 -13 -12 -13 -13 -12 -13 -11 -13 -11 -13 -11 -14 -10 -14 -10 -14 -9 -15 -8 -16 -8 -16 -6 -17 -5 -17 -4 -17 -2 -17 -1 -17 0 -16 1 -16 2 -16 4 -16 6 -15 0 0 0 0 0 0 0 0 0 0 0 0 0 0 0 0 0 0 0 0 0 0 -11 -17 -8 -18 -25 -11 -25 -14 -24 -16 -23 -18 -27 3 -28 1 -28 -1 -29 -3 -19 4 -19 3 -19 1 -19 0 -19 -1 -19 -2 -19 -2 -18 -3 -18 -4 -18 -5 -18 -5 -18 -6 -18
2025-05-21 16:51:56,CSI_DATA,STA,D8:B1:90:DB:E8:90,-30,11,1,7,0,0,1,1,0,0,1,-94,0,2,0,2081191760,0,110,0,0,92275.9,256,[110 96 6 0 22 -1 22 -2 22 -3 22 -3 21 -3 21 -4 21 -4 20 -4 20 -5 20 -6 20 -6 20 -5 21 -5 20 -5 21 -5 21 -5 21 -5 21 -5 20 -4 20 -4 20 -3 19 -3 19 -2 19 -1 19 0 0 0 0 0 0 0 0 0 0 0 0 0 0 0 0 0 0 0 0 0 0 0 18 -1 18 0 17 1 18 1 18 2 19 2 19 2 20 3 20 3 20 3 19 3 19 4 20 4 20 4 20 3 20 3 20 3 20 2 20 2 20 1 21 0 21 0 21 0 22 0 22 0 22 -1 ]
2025-05-21 16:51:56,CSI_DATA,STA,D8:B1:90:DB:E8:90,-29,11,1,6,0,0,1,0,0,0,1,-94,0,2,0,2081697707,0,110,0,0,92276.4,256,[110 96 6 0 -16 5 -16 4 -16 2 -15 1 -14 1 -13 1 -11 1 -10 1 -7 0 -4 0 0 -2 3 -3 7 -5 10 -8 13 -11 15 -13 17 -16 19 -19 20 -21 20 -23 21 -24 19 -25 19 -25 19 -24 19 -23 0 0 0 0 0 0 0 0 0 0 0 0 0 0 0 0 0 0 0 0 0 0 13 -1 12 1 10 2 8 3 5 4 3 5 1 5 -3 6 -7 7 -10 8 -13 9 -17 10 -20 12 -22 13 -25 15 -25 16 -26 18 -25 19 -24 20 -23 20 -22 21 -22 20 -19 19 -18 17 -17 15 -17 13 ]
2025-05-21 16:51:57,CSI_DATA,STA,D8:B1:90:DB:E8:90,-37,11,1,6,0,0,1,0,0,0,1,-94,0,2,0,2082186255,0,110,0,0,92276.9,256,[110 96 6 0 5 -25 3 -25 1 -26 15 -16 14 -16 12 -17 11 -18 9 -9 9 -9 7 -10 7 -10 26 -3 26 -5 25 -6 25 -8 -25 13 -24 14 -23 15 -22 15 -21 11 -20 12 -20 12 -20 12 -16 24 -17 24 0 0 0 0 0 0 0 0 0 0 0 0 0 0 0 0 0 0 0 0 0 0 -16 -12 -16 -13 -14 -13 -14 -13 -14 -13 -16 -13 -8 -4 -8 -4 -8 -4 -8 -4 -5 0 -5 0 -5 1 -5 1 7 7 8 7 8 6 9 5 -8 -11 -9 -10 -10 -10 -10 -9 -3 -3 -3 -3 -4 -3 9 -10 ]
2025-05-21 16:51:59,CSI_DATA,STA,D8:B1:90:DB:E8:90,-30,11,1,7,0,0,1,0,0,0,0,-94,0,2,0,2083695274,0,110,0,0,92278.4,256,[110 96 6 0 6 22 6 22 7 22 8 21 8 21 8 21 9 21 9 20 9 20 9 20 10 19 10 20 10 20 10 20 10 19 10 20 9 19 8 19 8 19 8 20 8 20 6 20 6 20 5 20 3 20 0 0 0 0 0 0 0 0 0 0 0 0 0 0 0 0 0 0 0 0 0 0 7 17 5 18 5 19 4 19 4 20 3 19 3 20 2 20 2 21 2 21 1 21 1 21 2 21 2 22 2 22 2 21 2 21 3 22 3 21 4 22 4 22 5 22 5 22 5 22 6 22 6 22 ]
2025-05-21 16:51:59,CSI_DATA,STA,D8:B1:90:DB:E8:90,-30,11,1,7,0,0,1,1,0,0,1,-94,0,2,0,2084195814,0,110,0,0,92278.9,256,[110 96 6 0 2 22 2 21 3 21 3 21 4 21 4 20 4 20 4 20 4 20 4 20 5 19 5 20 5 20 5 20 5 20 5 21 5 20 4 20 4 20 3 20 3 20 2 19 1 19 1 20 0 19 0 0 0 0 0 0 0 0 0 0 0 0 0 0 0 0 0 0 0 0 0 0 2 17 1 17 0 18 -1 18 -1 18 -2 18 -2 19 -2 20 -2 20 -3 20 -3 19 -3 20 -3 20 -3 20 -2 19 -2 20 -2 20 -1 20 0 20 0 20 1 21 2 21 1 21 1 21 1 22 1 22 ]
2025-05-21 16:51:59,CSI_DATA,STA,D8:B1:90:DB:E8:90,-30,11,1,5,0,0,1,0,0,0,1,-94,0,2,0,2084695351,0,110,0,0,92279.4,256,[110 96 6 0 6 -25 6 -25 6 -25 5 -25 4 -25 4 -25 3 -25 4 -25 3 -24 3 -25 2 -25 2 -25 2 -25 3 -25 3 -25 3 -24 3 -24 3 -24 4 -23 4 -24 4 -23 5 -23 5 -22 6 -23 8 -22 0 0 0 0 0 0 0 0 0 0 0 0 0 0 0 0 0 0 0 0 0 0 5 -19 6 -19 6 -19 7 -19 8 -19 9 -19 9 -20 9 -20 10 -21 10 -21 11 -21 11 -21 10 -21 10 -21 10 -21 10 -20 10 -21 10 -21 9 -22 8 -22 8 -23 8 -23 8 -23 7 -23 7 -24 8 -25 ]
2025-05-21 16:52:00,CSI_DATA,STA,D8:B1:90:DB:E8:90,-30,11,1,6,0,0,1,0,0,0,1,-94,0,2,0,2085198225,0,110,0,0,92279.9,256,[110 96 6 0 18 -3 17 -2 18 0 16 1 15 1 14 1 12 0 10 0 7 -1 3 -1 -1 0 -5 1 -9 3 -13 5 -16 6 -21 9 -23 12 -25 14 -27 16 -28 18 -28 19 -28 20 -28 20 -27 20 -27 18 0 0 0 0 0 0 0 0 0 0 0 0 0 0 0 0 0 0 0 0 0 0 -15 -1 -13 -3 -12 -5 -9 -5 -7 -6 -4 -7 -2 -7 3 -7 7 -7 12 -8 15 -8 19 -9 22 -10 26 -11 27 -13 29 -15 29 -16 30 -18 29 -18 28 -19 27 -20 26 -19 24 -18 22 -16 22 -13 21 -11 ]
2025-05-21 16:52:01,CSI_DATA,STA,D8:B1:90:DB:E8:90,-30,11,1,6,0,0,1,0,0,0,1,-94,0,2,0,2086205512,0,110,0,0,92280.9,256,[110 96 6 0 1 16 -1 16 -2 14 -2 14 -2 13 -2 12 -2 10 -2 8 -1 5 -1 2 -1 -1 -1 -5 -2 -9 -3 -12 -5 -16 -6 -20 -8 -23 -10 -25 -11 -27 -13 -28 -14 -28 -15 -27 -15 -27 -14 -27 -13 -27 0 0 0 0 0 0 0 0 0 0 0 0 0 0 0 0 0 0 0 0 0 0 0 -12 1 -11 2 -11 4 -9 4 -6 5 -3 5 -1 5 2 5 6 5 10 6 14 6 17 7 20 8 23 9 25 11 26 12 27 13 27 15 27 15 26 16 25 15 23 14 21 12 20 11 19 8 18 ]
2025-05-21 16:52:02,CSI_DATA,STA,D8:B1:90:DB:E8:90,-30,11,1,6,0,0,1,0,0,0,1,-94,0,2,0,2087736114,0,110,0,0,92282.4,256,[110 96 6 0 -15 -10 -13 -11 -12 -10 -11 -11 -10 -10 -9 -10 -8 -8 -7 -6 -4 -4 -2 -2 1 -1 4 1 7 3 11 4 15 5 19 6 22 5 25 5 27 5 29 4 30 4 30 3 30 3 29 4 28 4 0 0 0 0 0 0 0 0 0 0 0 0 0 0 0 0 0 0 0 0 0 0 9 8 6 8 4 9 2 8 0 7 -2 5 -4 3 -6 1 -9 -1 -12 -3 -15 -6 -18 -8 -21 -9 -23 -10 -26 -10 -28 -10 -29 -9 -30 -9 -31 -7 -31 -6 -30 -5 -29 -5 -27 -4 -25 -5 -23 -5 -20 -6 ]
2025-05-21 16:52:04,CSI_DATA,STA,D8:B1:90:DB:E8:90,-30,11,1,7,0,0,1,0,0,0,1,-94,0,2,0,2089735846,0,110,0,0,92284.4,256,[110 96 6 0 19 0 19 2 18 3 17 4 16 4 14 4 13 3 11 2 8 0 4 0 0 0 -5 1 -10 2 -13 3 -19 4 -23 7 -26 10 -29 11 -31 14 -32 16 -32 17 -32 19 -31 19 -31 18 -30 16 0 0 0 0 0 0 0 0 0 0 0 0 0 0 0 0 0 0 0 0 0 0 -16 -4 -14 -6 -11 -7 -10 -7 -7 -7 -4 -8 -1 -7 3 -6 8 -6 12 -7 17 -5 21 -6 25 -7 28 -8 31 -10 32 -11 33 -13 34 -14 33 -16 31 -15 31 -17 29 -16 26 -15 25 -13 23 -11 22 -8 ]
2025-05-21 16:52:08,CSI_DATA,STA,D8:B1:90:DB:E8:90,-30,11,1,6,0,0,1,0,0,0,1,-94,0,2,0,2092754026,0,110,0,0,92287.4,256,[110 96 6 0 1 19 -1 18 -2 17 -3 17 -3 16 -3 14 -2 12 -2 10 -2 7 -1 4 -1 0 -2 -5 -3 -8 -5 -13 -7 -17 -10 -20 -12 -24 -15 -26 -16 -28 -18 -29 -20 -29 -21 -29 -21 -28 -20 -28 -18 -27 0 0 0 0 0 0 0 0 0 0 0 0 0 0 0 0 0 0 0 0 0 0 2 -14 4 -13 5 -12 5 -9 5 -7 6 -4 6 0 6 4 6 7 5 12 5 16 5 20 6 23 7 26 9 28 10 30 12 31 14 31 15 30 16 29 16 28 15 26 14 25 13 23 11 22 8 21 ]
2025-05-21 16:52:08,CSI_DATA,STA,D8:B1:90:DB:E8:90,-30,11,1,6,0,0,1,0,0,0,1,-94,0,2,0,2093285811,0,110,0,0,92288,256,[110 96 6 0 6 -23 5 -23 5 -24 5 -23 4 -23 4 -23 4 -23 3 -23 3 -24 3 -23 2 -24 2 -23 1 -22 2 -23 2 -23 2 -24 3 -23 3 -23 3 -23 3 -22 4 -22 5 -21 6 -21 7 -21 8 -20 0 0 0 0 0 0 0 0 0 0 0 0 0 0 0 0 0 0 0 0 0 0 3 -19 4 -18 5 -19 6 -19 7 -19 7 -19 8 -19 8 -20 9 -20 9 -20 9 -19 10 -19 9 -19 9 -19 9 -19 9 -20 8 -20 8 -20 7 -20 7 -20 6 -21 7 -21 6 -23 6 -22 6 -22 7 -24 ]
2025-05-21 16:52:09,CSI_DATA,STA,D8:B1:90:DB:E8:90,-30,11,1,7,0,0,1,0,0,0,1,-94,0,2,0,2093773566,0,110,0,0,92288.4,256,[110 96 6 0 20 6 21 6 20 5 21 5 20 5 20 4 20 4 20 3 20 2 21 2 21 2 21 2 21 2 21 2 21 2 20 2 21 2 20 2 20 3 19 3 19 2 18 3 18 4 18 5 17 6 0 0 0 0 0 0 0 0 0 0 0 0 0 0 0 0 0 0 0 0 0 0 16 5 15 6 15 7 15 8 15 9 15 9 15 9 15 9 16 10 16 11 16 11 16 11 16 11 16 11 16 11 16 10 16 9 16 9 17 10 18 9 18 8 19 8 19 8 20 8 20 8 20 8 ]
2025-05-21 16:52:12,CSI_DATA,STA,D8:B1:90:DB:E8:90,-30,11,1,7,0,0,1,0,0,0,1,-94,0,2,0,2096777223,0,110,0,0,92291.4,256,[110 96 6 0 6 -19 8 -18 9 -17 9 -16 9 -15 8 -14 6 -12 5 -10 4 -8 2 -5 0 -1 -1 4 -1 8 -1 13 -1 18 -1 22 1 27 3 30 4 32 5 34 7 34 7 34 7 34 7 33 6 32 0 0 0 0 0 0 0 0 0 0 0 0 0 0 0 0 0 0 0 0 0 0 -10 11 -11 9 -11 7 -10 5 -9 2 -8 -1 -6 -4 -5 -8 -2 -11 0 -15 2 -19 4 -23 5 -26 6 -28 5 -32 4 -34 3 -35 2 -36 0 -37 -1 -36 -2 -35 -2 -33 -2 -31 -1 -29 0 -26 3 -25 ]
2025-05-21 16:52:13,CSI_DATA,STA,D8:B1:90:DB:E8:90,-30,11,1,7,0,0,1,0,0,0,1,-94,0,2,0,2098279031,0,110,0,0,92292.9,256,[110 96 6 0 11 12 9 13 8 13 8 13 8 12 7 11 6 10 5 7 3 5 1 3 -1 2 -4 -1 -8 -2 -11 -4 -15 -5 -19 -5 -23 -5 -26 -5 -28 -4 -29 -3 -30 -2 -31 -2 -31 -2 -30 -2 -28 -2 0 0 0 0 0 0 0 0 0 0 0 0 0 0 0 0 0 0 0 0 0 0 -4 -13 -2 -13 0 -12 2 -11 3 -9 4 -6 5 -3 7 0 9 3 10 6 12 10 14 12 16 14 18 15 20 16 22 17 24 16 25 16 26 15 26 13 26 12 25 11 23 10 21 11 19 10 17 11 ]
2025-05-21 16:52:14,CSI_DATA,STA,D8:B1:90:DB:E8:90,-30,11,1,3,0,0,1,0,0,0,0,-94,0,2,0,2098793183,0,110,0,0,92293.5,256,[110 96 6 0 -19 3 -17 1 -18 0 -17 -1 -16 -2 -14 -1 -12 -1 -10 -1 -7 0 -4 0 0 -1 4 -2 8 -3 12 -5 16 -7 20 -9 22 -11 25 -13 27 -15 27 -17 27 -18 27 -19 27 -19 26 -18 26 -16 0 0 0 0 0 0 0 0 0 0 0 0 0 0 0 0 0 0 0 0 0 0 14 -1 12 1 10 2 8 3 6 4 4 4 0 5 -3 5 -8 6 -12 6 -16 7 -20 8 -23 9 -25 10 -27 11 -29 13 -29 15 -30 16 -29 17 -28 18 -27 17 -25 17 -24 16 -23 14 -21 11 -21 9 ]
2025-05-21 16:52:20,CSI_DATA,STA,D8:B1:90:DB:E8:90,-30,11,1,6,0,0,1,0,0,0,1,-94,0,2,0,2104802373,0,110,0,0,92299.5,256,[110 96 6 0 12 -13 12 -11 13 -10 12 -9 12 -9 11 -8 9 -7 8 -6 6 -5 3 -3 1 0 -1 3 -2 7 -3 11 -4 15 -5 18 -4 21 -4 25 -3 26 -3 28 -2 29 -1 29 0 29 0 29 -1 27 0 0 0 0 0 0 0 0 0 0 0 0 0 0 0 0 0 0 0 0 0 0 -13 3 -13 2 -12 0 -10 -1 -8 -3 -6 -5 -4 -6 -1 -8 2 -9 5 -12 8 -14 10 -16 12 -19 14 -20 15 -23 15 -25 14 -26 14 -27 12 -28 11 -27 10 -27 10 -26 8 -24 8 -22 9 -20 10 -18 ]
2025-05-21 16:52:25,CSI_DATA,STA,D8:B1:90:DB:E8:90,-30,11,1,6,0,0,1,0,0,0,1,-94,0,2,0,2109822233,0,110,0,0,92304.5,256,[110 96 6 0 5 21 6 21 6 21 6 21 7 21 7 20 8 20 7 19 7 19 7 19 8 18 9 19 9 19 8 18 9 19 8 19 8 19 7 19 7 19 6 19 6 19 6 19 5 19 4 20 3 20 0 0 0 0 0 0 0 0 0 0 0 0 0 0 0 0 0 0 0 0 0 0 5 16 4 17 3 17 2 18 2 18 1 18 1 19 1 19 1 20 1 20 0 20 0 20 1 20 1 20 1 20 0 20 1 20 2 20 2 21 3 21 3 21 4 21 4 20 4 20 5 21 5 21 ]
2025-05-21 16:52:25,CSI_DATA,STA,D8:B1:90:DB:E8:90,-30,11,1,7,0,0,1,0,0,0,1,-94,0,2,0,2110322233,0,110,0,0,92305,256,[110 96 6 0 -9 22 -8 22 -8 22 -7 22 -7 22 -7 22 -6 22 -6 23 -5 22 -5 22 -4 22 -3 22 -4 21 -4 22 -4 22 -4 23 -4 23 -5 22 -5 22 -6 21 -6 21 -6 21 -7 21 -8 20 -9 20 0 0 0 0 0 0 0 0 0 0 0 0 0 0 0 0 0 0 0 0 0 0 -6 18 -7 17 -8 17 -9 17 -9 17 -10 17 -11 18 -12 18 -12 18 -12 18 -13 18 -13 18 -12 18 -12 18 -12 18 -13 19 -12 18 -12 19 -11 19 -11 19 -10 20 -10 20 -10 21 -9 21 -9 21 -9 22 ]
2025-05-21 16:52:35,CSI_DATA,STA,D8:B1:90:DB:E8:90,-30,11,1,7,0,0,1,0,0,0,1,-94,0,2,0,2119868950,0,110,0,0,92314.5,256,[110 96 6 0 -19 3 -19 2 -19 1 -18 -1 -17 -1 -16 0 -14 0 -12 0 -9 0 -6 0 -2 -2 2 -3 6 -5 10 -8 13 -11 17 -14 19 -17 20 -20 22 -22 22 -24 22 -26 21 -26 21 -27 20 -26 21 -24 0 0 0 0 0 0 0 0 0 0 0 0 0 0 0 0 0 0 0 0 0 0 15 0 14 2 11 3 9 4 7 5 5 6 1 6 -3 7 -7 7 -11 8 -15 8 -19 9 -22 11 -25 13 -27 14 -28 15 -29 18 -28 19 -28 20 -26 20 -25 20 -24 19 -22 18 -21 16 -20 14 -20 11 ]
2025-05-21 16:52:40,CSI_DATA,STA,D8:B1:90:DB:E8:90,-30,11,1,6,0,0,1,0,0,0,1,-94,0,2,0,2125395727,0,110,0,0,92320.1,256,[110 96 6 0 -18 -9 -16 -10 -16 -10 -15 -11 -14 -10 -13 -9 -11 -8 -10 -6 -7 -5 -4 -3 -1 -3 3 -1 8 -1 12 -1 16 -2 21 -3 24 -5 27 -6 29 -8 30 -9 31 -11 31 -11 31 -12 30 -11 29 -10 0 0 0 0 0 0 0 0 0 0 0 0 0 0 0 0 0 0 0 0 0 0 9 11 7 11 4 11 2 10 0 9 -2 7 -5 5 -8 2 -11 0 -14 -2 -18 -5 -21 -7 -24 -7 -26 -8 -29 -8 -31 -8 -33 -7 -33 -6 -34 -4 -34 -3 -33 -2 -31 -1 -29 -1 -27 -2 -25 -3 -23 -4 ]
2025-05-21 16:52:41,CSI_DATA,STA,D8:B1:90:DB:E8:90,-30,11,1,6,0,0,1,0,0,0,1,-94,0,2,0,2125906067,0,110,0,0,92320.6,256,[110 96 6 0 -21 4 -21 4 -21 4 -21 5 -20 5 -21 6 -20 7 -20 6 -20 7 -19 8 -19 7 -20 7 -19 8 -20 7 -20 8 -20 7 -20 7 -20 7 -19 6 -19 5 -20 6 -18 5 -19 3 -20 3 -19 2 0 0 0 0 0 0 0 0 0 0 0 0 0 0 0 0 0 0 0 0 0 0 -17 5 -18 4 -17 4 -18 2 -19 2 -19 2 -19 1 -20 1 -19 2 -20 1 -21 1 -21 1 -20 0 -20 1 -20 1 -20 1 -21 2 -20 2 -21 1 -21 3 -21 3 -21 3 -21 4 -21 3 -22 4 -22 4 ]
2025-05-21 16:52:41,CSI_DATA,STA,D8:B1:90:DB:E8:90,-30,11,1,7,0,0,1,0,0,0,1,-94,0,2,0,2126419384,0,110,0,0,92321.1,256,[110 96 6 0 -7 22 -7 22 -6 22 -5 22 -4 22 -4 22 -3 22 -4 22 -3 22 -2 22 -2 22 -2 22 -2 23 -2 22 -2 23 -2 23 -2 23 -3 22 -3 22 -3 22 -4 21 -4 21 -5 21 -6 21 -7 20 0 0 0 0 0 0 0 0 0 0 0 0 0 0 0 0 0 0 0 0 0 0 -6 19 -7 18 -7 17 -8 17 -8 17 -9 18 -9 19 -10 18 -10 19 -10 19 -11 19 -11 19 -11 19 -11 18 -11 19 -11 19 -11 20 -10 20 -9 20 -8 20 -8 20 -8 21 -8 21 -7 21 -7 22 -8 23 ]
2025-05-21 16:52:42,CSI_DATA,STA,D8:B1:90:DB:E8:90,-30,11,1,7,0,0,1,0,0,0,1,-94,0,2,0,2126928654,0,110,0,0,92321.6,256,[110 96 6 0 -21 5 -20 4 -20 2 -19 1 -18 1 -17 2 -15 1 -12 2 -9 1 -6 0 -2 -2 2 -4 6 -7 9 -11 12 -14 15 -18 17 -22 17 -26 18 -29 18 -31 18 -33 17 -33 16 -33 16 -32 16 -31 0 0 0 0 0 0 0 0 0 0 0 0 0 0 0 0 0 0 0 0 0 0 16 3 14 4 11 6 9 6 6 7 4 7 0 7 -4 7 -8 7 -13 8 -17 8 -21 9 -25 11 -28 12 -30 14 -32 16 -32 18 -32 20 -31 21 -29 21 -28 22 -26 21 -25 20 -23 18 -22 15 -22 13 ]
2025-05-21 16:52:42,CSI_DATA,STA,D8:B1:90:DB:E8:90,-30,11,1,7,0,0,1,0,0,0,1,-94,0,2,0,2127413481,0,110,0,0,92322.1,256,[110 96 6 0 -4 -23 -4 -23 -4 -22 -4 -22 -5 -22 -5 -22 -5 -21 -6 -22 -6 -21 -7 -21 -8 -21 -8 -20 -8 -21 -8 -21 -7 -21 -8 -20 -7 -20 -6 -20 -6 -20 -6 -20 -5 -20 -5 -20 -4 -20 -3 -20 -2 -20 0 0 0 0 0 0 0 0 0 0 0 0 0 0 0 0 0 0 0 0 0 0 -3 -18 -2 -18 0 -19 0 -19 1 -19 1 -19 2 -19 2 -20 3 -20 2 -21 3 -21 3 -21 3 -21 2 -21 2 -20 2 -20 1 -20 1 -21 0 -21 0 -20 -1 -21 -1 -22 -2 -22 -2 -22 -3 -22 -2 -23
2025-05-21 16:52:46,CSI_DATA,STA,D8:B1:90:DB:E8:90,-30,11,1,7,0,0,1,0,0,0,1,-94,0,2,0,2130920246,0,110,0,0,92325.6,256,[110 96 6 0 -15 20 -15 20 -14 20 -13 19 -13 19 -12 19 -12 19 -12 20 -11 20 -11 21 -11 20 -11 20 -10 20 -10 21 -10 21 -11 21 -11 20 -12 20 -12 19 -13 19 -13 19 -13 18 -13 18 -13 16 -14 15 0 0 0 0 0 0 0 0 0 0 0 0 0 0 0 0 0 0 0 0 0 0 -12 16 -13 15 -13 15 -14 15 -15 15 -15 14 -16 15 -17 14 -17 15 -17 14 -18 14 -18 14 -17 14 -17 14 -17 14 -17 15 -17 15 -17 16 -17 16 -16 16 -16 17 -16 17 -16 18 -1
2025-05-21 16:52:46,CSI_DATA,STA,D8:B1:90:DB:E8:90,-30,11,1,6,0,0,1,1,0,0,1,-94,0,2,0,2131431911,0,110,0,0,92326.1,256,[110 96 6 0 7 18 5 18 4 17 3 18 2 17 2 15 2 13 2 10 1 7 0 3 -1 0 -3 -4 -6 -8 -8 -12 -12 -16 -15 -18 -18 -21 -21 -23 -24 -24 -26 -25 -27 -25 -28 -24 -29 -23 -28 -22 -26 -23 0 0 0 0 0 0 0 0 0 0 0 0 0 0 0 0 0 0 0 0 0 0 -4 -14 -2 -14 1 -13 2 -11 3 -9 4 -6 6 -3 7 1 8 6 10 9 12 13 14 17 15 20 18 22 19 25 21 26 23 26 25 26 27 25 26 24 27 23 25 21 24 19 22 18 19 18 16 18 ]
2025-05-21 16:52:55,CSI_DATA,STA,D8:B1:90:DB:E8:90,-30,11,1,7,0,0,1,1,0,0,1,-94,0,2,0,2140010128,0,110,0,0,92334.7,256,[110 96 6 0 -13 20 -13 21 -12 21 -11 21 -10 22 -10 21 -9 21 -9 22 -8 22 -8 22 -7 22 -8 22 -8 23 -8 22 -8 23 -8 22 -8 21 -8 21 -8 20 -9 21 -10 21 -9 20 -10 19 -11 19 -12 18 0 0 0 0 0 0 0 0 0 0 0 0 0 0 0 0 0 0 0 0 0 0 -11 16 -11 16 -12 16 -13 16 -13 16 -14 16 -14 16 -15 16 -16 16 -16 16 -16 16 -16 16 -16 16 -16 16 -15 16 -16 16 -15 17 -15 17 -15 17 -14 18 -14 19 -14 19 -14 20 -13 20 -14 20 -13
2025-05-21 16:52:58,CSI_DATA,STA,D8:B1:90:DB:E8:90,-30,11,1,7,0,0,1,1,0,0,1,-94,0,2,0,2143532794,0,110,0,0,92338.2,256,[110 96 6 0 9 -22 9 -22 9 -23 9 -22 8 -22 7 -22 7 -22 7 -22 6 -22 6 -22 5 -22 5 -22 5 -22 6 -23 6 -23 6 -22 6 -22 6 -22 7 -21 7 -21 8 -21 9 -20 9 -19 10 -19 11 -18 0 0 0 0 0 0 0 0 0 0 0 0 0 0 0 0 0 0 0 0 0 0 7 -18 8 -18 8 -18 9 -17 10 -17 10 -17 11 -18 11 -18 12 -18 12 -18 13 -17 13 -17 12 -17 12 -17 12 -18 13 -18 12 -18 12 -18 11 -19 11 -19 10 -20 11 -20 11 -20 10 -20 11 -21 11 -22 ]
2025-05-21 16:52:58,CSI_DATA,STA,D8:B1:90:DB:E8:90,-30,11,1,7,0,0,1,1,0,0,1,-94,0,2,0,2143610156,0,100,0,0,92338.3,256,[100 -64 5 0 -16 -19 -16 -19 -16 -18 -16 -17 -16 -17 -17 -16 -17 -16 -17 -16 -17 -16 -18 -16 -18 -15 -18 -15 -19 -15 -18 -15 -18 -15 -18 -16 -18 -16 -18 -16 -17 -16 -16 -16 -16 -16 -15 -16 -14 -16 -14 -17 -13 -18 0 0 0 0 0 0 0 0 0 0 0 0 0 0 0 0 0 0 0 0 0 0 -12 -15 -11 -16 -11 -17 -10 -18 -10 -18 -10 -18 -10 -19 -10 -20 -9 -20 -10 -20 -9 -20 -9 -20 -9 -20 -9 -20 -10 -20 -10 -20 -10 -19 -10 -2
2025-05-21 16:53:00,CSI_DATA,STA,D8:B1:90:DB:E8:90,-30,11,1,7,0,0,1,1,0,0,1,-94,0,2,0,2145022862,0,110,0,0,92339.7,256,[110 96 6 0 10 -21 10 -21 10 -22 9 -21 9 -21 8 -22 8 -22 7 -22 7 -22 7 -22 6 -22 7 -23 6 -23 7 -23 7 -23 7 -23 7 -22 8 -22 8 -22 7 -21 8 -20 8 -20 9 -19 10 -20 11 -19 0 0 0 0 0 0 0 0 0 0 0 0 0 0 0 0 0 0 0 0 0 0 8 -17 9 -17 10 -17 10 -17 11 -17 11 -17 12 -17 13 -17 13 -17 14 -17 14 -17 14 -17 13 -17 13 -17 13 -17 13 -18 13 -18 12 -19 12 -18 11 -18 11 -20 11 -20 11 -20 11 -20 11 -20 12 -21 ]
2025-05-21 16:53:03,CSI_DATA,STA,D8:B1:90:DB:E8:90,-30,11,1,7,0,0,1,0,0,0,0,-94,0,2,0,2148542329,0,110,0,0,92343.2,256,[110 96 6 0 20 -6 21 -6 21 -7 21 -7 20 -8 20 -8 20 -8 19 -9 19 -10 19 -10 19 -10 18 -10 19 -10 19 -10 19 -10 19 -10 19 -10 19 -10 19 -9 18 -9 18 -8 18 -7 19 -7 18 -6 19 -5 0 0 0 0 0 0 0 0 0 0 0 0 0 0 0 0 0 0 0 0 0 0 17 -5 17 -4 17 -3 18 -2 18 -2 19 -2 19 -1 19 -1 19 -1 19 -1 20 0 20 0 20 0 20 0 20 -1 20 -1 20 -1 20 -2 20 -2 20 -3 20 -3 21 -4 21 -4 21 -4 21 -5 22 -5 ]
2025-05-21 16:53:05,CSI_DATA,STA,D8:B1:90:DB:E8:90,-30,11,1,6,0,0,1,0,0,0,1,-94,0,2,0,2150539538,0,110,0,0,92345.2,256,[110 96 6 0 4 -24 4 -24 4 -25 4 -23 4 -24 3 -23 2 -23 2 -23 2 -24 1 -24 0 -23 0 -23 0 -23 0 -24 0 -24 0 -24 1 -24 1 -23 1 -23 2 -23 2 -23 3 -22 3 -22 4 -22 5 -21 0 0 0 0 0 0 0 0 0 0 0 0 0 0 0 0 0 0 0 0 0 0 5 -20 6 -19 6 -20 7 -19 8 -20 8 -19 9 -19 10 -19 10 -20 10 -20 11 -20 11 -19 11 -20 10 -20 10 -20 10 -21 9 -21 9 -21 8 -21 8 -21 7 -22 7 -22 7 -23 6 -22 6 -23 7 -24 ]
2025-05-21 16:53:10,CSI_DATA,STA,D8:B1:90:DB:E8:90,-30,11,1,6,0,0,1,0,0,0,1,-94,0,2,0,2154560878,0,110,0,0,92349.2,256,[110 96 6 0 -12 13 -12 12 -13 11 -13 10 -12 9 -11 8 -9 7 -8 6 -6 4 -4 2 -2 -1 -1 -4 1 -8 1 -12 2 -16 2 -19 1 -23 0 -26 0 -28 -1 -29 -3 -31 -3 -30 -3 -30 -3 -30 -2 -29 0 0 0 0 0 0 0 0 0 0 0 0 0 0 0 0 0 0 0 0 0 0 12 -5 11 -4 11 -3 10 -1 7 1 6 3 4 4 1 6 -2 9 -5 10 -8 13 -10 16 -12 18 -13 20 -14 23 -14 24 -13 26 -12 27 -11 28 -9 27 -9 27 -8 26 -8 24 -7 22 -8 20 -9 19 ]
2025-05-21 16:53:10,CSI_DATA,STA,D8:B1:90:DB:E8:90,-30,11,1,5,0,0,1,0,0,0,1,-94,0,2,0,2155516311,0,100,0,0,92350.2,256,[100 -64 5 0 -8 -22 -8 -21 -8 -21 -8 -21 -9 -20 -9 -20 -9 -20 -10 -20 -10 -20 -10 -20 -11 -20 -10 -19 -11 -18 -11 -18 -10 -18 -11 -20 -10 -19 -10 -19 -10 -19 -9 -19 -9 -19 -7 -19 -7 -19 -5 -19 -4 -19 0 0 0 0 0 0 0 0 0 0 0 0 0 0 0 0 0 0 0 0 0 0 -6 -17 -5 -17 -4 -18 -4 -18 -3 -18 -3 -18 -3 -19 -3 -19 -2 -20 -2 -20 -1 -20 -1 -20 -1 -21 -1 -20 -2 -21 -2 -21 -3 -21 -3 -21 -4 -21 -4 -21 -5 -21 -5
2025-05-21 16:53:13,CSI_DATA,STA,D8:B1:90:DB:E8:90,-30,11,1,7,0,0,1,0,0,0,0,-94,0,2,0,2158584771,0,110,0,0,92353.3,256,[110 96 6 0 -23 11 -23 11 -23 12 -21 11 -21 12 -21 12 -20 12 -20 13 -19 13 -19 14 -19 14 -19 14 -19 15 -19 15 -19 15 -20 14 -20 14 -20 14 -20 13 -19 12 -19 12 -19 11 -20 10 -20 9 -21 8 0 0 0 0 0 0 0 0 0 0 0 0 0 0 0 0 0 0 0 0 0 0 -19 9 -20 8 -19 7 -20 6 -20 6 -21 5 -21 5 -22 5 -22 5 -22 4 -23 4 -23 4 -23 4 -23 5 -24 5 -23 5 -24 6 -23 6 -23 7 -23 7 -23 8 -23 8 -22 9 -23 8 -23 9 -24 10 ]
2025-05-21 16:53:14,CSI_DATA,STA,D8:B1:90:DB:E8:90,-33,11,1,7,0,0,1,0,0,0,0,-94,0,2,0,2159594730,0,110,0,0,92354.3,256,[110 96 6 0 12 -7 12 -6 12 -6 11 -14 10 -13 11 -13 11 -13 12 -16 12 -15 12 -15 13 -14 -15 21 -16 21 -17 19 -17 19 8 -22 9 -21 10 -20 11 -19 -28 3 -28 2 -28 0 -27 -2 20 0 20 2 0 0 0 0 0 0 0 0 0 0 0 0 0 0 0 0 0 0 0 0 0 0 12 -2 12 -1 14 -16 15 -14 17 -14 17 -13 4 -16 5 -16 6 -17 7 -16 4 18 3 18 3 18 2 18 -16 18 -17 18 -17 17 -17 17 -14 21 -14 21 -15 21 -15 20 -8 23 -8 22 -8 23 6 9 ]
2025-05-21 16:53:15,CSI_DATA,STA,D8:B1:90:DB:E8:90,-36,11,1,7,0,0,1,0,0,0,0,-94,0,2,0,2160086347,0,110,0,0,92354.8,256,[110 96 6 0 -4 11 -5 11 -6 11 5 18 3 18 2 18 1 18 7 16 7 16 6 17 4 16 -17 -15 -15 -15 -15 -17 -12 -18 -8 -8 -9 -8 -8 -9 -7 -10 -6 -10 -5 -10 -4 -11 -2 -11 -1 -11 1 -11 0 0 0 0 0 0 0 0 0 0 0 0 0 0 0 0 0 0 0 0 0 0 -16 7 -17 4 -11 15 -12 14 -15 14 -16 12 1 17 0 18 -3 18 -4 18 -8 -2 -8 -3 -8 -3 -9 -5 -20 -15 -19 -17 -18 -19 -17 -21 -21 -17 -20 -18 -19 -20 -18 -21 -22 -15 -21 -17 -20 -17 -16 0 ]
2025-05-21 16:53:15,CSI_DATA,STA,D8:B1:90:DB:E8:90,-30,11,1,7,0,0,1,1,0,0,1,-94,0,2,0,2160599836,0,110,0,0,92355.3,256,[110 96 6 0 21 6 21 6 21 5 21 5 21 5 21 4 21 4 20 3 20 2 20 1 20 1 20 1 21 1 21 1 21 1 21 1 21 2 20 2 20 3 20 3 19 3 19 3 19 4 18 5 18 6 0 0 0 0 0 0 0 0 0 0 0 0 0 0 0 0 0 0 0 0 0 0 18 3 18 4 17 5 17 6 17 6 17 7 17 7 17 8 17 8 17 9 18 8 17 8 17 9 17 9 18 9 18 8 18 8 18 8 18 9 19 8 19 8 20 8 20 8 21 7 21 7 21 6 ]
2025-05-21 16:53:16,CSI_DATA,STA,D8:B1:90:DB:E8:90,-30,11,1,7,0,0,1,0,0,0,1,-94,0,2,0,2161108420,0,110,0,0,92355.8,256,[110 96 6 0 -22 14 -21 14 -21 15 -20 14 -19 15 -19 15 -18 15 -19 15 -19 16 -18 17 -18 16 -18 16 -17 16 -18 17 -17 16 -19 18 -18 17 -18 16 -19 16 -18 15 -18 14 -19 14 -19 13 -19 12 -19 11 0 0 0 0 0 0 0 0 0 0 0 0 0 0 0 0 0 0 0 0 0 0 -17 11 -17 10 -19 10 -19 9 -20 9 -20 8 -21 9 -21 8 -22 8 -22 8 -22 8 -22 7 -22 7 -23 8 -22 8 -22 8 -21 9 -22 10 -20 10 -20 10 -21 11 -21 11 -22 12 -21 12 -21 13 -2
2025-05-21 16:53:18,CSI_DATA,STA,D8:B1:90:DB:E8:90,-30,11,1,7,0,0,1,0,0,0,1,-94,0,2,0,2163104139,0,110,0,0,92357.8,256,[110 96 6 0 13 -18 14 -19 13 -19 13 -18 13 -18 12 -18 11 -19 12 -19 11 -19 10 -20 9 -20 9 -19 10 -19 10 -19 10 -20 11 -19 12 -19 12 -18 11 -18 12 -17 12 -17 12 -16 12 -16 13 -15 14 -15 0 0 0 0 0 0 0 0 0 0 0 0 0 0 0 0 0 0 0 0 0 0 10 -15 11 -15 11 -14 12 -14 12 -14 13 -14 14 -14 14 -14 15 -14 15 -14 15 -14 15 -13 15 -13 15 -13 15 -14 15 -14 15 -15 14 -15 15 -16 14 -15 14 -16 14 -17 13 -17 13 -
2025-05-21 16:53:18,CSI_DATA,STA,D8:B1:90:DB:E8:90,-30,11,1,7,0,0,1,0,0,0,1,-94,0,2,0,2163605231,0,110,0,0,92358.3,256,[110 96 6 0 21 -10 22 -10 21 -11 21 -11 21 -11 20 -12 20 -12 20 -12 19 -13 19 -13 19 -13 18 -13 18 -13 19 -13 19 -14 20 -13 20 -13 20 -13 20 -12 19 -12 19 -11 20 -10 20 -10 20 -8 20 -7 0 0 0 0 0 0 0 0 0 0 0 0 0 0 0 0 0 0 0 0 0 0 17 -9 17 -8 18 -8 18 -7 19 -6 20 -6 20 -6 21 -6 21 -6 21 -6 22 -5 22 -5 21 -5 21 -5 21 -5 21 -6 21 -6 21 -6 22 -7 22 -8 22 -9 22 -9 22 -9 22 -9 22 -9 23 -11 ]
2025-05-21 16:53:21,CSI_DATA,STA,D8:B1:90:DB:E8:90,-30,11,1,7,0,0,1,0,0,0,1,-94,0,2,0,2165612150,0,110,0,0,92360.3,256,[110 96 6 0 -11 -21 -11 -21 -11 -20 -11 -20 -11 -19 -12 -19 -12 -19 -12 -17 -12 -17 -12 -17 -13 -17 -14 -18 -14 -17 -14 -17 -14 -18 -13 -16 -13 -17 -12 -17 -12 -17 -12 -18 -12 -18 -11 -17 -10 -18 -9 -18 -8 -18 0 0 0 0 0 0 0 0 0 0 0 0 0 0 0 0 0 0 0 0 0 0 -9 -15 -9 -16 -8 -17 -7 -18 -7 -18 -7 -18 -7 -19 -7 -19 -6 -19 -6 -20 -5 -20 -6 -20 -6 -20 -6 -20 -6 -20 -6 -20 -6 -20 -6 -19 -8 -20 -8 -19
2025-05-21 16:53:21,CSI_DATA,STA,D8:B1:90:DB:E8:90,-30,11,1,7,0,0,1,1,0,0,1,-94,0,2,0,2166618710,0,110,0,0,92361.3,256,[110 96 6 0 22 -7 22 -7 22 -8 22 -8 21 -9 21 -9 21 -10 20 -11 19 -11 19 -11 19 -11 19 -11 19 -11 19 -11 20 -11 20 -11 21 -11 20 -11 20 -10 20 -10 20 -9 20 -8 20 -8 20 -6 20 -5 0 0 0 0 0 0 0 0 0 0 0 0 0 0 0 0 0 0 0 0 0 0 17 -7 18 -6 18 -5 18 -4 18 -4 19 -4 20 -4 20 -4 20 -3 21 -3 21 -3 21 -2 21 -2 20 -2 21 -2 21 -3 21 -3 21 -4 21 -4 21 -5 21 -5 22 -5 21 -6 22 -6 22 -6 22 -7 ]
