2025-05-22 09:47:28,CSI_DATA,STA,D8:B1:90:DB:E8:90,-54,11,1,7,0,0,1,1,0,0,1,-95,0,2,0,2868039047,0,110,0,0,153192,256,[110 96 6 0 -9 27 -9 27 -9 26 -8 28 -7 28 -8 27 -7 27 -6 26 -6 25 -6 25 -5 25 -5 25 -4 25 -5 24 -5 24 -5 24 -5 24 -5 23 -5 22 -5 22 -5 21 -5 20 -6 20 -7 19 -7 19 0 0 0 0 0 0 0 0 0 0 0 0 0 0 0 0 0 0 0 0 0 0 -2 18 -4 18 -5 18 -6 18 -6 19 -7 19 -8 20 -8 20 -9 20 -9 21 -11 21 -11 21 -11 22 -11 22 -11 22 -11 23 -11 23 -10 23 -10 24 -10 25 -10 25 -10 26 -10 28 -10 28 -11 28 -10 28 ]
2025-05-22 09:47:28,CSI_DATA,STA,D8:B1:90:DB:E8:90,-54,11,1,7,0,0,1,1,0,0,1,-95,0,2,0,2868546132,0,110,0,0,153193,256,[110 96 6 0 -15 26 -14 26 -14 25 -14 24 -13 24 -13 24 -13 24 -12 24 -11 23 -11 24 -10 24 -10 24 -10 24 -9 23 -10 23 -10 22 -10 22 -10 21 -10 20 -9 20 -9 19 -9 19 -10 18 -10 18 -12 17 0 0 0 0 0 0 0 0 0 0 0 0 0 0 0 0 0 0 0 0 0 0 -7 16 -8 15 -9 16 -10 16 -10 16 -11 16 -12 18 -12 18 -13 18 -13 18 -14 19 -15 19 -15 19 -15 19 -15 19 -15 19 -15 20 -15 20 -15 21 -15 22 -15 22 -14 23 -15 25 -15 25 -15
2025-05-22 09:47:30,CSI_DATA,STA,D8:B1:90:DB:E8:90,-52,11,1,7,0,0,1,1,0,0,1,-95,0,2,0,2870049041,0,110,0,0,153194,256,[110 96 6 0 26 6 25 6 25 6 25 6 25 6 24 5 24 5 23 3 23 3 23 3 22 2 22 2 21 3 22 2 21 3 21 2 21 2 20 3 20 3 19 3 19 3 18 4 18 4 18 5 17 6 0 0 0 0 0 0 0 0 0 0 0 0 0 0 0 0 0 0 0 0 0 0 17 3 17 5 18 5 17 6 18 6 19 7 19 8 19 9 20 10 19 10 20 10 20 10 20 11 20 11 21 10 22 10 22 10 23 10 23 8 23 9 24 8 25 9 26 6 25 6 26 7 26 7 ]
2025-05-22 09:47:30,CSI_DATA,STA,D8:B1:90:DB:E8:90,-53,11,1,7,0,0,1,1,0,0,1,-95,0,2,0,2870549050,0,110,0,0,153195,256,[110 96 6 0 23 12 23 12 23 12 23 10 22 10 22 9 22 8 22 8 21 8 21 8 21 8 21 7 21 7 20 7 21 7 19 7 19 7 19 6 18 7 18 7 17 7 17 7 16 8 16 9 15 9 0 0 0 0 0 0 0 0 0 0 0 0 0 0 0 0 0 0 0 0 0 0 15 6 15 7 15 8 15 8 15 9 15 10 16 10 16 10 17 11 16 12 16 12 16 13 17 13 17 13 18 13 18 13 18 13 19 12 20 12 20 12 21 12 22 12 21 11 22 12 22 12 22 12 ]
2025-05-22 09:47:33,CSI_DATA,STA,D8:B1:90:DB:E8:90,-53,11,1,7,0,0,1,1,0,0,1,-95,0,2,0,2873079102,0,110,0,0,153197,256,[110 96 6 0 -27 -10 -26 -9 -26 -10 -27 -9 -26 -9 -26 -9 -26 -8 -24 -6 -24 -6 -23 -6 -24 -6 -23 -5 -24 -4 -24 -4 -23 -5 -23 -4 -23 -4 -22 -4 -22 -4 -21 -4 -21 -5 -20 -5 -20 -6 -20 -7 -19 -8 0 0 0 0 0 0 0 0 0 0 0 0 0 0 0 0 0 0 0 0 0 0 -18 -2 -18 -4 -18 -5 -18 -6 -18 -7 -19 -7 -21 -6 -21 -7 -21 -7 -22 -9 -22 -10 -22 -10 -22 -11 -22 -11 -23 -11 -23 -10 -23 -10 -24 -11 -24 -10 -25 -10 -26 -10 -26
2025-05-22 09:47:38,CSI_DATA,STA,D8:B1:90:DB:E8:90,-53,11,1,7,0,0,1,1,0,0,1,-95,0,2,0,2878093005,0,110,0,0,153202,256,[110 96 6 0 25 7 25 7 25 7 25 6 24 5 24 5 24 4 23 4 22 3 22 3 23 3 22 2 22 2 21 2 21 1 22 2 22 2 21 2 21 2 20 2 19 3 19 3 18 4 18 4 17 5 0 0 0 0 0 0 0 0 0 0 0 0 0 0 0 0 0 0 0 0 0 0 18 3 18 3 17 4 17 5 17 6 19 6 18 6 19 7 19 8 19 9 20 8 21 8 21 9 21 10 21 9 22 9 22 9 22 8 23 8 23 8 23 8 25 8 25 7 25 8 25 8 26 8 ]
2025-05-22 09:47:38,CSI_DATA,STA,D8:B1:90:DB:E8:90,-53,11,1,7,0,0,1,1,0,0,1,-95,0,2,0,2878593046,0,110,0,0,153203,256,[110 96 6 0 3 -26 2 -26 3 -26 2 -25 1 -25 1 -25 1 -24 0 -23 0 -23 -1 -23 -1 -23 -1 -23 -1 -22 -1 -22 -1 -22 -1 -21 -1 -21 -1 -20 -1 -20 -1 -20 0 -20 0 -19 0 -19 1 -19 2 -19 0 0 0 0 0 0 0 0 0 0 0 0 0 0 0 0 0 0 0 0 0 0 1 -17 2 -17 1 -17 2 -17 2 -18 2 -18 3 -19 4 -20 5 -20 5 -21 6 -21 6 -21 6 -22 6 -22 6 -22 6 -22 6 -22 6 -23 3 -24 3 -24 3 -25 3 -25 3 -25 3 -25 3 -25 3 -25 ]
2025-05-22 09:47:39,CSI_DATA,STA,D8:B1:90:DB:E8:90,-53,11,1,7,0,0,1,1,0,0,1,-95,0,2,0,2879092878,0,110,0,0,153203,256,[110 96 6 0 -17 -26 -16 -25 -16 -25 -16 -23 -16 -23 -16 -22 -16 -22 -16 -21 -16 -21 -16 -20 -16 -20 -16 -20 -17 -19 -16 -19 -16 -19 -16 -19 -15 -19 -15 -19 -14 -18 -13 -18 -13 -18 -12 -17 -11 -18 -11 -18 -10 -19 0 0 0 0 0 0 0 0 0 0 0 0 0 0 0 0 0 0 0 0 0 0 -11 -14 -10 -16 -10 -16 -9 -17 -9 -18 -9 -18 -9 -19 -9 -20 -8 -21 -8 -22 -10 -22 -9 -23 -9 -24 -9 -24 -11 -23 -12 -24 -12 -23 -12 -25 -12 -
2025-05-22 09:47:48,CSI_DATA,STA,D8:B1:90:DB:E8:90,-53,11,1,5,0,0,1,1,1,0,0,-95,0,2,0,2888661116,0,110,0,0,153213,384,[110 96 6 0 5 27 2 22 -1 17 -5 10 -8 4 -11 -3 -14 -10 -17 -16 -19 -21 -22 -26 -24 -29 -25 -32 -26 -32 -25 -33 -25 -31 -24 -29 -23 -26 -22 -21 -20 -16 -19 -10 -19 -5 -17 1 -16 6 -16 10 -16 13 0 0 0 0 0 0 0 0 0 0 0 0 0 0 0 0 0 0 0 0 0 0 5 16 1 16 -2 16 -7 15 -11 14 -16 13 -19 11 -23 10 -26 8 -29 6 -30 3 -30 2 -30 1 -28 1 -26 2 -22 3 -19 5 -14 9 -9 11 -5 15 0 19 3 23 7 26 9 29 10 31 10 33 ]
2025-05-22 09:47:49,CSI_DATA,STA,D8:B1:90:DB:E8:90,-53,11,1,7,0,0,1,1,0,0,1,-95,0,2,0,2889138793,0,110,0,0,153213,256,[110 96 6 0 -31 -3 -30 -3 -30 -3 -29 -2 -29 -1 -29 -1 -28 -1 -27 0 -27 0 -27 0 -27 0 -27 1 -27 1 -27 1 -26 1 -26 0 -25 0 -25 0 -24 -1 -23 -1 -22 -1 -22 -1 -22 -2 -22 -3 -21 -4 0 0 0 0 0 0 0 0 0 0 0 0 0 0 0 0 0 0 0 0 0 0 -17 1 -17 0 -17 -1 -17 -2 -17 -2 -18 -2 -19 -3 -21 -3 -20 -4 -22 -4 -23 -4 -23 -5 -23 -5 -23 -5 -23 -6 -24 -6 -24 -6 -24 -6 -26 -4 -26 -3 -27 -3 -28 -3 -28 -3 -28 -2 -29 -3 -3
2025-05-22 09:47:49,CSI_DATA,STA,D8:B1:90:DB:E8:90,-54,11,1,1,0,0,1,0,0,0,0,-95,0,2,0,2889638326,0,110,0,0,153214,256,[110 96 6 0 -1 -34 1 -28 3 -21 5 -14 7 -7 8 1 10 9 12 15 14 21 15 26 16 30 17 33 18 34 18 34 18 32 18 30 17 26 17 21 16 15 16 10 15 4 15 -2 15 -7 14 -11 15 -16 0 0 0 0 0 0 0 0 0 0 0 0 0 0 0 0 0 0 0 0 0 0 -3 -20 1 -19 5 -17 8 -15 13 -12 16 -10 20 -6 23 -3 26 0 28 4 29 6 28 8 28 9 27 7 24 7 21 3 17 0 14 -5 11 -11 6 -15 3 -21 1 -27 -3 -31 -4 -35 -4 -38 -3 -40 ]
2025-05-22 09:47:50,CSI_DATA,STA,D8:B1:90:DB:E8:90,-54,11,1,2,0,0,1,0,0,0,0,-95,0,2,0,2890138234,0,110,0,0,153214,256,[110 96 6 0 -15 26 -13 21 -12 14 -9 7 -6 0 -4 -7 -1 -14 2 -20 4 -25 6 -30 8 -33 9 -35 10 -36 10 -37 10 -35 8 -33 6 -29 4 -27 1 -22 -4 -19 -7 -15 -11 -11 -15 -8 -18 -6 -22 -5 0 0 0 0 0 0 0 0 0 0 0 0 0 0 0 0 0 0 0 0 0 0 2 16 -3 15 -7 13 -10 11 -14 7 -17 4 -20 1 -23 -3 -25 -7 -26 -10 -25 -12 -25 -14 -24 -15 -23 -14 -21 -12 -19 -8 -18 -4 -16 1 -15 7 -13 12 -12 18 -12 23 -11 28 -12 31 -13 33 -14 3
2025-05-22 09:47:53,CSI_DATA,STA,D8:B1:90:DB:E8:90,-54,11,1,3,0,0,1,0,0,0,0,-95,0,2,0,2893161427,0,110,0,0,153217,256,[110 96 6 0 0 31 -2 25 -3 18 -3 11 -3 2 -2 -6 -1 -14 0 -21 2 -26 3 -31 4 -36 5 -39 6 -39 6 -39 7 -38 6 -35 4 -32 2 -29 -1 -24 -5 -20 -8 -16 -12 -12 -16 -10 -19 -9 -22 -8 0 0 0 0 0 0 0 0 0 0 0 0 0 0 0 0 0 0 0 0 0 0 16 5 13 8 8 10 3 12 -2 13 -7 14 -13 14 -18 13 -23 12 -26 10 -29 8 -29 6 -30 4 -28 4 -26 4 -22 5 -19 7 -13 10 -9 14 -5 18 -1 22 2 28 5 30 6 35 6 37 5 39 ]
2025-05-22 09:47:57,CSI_DATA,STA,D8:B1:90:DB:E8:90,-56,11,1,6,0,0,1,0,0,0,1,-95,0,2,0,2897721950,0,110,0,0,153222,256,[110 96 6 0 -26 -15 -21 -14 -15 -12 -9 -9 -2 -5 4 -1 10 2 15 6 20 9 24 12 27 14 29 16 30 17 30 17 29 17 27 15 26 13 23 10 20 6 17 2 15 -3 12 -7 10 -11 9 -15 9 -18 0 0 0 0 0 0 0 0 0 0 0 0 0 0 0 0 0 0 0 0 0 0 -16 6 -16 2 -14 -2 -12 -6 -9 -9 -6 -14 -3 -17 1 -20 5 -22 9 -24 11 -24 14 -24 15 -23 14 -21 12 -20 9 -18 5 -17 0 -16 -5 -14 -11 -13 -17 -13 -22 -13 -27 -13 -30 -14 -32 -16 -33 -16 ]
2025-05-22 09:48:00,CSI_DATA,STA,D8:B1:90:DB:E8:90,-54,11,1,7,0,0,1,0,0,0,0,-95,0,2,0,2900229307,0,110,0,0,153224,256,[110 96 6 0 16 19 16 19 15 18 16 18 16 18 15 17 16 17 16 16 15 15 16 15 16 14 16 14 16 14 16 14 15 14 15 13 15 13 14 13 14 12 13 12 13 12 12 12 11 13 11 13 10 13 0 0 0 0 0 0 0 0 0 0 0 0 0 0 0 0 0 0 0 0 0 0 11 10 10 10 10 12 10 12 10 13 11 14 10 14 10 15 11 16 10 16 10 16 10 17 10 17 10 18 11 18 11 17 11 18 11 18 12 18 12 18 13 18 14 18 15 18 16 19 16 19 15 18 ]
2025-05-22 09:48:09,CSI_DATA,STA,D8:B1:90:DB:E8:90,-53,11,1,6,0,0,1,0,0,0,1,-95,0,2,0,2909252289,0,110,0,0,153233,256,[110 96 6 0 -26 17 -26 18 -25 17 -25 17 -24 17 -23 17 -23 16 -22 18 -21 18 -21 18 -21 18 -20 18 -20 18 -20 18 -20 18 -20 17 -20 16 -20 15 -19 15 -18 15 -18 14 -18 14 -18 13 -19 13 -19 11 0 0 0 0 0 0 0 0 0 0 0 0 0 0 0 0 0 0 0 0 0 0 -15 10 -15 9 -16 8 -17 8 -17 8 -18 8 -19 9 -20 8 -21 8 -21 8 -21 9 -21 9 -22 9 -22 9 -22 12 -22 12 -23 12 -23 13 -23 13 -23 14 -23 14 -24 15 -23 15 -23 15 -24 16 -2
2025-05-22 09:48:13,CSI_DATA,STA,D8:B1:90:DB:E8:90,-53,11,1,5,0,0,1,0,0,0,1,-95,0,2,0,2912771525,0,110,0,0,153237,256,[110 96 6 0 -5 -28 -5 -28 -5 -26 -5 -26 -5 -26 -5 -26 -5 -26 -7 -25 -7 -25 -7 -25 -8 -24 -7 -24 -8 -23 -7 -23 -7 -23 -7 -23 -6 -23 -6 -22 -6 -22 -6 -21 -5 -21 -5 -21 -4 -21 -4 -21 -3 -21 0 0 0 0 0 0 0 0 0 0 0 0 0 0 0 0 0 0 0 0 0 0 -5 -15 -4 -15 -3 -16 -3 -16 -2 -17 -2 -17 -3 -18 -3 -19 -2 -20 -2 -20 -2 -21 -2 -21 -2 -22 -1 -22 -1 -22 -2 -23 -2 -22 -2 -23 -2 -25 -3 -25 -4 -26 -3 -26 -4 -26 -4
2025-05-22 09:48:13,CSI_DATA,STA,D8:B1:90:DB:E8:90,-55,11,1,6,0,0,1,0,0,0,1,-95,0,2,0,2913271150,0,110,0,0,153237,256,[110 96 6 0 12 28 9 25 6 20 3 15 -1 9 -5 3 -9 -2 -13 -7 -16 -12 -18 -16 -21 -20 -23 -22 -24 -23 -24 -23 -24 -22 -23 -21 -21 -18 -19 -14 -18 -10 -15 -5 -13 -1 -11 5 -9 9 -9 14 -8 18 0 0 0 0 0 0 0 0 0 0 0 0 0 0 0 0 0 0 0 0 0 0 11 13 8 13 4 13 1 12 -3 12 -8 11 -11 9 -15 8 -18 6 -21 4 -23 2 -25 1 -24 0 -23 0 -21 0 -18 2 -15 4 -11 6 -7 9 -2 13 3 17 7 21 11 24 13 27 15 29 16 31 ]
2025-05-22 09:48:15,CSI_DATA,STA,D8:B1:90:DB:E8:90,-55,11,1,6,0,0,1,0,0,0,1,-95,0,2,0,2915279235,0,110,0,0,153239,256,[110 96 6 0 -33 -13 -27 -13 -22 -12 -15 -10 -8 -9 -1 -7 7 -5 14 -4 20 -2 25 -1 30 -1 33 -1 35 0 36 -1 35 -1 34 -1 30 -3 26 -3 21 -6 16 -8 10 -10 5 -12 0 -14 -4 -17 -8 -19 0 0 0 0 0 0 0 0 0 0 0 0 0 0 0 0 0 0 0 0 0 0 -20 -3 -18 -6 -15 -9 -12 -11 -8 -13 -3 -16 1 -18 5 -19 10 -21 14 -21 17 -21 19 -20 20 -19 19 -18 17 -17 13 -17 9 -15 4 -15 -2 -14 -9 -13 -15 -12 -22 -12 -27 -12 -31 -13 -35 -14 -37
2025-05-22 09:48:18,CSI_DATA,STA,D8:B1:90:DB:E8:90,-54,11,1,6,0,0,1,0,0,0,1,-95,0,2,0,2918290541,0,110,0,0,153243,256,[110 96 6 0 30 12 24 11 19 10 12 8 5 6 -2 3 -9 1 -16 -2 -21 -5 -26 -7 -30 -8 -33 -9 -33 -9 -34 -9 -33 -9 -31 -8 -28 -6 -24 -4 -20 -1 -16 2 -12 6 -8 9 -5 13 -2 16 0 20 0 0 0 0 0 0 0 0 0 0 0 0 0 0 0 0 0 0 0 0 0 0 17 -4 15 0 13 3 9 7 6 10 2 13 -2 16 -6 18 -10 20 -13 20 -16 20 -17 20 -18 18 -17 18 -14 16 -11 15 -6 13 -1 12 5 11 11 10 17 10 24 10 29 9 32 11 35 12 37 12 ]
2025-05-22 09:48:18,CSI_DATA,STA,D8:B1:90:DB:E8:90,-54,11,1,7,0,0,1,0,0,0,1,-95,0,2,0,2918788382,0,110,0,0,153243,256,[110 96 6 0 16 5 13 8 9 10 5 13 0 16 -5 18 -8 20 -13 22 -16 24 -18 26 -19 27 -20 28 -21 28 -20 27 -19 27 -16 25 -13 23 -9 20 -5 18 -1 16 3 14 7 12 11 11 14 10 16 10 0 0 0 0 0 0 0 0 0 0 0 0 0 0 0 0 0 0 0 0 0 0 10 6 10 8 8 10 8 12 7 13 6 16 4 18 3 20 1 22 0 23 -2 23 -3 23 -3 23 -2 21 -1 20 0 18 2 16 4 13 7 10 10 8 13 5 16 3 17 1 20 1 21 1 21 1 ]
2025-05-22 09:48:19,CSI_DATA,STA,D8:B1:90:DB:E8:90,-54,11,1,6,0,0,1,0,0,0,1,-95,0,2,0,2919288251,0,110,0,0,153244,256,[110 96 6 0 -4 2 1 4 6 6 11 8 15 11 20 13 23 16 27 19 30 20 30 22 31 23 32 24 31 24 30 23 28 21 27 19 25 15 23 12 21 8 19 4 18 1 17 -2 17 -5 17 -6 17 -7 0 0 0 0 0 0 0 0 0 0 0 0 0 0 0 0 0 0 0 0 0 0 -3 -4 -5 -6 -6 -8 -8 -11 -8 -15 -9 -19 -8 -23 -7 -27 -5 -30 -3 -32 0 -33 3 -33 5 -32 6 -29 6 -26 6 -23 5 -19 3 -15 0 -11 -2 -8 -5 -5 -8 -3 -10 -1 -12 -1 -12 0 -12 0 ]
2025-05-22 09:48:19,CSI_DATA,STA,D8:B1:90:DB:E8:90,-57,11,1,6,0,0,1,0,0,0,1,-95,0,2,0,2919788350,0,110,0,0,153244,256,[110 96 6 0 -12 23 -11 23 -11 22 -11 23 -10 23 -10 23 -9 23 -9 23 -8 24 -8 23 -8 24 -8 23 -8 23 -8 23 -8 23 -9 22 -9 22 -9 21 -9 21 -9 21 -10 21 -9 20 -10 20 -10 19 -12 19 0 0 0 0 0 0 0 0 0 0 0 0 0 0 0 0 0 0 0 0 0 0 -3 10 -4 11 -5 11 -5 11 -6 11 -7 12 -7 12 -8 13 -8 13 -9 13 -10 14 -11 14 -10 14 -11 14 -10 14 -11 15 -11 15 -11 15 -10 17 -11 18 -11 19 -11 20 -11 19 -11 20 -11 20 -11 22 ]
2025-05-22 09:48:20,CSI_DATA,STA,D8:B1:90:DB:E8:90,-54,11,1,7,0,0,1,0,0,0,1,-95,0,2,0,2920288183,0,110,0,0,153245,256,[110 96 6 0 -6 -27 -7 -27 -6 -26 -7 -26 -8 -25 -8 -25 -8 -24 -8 -24 -8 -23 -9 -24 -9 -23 -9 -21 -10 -22 -10 -22 -10 -22 -10 -22 -9 -22 -9 -21 -8 -21 -8 -20 -8 -20 -7 -20 -6 -20 -6 -19 -4 -20 0 0 0 0 0 0 0 0 0 0 0 0 0 0 0 0 0 0 0 0 0 0 -6 -15 -5 -15 -5 -16 -4 -17 -4 -17 -3 -18 -3 -18 -2 -19 -2 -20 -2 -21 -1 -21 -1 -22 -1 -22 -1 -23 -1 -23 -1 -23 -2 -23 -2 -24 -4 -24 -4 -25 -5 -25 -5 -26 -5 -26
2025-05-22 09:48:24,CSI_DATA,STA,D8:B1:90:DB:E8:90,-55,11,1,7,0,0,1,0,0,0,1,-95,0,2,0,2924818209,0,110,0,0,153249,256,[110 96 6 0 23 -14 23 -14 23 -14 22 -14 22 -14 21 -14 21 -14 20 -15 20 -15 19 -16 19 -16 18 -16 18 -16 19 -16 19 -16 19 -16 19 -15 19 -15 18 -14 18 -14 18 -14 18 -13 18 -13 18 -12 19 -11 0 0 0 0 0 0 0 0 0 0 0 0 0 0 0 0 0 0 0 0 0 0 11 -10 12 -9 12 -9 13 -9 14 -9 14 -9 16 -9 16 -9 17 -9 18 -8 19 -9 19 -8 20 -8 20 -8 20 -8 20 -9 20 -9 21 -10 21 -10 22 -10 22 -11 23 -11 22 -12 23 -12 23 -12 23 -1
2025-05-22 09:48:25,CSI_DATA,STA,D8:B1:90:DB:E8:90,-61,11,1,7,0,0,1,0,0,0,1,-95,0,2,0,2925318621,0,110,0,0,153250,256,[110 96 6 0 16 16 14 16 14 16 22 0 22 2 22 2 22 3 25 3 24 4 25 5 25 6 -7 -13 -7 -14 -7 -14 -6 -14 -9 -1 -8 -2 -9 -3 -8 -3 15 6 14 7 14 7 13 8 6 12 5 12 0 0 0 0 0 0 0 0 0 0 0 0 0 0 0 0 0 0 0 0 0 0 -4 0 -4 -1 1 -8 2 -8 3 -8 4 -9 5 -10 7 -11 9 -10 10 -10 13 -10 14 -9 15 -8 16 -7 9 -8 10 -8 10 -7 11 -6 15 18 15 19 15 20 15 22 19 20 19 22 18 23 19 18 ]
2025-05-22 09:48:30,CSI_DATA,STA,D8:B1:90:DB:E8:90,-54,11,1,5,0,0,1,0,0,0,0,-95,0,2,0,2929845744,0,110,0,0,153254,256,[110 96 6 0 14 15 12 10 9 5 6 0 4 -7 1 -13 -1 -19 -4 -25 -4 -30 -5 -34 -6 -39 -6 -40 -6 -41 -6 -41 -6 -39 -5 -37 -4 -33 -4 -28 -4 -22 -5 -16 -6 -10 -7 -5 -8 1 -10 5 -12 8 0 0 0 0 0 0 0 0 0 0 0 0 0 0 0 0 0 0 0 0 0 0 5 4 2 6 -1 8 -5 10 -9 11 -14 12 -19 13 -23 12 -28 12 -32 9 -34 7 -34 5 -34 3 -32 2 -28 1 -25 0 -19 1 -14 2 -8 4 -3 6 2 8 8 11 12 13 15 16 17 18 17 19 ]
2025-05-22 09:48:33,CSI_DATA,STA,D8:B1:90:DB:E8:90,-56,11,1,7,0,0,1,0,0,0,1,-95,0,2,0,2933854269,0,110,0,0,153258,256,[110 96 6 0 10 -12 7 -10 3 -8 -2 -6 -7 -4 -12 -3 -18 -1 -23 0 -27 1 -31 1 -34 2 -36 2 -37 2 -37 2 -35 1 -33 1 -29 1 -25 1 -20 2 -16 2 -10 4 -5 6 -1 7 2 10 5 12 0 0 0 0 0 0 0 0 0 0 0 0 0 0 0 0 0 0 0 0 0 0 4 -7 6 -5 8 -3 9 0 11 3 13 7 13 11 14 16 14 20 13 24 11 26 9 28 7 28 6 27 4 25 3 22 3 19 3 14 4 10 5 5 7 0 9 -4 10 -7 12 -10 13 -12 15 -14 ]
2025-05-22 09:48:38,CSI_DATA,STA,D8:B1:90:DB:E8:90,-54,11,1,7,0,0,1,0,0,0,1,-95,0,2,0,2937862369,0,110,0,0,153262,256,[110 96 6 0 0 -24 0 -19 -1 -13 -2 -6 -4 1 -6 8 -7 15 -10 21 -11 26 -13 30 -14 34 -15 37 -15 38 -15 37 -14 35 -13 33 -11 29 -8 24 -5 19 -2 15 3 9 6 5 9 1 14 -2 17 -4 0 0 0 0 0 0 0 0 0 0 0 0 0 0 0 0 0 0 0 0 0 0 -1 -10 2 -9 6 -8 10 -6 14 -4 17 -1 21 3 23 6 26 11 27 14 26 17 26 20 24 20 22 19 20 17 16 14 14 11 11 6 8 0 6 -5 3 -11 2 -17 0 -22 0 -26 0 -28 1 -30 ]
2025-05-22 09:48:40,CSI_DATA,STA,D8:B1:90:DB:E8:90,-54,11,1,7,0,0,1,0,0,0,1,-95,0,2,0,2940368631,0,110,0,0,153265,256,[110 96 6 0 21 12 16 9 11 5 6 1 1 -4 -5 -9 -12 -14 -16 -19 -20 -23 -23 -27 -26 -29 -28 -31 -29 -33 -28 -33 -27 -33 -24 -30 -22 -27 -19 -22 -16 -17 -13 -12 -11 -6 -8 0 -7 6 -6 11 -6 16 0 0 0 0 0 0 0 0 0 0 0 0 0 0 0 0 0 0 0 0 0 0 10 1 7 5 3 8 0 11 -5 14 -10 16 -15 18 -20 19 -24 19 -28 19 -31 17 -32 16 -32 14 -31 12 -28 11 -23 10 -19 9 -12 8 -6 8 0 9 7 9 13 10 18 11 22 13 25 14 27 15 ]
2025-05-22 09:48:53,CSI_DATA,STA,D8:B1:90:DB:E8:90,-54,11,1,6,0,0,1,0,0,0,1,-95,0,2,0,2952902505,0,110,0,0,153277,256,[110 96 6 0 18 -9 13 -8 8 -7 1 -6 -6 -4 -13 -4 -20 -3 -27 -2 -32 -1 -36 0 -41 1 -43 2 -44 2 -43 2 -41 2 -38 2 -33 2 -29 2 -22 2 -16 3 -9 4 -3 4 2 5 8 6 12 8 0 0 0 0 0 0 0 0 0 0 0 0 0 0 0 0 0 0 0 0 0 0 7 0 7 4 5 7 2 11 0 15 -4 19 -8 22 -12 25 -15 28 -19 29 -22 29 -24 28 -25 27 -24 24 -22 21 -19 18 -15 15 -11 11 -5 7 0 4 5 0 11 -3 15 -6 19 -8 22 -9 25 -10 ]
2025-05-22 09:48:56,CSI_DATA,STA,D8:B1:90:DB:E8:90,-54,11,1,6,0,0,1,0,0,0,1,-95,0,2,0,2955911415,0,110,0,0,153280,256,[110 96 6 0 25 -11 25 -11 25 -11 24 -12 23 -11 23 -12 23 -12 23 -12 21 -13 21 -13 21 -14 20 -14 20 -14 20 -13 20 -13 20 -13 20 -13 19 -13 19 -12 19 -11 18 -11 18 -11 18 -10 18 -9 19 -8 0 0 0 0 0 0 0 0 0 0 0 0 0 0 0 0 0 0 0 0 0 0 12 -8 12 -8 13 -8 14 -8 15 -7 16 -8 16 -8 17 -8 18 -7 18 -8 20 -7 20 -7 20 -6 21 -6 21 -7 21 -7 22 -7 22 -7 23 -9 23 -9 23 -9 25 -10 24 -10 25 -11 25 -11 25 -11 ]
2025-05-22 09:48:59,CSI_DATA,STA,D8:B1:90:DB:E8:90,-55,11,1,7,0,0,1,0,0,0,1,-95,0,2,0,2959430890,0,110,0,0,153284,256,[110 96 6 0 -17 19 -17 20 -16 19 -15 19 -14 19 -13 18 -13 19 -13 18 -13 18 -12 18 -12 19 -11 19 -11 19 -11 18 -11 18 -10 18 -11 17 -11 17 -10 17 -10 16 -10 15 -10 15 -10 14 -11 14 -11 13 0 0 0 0 0 0 0 0 0 0 0 0 0 0 0 0 0 0 0 0 0 0 -7 12 -8 12 -9 12 -9 12 -10 11 -11 12 -12 12 -12 13 -13 13 -13 13 -15 14 -15 14 -15 14 -16 14 -15 14 -16 14 -16 15 -16 15 -16 15 -16 16 -16 17 -16 18 -16 18 -16 18
2025-05-22 09:49:00,CSI_DATA,STA,D8:B1:90:DB:E8:90,-56,11,1,7,0,0,1,1,1,0,1,-95,0,2,0,2959931148,0,110,0,0,153284,384,[110 96 6 0 -20 -8 -15 -7 -10 -6 -4 -6 2 -5 8 -5 15 -5 20 -6 25 -7 30 -8 33 -9 35 -10 36 -11 36 -12 34 -12 31 -12 28 -11 23 -10 18 -9 12 -8 6 -6 1 -4 -5 -3 -9 -2 -13 -1 0 0 0 0 0 0 0 0 0 0 0 0 0 0 0 0 0 0 0 0 0 0 -3 -10 0 -10 3 -10 6 -8 10 -8 14 -7 19 -5 23 -4 26 -3 29 -1 31 0 32 1 32 1 30 1 28 0 25 0 20 -1 15 -2 10 -4 4 -5 -1 -6 -8 -7 -13 -8 -17 -8 -20 -9 -23 -9 ]
2025-05-22 09:49:01,CSI_DATA,STA,D8:B1:90:DB:E8:90,-55,11,1,7,0,0,1,0,0,0,1,-95,0,2,0,2961432113,0,110,0,0,153286,256,[110 96 6 0 26 5 26 5 26 5 26 5 25 4 25 4 25 3 24 2 24 1 24 0 24 0 24 -1 24 -1 24 -1 23 -1 23 0 23 1 22 1 22 1 21 1 21 1 20 1 20 2 19 3 19 4 0 0 0 0 0 0 0 0 0 0 0 0 0 0 0 0 0 0 0 0 0 0 13 -1 14 0 14 1 15 2 16 2 17 2 17 3 18 4 18 4 19 5 18 5 19 6 19 6 20 7 21 7 21 6 22 6 22 6 23 6 23 6 24 5 25 6 23 5 24 6 25 5 26 5 ]
2025-05-22 09:49:04,CSI_DATA,STA,D8:B1:90:DB:E8:90,-54,11,1,7,0,0,1,0,0,0,1,-95,0,2,0,2963948209,0,110,0,0,153288,256,[110 96 6 0 21 18 21 17 21 17 21 16 21 16 21 15 22 14 21 13 21 13 21 12 21 12 21 11 21 11 21 11 21 11 20 11 20 11 20 11 19 11 19 11 18 10 18 10 17 11 16 11 16 12 0 0 0 0 0 0 0 0 0 0 0 0 0 0 0 0 0 0 0 0 0 0 13 5 13 6 12 8 13 9 13 10 14 10 13 12 13 13 14 14 14 14 14 15 14 16 14 16 14 16 14 17 14 17 15 17 15 17 16 17 17 18 18 18 18 18 20 18 21 18 21 18 21 18 ]
2025-05-22 09:49:10,CSI_DATA,STA,D8:B1:90:DB:E8:90,-61,11,1,7,0,0,1,0,0,0,1,-95,0,2,0,2970476491,0,110,0,0,153295,256,[110 96 6 0 -5 23 -5 23 -3 23 7 28 8 27 9 27 10 26 -10 18 -8 18 -9 18 -9 18 -19 2 -19 3 -19 3 -20 3 -11 13 -11 13 -11 12 -11 11 -16 10 -17 8 -17 8 -17 7 -14 14 -14 13 0 0 0 0 0 0 0 0 0 0 0 0 0 0 0 0 0 0 0 0 0 0 -12 1 -12 1 0 -8 0 -8 0 -9 -1 -8 -5 -16 -5 -17 -5 -17 -5 -18 -7 -5 -8 -5 -8 -5 -8 -6 4 -27 3 -27 3 -28 1 -28 3 -9 4 -9 3 -9 3 -9 -22 0 -23 1 -24 2 -11 3 ]
2025-05-22 09:49:16,CSI_DATA,STA,D8:B1:90:DB:E8:90,-56,11,1,7,0,0,1,0,0,0,1,-95,0,2,0,2976484459,0,110,0,0,153301,256,[110 96 6 0 -27 -4 -27 -4 -26 -4 -26 -3 -26 -2 -26 -2 -25 -2 -25 -1 -24 0 -24 1 -25 1 -24 0 -24 0 -24 0 -24 0 -23 0 -23 0 -23 0 -22 -1 -22 0 -21 -1 -21 -1 -21 -1 -21 -2 -20 -3 0 0 0 0 0 0 0 0 0 0 0 0 0 0 0 0 0 0 0 0 0 0 -15 1 -15 0 -15 -1 -15 -1 -16 -1 -17 -2 -18 -2 -18 -3 -19 -3 -19 -4 -20 -5 -20 -5 -21 -5 -21 -6 -22 -6 -23 -6 -23 -5 -24 -5 -23 -6 -23 -6 -25 -5 -25 -5 -25 -4 -26 -4 -26 -5 -2
2025-05-22 09:49:17,CSI_DATA,STA,D8:B1:90:DB:E8:90,-54,11,1,7,0,0,1,1,1,0,1,-95,0,2,0,2976984915,0,110,0,0,153301,384,[110 96 6 0 -1 -21 -2 -17 -4 -12 -5 -6 -8 0 -11 5 -14 12 -17 16 -19 21 -22 24 -24 28 -25 30 -25 30 -25 30 -25 28 -23 26 -21 23 -18 20 -14 16 -10 12 -5 9 0 5 4 3 8 1 13 0 0 0 0 0 0 0 0 0 0 0 0 0 0 0 0 0 0 0 0 0 0 0 -3 -7 0 -7 4 -5 7 -3 12 -1 15 2 19 6 22 10 24 13 25 17 24 20 23 23 22 23 20 23 18 21 15 18 12 15 10 10 8 5 6 0 4 -6 2 -12 1 -17 0 -21 1 -24 1 -26 ]
2025-05-22 09:49:19,CSI_DATA,STA,D8:B1:90:DB:E8:90,-54,11,1,7,0,0,1,0,0,0,1,-95,0,2,0,2979511403,0,110,0,0,153304,256,[110 96 6 0 15 -23 15 -23 15 -22 14 -23 14 -23 13 -23 13 -23 13 -23 13 -22 13 -22 12 -23 11 -22 11 -22 11 -21 12 -21 11 -21 12 -21 11 -20 11 -20 11 -20 12 -20 12 -18 12 -18 13 -18 13 -16 0 0 0 0 0 0 0 0 0 0 0 0 0 0 0 0 0 0 0 0 0 0 7 -13 9 -13 8 -13 8 -14 9 -13 10 -15 10 -15 11 -15 12 -15 13 -15 14 -16 14 -16 15 -17 15 -16 15 -18 15 -17 15 -18 15 -19 15 -19 15 -20 15 -20 15 -21 16 -22 16 -23 1
2025-05-22 09:49:20,CSI_DATA,STA,D8:B1:90:DB:E8:90,-54,11,1,7,0,0,1,1,1,0,1,-95,0,2,0,2980011856,0,110,0,0,153304,384,[110 96 6 0 17 10 14 7 11 3 7 -2 4 -7 0 -13 -4 -19 -7 -24 -9 -29 -10 -33 -12 -36 -12 -38 -13 -39 -12 -39 -11 -38 -9 -35 -8 -31 -7 -26 -6 -21 -5 -15 -5 -9 -6 -3 -6 2 -7 7 -9 10 0 0 0 0 0 0 0 0 0 0 0 0 0 0 0 0 0 0 0 0 0 0 6 0 4 3 1 6 -2 8 -6 10 -11 12 -15 14 -20 15 -25 15 -28 14 -31 12 -32 10 -32 9 -31 7 -28 5 -25 5 -20 4 -15 4 -9 4 -3 6 3 7 9 8 13 10 17 11 20 13 21 14 ]
2025-05-22 09:49:26,CSI_DATA,STA,D8:B1:90:DB:E8:90,-54,11,1,7,0,0,1,0,0,0,1,-95,0,2,0,2986020385,0,110,0,0,153310,256,[110 96 6 0 10 26 10 25 11 25 11 25 11 24 12 24 12 23 11 23 11 22 12 22 12 22 12 21 12 21 12 20 12 21 12 21 11 20 11 20 10 19 10 19 10 19 9 19 8 19 8 19 7 20 0 0 0 0 0 0 0 0 0 0 0 0 0 0 0 0 0 0 0 0 0 0 7 12 6 13 6 14 5 14 6 15 6 16 5 16 5 17 5 18 5 19 4 20 4 21 4 21 4 21 4 22 4 22 4 23 4 24 8 22 8 22 8 23 9 24 9 25 9 25 10 26 10 25 ]
2025-05-22 09:49:27,CSI_DATA,STA,D8:B1:90:DB:E8:90,-56,11,1,7,0,0,1,0,0,0,1,-95,0,2,0,2987531040,0,110,0,0,153312,256,[110 96 6 0 1 -26 1 -26 2 -26 1 -26 1 -25 0 -25 0 -25 -1 -24 -1 -24 -1 -24 -2 -24 -2 -24 -2 -23 -2 -23 -2 -23 -2 -23 -2 -23 -2 -22 -2 -21 -1 -21 -1 -21 0 -21 1 -21 1 -20 2 -20 0 0 0 0 0 0 0 0 0 0 0 0 0 0 0 0 0 0 0 0 0 0 -1 -14 0 -14 1 -15 1 -15 1 -16 2 -16 2 -17 3 -17 3 -18 4 -19 5 -19 5 -20 5 -20 5 -20 4 -20 4 -21 4 -21 4 -21 3 -23 2 -23 2 -24 2 -24 3 -24 3 -25 2 -25 2 -25 ]
2025-05-22 09:49:28,CSI_DATA,STA,D8:B1:90:DB:E8:90,-54,11,1,7,0,0,1,1,1,0,1,-95,0,2,0,2988031032,0,110,0,0,153312,384,[110 96 6 0 10 -17 7 -14 4 -11 -1 -7 -6 -3 -11 0 -16 4 -21 7 -26 10 -30 12 -33 15 -35 15 -36 15 -36 15 -35 14 -33 14 -29 12 -26 11 -20 9 -16 8 -10 7 -4 7 1 7 5 7 9 8 0 0 0 0 0 0 0 0 0 0 0 0 0 0 0 0 0 0 0 0 0 0 2 -8 4 -6 7 -4 9 -1 12 3 14 7 15 11 17 16 17 21 16 25 14 28 13 30 11 31 9 29 8 27 6 24 5 20 5 15 5 10 5 4 6 -1 7 -7 9 -12 10 -15 12 -18 13 -20 ]
2025-05-22 09:49:30,CSI_DATA,STA,D8:B1:90:DB:E8:90,-54,11,1,7,0,0,1,0,0,0,1,-95,0,2,0,2990038447,0,110,0,0,153314,256,[110 96 6 0 16 -22 16 -23 16 -22 15 -22 14 -22 14 -22 13 -23 13 -22 12 -22 12 -22 11 -23 10 -22 10 -22 10 -21 11 -21 10 -22 10 -21 10 -21 9 -20 9 -20 10 -20 10 -19 10 -18 11 -18 12 -17 0 0 0 0 0 0 0 0 0 0 0 0 0 0 0 0 0 0 0 0 0 0 5 -14 6 -14 9 -14 9 -13 10 -14 11 -13 10 -14 12 -15 12 -15 13 -15 14 -14 15 -15 15 -15 16 -15 15 -17 16 -17 15 -17 16 -18 15 -19 15 -19 15 -21 16 -21 15 -21 15 -22 16
2025-05-22 09:49:30,CSI_DATA,STA,D8:B1:90:DB:E8:90,-54,11,1,7,0,0,1,1,1,0,1,-95,0,2,0,2990538987,0,110,0,0,153315,384,[110 96 6 0 0 20 1 16 2 11 4 5 7 -1 10 -7 13 -13 17 -18 19 -22 22 -26 25 -29 26 -30 28 -30 28 -30 27 -28 26 -26 23 -23 20 -20 15 -17 10 -14 5 -12 0 -10 -5 -9 -9 -8 -13 -8 0 0 0 0 0 0 0 0 0 0 0 0 0 0 0 0 0 0 0 0 0 0 5 4 2 5 -2 6 -6 6 -11 6 -15 5 -20 3 -24 1 -28 -2 -31 -6 -32 -9 -32 -12 -31 -14 -29 -15 -26 -15 -23 -13 -19 -10 -16 -7 -12 -3 -9 2 -6 7 -4 12 -2 17 -1 21 -1 24 -1 25 ]
2025-05-22 09:49:31,CSI_DATA,STA,D8:B1:90:DB:E8:90,-54,11,1,7,0,0,1,1,1,0,1,-95,0,2,0,2991039073,0,110,0,0,153315,384,[110 96 6 0 18 -2 13 -3 9 -4 3 -5 -3 -7 -9 -9 -14 -11 -20 -14 -25 -16 -29 -17 -32 -19 -33 -20 -34 -21 -35 -21 -32 -20 -31 -20 -27 -17 -24 -15 -19 -12 -16 -9 -12 -5 -9 0 -6 4 -3 8 -2 11 0 0 0 0 0 0 0 0 0 0 0 0 0 0 0 0 0 0 0 0 0 0 6 -4 7 0 6 3 5 7 4 11 3 15 0 20 -3 23 -7 26 -10 29 -13 30 -16 29 -17 28 -18 26 -17 23 -16 21 -13 17 -9 14 -5 11 0 8 5 5 10 3 14 1 18 0 21 -1 23 -2 ]
2025-05-22 09:49:31,CSI_DATA,STA,D8:B1:90:DB:E8:90,-56,11,1,5,0,0,1,0,0,0,1,-95,0,2,0,2991543173,0,110,0,0,153316,256,[110 96 6 0 -11 -17 -9 -12 -8 -8 -6 -3 -5 3 -5 9 -4 15 -3 21 -3 25 -3 30 -3 33 -4 36 -4 37 -4 37 -4 35 -4 34 -4 30 -4 26 -2 21 -1 17 1 12 4 7 6 3 8 0 11 -3 0 0 0 0 0 0 0 0 0 0 0 0 0 0 0 0 0 0 0 0 0 0 -7 -3 -5 -5 -2 -7 1 -9 5 -10 10 -11 15 -11 19 -10 23 -10 27 -8 29 -6 30 -3 31 -2 29 0 27 1 24 0 19 0 15 -1 11 -3 6 -6 2 -8 -3 -11 -6 -14 -9 -17 -11 -19 -11 -21 ]
2025-05-22 09:49:32,CSI_DATA,STA,D8:B1:90:DB:E8:90,-56,11,1,7,0,0,1,0,0,0,1,-95,0,2,0,2992038749,0,110,0,0,153316,256,[110 96 6 0 9 24 10 24 9 23 10 23 10 22 10 21 11 21 11 21 11 20 10 20 11 20 11 19 11 19 11 19 11 19 12 19 11 18 11 18 10 18 10 18 10 18 9 18 9 17 7 17 6 18 0 0 0 0 0 0 0 0 0 0 0 0 0 0 0 0 0 0 0 0 0 0 7 11 6 11 6 13 5 13 5 14 6 14 5 15 5 16 4 17 5 18 4 18 4 19 5 19 4 20 5 21 4 20 4 21 5 21 7 21 8 21 8 22 9 22 8 23 9 23 9 23 9 23 ]
2025-05-22 09:49:32,CSI_DATA,STA,D8:B1:90:DB:E8:90,-54,11,1,7,0,0,1,0,0,0,1,-95,0,2,0,2992539799,0,110,0,0,153317,256,[110 96 6 0 10 -27 10 -27 9 -27 8 -26 8 -26 8 -26 7 -26 8 -26 8 -26 7 -25 6 -25 5 -24 4 -24 5 -24 5 -24 5 -24 5 -23 5 -23 5 -22 5 -22 5 -21 5 -21 6 -21 6 -20 6 -20 0 0 0 0 0 0 0 0 0 0 0 0 0 0 0 0 0 0 0 0 0 0 -1 -15 0 -16 2 -16 2 -17 2 -17 3 -18 6 -19 6 -19 8 -20 8 -21 8 -20 9 -20 9 -21 10 -21 11 -21 11 -21 11 -22 11 -22 10 -23 10 -24 10 -24 11 -25 9 -25 10 -26 10 -26 10 -26 ]
2025-05-22 09:49:37,CSI_DATA,STA,D8:B1:90:DB:E8:90,-54,11,1,7,0,0,1,0,0,0,1,-95,0,2,0,2997048474,0,110,0,0,153321,256,[110 96 6 0 9 -23 10 -23 9 -23 9 -21 8 -22 8 -22 8 -21 7 -22 7 -21 7 -22 6 -21 5 -22 5 -21 6 -22 6 -21 6 -21 6 -20 6 -20 6 -19 6 -19 6 -19 7 -18 7 -17 7 -17 8 -16 0 0 0 0 0 0 0 0 0 0 0 0 0 0 0 0 0 0 0 0 0 0 2 -13 3 -13 3 -14 4 -14 5 -14 5 -15 6 -15 7 -16 8 -16 9 -17 8 -18 8 -17 9 -18 9 -18 9 -18 9 -19 9 -19 9 -19 8 -19 9 -20 8 -20 9 -21 9 -22 9 -23 9 -23 10 -23 ]
2025-05-22 09:49:37,CSI_DATA,STA,D8:B1:90:DB:E8:90,-54,11,1,7,0,0,1,0,0,0,0,-95,0,2,0,2997548595,0,110,0,0,153322,256,[110 96 6 0 -16 2 -13 3 -8 5 -3 7 1 9 6 12 11 14 15 17 18 20 21 22 23 24 24 25 24 26 23 26 22 25 20 23 18 21 15 18 12 14 10 10 8 6 6 1 5 -3 4 -6 4 -10 0 0 0 0 0 0 0 0 0 0 0 0 0 0 0 0 0 0 0 0 0 0 -4 2 -5 0 -5 -4 -5 -7 -5 -12 -3 -16 -2 -20 1 -23 4 -26 7 -28 10 -29 12 -28 13 -27 14 -25 13 -23 11 -19 9 -16 6 -13 3 -10 -2 -7 -6 -5 -10 -3 -14 -1 -17 0 -19 0 -20 1 ]
2025-05-22 09:49:41,CSI_DATA,STA,D8:B1:90:DB:E8:90,-54,11,1,6,0,0,1,0,0,0,1,-95,0,2,0,3001553221,0,110,0,0,153326,256,[110 96 6 0 -3 21 0 18 3 13 7 8 11 3 15 -1 21 -6 24 -9 28 -13 32 -15 35 -17 37 -18 38 -18 38 -17 38 -15 34 -14 32 -12 27 -10 21 -9 16 -8 10 -7 4 -7 -1 -7 -5 -8 -10 -10 0 0 0 0 0 0 0 0 0 0 0 0 0 0 0 0 0 0 0 0 0 0 3 4 -1 4 -5 4 -10 2 -13 1 -19 -2 -22 -5 -26 -9 -28 -13 -30 -17 -29 -20 -28 -24 -27 -24 -24 -24 -22 -23 -17 -20 -15 -17 -11 -12 -10 -6 -8 0 -6 5 -4 11 -4 16 -4 20 -4 23 -4 25 ]
2025-05-22 09:49:44,CSI_DATA,STA,D8:B1:90:DB:E8:90,-54,11,1,6,0,0,1,0,0,0,1,-95,0,2,0,3004062247,0,110,0,0,153328,256,[110 96 6 0 -4 -17 -5 -14 -6 -8 -9 -4 -12 2 -15 7 -17 12 -21 16 -22 19 -25 23 -27 26 -28 27 -29 28 -28 26 -28 26 -26 23 -24 20 -20 17 -17 14 -12 11 -7 9 -3 6 2 5 6 3 10 3 0 0 0 0 0 0 0 0 0 0 0 0 0 0 0 0 0 0 0 0 0 0 -3 -4 1 -5 4 -5 8 -4 12 -2 17 0 20 3 24 5 26 9 28 12 28 15 28 17 27 19 25 19 22 18 18 16 15 14 12 9 9 5 7 0 4 -5 2 -9 0 -13 -1 -17 -2 -19 -1 -21 ]
2025-05-22 09:49:51,CSI_DATA,STA,D8:B1:90:DB:E8:90,-55,11,1,5,0,0,1,0,0,0,1,-95,0,2,0,3011582663,0,110,0,0,153336,256,[110 96 6 0 5 -27 5 -26 5 -26 5 -26 4 -26 4 -26 3 -26 3 -25 3 -25 2 -25 2 -25 2 -25 1 -25 2 -24 2 -24 2 -24 3 -23 3 -23 3 -23 3 -22 3 -21 3 -21 4 -21 4 -20 6 -19 0 0 0 0 0 0 0 0 0 0 0 0 0 0 0 0 0 0 0 0 0 0 0 -14 1 -15 1 -15 2 -16 3 -16 4 -17 4 -18 4 -18 6 -19 6 -19 6 -20 7 -20 7 -21 7 -21 7 -21 7 -22 7 -22 7 -23 7 -24 7 -24 6 -25 6 -25 5 -25 5 -25 5 -26 4 -27 ]
2025-05-22 09:49:52,CSI_DATA,STA,D8:B1:90:DB:E8:90,-54,11,1,6,0,0,1,0,0,0,1,-95,0,2,0,3012079257,0,110,0,0,153336,256,[110 96 6 0 -9 -15 -8 -10 -7 -5 -8 2 -8 8 -8 14 -8 20 -10 26 -10 31 -11 34 -11 38 -12 40 -13 40 -13 40 -12 38 -12 35 -11 31 -9 26 -7 21 -5 16 -1 11 2 7 5 3 8 0 11 -3 0 0 0 0 0 0 0 0 0 0 0 0 0 0 0 0 0 0 0 0 0 0 -3 -4 0 -6 3 -6 7 -7 12 -7 16 -7 21 -5 26 -4 30 -2 33 1 34 5 34 7 34 8 31 9 29 9 24 8 20 7 16 4 11 1 7 -2 3 -7 -1 -10 -4 -14 -6 -17 -8 -19 -8 -20 ]
2025-05-22 09:49:54,CSI_DATA,STA,D8:B1:90:DB:E8:90,-54,11,1,6,0,0,1,0,0,0,1,-95,0,2,0,3014590137,0,110,0,0,153339,256,[110 96 6 0 -21 2 -17 4 -12 5 -7 8 -2 12 2 15 7 19 10 24 13 27 16 30 18 33 18 36 17 37 16 37 15 35 13 34 11 30 8 26 7 21 6 16 6 10 6 5 7 -1 9 -5 10 -8 0 0 0 0 0 0 0 0 0 0 0 0 0 0 0 0 0 0 0 0 0 0 -1 4 -3 1 -5 -3 -6 -7 -6 -11 -6 -16 -5 -21 -4 -25 0 -29 2 -32 5 -34 7 -34 10 -32 11 -30 11 -27 10 -23 8 -19 5 -15 1 -11 -3 -8 -8 -5 -13 -2 -17 0 -21 1 -24 1 -25 1 ]
2025-05-22 09:49:59,CSI_DATA,STA,D8:B1:90:DB:E8:90,-55,11,1,6,0,0,1,0,0,0,1,-95,0,2,0,3019101144,0,110,0,0,153343,256,[110 96 6 0 6 16 6 12 8 8 9 2 10 -3 12 -9 15 -14 16 -19 19 -23 21 -26 23 -29 24 -30 24 -30 25 -30 24 -28 24 -25 21 -23 19 -20 15 -16 10 -13 6 -10 1 -7 -3 -5 -7 -4 -11 -4 0 0 0 0 0 0 0 0 0 0 0 0 0 0 0 0 0 0 0 0 0 0 4 2 0 3 -3 4 -7 5 -11 5 -15 5 -20 4 -24 2 -28 0 -31 -2 -32 -5 -32 -8 -32 -9 -29 -11 -27 -11 -23 -10 -20 -9 -15 -6 -12 -2 -7 2 -4 5 -1 9 2 13 3 16 4 19 5 20 ]
2025-05-22 09:50:01,CSI_DATA,STA,D8:B1:90:DB:E8:90,-56,11,1,7,0,0,1,0,0,0,0,-95,0,2,0,3021601671,0,110,0,0,153346,256,[110 96 6 0 9 23 9 23 9 22 9 22 9 22 9 21 10 21 9 20 9 19 10 19 10 19 11 19 11 19 11 18 11 18 10 18 10 18 9 17 9 18 9 17 8 18 8 17 8 18 7 17 6 18 0 0 0 0 0 0 0 0 0 0 0 0 0 0 0 0 0 0 0 0 0 0 6 10 6 11 6 12 6 12 6 13 6 14 5 15 5 15 5 16 4 17 4 18 4 19 4 19 4 20 4 20 4 19 4 20 5 20 7 20 7 20 7 21 8 21 8 21 9 22 9 23 9 22 ]
2025-05-22 09:50:04,CSI_DATA,STA,D8:B1:90:DB:E8:90,-56,11,1,6,0,0,1,0,0,0,1,-95,0,2,0,3024118266,0,110,0,0,153348,256,[110 96 6 0 0 26 0 26 0 25 1 24 1 24 1 24 2 23 2 24 3 23 3 23 4 23 2 23 3 23 3 23 3 22 3 22 3 22 2 21 2 21 2 20 2 19 1 19 1 19 0 20 -1 19 0 0 0 0 0 0 0 0 0 0 0 0 0 0 0 0 0 0 0 0 0 0 2 12 1 13 1 14 1 14 0 15 0 16 -1 16 -1 17 -2 18 -2 18 -2 19 -2 20 -2 20 -2 21 -2 21 -2 21 -2 22 -1 22 -1 22 -1 23 -1 23 -1 24 -1 24 0 25 -1 25 -1 25 ]
2025-05-22 09:50:06,CSI_DATA,STA,D8:B1:90:DB:E8:90,-54,11,1,5,0,0,1,0,0,0,0,-95,0,2,0,3025628714,0,110,0,0,153350,256,[110 96 6 0 -8 16 -5 11 -3 6 0 0 4 -6 7 -11 11 -17 14 -22 16 -27 18 -30 19 -33 20 -35 20 -35 20 -34 19 -33 17 -30 14 -26 11 -22 7 -17 2 -13 -2 -8 -6 -4 -10 0 -15 3 -18 5 0 0 0 0 0 0 0 0 0 0 0 0 0 0 0 0 0 0 0 0 0 0 -7 4 -8 2 -10 -1 -11 -5 -13 -8 -13 -13 -14 -17 -14 -21 -14 -25 -13 -28 -11 -31 -9 -32 -8 -32 -7 -30 -6 -27 -6 -24 -5 -19 -5 -14 -5 -8 -5 -2 -6 4 -7 9 -7 14 -8 18 -10 20 -10 21 ]
2025-05-22 09:50:06,CSI_DATA,STA,D8:B1:90:DB:E8:90,-62,11,1,7,0,0,1,1,0,0,1,-95,0,2,0,3026128917,0,110,0,0,153350,256,[110 96 6 0 -24 11 -25 10 -25 9 2 14 1 14 0 14 0 14 2 24 1 24 0 24 -1 25 14 18 13 19 12 19 11 19 -11 -27 -9 -26 -7 -27 -6 -27 -2 -2 -2 -2 -2 -3 -2 -3 1 9 -1 8 0 0 0 0 0 0 0 0 0 0 0 0 0 0 0 0 0 0 0 0 0 0 -12 -6 -11 -7 -4 -11 -3 -11 -2 -12 -1 -13 -1 -15 1 -16 3 -16 4 -17 0 -16 1 -16 3 -16 4 -16 4 -7 4 -6 4 -6 5 -6 -12 18 -13 18 -14 19 -16 18 -19 20 -21 20 -23 20 -23 19 ]
2025-05-22 09:50:09,CSI_DATA,STA,D8:B1:90:DB:E8:90,-55,11,1,6,0,0,1,0,0,0,1,-95,0,2,0,3029646764,0,110,0,0,153354,256,[110 96 6 0 2 -25 2 -21 2 -15 3 -10 3 -2 3 4 4 11 4 17 5 22 6 27 7 32 7 35 8 37 8 36 8 36 8 34 8 31 8 26 8 21 8 16 8 10 8 5 8 -1 9 -6 10 -10 0 0 0 0 0 0 0 0 0 0 0 0 0 0 0 0 0 0 0 0 0 0 2 -15 4 -13 8 -11 10 -8 13 -5 16 -1 19 3 21 6 22 10 23 14 24 17 23 19 22 20 22 19 20 17 17 14 16 11 14 6 12 1 10 -4 7 -10 5 -16 4 -20 3 -24 3 -27 3 -29 ]
2025-05-22 09:50:10,CSI_DATA,STA,D8:B1:90:DB:E8:90,-56,11,1,7,0,0,1,0,0,0,1,-95,0,2,0,3030149000,0,110,0,0,153354,256,[110 96 6 0 14 -23 14 -23 14 -22 13 -23 12 -22 12 -22 12 -22 11 -22 11 -21 10 -22 10 -22 10 -22 10 -22 10 -22 10 -22 10 -21 9 -21 9 -20 9 -20 9 -19 9 -19 9 -18 10 -18 10 -17 11 -16 0 0 0 0 0 0 0 0 0 0 0 0 0 0 0 0 0 0 0 0 0 0 4 -15 6 -14 7 -14 7 -14 8 -14 9 -15 10 -16 10 -16 11 -16 12 -17 13 -17 13 -17 13 -17 14 -17 14 -17 13 -17 14 -18 14 -18 14 -19 14 -19 14 -20 14 -20 14 -21 15 -21 15 -22 1
2025-05-22 09:50:12,CSI_DATA,STA,D8:B1:90:DB:E8:90,-55,11,1,5,0,0,1,0,0,0,0,-95,0,2,0,3032655811,0,110,0,0,153357,256,[110 96 6 0 -16 -10 -13 -8 -9 -5 -4 -2 1 1 7 3 13 6 19 8 24 9 28 9 33 9 35 9 37 8 38 7 37 5 36 4 33 2 28 1 24 -1 18 -1 13 -3 7 -4 1 -4 -3 -5 -8 -5 0 0 0 0 0 0 0 0 0 0 0 0 0 0 0 0 0 0 0 0 0 0 5 -11 8 -9 11 -8 13 -5 16 -2 19 1 22 4 24 7 26 10 28 13 27 15 27 18 26 18 24 17 22 16 19 13 15 11 11 7 7 4 2 1 -2 -2 -7 -6 -11 -9 -15 -10 -17 -12 -19 -13 ]
2025-05-22 09:50:15,CSI_DATA,STA,D8:B1:90:DB:E8:90,-56,11,1,6,0,0,1,0,0,0,1,-95,0,2,0,3035162725,0,110,0,0,153359,256,[110 96 6 0 18 -16 18 -15 19 -15 18 -15 17 -15 17 -16 16 -16 16 -16 15 -16 15 -17 14 -17 14 -17 13 -17 14 -17 13 -17 14 -16 14 -16 13 -16 13 -15 13 -15 13 -15 13 -14 13 -13 14 -12 14 -12 0 0 0 0 0 0 0 0 0 0 0 0 0 0 0 0 0 0 0 0 0 0 9 -10 9 -9 9 -10 10 -10 10 -10 12 -10 12 -11 13 -11 14 -11 14 -11 16 -10 16 -10 16 -10 16 -10 16 -10 16 -11 16 -11 17 -12 17 -11 18 -12 17 -12 18 -13 18 -13 19 -13
2025-05-22 09:50:15,CSI_DATA,STA,D8:B1:90:DB:E8:90,-55,11,1,6,0,0,1,0,0,0,1,-95,0,2,0,3035662223,0,110,0,0,153360,256,[110 96 6 0 12 11 10 8 7 5 3 0 0 -4 -5 -8 -10 -12 -14 -16 -18 -19 -22 -21 -26 -23 -28 -24 -30 -24 -31 -24 -32 -23 -31 -21 -29 -18 -26 -15 -23 -12 -19 -9 -15 -5 -11 -2 -6 1 -3 5 0 8 0 0 0 0 0 0 0 0 0 0 0 0 0 0 0 0 0 0 0 0 0 0 -2 11 -5 10 -8 8 -12 6 -15 4 -18 2 -20 -2 -24 -5 -26 -9 -27 -12 -28 -15 -27 -17 -26 -18 -25 -18 -23 -17 -20 -16 -17 -14 -12 -11 -9 -8 -5 -3 -1 0 3 3 7 6 9 9 11 12 13 13 ]
2025-05-22 09:50:17,CSI_DATA,STA,D8:B1:90:DB:E8:90,-57,11,1,7,0,0,1,0,0,0,1,-95,0,2,0,3037669081,0,110,0,0,153362,256,[110 96 6 0 3 -26 3 -26 3 -25 3 -25 3 -25 2 -25 2 -25 0 -24 0 -24 0 -24 -1 -24 -2 -24 -2 -24 -2 -24 -1 -23 -2 -23 -1 -23 -1 -22 0 -22 0 -21 0 -21 0 -20 1 -20 1 -19 2 -19 0 0 0 0 0 0 0 0 0 0 0 0 0 0 0 0 0 0 0 0 0 0 -2 -14 -1 -15 0 -15 0 -16 1 -17 2 -17 2 -18 2 -19 2 -20 3 -20 4 -20 5 -20 4 -20 4 -21 5 -21 6 -21 5 -21 5 -22 5 -23 5 -23 4 -24 4 -24 3 -24 4 -24 4 -25 3 -25 ]
2025-05-22 09:50:21,CSI_DATA,STA,D8:B1:90:DB:E8:90,-56,11,1,7,0,0,1,0,0,0,1,-95,0,2,0,3041186003,0,110,0,0,153365,256,[110 96 6 0 15 -7 11 -6 7 -4 2 -3 -3 -2 -9 0 -14 3 -19 4 -24 7 -27 10 -31 13 -33 15 -34 16 -34 17 -33 17 -31 17 -28 17 -24 16 -20 14 -15 13 -11 11 -6 9 -1 7 4 5 7 4 0 0 0 0 0 0 0 0 0 0 0 0 0 0 0 0 0 0 0 0 0 0 10 3 8 5 6 8 3 10 0 13 -3 15 -8 17 -11 19 -15 20 -19 20 -22 20 -24 19 -24 18 -25 16 -23 14 -21 12 -18 10 -14 8 -9 6 -5 3 0 1 5 -1 9 -4 12 -5 15 -6 18 -7 ]
2025-05-22 09:50:26,CSI_DATA,STA,D8:B1:90:DB:E8:90,-57,11,1,6,0,0,1,0,0,0,1,-95,0,2,0,3045972147,0,100,0,0,153370,256,[100 -64 5 0 -6 -24 -5 -23 -5 -23 -5 -23 -6 -23 -6 -22 -6 -22 -7 -21 -7 -21 -7 -21 -8 -21 -8 -21 -8 -20 -8 -21 -7 -20 -8 -20 -7 -20 -7 -20 -7 -19 -6 -18 -6 -19 -6 -18 -5 -18 -4 -19 -4 -19 0 0 0 0 0 0 0 0 0 0 0 0 0 0 0 0 0 0 0 0 0 0 -5 -12 -4 -13 -4 -14 -4 -14 -3 -15 -3 -15 -2 -16 -2 -17 -2 -17 -2 -18 -2 -18 -2 -19 -2 -19 -1 -19 -2 -20 -2 -21 -2 -20 -2 -22 -2 -21 -3 -21 -4 -22 -4 -23 -5 -23 -5
2025-05-22 09:50:26,CSI_DATA,STA,D8:B1:90:DB:E8:90,-56,11,1,6,0,0,1,1,0,0,1,-95,0,2,0,3046202859,0,110,0,0,153370,256,[110 96 6 0 -14 7 -11 6 -7 3 -3 1 2 -2 6 -5 11 -9 14 -13 17 -16 20 -19 22 -22 23 -25 23 -26 23 -27 22 -28 20 -27 17 -26 14 -23 10 -21 7 -18 3 -15 0 -11 -4 -8 -6 -5 -9 -2 0 0 0 0 0 0 0 0 0 0 0 0 0 0 0 0 0 0 0 0 0 0 -12 -5 -10 -8 -8 -10 -6 -13 -3 -15 0 -18 4 -20 7 -21 11 -23 14 -23 17 -23 18 -22 18 -21 18 -20 18 -18 15 -15 13 -13 9 -10 5 -7 1 -4 -3 -1 -7 2 -10 5 -14 7 -16 8 -17 9 ]
2025-05-22 09:50:26,CSI_DATA,STA,D8:B1:90:DB:E8:90,-55,11,1,6,0,0,1,0,0,0,1,-95,0,2,0,3046702585,0,110,0,0,153371,256,[110 96 6 0 -19 -5 -15 -4 -10 -4 -4 -2 2 -1 8 0 14 0 20 1 25 1 30 0 34 0 36 -1 37 -2 39 -3 38 -4 37 -4 33 -5 29 -6 24 -6 19 -7 14 -7 8 -8 3 -8 -2 -9 -7 -9 0 0 0 0 0 0 0 0 0 0 0 0 0 0 0 0 0 0 0 0 0 0 -10 -10 -7 -12 -4 -13 0 -14 3 -16 8 -16 12 -17 16 -17 21 -17 25 -16 27 -14 29 -12 29 -11 27 -10 25 -8 22 -8 18 -7 13 -7 8 -6 2 -6 -3 -6 -8 -6 -14 -6 -17 -6 -20 -6 -22 -6 ]
2025-05-22 09:50:27,CSI_DATA,STA,D8:B1:90:DB:E8:90,-57,11,1,7,0,0,1,0,0,0,1,-95,0,2,0,3047202582,0,110,0,0,153371,256,[110 96 6 0 -21 12 -22 12 -21 12 -20 12 -20 12 -19 12 -19 12 -18 13 -17 13 -17 13 -16 13 -16 14 -17 14 -16 13 -16 14 -16 13 -16 13 -16 12 -16 12 -16 11 -16 10 -16 10 -16 10 -16 9 -17 8 0 0 0 0 0 0 0 0 0 0 0 0 0 0 0 0 0 0 0 0 0 0 -10 9 -11 8 -12 8 -12 9 -13 9 -13 9 -14 8 -15 8 -16 8 -16 8 -17 8 -17 8 -18 8 -18 8 -19 8 -19 9 -19 9 -19 9 -19 10 -19 10 -20 10 -20 11 -20 11 -20 12 -20 12 -21 12 ]
2025-05-22 09:50:28,CSI_DATA,STA,D8:B1:90:DB:E8:90,-55,11,1,7,0,0,1,0,0,0,1,-95,0,2,0,3047703003,0,110,0,0,153372,256,[110 96 6 0 -21 0 -16 0 -11 -1 -5 -2 1 -2 7 -4 14 -5 20 -6 25 -8 29 -9 33 -11 35 -12 36 -14 37 -14 35 -15 33 -15 30 -15 25 -14 20 -14 15 -13 10 -12 4 -11 -1 -10 -6 -9 -10 -10 0 0 0 0 0 0 0 0 0 0 0 0 0 0 0 0 0 0 0 0 0 0 -14 -7 -12 -10 -9 -13 -7 -15 -3 -18 1 -20 5 -22 10 -24 14 -25 17 -25 20 -24 22 -23 23 -22 22 -20 20 -18 17 -16 13 -14 9 -12 4 -10 -1 -8 -7 -6 -12 -4 -16 -1 -20 -1 -23 0 -25 0 ]
2025-05-22 09:50:28,CSI_DATA,STA,D8:B1:90:DB:E8:90,-55,11,1,6,0,0,1,0,0,0,1,-95,0,2,0,3048705197,0,110,0,0,153373,256,[110 96 6 0 -27 -6 -28 -6 -26 -6 -26 -5 -26 -4 -26 -4 -25 -4 -25 -2 -24 -2 -24 -2 -24 -1 -25 -1 -24 -1 -24 -1 -24 -1 -23 -2 -23 -2 -23 -2 -22 -3 -22 -3 -21 -3 -20 -3 -20 -4 -20 -5 -19 -6 0 0 0 0 0 0 0 0 0 0 0 0 0 0 0 0 0 0 0 0 0 0 -15 1 -16 -1 -15 -2 -16 -3 -16 -4 -17 -3 -19 -6 -17 -6 -20 -7 -19 -7 -20 -7 -20 -8 -20 -9 -18 -7 -20 -8 -21 -8 -19 -9 -20 -7 -24 -6 -23 -6 -23 -6 -25 -6 -25 -5 -25
2025-05-22 09:50:30,CSI_DATA,STA,D8:B1:90:DB:E8:90,-55,11,1,7,0,0,1,0,0,0,1,-95,0,2,0,3050211338,0,110,0,0,153374,256,[110 96 6 0 -25 13 -24 13 -24 13 -23 13 -23 13 -22 13 -22 13 -22 14 -21 14 -21 14 -20 14 -20 14 -20 14 -19 14 -20 14 -20 14 -20 14 -19 13 -19 12 -18 11 -19 11 -18 11 -18 10 -18 9 -18 8 0 0 0 0 0 0 0 0 0 0 0 0 0 0 0 0 0 0 0 0 0 0 -11 10 -12 10 -13 9 -14 8 -14 8 -14 9 -16 9 -17 8 -17 8 -18 8 -19 9 -19 9 -19 9 -20 9 -20 9 -21 9 -21 10 -21 10 -22 10 -22 10 -22 10 -22 10 -23 11 -24 12 -24 12 -24 1
2025-05-22 09:50:30,CSI_DATA,STA,D8:B1:90:DB:E8:90,-56,11,1,7,0,0,1,0,0,0,1,-95,0,2,0,3050710646,0,110,0,0,153375,256,[110 96 6 0 -18 -19 -18 -20 -17 -19 -17 -19 -17 -18 -17 -17 -17 -17 -17 -17 -17 -16 -17 -17 -17 -16 -18 -16 -18 -15 -17 -15 -17 -16 -16 -15 -16 -15 -16 -15 -15 -15 -15 -14 -14 -14 -14 -14 -13 -15 -12 -14 -12 -15 0 0 0 0 0 0 0 0 0 0 0 0 0 0 0 0 0 0 0 0 0 0 -12 -9 -12 -10 -11 -11 -12 -12 -11 -12 -12 -14 -12 -13 -12 -14 -12 -15 -12 -15 -12 -17 -12 -17 -12 -17 -12 -18 -12 -18 -13 -18 -13 -19 -13
2025-05-22 09:50:32,CSI_DATA,STA,D8:B1:90:DB:E8:90,-56,11,1,7,0,0,1,1,0,0,1,-95,0,2,0,3052718214,0,110,0,0,153377,256,[110 96 6 0 21 -16 20 -15 21 -15 20 -15 20 -15 19 -16 19 -16 18 -16 18 -16 17 -17 17 -16 17 -16 17 -16 17 -17 17 -16 17 -16 16 -15 16 -15 16 -15 16 -14 16 -14 16 -13 15 -12 15 -12 16 -11 0 0 0 0 0 0 0 0 0 0 0 0 0 0 0 0 0 0 0 0 0 0 10 -11 11 -10 12 -10 12 -10 13 -10 14 -10 15 -9 16 -9 17 -9 17 -9 18 -9 18 -9 19 -9 19 -9 19 -10 19 -11 19 -10 20 -11 19 -12 20 -12 20 -13 21 -14 21 -14 20 -14 21 -
2025-05-22 09:50:38,CSI_DATA,STA,D8:B1:90:DB:E8:90,-56,11,1,7,0,0,1,1,0,0,1,-95,0,2,0,3058248983,0,110,0,0,153382,256,[110 96 6 0 8 23 8 23 8 22 8 23 8 22 8 21 8 21 9 21 9 21 9 20 10 20 9 20 9 20 9 20 9 20 8 19 8 19 7 19 7 19 7 18 7 18 6 18 6 18 6 18 4 18 0 0 0 0 0 0 0 0 0 0 0 0 0 0 0 0 0 0 0 0 0 0 7 11 6 12 6 13 6 13 5 14 5 15 5 16 5 16 5 17 5 17 4 18 3 19 4 19 3 20 4 20 3 20 4 20 4 20 5 21 5 21 6 22 6 22 7 21 7 21 7 22 7 23 ]
2025-05-22 09:50:38,CSI_DATA,STA,D8:B1:90:DB:E8:90,-56,11,1,7,0,0,1,1,0,0,1,-95,0,2,0,3058750805,0,110,0,0,153383,256,[110 96 6 0 -25 -7 -25 -6 -25 -6 -24 -5 -24 -5 -24 -5 -24 -5 -24 -4 -24 -4 -24 -3 -24 -3 -23 -3 -23 -3 -23 -3 -23 -3 -22 -2 -22 -2 -21 -3 -21 -3 -21 -3 -20 -3 -20 -4 -19 -4 -20 -5 -19 -6 0 0 0 0 0 0 0 0 0 0 0 0 0 0 0 0 0 0 0 0 0 0 -15 0 -15 -1 -15 -2 -15 -3 -16 -4 -16 -4 -17 -4 -18 -5 -18 -6 -19 -6 -19 -6 -20 -7 -20 -8 -20 -7 -20 -7 -21 -7 -21 -7 -21 -7 -21 -7 -22 -7 -23 -7 -23 -7 -23 -6 -23
2025-05-22 09:50:40,CSI_DATA,STA,D8:B1:90:DB:E8:90,-56,11,1,7,0,0,1,1,0,0,1,-95,0,2,0,3060758877,0,110,0,0,153385,256,[110 96 6 0 -25 -6 -26 -6 -25 -6 -25 -6 -24 -6 -25 -6 -24 -5 -24 -4 -23 -4 -23 -4 -23 -3 -24 -3 -24 -3 -24 -3 -24 -3 -22 -3 -22 -3 -21 -4 -21 -4 -21 -4 -20 -5 -19 -4 -19 -5 -19 -6 -18 -6 0 0 0 0 0 0 0 0 0 0 0 0 0 0 0 0 0 0 0 0 0 0 -15 -1 -15 -3 -16 -3 -17 -3 -17 -4 -17 -5 -18 -5 -18 -5 -19 -6 -19 -6 -20 -5 -20 -6 -20 -7 -21 -7 -21 -7 -21 -7 -22 -7 -22 -6 -23 -7 -23 -7 -24 -7 -25 -7 -24 -6 -25
2025-05-22 09:50:41,CSI_DATA,STA,D8:B1:90:DB:E8:90,-56,11,1,7,0,0,1,1,0,0,1,-95,0,2,0,3061260577,0,110,0,0,153385,256,[110 96 6 0 -23 14 -22 13 -22 14 -21 13 -21 13 -21 13 -20 13 -20 15 -20 15 -20 15 -20 15 -18 15 -18 15 -18 15 -18 15 -18 15 -18 14 -18 14 -18 13 -17 13 -17 12 -17 12 -17 11 -17 12 -18 10 0 0 0 0 0 0 0 0 0 0 0 0 0 0 0 0 0 0 0 0 0 0 -10 11 -11 10 -12 10 -12 10 -14 10 -14 10 -15 10 -16 10 -16 10 -18 10 -18 10 -18 10 -19 9 -19 9 -19 9 -20 10 -20 10 -21 11 -20 11 -21 12 -21 12 -21 12 -22 13 -22 13
2025-05-22 09:50:44,CSI_DATA,STA,D8:B1:90:DB:E8:90,-55,11,1,7,0,0,1,1,0,0,1,-95,0,2,0,3064263726,0,110,0,0,153388,256,[110 96 6 0 -6 26 -6 26 -6 26 -5 25 -5 25 -4 25 -4 24 -4 24 -3 24 -3 24 -2 24 -1 24 -1 24 -1 23 -1 23 -1 23 -1 22 -1 22 -1 21 -1 21 -1 20 -2 20 -2 20 -3 20 -4 20 0 0 0 0 0 0 0 0 0 0 0 0 0 0 0 0 0 0 0 0 0 0 -1 15 -2 15 -2 15 -2 16 -3 16 -4 17 -4 17 -5 18 -5 18 -6 19 -7 19 -7 19 -7 20 -7 20 -7 20 -7 20 -7 21 -6 21 -7 22 -7 22 -7 23 -7 24 -7 24 -6 25 -6 25 -5 26 ]
2025-05-22 09:50:52,CSI_DATA,STA,D8:B1:90:DB:E8:90,-53,11,1,7,0,0,1,1,0,0,1,-95,0,2,0,3071784142,0,110,0,0,153396,256,[110 96 6 0 -29 -13 -28 -13 -28 -13 -28 -12 -27 -12 -27 -11 -27 -10 -27 -9 -27 -9 -27 -9 -27 -8 -27 -8 -26 -8 -26 -8 -26 -8 -26 -8 -26 -8 -25 -8 -24 -8 -24 -8 -23 -8 -23 -9 -22 -10 -22 -9 -21 -10 0 0 0 0 0 0 0 0 0 0 0 0 0 0 0 0 0 0 0 0 0 0 -15 -5 -15 -6 -15 -7 -15 -7 -15 -8 -16 -9 -17 -10 -18 -10 -18 -11 -18 -12 -19 -13 -19 -13 -19 -14 -20 -14 -20 -13 -21 -14 -21 -13 -21 -13 -22 -13 -23 -13 -
2025-05-22 09:50:52,CSI_DATA,STA,D8:B1:90:DB:E8:90,-53,11,1,7,0,0,1,1,0,0,1,-95,0,2,0,3072284116,0,110,0,0,153396,256,[110 96 6 0 -15 -24 -15 -24 -15 -24 -15 -25 -15 -23 -15 -23 -15 -23 -16 -23 -16 -22 -16 -22 -17 -22 -16 -21 -17 -20 -16 -20 -16 -21 -16 -20 -15 -20 -15 -20 -14 -19 -14 -19 -14 -19 -12 -19 -12 -19 -12 -18 -11 -19 0 0 0 0 0 0 0 0 0 0 0 0 0 0 0 0 0 0 0 0 0 0 -11 -12 -10 -13 -10 -14 -9 -15 -10 -15 -9 -16 -10 -17 -10 -17 -9 -18 -9 -19 -9 -19 -9 -20 -10 -21 -10 -21 -9 -22 -10 -22 -10 -22 -10 -22 -1
2025-05-22 09:50:53,CSI_DATA,STA,D8:B1:90:DB:E8:90,-55,11,1,7,0,0,1,1,0,0,1,-95,0,2,0,3073291204,0,110,0,0,153398,256,[110 96 6 0 -27 6 -27 6 -26 6 -26 7 -26 7 -25 7 -25 7 -25 8 -24 8 -24 8 -24 9 -23 9 -23 9 -23 9 -23 9 -23 9 -23 8 -22 7 -21 7 -22 7 -21 6 -21 6 -20 5 -20 4 -20 3 0 0 0 0 0 0 0 0 0 0 0 0 0 0 0 0 0 0 0 0 0 0 -12 5 -13 4 -13 3 -14 3 -14 3 -15 3 -16 2 -17 2 -17 2 -18 2 -18 2 -19 2 -19 1 -19 1 -21 2 -21 2 -22 2 -22 3 -22 3 -22 3 -22 4 -23 4 -25 6 -26 6 -27 5 -26 5 ]
2025-05-22 09:50:54,CSI_DATA,STA,D8:B1:90:DB:E8:90,-57,11,1,7,0,0,1,1,0,0,1,-95,0,2,0,3074802388,0,110,0,0,153399,256,[110 96 6 0 -23 7 -22 7 -23 8 -23 8 -23 9 -22 9 -22 9 -21 10 -22 10 -21 10 -21 10 -21 10 -21 10 -21 11 -20 11 -20 11 -20 11 -19 10 -19 10 -19 10 -18 10 -19 9 -19 8 -18 8 -19 6 0 0 0 0 0 0 0 0 0 0 0 0 0 0 0 0 0 0 0 0 0 0 -9 6 -9 6 -11 5 -11 5 -12 5 -12 5 -13 4 -13 4 -14 4 -15 4 -16 3 -16 3 -16 2 -16 3 -18 4 -19 4 -19 4 -19 4 -19 4 -20 5 -20 5 -20 6 -21 6 -21 6 -22 6 -22 7 ]
2025-05-22 09:50:56,CSI_DATA,STA,D8:B1:90:DB:E8:90,-54,11,1,7,0,0,1,1,0,0,1,-95,0,2,0,3076300894,0,110,0,0,153401,256,[110 96 6 0 5 -27 4 -27 5 -27 5 -28 4 -27 4 -28 4 -27 3 -27 2 -27 2 -27 1 -26 1 -27 1 -27 1 -26 1 -26 1 -25 1 -25 2 -24 2 -24 2 -24 3 -24 3 -23 3 -23 4 -22 5 -22 0 0 0 0 0 0 0 0 0 0 0 0 0 0 0 0 0 0 0 0 0 0 1 -17 1 -18 2 -18 2 -18 3 -19 4 -19 5 -19 6 -20 7 -21 7 -21 7 -22 8 -22 8 -23 9 -23 8 -23 8 -24 7 -24 8 -25 6 -25 5 -26 5 -26 5 -27 4 -27 4 -27 5 -28 7 -28 ]
2025-05-22 09:50:57,CSI_DATA,STA,D8:B1:90:DB:E8:90,-54,11,1,7,0,0,1,1,0,0,1,-95,0,2,0,3076802507,0,110,0,0,153401,256,[110 96 6 0 9 -27 9 -27 9 -26 9 -25 9 -25 8 -25 8 -25 8 -25 7 -25 6 -25 6 -25 5 -24 5 -24 5 -24 5 -24 5 -23 6 -23 6 -23 6 -22 5 -22 6 -22 6 -21 7 -20 7 -20 9 -20 0 0 0 0 0 0 0 0 0 0 0 0 0 0 0 0 0 0 0 0 0 0 5 -18 6 -18 7 -17 7 -17 8 -17 9 -18 10 -18 11 -19 12 -19 13 -20 12 -20 13 -20 13 -20 13 -20 12 -21 12 -21 11 -22 12 -22 10 -24 10 -24 10 -25 10 -26 10 -26 9 -26 10 -27 9 -27 ]
2025-05-22 09:50:58,CSI_DATA,STA,D8:B1:90:DB:E8:90,-56,11,1,7,0,0,1,1,0,0,1,-95,0,2,0,3077801652,0,110,0,0,153402,256,[110 96 6 0 8 -24 8 -24 8 -24 7 -23 6 -23 6 -23 5 -23 5 -23 5 -23 4 -23 3 -23 3 -23 3 -23 3 -23 3 -23 3 -23 3 -22 3 -22 3 -21 4 -21 4 -20 4 -19 4 -19 6 -19 6 -18 0 0 0 0 0 0 0 0 0 0 0 0 0 0 0 0 0 0 0 0 0 0 0 -12 1 -12 2 -13 3 -13 3 -14 4 -14 5 -15 5 -16 6 -16 6 -17 7 -16 7 -16 7 -17 8 -17 8 -18 8 -18 8 -18 8 -19 7 -19 8 -19 7 -20 8 -21 9 -22 8 -22 8 -23 8 -22 ]
2025-05-22 09:50:58,CSI_DATA,STA,D8:B1:90:DB:E8:90,-56,11,1,7,0,0,1,1,0,0,1,-95,0,2,0,3078806917,0,110,0,0,153403,256,[110 96 6 0 -18 16 -18 17 -17 16 -17 17 -16 17 -16 17 -15 17 -15 16 -14 16 -14 17 -13 17 -13 17 -13 17 -13 16 -13 16 -13 16 -13 16 -13 15 -13 14 -13 14 -13 14 -13 13 -13 13 -14 13 -15 12 0 0 0 0 0 0 0 0 0 0 0 0 0 0 0 0 0 0 0 0 0 0 -9 12 -10 12 -11 11 -12 12 -12 11 -13 11 -14 11 -15 12 -16 11 -17 11 -16 12 -16 12 -17 12 -17 11 -17 12 -18 12 -18 12 -18 13 -17 13 -17 14 -17 14 -18 15 -18 15 -18
2025-05-22 09:51:12,CSI_DATA,STA,D8:B1:90:DB:E8:90,-57,11,1,7,0,0,1,1,0,0,1,-95,0,2,0,3092339382,0,110,0,0,153417,256,[110 96 6 0 22 1 23 1 22 0 22 1 21 0 21 0 21 -1 22 -1 22 -1 21 -2 21 -2 21 -3 21 -3 21 -3 21 -3 20 -2 20 -2 19 -2 19 -1 18 -1 18 -1 17 -1 17 -1 18 0 17 1 0 0 0 0 0 0 0 0 0 0 0 0 0 0 0 0 0 0 0 0 0 0 11 -3 12 -2 12 -1 13 -1 13 0 14 0 14 1 15 1 16 2 16 2 17 2 17 3 17 3 18 3 19 3 19 3 19 3 19 3 19 2 19 2 20 2 21 2 21 1 22 1 22 1 23 1 ]
2025-05-22 09:51:15,CSI_DATA,STA,D8:B1:90:DB:E8:90,-56,9,0,0,0,0,0,0,0,0,0,-95,0,2,0,3095344992,0,110,0,0,153420,128,[110 96 6 0 10 -5 7 -4 3 -2 -2 -1 -7 1 -11 3 -16 4 -21 4 -25 6 -29 8 -32 9 -34 9 -35 9 -35 8 -34 8 -32 7 -30 7 -26 6 -21 6 -18 6 -13 6 -8 6 -4 8 -1 9 3 10 0 0 0 0 0 0 0 0 0 0 0 0 0 0 0 0 0 0 0 0 0 0 5 -7 6 -5 8 -3 9 0 10 3 11 7 11 11 11 15 11 19 10 22 9 25 7 26 6 27 5 27 3 25 2 23 3 20 4 17 5 13 6 9 7 5 10 3 11 -1 13 -4 14 -5 14 -6 ]
2025-05-22 09:51:23,CSI_DATA,STA,D8:B1:90:DB:E8:90,-56,13,0,0,0,0,0,0,0,0,0,-95,0,2,0,3103369285,0,110,0,0,153428,128,[110 96 6 0 1 10 0 7 -2 2 -3 -2 -5 -6 -8 -11 -9 -16 -11 -20 -13 -23 -15 -27 -16 -30 -17 -31 -17 -32 -17 -32 -17 -32 -16 -29 -15 -27 -14 -24 -14 -20 -13 -15 -12 -11 -11 -6 -11 -2 -11 1 -11 4 0 0 0 0 0 0 0 0 0 0 0 0 0 0 0 0 0 0 0 0 0 0 5 8 3 9 0 10 -3 11 -6 11 -10 12 -13 12 -17 12 -21 10 -24 9 -26 8 -28 6 -29 5 -28 4 -27 4 -24 3 -22 4 -19 4 -16 6 -12 7 -9 9 -5 11 -2 12 0 13 1 14 3 14 ]
2025-05-22 09:51:25,CSI_DATA,STA,D8:B1:90:DB:E8:90,-54,8,0,0,0,0,0,0,0,0,0,-95,0,2,0,3105379604,0,110,0,0,153430,128,[110 96 6 0 2 27 2 23 0 19 -4 15 -7 10 -12 5 -17 2 -21 -1 -26 -4 -31 -6 -35 -6 -37 -6 -39 -5 -40 -3 -39 -2 -36 0 -33 2 -29 4 -23 5 -17 5 -11 6 -4 6 2 5 8 5 12 5 0 0 0 0 0 0 0 0 0 0 0 0 0 0 0 0 0 0 0 0 0 0 -22 0 -22 -2 -20 -5 -20 -8 -18 -11 -17 -15 -16 -19 -15 -22 -14 -25 -12 -27 -11 -29 -10 -30 -10 -30 -10 -28 -9 -25 -9 -22 -9 -17 -9 -11 -8 -6 -7 1 -6 7 -4 13 -2 18 0 23 1 26 2 29 ]
2025-05-22 09:51:25,CSI_DATA,STA,D8:B1:90:DB:E8:90,-56,12,0,0,0,0,0,0,0,0,0,-95,0,2,0,3105648882,0,100,0,0,153430,128,[100 -64 5 0 2 16 1 13 0 9 -3 4 -4 -1 -7 -6 -10 -11 -13 -16 -15 -20 -18 -23 -21 -26 -23 -27 -24 -28 -25 -28 -24 -27 -23 -26 -21 -23 -19 -19 -16 -15 -14 -11 -11 -6 -7 -1 -5 3 -3 8 -1 12 0 0 0 0 0 0 0 0 0 0 0 0 0 0 0 0 0 0 0 0 0 0 -6 11 -8 9 -10 7 -12 5 -14 2 -17 -1 -19 -4 -21 -7 -23 -10 -24 -13 -24 -16 -23 -17 -23 -18 -22 -17 -21 -16 -19 -14 -17 -11 -14 -7 -12 -3 -9 1 -6 6 -3 10 -1 13 1 16 2 1
2025-05-22 09:51:33,CSI_DATA,STA,D8:B1:90:DB:E8:90,-55,11,1,0,0,0,1,0,0,0,0,-95,0,2,0,3113403194,0,110,0,0,153438,256,[110 96 6 0 10 -16 9 -12 7 -7 5 -3 4 3 3 8 2 14 1 19 0 24 -1 28 0 31 0 34 1 34 2 35 2 33 3 32 4 28 4 25 6 20 6 15 8 10 9 6 9 1 9 -3 11 -6 0 0 0 0 0 0 0 0 0 0 0 0 0 0 0 0 0 0 0 0 0 0 13 -9 13 -6 14 -4 14 -1 15 3 15 7 15 11 15 15 15 19 13 23 11 25 10 27 10 26 9 26 8 24 8 22 8 18 8 14 8 9 9 4 9 -1 10 -6 11 -10 10 -13 11 -17 11 -18 ]
2025-05-22 09:51:36,CSI_DATA,STA,D8:B1:90:DB:E8:90,-55,11,1,1,0,0,1,0,0,0,0,-95,0,2,0,3115918814,0,110,0,0,153440,256,[110 96 6 0 10 20 7 16 3 12 0 7 -4 2 -8 -2 -12 -8 -16 -12 -20 -16 -23 -19 -26 -23 -29 -24 -30 -23 -30 -24 -30 -23 -28 -21 -26 -18 -23 -15 -20 -10 -16 -6 -13 -1 -9 3 -7 8 -4 12 -3 16 0 0 0 0 0 0 0 0 0 0 0 0 0 0 0 0 0 0 0 0 0 0 2 15 -1 15 -4 14 -7 13 -10 12 -14 10 -18 8 -21 6 -24 3 -27 0 -28 -2 -28 -4 -28 -5 -26 -5 -24 -5 -22 -5 -18 -2 -14 0 -10 4 -6 7 -1 10 3 14 7 16 9 19 11 22 12 23 ]
2025-05-22 09:51:39,CSI_DATA,STA,D8:B1:90:DB:E8:90,-54,11,1,7,0,0,1,0,0,0,0,-95,0,2,0,3118926167,0,110,0,0,153443,256,[110 96 6 0 -26 -14 -26 -14 -26 -13 -26 -12 -26 -11 -26 -11 -26 -11 -26 -9 -25 -9 -26 -8 -25 -9 -25 -7 -25 -8 -25 -7 -25 -7 -25 -7 -25 -7 -24 -7 -23 -7 -23 -7 -22 -8 -22 -8 -21 -8 -21 -8 -20 -9 0 0 0 0 0 0 0 0 0 0 0 0 0 0 0 0 0 0 0 0 0 0 -15 -4 -15 -5 -15 -6 -15 -6 -16 -7 -17 -8 -17 -10 -17 -10 -17 -11 -18 -12 -17 -12 -17 -13 -17 -13 -18 -14 -19 -14 -19 -14 -20 -15 -20 -14 -21 -14 -22 -14 -22
2025-05-22 09:51:39,CSI_DATA,STA,D8:B1:90:DB:E8:90,-56,11,1,6,0,0,1,0,0,0,1,-95,0,2,0,3119426250,0,110,0,0,153444,256,[110 96 6 0 23 5 23 5 23 5 22 4 22 3 21 3 21 2 21 2 21 1 21 1 20 1 21 1 21 1 21 1 21 1 20 1 20 1 20 1 19 1 19 1 18 2 18 2 18 2 17 2 17 3 0 0 0 0 0 0 0 0 0 0 0 0 0 0 0 0 0 0 0 0 0 0 12 -3 13 -1 13 -1 14 0 14 1 15 1 15 1 16 1 16 3 17 3 18 4 18 4 18 4 18 5 18 5 18 5 19 4 19 4 20 4 20 4 21 4 21 4 22 4 22 4 23 4 23 4 ]
2025-05-22 09:51:40,CSI_DATA,STA,D8:B1:90:DB:E8:90,-56,11,1,6,0,0,1,0,0,0,1,-95,0,2,0,3119930071,0,110,0,0,153444,256,[110 96 6 0 14 7 10 6 4 5 -1 4 -7 4 -13 2 -18 1 -23 0 -28 -1 -32 -1 -35 -1 -36 -2 -38 -3 -36 -3 -35 -3 -32 -3 -29 -2 -24 -1 -19 0 -15 2 -10 3 -5 5 -1 7 3 10 6 12 0 0 0 0 0 0 0 0 0 0 0 0 0 0 0 0 0 0 0 0 0 0 7 3 6 5 4 8 2 10 0 13 -2 16 -5 18 -8 20 -11 22 -13 23 -15 24 -16 23 -16 22 -15 21 -14 19 -11 18 -8 16 -4 14 1 12 5 11 9 10 13 9 17 7 20 7 21 7 22 7 ]
2025-05-22 09:51:43,CSI_DATA,STA,D8:B1:90:DB:E8:90,-56,11,1,7,0,0,1,0,0,0,1,-95,0,2,0,3123434239,0,110,0,0,153448,256,[110 96 6 0 -14 21 -13 21 -13 21 -12 21 -12 21 -12 21 -11 21 -11 20 -10 20 -10 20 -9 20 -9 20 -9 20 -9 20 -9 19 -9 20 -9 20 -9 19 -9 19 -9 18 -9 17 -9 17 -10 16 -10 16 -11 15 0 0 0 0 0 0 0 0 0 0 0 0 0 0 0 0 0 0 0 0 0 0 -6 12 -7 12 -8 12 -9 13 -9 13 -10 13 -11 13 -11 14 -12 14 -13 14 -13 15 -13 15 -14 15 -14 15 -14 16 -15 16 -15 16 -15 17 -14 17 -14 18 -14 19 -14 19 -13 20 -13 20 -13 21 -14 21
2025-05-22 09:51:47,CSI_DATA,STA,D8:B1:90:DB:E8:90,-56,11,1,7,0,0,1,0,0,0,1,-95,0,2,0,3127444173,0,110,0,0,153452,256,[110 96 6 0 25 1 26 0 25 0 24 0 24 0 24 0 23 -1 24 -2 23 -2 23 -3 23 -4 22 -4 22 -4 22 -4 22 -4 21 -4 21 -3 21 -3 20 -3 20 -3 19 -2 19 -2 18 -1 18 -1 18 0 0 0 0 0 0 0 0 0 0 0 0 0 0 0 0 0 0 0 0 0 0 0 13 -3 14 -2 14 -2 15 -2 16 -1 16 -1 17 0 18 0 18 0 18 1 19 2 19 2 20 3 20 2 20 4 20 3 21 3 21 3 23 2 23 3 23 2 24 2 23 1 24 1 25 1 25 1 ]
2025-05-22 09:51:48,CSI_DATA,STA,D8:B1:90:DB:E8:90,-54,11,1,7,0,0,1,0,0,0,1,-95,0,2,0,3127944232,0,110,0,0,153452,256,[110 96 6 0 8 -26 7 -26 8 -26 7 -26 6 -26 6 -26 6 -25 4 -25 4 -25 4 -25 3 -25 3 -24 2 -24 3 -24 3 -23 3 -24 3 -23 3 -23 4 -22 4 -22 4 -21 4 -21 5 -21 6 -20 7 -19 0 0 0 0 0 0 0 0 0 0 0 0 0 0 0 0 0 0 0 0 0 0 1 -14 3 -15 3 -15 4 -16 4 -16 5 -16 6 -17 7 -18 7 -18 8 -18 9 -19 9 -20 9 -20 9 -20 8 -20 8 -21 8 -21 8 -22 8 -23 8 -23 8 -24 8 -25 7 -26 7 -26 7 -26 7 -26 ]
