2025-04-01 14:14:25,CSI_DATA,STA,D8:B1:90:DB:E8:90,-53,11,1,7,0,0,1,0,0,0,1,-95,0,3,0,740840904,0,110,0,0,741.237,256,[110 96 6 0 -11 24 -11 25 -10 24 -10 24 -9 23 -9 22 -9 22 -8 23 -8 22 -8 22 -7 22 -6 20 -7 20 -6 19 -6 19 -6 19 -6 18 -6 18 -6 17 -6 15 -6 14 -5 14 -6 13 -6 13 -7 12 0 0 0 0 0 0 0 0 0 0 0 0 0 0 0 0 0 0 0 0 0 0 -6 17 -7 17 -8 17 -9 18 -9 18 -10 18 -10 19 -11 19 -12 19 -12 19 -13 20 -13 21 -13 20 -13 20 -14 22 -14 22 -14 23 -13 23 -12 23 -12 24 -12 24 -12 24 -12 25 -11 25 -12 25 -12 26 ]
2025-04-01 14:14:27,CSI_DATA,STA,D8:B1:90:DB:E8:90,-54,11,1,7,0,0,1,0,0,0,0,-95,0,3,0,742847305,0,110,0,0,743.244,256,[110 96 6 0 -4 -40 -3 -38 -3 -34 -4 -31 -5 -27 -7 -22 -8 -17 -9 -13 -11 -7 -12 -2 -13 2 -15 6 -15 10 -16 13 -17 15 -17 16 -17 16 -18 16 -18 15 -18 13 -18 11 -18 9 -18 6 -18 4 -18 1 0 0 0 0 0 0 0 0 0 0 0 0 0 0 0 0 0 0 0 0 0 0 14 -18 13 -16 12 -16 10 -15 9 -15 6 -15 4 -15 0 -16 -2 -16 -6 -17 -9 -18 -11 -19 -13 -21 -16 -22 -17 -22 -18 -24 -18 -25 -18 -27 -18 -29 -17 -31 -17 -33 -15 -35 -13 -37 -
2025-04-01 14:14:27,CSI_DATA,STA,D8:B1:90:DB:E8:90,-54,11,1,6,0,0,1,0,0,0,1,-95,0,3,0,743351066,0,110,0,0,743.748,256,[110 96 6 0 32 22 31 23 28 20 27 18 24 14 21 11 18 6 16 1 13 -3 11 -8 7 -12 5 -16 3 -19 1 -21 0 -24 0 -25 0 -26 1 -25 1 -24 3 -23 4 -21 5 -19 7 -17 9 -15 11 -13 0 0 0 0 0 0 0 0 0 0 0 0 0 0 0 0 0 0 0 0 0 0 9 21 8 20 7 18 7 17 8 15 9 13 10 11 12 8 15 6 17 4 19 1 22 0 24 -2 26 -3 28 -4 29 -3 31 -3 31 -2 34 0 34 2 35 4 36 7 36 9 36 13 37 16 37 19 ]
2025-04-01 14:14:30,CSI_DATA,STA,D8:B1:90:DB:E8:90,-54,11,1,6,0,0,1,0,0,0,1,-95,0,3,0,746365755,0,110,0,0,746.762,256,[110 96 6 0 -2 36 -2 35 -2 31 0 28 1 25 3 20 5 16 7 12 8 7 10 3 11 -1 13 -4 14 -7 15 -10 16 -12 17 -12 18 -13 17 -12 17 -11 17 -10 17 -8 16 -5 16 -3 16 -1 16 1 0 0 0 0 0 0 0 0 0 0 0 0 0 0 0 0 0 0 0 0 0 0 -15 14 -15 13 -13 12 -12 12 -10 12 -8 12 -5 13 -2 13 0 15 3 15 5 16 7 17 9 19 10 20 12 21 13 22 13 23 13 25 13 27 11 28 11 30 9 32 7 33 5 35 3 37 0 38 ]
2025-04-01 14:14:31,CSI_DATA,STA,D8:B1:90:DB:E8:90,-54,11,1,7,0,0,1,1,1,0,1,-95,0,3,0,746870594,0,110,0,0,747.267,384,[110 96 6 0 -15 -33 -14 -31 -13 -29 -12 -26 -12 -22 -12 -18 -12 -13 -12 -8 -11 -4 -11 1 -10 6 -10 9 -9 13 -9 15 -8 17 -9 19 -9 20 -9 19 -9 18 -10 17 -10 15 -11 13 -12 11 -13 8 -14 6 0 0 0 0 0 0 0 0 0 0 0 0 0 0 0 0 0 0 0 0 0 0 7 -19 7 -17 6 -16 5 -15 3 -15 1 -14 -1 -13 -4 -13 -7 -12 -10 -12 -13 -12 -16 -12 -17 -12 -19 -13 -21 -13 -22 -14 -23 -14 -24 -16 -24 -17 -24 -19 -24 -21 -23 -24 -22 -26
2025-04-01 14:14:31,CSI_DATA,STA,D8:B1:90:DB:E8:90,-54,11,1,5,0,0,1,0,0,0,1,-95,0,3,0,747364401,0,110,0,0,747.761,256,[110 96 6 0 39 7 37 7 34 6 31 5 27 2 23 0 18 -3 14 -6 10 -9 5 -12 1 -14 -3 -16 -5 -18 -7 -19 -10 -21 -10 -22 -10 -23 -9 -22 -8 -22 -6 -22 -4 -21 -2 -20 1 -19 3 -18 5 -17 0 0 0 0 0 0 0 0 0 0 0 0 0 0 0 0 0 0 0 0 0 0 16 16 15 15 13 14 13 12 13 10 13 8 14 5 15 3 16 0 17 -3 18 -5 20 -8 21 -9 22 -11 24 -13 26 -13 27 -13 28 -13 30 -12 32 -10 34 -9 36 -7 37 -4 39 -1 40 1 41 4 ]
2025-04-01 14:14:32,CSI_DATA,STA,D8:B1:90:DB:E8:90,-60,11,1,7,0,0,1,0,0,0,1,-95,0,3,0,747864395,0,110,0,0,748.261,256,[110 96 6 0 35 6 34 6 34 6 -35 -6 -35 -4 -34 -4 -33 -4 13 -1 12 -2 12 -1 12 -1 -15 5 -15 5 -14 5 -14 5 -7 -10 -6 -10 -6 -10 -5 -10 3 13 3 12 2 12 2 12 -5 -18 -3 -17 0 0 0 0 0 0 0 0 0 0 0 0 0 0 0 0 0 0 0 0 0 0 0 22 -2 22 -8 18 -9 18 -9 18 -10 19 -13 12 -13 12 -14 12 -14 12 -17 9 -18 9 -18 8 -18 8 -19 4 -20 4 -20 4 -20 4 -12 -4 -12 -5 -13 -5 -13 -5 -23 15 -23 15 -22 15 29 8 ]
2025-04-01 14:14:32,CSI_DATA,STA,D8:B1:90:DB:E8:90,-52,11,1,7,0,0,1,0,0,0,1,-95,0,3,0,748364394,0,110,0,0,748.761,256,[110 96 6 0 -23 19 -23 19 -21 18 -22 18 -20 18 -20 18 -19 18 -18 17 -17 17 -17 17 -16 17 -16 17 -16 17 -15 16 -15 16 -14 15 -14 14 -14 13 -13 12 -13 12 -12 12 -12 10 -12 10 -11 9 -11 8 0 0 0 0 0 0 0 0 0 0 0 0 0 0 0 0 0 0 0 0 0 0 -12 15 -14 14 -14 14 -15 14 -16 14 -17 14 -18 13 -19 13 -19 13 -20 13 -22 13 -23 14 -23 13 -23 14 -23 14 -23 14 -23 15 -23 15 -23 15 -23 16 -22 16 -23 17 -24 18 -23 1
2025-04-01 14:14:34,CSI_DATA,STA,D8:B1:90:DB:E8:90,-54,11,1,7,0,0,1,1,1,0,1,-95,0,3,0,748865073,0,110,0,0,749.262,384,[110 96 6 0 -33 -22 -32 -21 -30 -19 -27 -16 -25 -13 -21 -9 -19 -5 -16 0 -13 4 -9 8 -6 12 -4 15 -1 18 1 20 2 22 3 23 3 23 2 23 2 22 0 21 -2 19 -4 17 -6 16 -8 14 -10 12 0 0 0 0 0 0 0 0 0 0 0 0 0 0 0 0 0 0 0 0 0 0 -8 -21 -7 -20 -7 -19 -7 -17 -8 -15 -9 -13 -10 -10 -13 -8 -15 -6 -17 -4 -20 -2 -22 0 -24 1 -26 2 -27 3 -29 3 -30 3 -32 2 -32 0 -33 -1 -35 -4 -35 -7 -36 -9 -36 -13 -36 -16 -36 -19 ]
2025-04-01 14:14:34,CSI_DATA,STA,D8:B1:90:DB:E8:90,-54,11,1,7,0,0,1,0,0,0,1,-95,0,3,0,749365783,0,110,0,0,749.762,256,[110 96 6 0 19 -30 18 -28 17 -27 14 -24 11 -22 7 -19 4 -16 -1 -13 -3 -11 -7 -8 -11 -5 -14 -3 -16 -1 -18 1 -20 2 -21 2 -21 3 -21 2 -21 1 -20 0 -19 -2 -18 -4 -16 -5 -15 -7 -14 -10 0 0 0 0 0 0 0 0 0 0 0 0 0 0 0 0 0 0 0 0 0 0 18 -4 18 -4 18 -5 15 -6 14 -6 11 -6 10 -11 9 -11 5 -14 5 -13 2 -17 1 -18 1 -21 0 -22 0 -25 -1 -26 -1 -27 0 -29 2 -29 3 -30 5 -31 7 -32 11 -33 13 -33 15 -33 18 -32 ]
2025-04-01 14:14:39,CSI_DATA,STA,D8:B1:90:DB:E8:90,-55,11,1,7,0,0,1,0,0,0,1,-95,0,3,0,754380051,0,110,0,0,754.777,256,[110 96 6 0 36 7 34 7 32 7 29 5 25 3 22 1 18 -2 14 -5 10 -8 5 -11 1 -13 -2 -15 -5 -17 -8 -18 -10 -20 -11 -21 -11 -20 -10 -21 -9 -21 -7 -20 -6 -19 -3 -18 -1 -17 2 -16 4 -15 0 0 0 0 0 0 0 0 0 0 0 0 0 0 0 0 0 0 0 0 0 0 17 16 10 13 12 14 11 9 10 8 12 8 10 7 11 3 15 2 14 -1 15 -3 18 -6 19 -8 21 -10 22 -11 23 -11 25 -11 27 -11 28 -11 29 -9 31 -8 33 -5 34 -3 36 -1 37 2 38 4 ]
2025-04-01 14:14:39,CSI_DATA,STA,D8:B1:90:DB:E8:90,-55,11,1,5,0,0,1,1,1,0,0,-95,0,3,0,754884135,0,110,0,0,755.281,384,[110 96 6 0 -3 36 -3 34 -3 31 -2 28 0 25 2 21 5 17 7 13 9 8 11 4 14 0 16 -3 17 -6 18 -9 19 -10 20 -11 20 -11 20 -11 19 -10 18 -7 17 -6 16 -3 15 0 14 2 13 4 0 0 0 0 0 0 0 0 0 0 0 0 0 0 0 0 0 0 0 0 0 0 -12 14 -11 13 -9 18 -7 15 -9 14 -2 15 -3 12 0 14 5 13 5 13 8 16 11 17 12 18 14 19 15 20 15 21 16 22 16 24 15 26 14 28 13 30 11 31 8 33 6 35 3 36 1 37 ]
2025-04-01 14:14:41,CSI_DATA,STA,D8:B1:90:DB:E8:90,-54,11,1,6,0,0,1,0,0,0,1,-95,0,3,0,756889812,0,110,0,0,757.286,256,[110 96 6 0 -14 -36 -13 -34 -12 -30 -12 -27 -13 -22 -13 -18 -13 -13 -13 -8 -13 -3 -13 1 -14 5 -14 9 -14 12 -13 15 -14 17 -14 17 -15 17 -15 16 -14 15 -15 13 -15 11 -15 8 -16 6 -16 4 -16 1 0 0 0 0 0 0 0 0 0 0 0 0 0 0 0 0 0 0 0 0 0 0 4 -20 4 -18 3 -17 1 -16 0 -16 -2 -15 -5 -14 -7 -14 -10 -14 -13 -14 -15 -14 -18 -14 -19 -15 -21 -16 -23 -17 -24 -18 -25 -19 -25 -20 -25 -22 -24 -24 -24 -27 -23 -29 -
2025-04-01 14:14:43,CSI_DATA,STA,D8:B1:90:DB:E8:90,-53,11,1,7,0,0,1,0,0,0,0,-95,0,3,0,758899885,0,110,0,0,759.296,256,[110 96 6 0 -29 5 -29 5 -27 5 -26 6 -26 7 -25 7 -24 7 -23 8 -23 8 -22 9 -22 9 -21 8 -21 8 -20 7 -20 7 -19 7 -19 6 -18 6 -17 5 -17 5 -16 5 -15 4 -15 4 -14 3 -14 2 0 0 0 0 0 0 0 0 0 0 0 0 0 0 0 0 0 0 0 0 0 0 -18 8 -19 7 -19 6 -20 6 -21 6 -22 6 -23 5 -23 4 -24 4 -24 4 -26 4 -26 4 -26 3 -26 4 -27 3 -27 3 -28 3 -28 3 -28 3 -28 3 -29 4 -29 4 -28 5 -29 5 -29 5 -29 6 ]
2025-04-01 14:14:44,CSI_DATA,STA,D8:B1:90:DB:E8:90,-53,11,1,6,0,0,1,0,0,0,1,-95,0,3,0,759400682,0,110,0,0,759.797,256,[110 96 6 0 -28 4 -28 4 -27 5 -26 5 -25 6 -25 6 -24 5 -24 6 -23 6 -22 6 -22 6 -22 6 -22 6 -21 6 -20 6 -19 6 -18 5 -18 4 -16 4 -17 4 -16 4 -15 3 -15 2 -14 2 -14 1 0 0 0 0 0 0 0 0 0 0 0 0 0 0 0 0 0 0 0 0 0 0 -16 6 -17 5 -19 5 -20 5 -20 4 -21 5 -21 3 -22 2 -23 2 -24 1 -25 2 -25 2 -26 2 -26 2 -25 2 -25 2 -25 2 -25 2 -27 3 -26 4 -27 5 -27 4 -28 5 -28 4 -28 4 -27 5 ]
2025-04-01 14:14:45,CSI_DATA,STA,D8:B1:90:DB:E8:90,-54,11,1,7,0,0,1,0,0,0,1,-95,0,3,0,760908483,0,110,0,0,761.305,256,[110 96 6 0 23 31 21 30 20 27 18 23 18 20 17 15 16 10 15 5 13 0 12 -4 11 -8 10 -12 9 -15 9 -18 8 -20 9 -21 9 -21 9 -21 10 -20 10 -18 11 -16 12 -14 13 -11 14 -9 15 -7 0 0 0 0 0 0 0 0 0 0 0 0 0 0 0 0 0 0 0 0 0 0 0 21 0 20 0 18 1 17 3 16 4 14 6 13 9 12 11 11 14 10 16 9 18 9 20 9 23 9 24 9 26 9 26 11 28 11 29 13 29 15 29 18 30 20 29 23 28 26 27 28 26 30 ]
2025-04-01 14:14:47,CSI_DATA,STA,D8:B1:90:DB:E8:90,-53,11,1,7,0,0,1,0,0,0,1,-95,0,3,0,763411437,0,110,0,0,763.808,256,[110 96 6 0 6 31 6 30 6 28 6 26 6 22 7 18 8 14 9 11 10 6 11 3 12 -1 13 -4 14 -7 14 -9 15 -11 15 -12 16 -12 16 -12 16 -11 15 -9 15 -7 14 -5 14 -3 13 -1 13 1 0 0 0 0 0 0 0 0 0 0 0 0 0 0 0 0 0 0 0 0 0 0 -4 19 -5 18 -4 16 -3 16 -2 15 -1 15 1 14 4 14 6 14 8 14 11 14 12 15 14 15 16 15 18 16 18 16 19 18 19 18 20 20 19 21 19 23 17 25 16 27 15 29 13 31 10 32 ]
2025-04-01 14:14:51,CSI_DATA,STA,D8:B1:90:DB:E8:90,-53,11,1,7,0,0,1,0,0,0,1,-94,0,3,0,767424375,0,110,0,0,767.821,256,[110 96 6 0 -30 6 -29 6 -28 6 -28 7 -27 7 -26 7 -25 8 -25 8 -24 8 -24 8 -23 8 -23 9 -22 9 -22 8 -22 8 -20 8 -20 7 -19 7 -18 6 -17 6 -16 5 -16 5 -16 4 -15 2 -15 1 0 0 0 0 0 0 0 0 0 0 0 0 0 0 0 0 0 0 0 0 0 0 -19 7 -20 5 -21 5 -22 4 -22 5 -23 4 -24 4 -25 3 -25 4 -26 3 -27 2 -28 1 -28 1 -27 1 -27 2 -29 2 -29 3 -29 3 -30 3 -30 4 -29 4 -30 5 -30 5 -30 5 -31 5 -30 6 ]
2025-04-01 14:14:54,CSI_DATA,STA,D8:B1:90:DB:E8:90,-60,11,1,7,0,0,1,0,0,0,1,-96,0,3,0,769431479,0,110,0,0,769.828,256,[110 96 6 0 8 -14 8 -14 8 -12 -7 -33 -6 -33 -4 -33 -3 -32 -16 -8 -16 -8 -15 -8 -14 -8 2 -9 3 -8 3 -8 4 -8 23 -3 22 -2 21 -1 20 -1 7 -12 7 -12 7 -10 8 -10 -13 10 -13 8 0 0 0 0 0 0 0 0 0 0 0 0 0 0 0 0 0 0 0 0 0 0 0 -28 3 -28 9 -20 11 -19 13 -19 14 -19 18 -15 19 -15 21 -13 22 -12 25 -5 26 -4 26 -2 26 -1 22 11 21 13 21 14 21 14 12 10 11 11 10 12 10 12 -9 -21 -9 -22 -8 -22 -25 31 ]
2025-04-01 14:14:54,CSI_DATA,STA,D8:B1:90:DB:E8:90,-54,11,1,7,0,0,1,1,1,0,1,-96,0,3,0,769932110,0,110,0,0,770.329,384,[110 96 6 0 30 -21 30 -20 28 -18 25 -17 21 -16 17 -16 12 -16 8 -15 3 -15 -2 -15 -6 -14 -11 -14 -14 -14 -16 -13 -18 -13 -19 -13 -19 -13 -19 -13 -17 -14 -16 -14 -14 -14 -11 -14 -8 -14 -5 -14 -2 -15 0 0 0 0 0 0 0 0 0 0 0 0 0 0 0 0 0 0 0 0 0 0 22 -8 19 -9 18 -5 14 -3 14 -7 14 -7 15 -10 12 -13 10 -12 10 -16 8 -17 7 -20 7 -22 7 -24 7 -26 7 -27 8 -28 9 -28 11 -29 13 -29 15 -30 18 -29 21 -28 24 -27 2
2025-04-01 14:14:54,CSI_DATA,STA,D8:B1:90:DB:E8:90,-54,11,1,7,0,0,1,1,1,0,1,-95,0,3,0,770434000,0,110,0,0,770.831,384,[110 96 6 0 25 -30 25 -28 23 -26 20 -24 17 -23 13 -21 8 -19 3 -17 -1 -15 -6 -14 -10 -12 -14 -10 -17 -9 -20 -8 -22 -8 -22 -7 -23 -8 -22 -8 -21 -9 -19 -9 -18 -10 -15 -11 -12 -12 -10 -13 -7 -14 0 0 0 0 0 0 0 0 0 0 0 0 0 0 0 0 0 0 0 0 0 0 19 -11 18 -10 17 -9 16 -10 14 -10 12 -12 10 -13 9 -14 7 -16 5 -18 4 -21 3 -23 1 -25 1 -26 0 -28 0 -30 0 -31 2 -31 3 -33 5 -33 7 -34 10 -34 13 -34 17 -34 20 -33
2025-04-01 14:14:55,CSI_DATA,STA,D8:B1:90:DB:E8:90,-54,11,1,7,0,0,1,0,0,0,0,-95,0,3,0,771441921,0,110,0,0,771.839,256,[110 96 6 0 28 -20 26 -19 24 -18 21 -17 17 -16 14 -15 9 -14 5 -13 1 -12 -3 -11 -7 -10 -10 -9 -13 -9 -15 -9 -17 -9 -18 -9 -19 -9 -18 -10 -17 -11 -16 -11 -14 -12 -13 -13 -11 -14 -8 -15 -7 -15 0 0 0 0 0 0 0 0 0 0 0 0 0 0 0 0 0 0 0 0 0 0 19 -1 18 0 17 -1 15 -2 14 -3 13 -5 12 -6 11 -9 10 -10 9 -13 9 -15 9 -17 9 -19 9 -21 10 -22 10 -23 10 -24 13 -25 13 -26 15 -26 17 -27 20 -26 21 -26 23 -26 26 -25
2025-04-01 14:14:57,CSI_DATA,STA,D8:B1:90:DB:E8:90,-54,11,1,6,0,0,1,0,0,0,1,-95,0,3,0,772943495,0,110,0,0,773.34,256,[110 96 6 0 11 -37 11 -36 9 -32 8 -30 4 -26 2 -23 -1 -19 -4 -15 -7 -11 -10 -9 -14 -5 -16 -2 -19 0 -20 2 -22 3 -22 4 -23 4 -23 3 -22 2 -21 0 -20 -2 -19 -3 -18 -6 -16 -8 -15 -10 0 0 0 0 0 0 0 0 0 0 0 0 0 0 0 0 0 0 0 0 0 0 15 -15 15 -14 13 -14 12 -14 10 -14 8 -14 6 -15 4 -16 1 -18 -1 -19 -2 -21 -4 -23 -6 -24 -7 -26 -8 -28 -8 -28 -8 -30 -7 -31 -6 -33 -5 -34 -4 -35 -1 -37 1 -38 3 -39 5 -39 8 -40 ]
2025-04-01 14:14:59,CSI_DATA,STA,D8:B1:90:DB:E8:90,-53,11,1,7,0,0,1,0,0,0,1,-95,0,3,0,774950618,0,110,0,0,775.347,256,[110 96 6 0 30 10 30 10 29 9 28 9 28 9 27 8 26 8 26 6 26 5 25 5 25 5 25 4 24 4 24 4 24 4 22 5 20 4 20 4 19 4 18 5 17 5 17 5 16 5 15 5 14 6 0 0 0 0 0 0 0 0 0 0 0 0 0 0 0 0 0 0 0 0 0 0 23 5 21 4 20 4 20 6 22 7 22 6 24 7 28 8 24 10 25 9 25 8 25 12 26 13 26 13 25 12 26 11 26 11 27 11 28 11 28 10 29 10 29 10 30 10 30 11 30 11 31 11 ]
2025-04-01 14:14:59,CSI_DATA,STA,D8:B1:90:DB:E8:90,-53,11,1,7,0,0,1,0,0,0,1,-95,0,3,0,775451807,0,110,0,0,775.848,256,[110 96 6 0 30 -5 30 -5 28 -6 28 -5 28 -6 28 -6 26 -6 26 -7 26 -7 25 -8 24 -8 24 -8 23 -7 22 -7 22 -7 22 -6 21 -6 20 -5 19 -5 18 -5 17 -5 16 -4 15 -4 15 -3 15 -3 0 0 0 0 0 0 0 0 0 0 0 0 0 0 0 0 0 0 0 0 0 0 21 -10 24 -7 22 -5 16 -5 25 -4 22 -2 23 -1 25 -3 25 -3 26 -2 28 -2 27 -2 28 -1 28 -1 27 -3 27 -3 28 -3 28 -3 29 -3 29 -3 30 -4 31 -4 30 -5 31 -5 31 -5 31 -5 ]
2025-04-01 14:15:00,CSI_DATA,STA,D8:B1:90:DB:E8:90,-53,11,1,7,0,0,1,0,0,0,1,-95,0,3,0,776453837,0,110,0,0,776.85,256,[110 96 6 0 -29 -13 -29 -13 -28 -12 -28 -12 -27 -11 -27 -11 -26 -10 -26 -9 -25 -8 -25 -8 -25 -8 -24 -6 -24 -6 -22 -6 -22 -6 -22 -6 -21 -6 -21 -6 -19 -6 -19 -5 -18 -5 -16 -5 -16 -5 -15 -6 -15 -6 0 0 0 0 0 0 0 0 0 0 0 0 0 0 0 0 0 0 0 0 0 0 -20 -5 -21 -6 -20 -8 -21 -9 -20 -9 -21 -10 -22 -11 -23 -12 -23 -13 -23 -13 -24 -13 -24 -13 -24 -14 -24 -13 -24 -15 -23 -15 -24 -15 -24 -15 -26 -16 -26 -15 -27
2025-04-01 14:15:01,CSI_DATA,STA,D8:B1:90:DB:E8:90,-55,11,1,7,0,0,1,1,1,0,1,-95,0,3,0,776960199,0,110,0,0,777.357,384,[110 96 6 0 -31 -23 -30 -23 -27 -20 -25 -18 -23 -15 -21 -10 -18 -6 -16 -2 -13 2 -11 6 -9 10 -7 14 -5 16 -3 18 -3 20 -2 21 -2 21 -2 21 -3 20 -4 19 -5 17 -6 15 -8 13 -10 11 -12 8 0 0 0 0 0 0 0 0 0 0 0 0 0 0 0 0 0 0 0 0 0 0 -9 -21 -7 -20 -7 -19 -7 -17 -8 -16 -9 -14 -10 -12 -12 -10 -14 -8 -16 -6 -19 -5 -21 -4 -23 -2 -25 -1 -26 0 -28 0 -30 -1 -31 -2 -32 -3 -33 -4 -34 -6 -34 -9 -35 -12 -35 -15 -35
2025-04-01 14:15:01,CSI_DATA,STA,D8:B1:90:DB:E8:90,-53,11,1,7,0,0,1,0,0,0,1,-95,0,3,0,777461621,0,110,0,0,777.859,256,[110 96 6 0 -20 -28 -18 -27 -17 -24 -16 -22 -15 -18 -14 -15 -13 -11 -12 -7 -12 -3 -11 1 -11 5 -11 8 -10 11 -10 13 -10 15 -10 16 -11 16 -11 16 -11 15 -12 14 -13 12 -13 11 -14 8 -14 6 -15 4 0 0 0 0 0 0 0 0 0 0 0 0 0 0 0 0 0 0 0 0 0 0 -2 -20 -1 -19 -2 -18 -2 -17 -3 -16 -5 -15 -7 -14 -9 -13 -10 -12 -13 -12 -15 -11 -17 -11 -19 -10 -21 -10 -22 -11 -24 -11 -25 -12 -25 -13 -26 -14 -26 -15 -26 -17 -26
2025-04-01 14:15:04,CSI_DATA,STA,00:00:00:00:00:00,-54,11,0,0,0,0,0,0,0,0,0,-95,0,3,0,780013113,0,14,0,0,780.41,128,[14 -32 0 0 32 20 30 20 28 18 26 16 24 13 21 9 19 5 16 1 13 -4 11 -7 8 -11 6 -15 4 -17 3 -20 2 -21 2 -22 2 -23 2 -22 3 -22 4 -20 5 -18 7 -16 9 -14 10 -12 12 -10 0 0 0 0 0 0 0 0 0 0 0 0 0 0 0 0 0 0 0 0 0 0 11 19 10 19 9 17 8 16 9 15 10 13 11 11 13 9 15 7 17 5 19 4 21 2 23 0 25 0 26 -2 28 -2 30 -2 31 -1 33 0 33 1 34 3 36 6 36 8 36 12 36 14 36 17 ]
2025-04-01 14:15:10,CSI_DATA,STA,D8:B1:90:DB:E8:90,-55,11,1,7,0,0,1,0,0,0,1,-95,0,3,0,785990419,0,110,0,0,786.387,256,[110 96 6 0 31 20 29 20 27 18 25 16 23 12 20 9 18 5 16 0 13 -4 10 -8 7 -12 5 -16 3 -18 2 -21 0 -22 0 -23 0 -23 0 -23 1 -23 2 -21 3 -19 5 -17 7 -15 8 -13 10 -11 0 0 0 0 0 0 0 0 0 0 0 0 0 0 0 0 0 0 0 0 0 0 10 19 9 18 8 16 9 15 9 13 9 11 11 9 13 7 15 5 16 3 19 1 21 0 23 -2 25 -3 26 -3 28 -4 29 -3 30 -3 31 -2 32 0 32 2 34 5 34 8 34 11 34 14 34 17 ]
2025-04-01 14:15:11,CSI_DATA,STA,D8:B1:90:DB:E8:90,-53,11,1,7,0,0,1,1,0,0,1,-95,0,3,0,786498119,0,110,0,0,786.895,256,[110 96 6 0 -7 -29 -7 -28 -7 -28 -7 -28 -7 -26 -7 -26 -8 -25 -9 -25 -9 -25 -9 -24 -9 -23 -9 -22 -9 -22 -8 -21 -8 -20 -8 -21 -7 -19 -7 -19 -7 -18 -6 -17 -5 -17 -5 -16 -4 -16 -3 -16 -2 -16 0 0 0 0 0 0 0 0 0 0 0 0 0 0 0 0 0 0 0 0 0 0 -8 -18 -7 -19 -7 -20 -6 -21 -6 -22 -5 -22 -5 -23 -5 -24 -4 -25 -4 -26 -4 -26 -3 -26 -4 -27 -3 -27 -3 -27 -4 -27 -4 -27 -4 -27 -5 -28 -6 -28 -6 -29 -6 -29 -6 -29 -7
2025-04-01 14:15:17,CSI_DATA,STA,D8:B1:90:DB:E8:90,-52,11,1,6,0,0,1,0,0,0,1,-96,0,3,0,792998322,0,110,0,0,793.395,256,[110 96 6 0 14 -39 14 -37 12 -33 10 -32 7 -28 4 -25 0 -21 -3 -18 -7 -13 -10 -10 -14 -7 -17 -4 -20 -2 -21 0 -23 1 -24 2 -25 2 -25 1 -24 0 -23 -1 -21 -3 -20 -4 -19 -7 -17 -9 -15 -11 0 0 0 0 0 0 0 0 0 0 0 0 0 0 0 0 0 0 0 0 0 0 17 -16 17 -15 16 -14 14 -14 12 -15 10 -15 8 -15 5 -17 3 -18 0 -19 -2 -21 -4 -23 -6 -25 -7 -27 -8 -29 -8 -29 -8 -31 -7 -32 -7 -34 -5 -34 -3 -37 0 -38 2 -39 4 -41 7 -41 11 -
2025-04-01 14:15:17,CSI_DATA,STA,D8:B1:90:DB:E8:90,-52,11,1,7,0,0,1,0,0,0,0,-96,0,3,0,793498398,0,110,0,0,793.895,256,[110 96 6 0 -22 -21 -21 -20 -21 -19 -20 -19 -20 -18 -20 -18 -20 -17 -20 -16 -20 -15 -19 -14 -19 -14 -18 -15 -18 -14 -18 -14 -17 -14 -17 -14 -16 -13 -16 -12 -15 -13 -13 -13 -12 -12 -12 -12 -11 -12 -10 -11 -10 -11 0 0 0 0 0 0 0 0 0 0 0 0 0 0 0 0 0 0 0 0 0 0 -17 -12 -16 -12 -17 -13 -17 -14 -17 -15 -17 -15 -18 -16 -17 -17 -18 -18 -18 -19 -18 -19 -18 -20 -17 -21 -18 -20 -18 -20 -19 -20 -19 -20 -20
2025-04-01 14:15:18,CSI_DATA,STA,D8:B1:90:DB:E8:90,-51,11,1,6,0,0,1,0,0,0,1,-96,0,3,0,793998927,0,110,0,0,794.395,256,[110 96 6 0 -30 4 -28 4 -29 4 -27 4 -26 4 -26 4 -25 4 -26 5 -25 5 -24 6 -23 5 -23 6 -22 6 -22 6 -21 6 -21 6 -20 5 -19 5 -18 4 -18 4 -17 3 -17 3 -17 2 -15 2 -15 2 0 0 0 0 0 0 0 0 0 0 0 0 0 0 0 0 0 0 0 0 0 0 -18 8 -18 6 -19 5 -20 5 -21 5 -21 4 -24 4 -25 3 -26 3 -26 2 -26 2 -26 2 -26 1 -26 1 -26 1 -27 2 -27 2 -28 2 -27 2 -28 2 -28 2 -29 2 -29 4 -28 4 -29 4 -30 4 ]
2025-04-01 14:15:19,CSI_DATA,STA,D8:B1:90:DB:E8:90,-54,11,1,7,0,0,1,0,0,0,1,-96,0,3,0,795000088,0,110,0,0,795.397,256,[110 96 6 0 36 9 34 9 32 7 28 6 25 4 22 2 18 -1 14 -5 10 -7 6 -10 3 -13 0 -15 -2 -17 -4 -19 -6 -20 -6 -21 -6 -21 -5 -22 -4 -21 -2 -20 0 -20 2 -19 4 -18 6 -16 8 -15 0 0 0 0 0 0 0 0 0 0 0 0 0 0 0 0 0 0 0 0 0 0 14 15 13 15 13 13 11 12 14 10 14 8 16 7 13 5 17 2 18 -1 18 -2 20 -4 22 -6 23 -7 24 -8 26 -9 27 -9 29 -9 30 -8 32 -7 33 -5 35 -3 36 -1 38 1 38 3 39 6 ]
2025-04-01 14:15:20,CSI_DATA,STA,D8:B1:90:DB:E8:90,-53,11,1,5,0,0,1,0,0,0,1,-94,0,3,0,796014803,0,110,0,0,796.411,256,[110 96 6 0 -9 24 -9 24 -9 24 -8 22 -7 22 -7 21 -6 21 -5 21 -4 21 -5 20 -3 21 -6 18 -5 19 -4 19 -4 18 -4 18 -3 17 -4 16 -4 16 -4 14 -3 13 -4 13 -4 12 -4 12 -4 11 0 0 0 0 0 0 0 0 0 0 0 0 0 0 0 0 0 0 0 0 0 0 -3 17 -4 16 -5 16 -6 16 -7 17 -7 17 -8 19 -9 19 -9 20 -10 20 -9 20 -10 20 -10 20 -10 20 -11 21 -11 22 -11 21 -10 22 -10 22 -10 23 -9 23 -10 23 -9 23 -9 23 -9 23 -9 24 ]
2025-04-01 14:15:22,CSI_DATA,STA,D8:B1:90:DB:E8:90,-55,11,1,6,0,0,1,0,0,0,1,-94,0,3,0,798514423,0,110,0,0,798.911,256,[110 96 6 0 -39 -5 -37 -5 -33 -5 -31 -3 -27 -1 -23 0 -18 3 -15 5 -10 7 -7 10 -3 11 0 14 3 16 5 17 7 18 7 19 7 19 7 20 6 20 4 20 1 19 0 18 -3 18 -5 17 -8 16 0 0 0 0 0 0 0 0 0 0 0 0 0 0 0 0 0 0 0 0 0 0 -17 -15 -17 -15 -15 -13 -15 -12 -14 -10 -15 -8 -15 -5 -16 -3 -17 0 -18 2 -19 4 -20 6 -21 8 -23 9 -24 11 -26 11 -28 11 -29 11 -31 10 -32 10 -35 8 -37 6 -38 5 -39 3 -41 0 -42 -2 ]
2025-04-01 14:15:28,CSI_DATA,STA,D8:B1:90:DB:E8:90,-53,11,1,6,0,0,1,0,0,0,1,-96,0,3,0,804037275,0,110,0,0,804.434,256,[110 96 6 0 -2 40 -2 38 -2 34 0 32 1 28 2 24 5 20 7 15 9 10 11 6 14 2 16 -1 17 -4 19 -6 20 -8 21 -8 21 -9 21 -8 21 -7 20 -5 19 -3 19 -1 17 1 17 4 16 6 0 0 0 0 0 0 0 0 0 0 0 0 0 0 0 0 0 0 0 0 0 0 -12 20 -12 19 -12 18 -10 17 -8 17 -5 16 -3 16 -1 17 2 18 5 18 7 19 9 20 11 21 13 23 14 24 15 25 15 26 15 28 15 29 14 31 12 34 10 36 9 37 7 39 4 41 1 41 ]
2025-04-01 14:15:30,CSI_DATA,STA,D8:B1:90:DB:E8:90,-55,11,1,6,0,0,1,0,0,0,1,-96,0,3,0,806045109,0,110,0,0,806.442,256,[110 96 6 0 26 26 24 25 24 23 22 21 21 17 19 13 18 9 16 4 15 0 13 -4 10 -8 9 -14 7 -12 9 -18 7 -21 7 -21 7 -21 6 -22 7 -21 7 -19 8 -17 9 -15 10 -12 11 -9 12 -7 0 0 0 0 0 0 0 0 0 0 0 0 0 0 0 0 0 0 0 0 0 0 9 20 8 18 7 18 7 16 8 15 9 13 11 11 12 9 14 6 16 5 18 3 21 2 23 1 25 1 26 0 27 0 29 0 30 1 30 2 31 4 32 6 32 10 32 13 31 17 31 20 30 22 ]
2025-04-01 14:15:31,CSI_DATA,STA,D8:B1:90:DB:E8:90,-53,11,1,7,0,0,1,0,0,0,1,-96,0,3,0,807557673,0,110,0,0,807.954,256,[110 96 6 0 17 -31 16 -29 15 -27 13 -25 10 -23 7 -20 3 -18 0 -15 -4 -13 -7 -10 -11 -8 -14 -6 -16 -4 -18 -2 -19 -1 -20 -1 -21 -1 -21 -2 -20 -2 -19 -4 -18 -5 -16 -6 -15 -7 -13 -9 -11 -11 0 0 0 0 0 0 0 0 0 0 0 0 0 0 0 0 0 0 0 0 0 0 18 -11 17 -9 16 -9 14 -9 13 -9 11 -10 8 -11 6 -13 4 -14 3 -17 1 -18 0 -20 -2 -22 -3 -23 -3 -25 -3 -26 -3 -27 -2 -29 -1 -30 1 -31 3 -32 5 -33 7 -34 10 -34 12 -34 15 -3
2025-04-01 14:15:33,CSI_DATA,STA,D8:B1:90:DB:E8:90,-53,11,1,6,0,0,1,0,0,0,1,-96,0,3,0,809061397,0,110,0,0,809.458,256,[110 96 6 0 28 -27 27 -26 25 -24 22 -23 18 -21 14 -20 9 -19 4 -18 0 -16 -5 -15 -10 -13 -14 -12 -17 -11 -19 -10 -22 -9 -22 -9 -23 -9 -22 -9 -21 -10 -19 -10 -17 -10 -15 -11 -12 -12 -9 -12 -7 -14 0 0 0 0 0 0 0 0 0 0 0 0 0 0 0 0 0 0 0 0 0 0 21 -10 21 -8 19 -8 17 -8 15 -9 13 -10 12 -11 9 -13 8 -16 6 -18 4 -21 3 -24 2 -26 1 -28 1 -30 1 -31 2 -32 3 -33 5 -34 7 -34 9 -34 13 -34 15 -33 19 -33 22 -32 2
2025-04-01 14:15:35,CSI_DATA,STA,D8:B1:90:DB:E8:90,-52,11,1,6,0,0,1,0,0,0,1,-96,0,3,0,811062070,0,110,0,0,811.459,256,[110 96 6 0 -5 31 -5 31 -4 29 -4 28 -3 28 -3 27 -2 26 -2 26 -2 26 -2 25 -1 25 -1 23 0 23 0 22 0 22 -1 21 -1 20 -1 20 -1 19 -1 19 -2 18 -2 17 -2 16 -3 15 -4 14 0 0 0 0 0 0 0 0 0 0 0 0 0 0 0 0 0 0 0 0 0 0 -1 20 -2 21 -2 21 -3 22 -4 22 -5 23 -4 24 -5 26 -6 26 -7 26 -8 27 -8 27 -8 27 -8 27 -8 27 -9 27 -8 27 -8 27 -7 29 -6 30 -6 30 -6 30 -5 31 -5 31 -5 32 -6 30 ]
2025-04-01 14:15:38,CSI_DATA,STA,D8:B1:90:DB:E8:90,-52,11,1,7,0,0,1,0,0,0,1,-96,0,3,0,814573367,0,110,0,0,814.97,256,[110 96 6 0 29 -5 29 -6 28 -6 27 -6 27 -6 26 -7 25 -7 24 -8 23 -8 22 -8 22 -8 22 -9 21 -9 21 -9 21 -8 20 -7 19 -6 18 -6 17 -6 16 -6 16 -6 15 -5 15 -4 14 -4 14 -3 0 0 0 0 0 0 0 0 0 0 0 0 0 0 0 0 0 0 0 0 0 0 19 -7 20 -6 19 -6 20 -5 21 -5 22 -4 24 -4 25 -4 25 -3 26 -2 26 -3 26 -2 27 -2 27 -2 27 -2 27 -2 27 -3 28 -4 28 -4 27 -5 28 -5 29 -5 29 -5 29 -5 30 -5 30 -5 ]
2025-04-01 14:15:42,CSI_DATA,STA,D8:B1:90:DB:E8:90,-52,11,1,7,0,0,1,0,0,0,1,-96,0,3,0,818088332,0,110,0,0,818.485,256,[110 96 6 0 13 -27 12 -27 12 -26 11 -25 11 -25 11 -25 10 -24 9 -25 8 -24 7 -23 7 -23 7 -23 7 -23 7 -22 7 -21 6 -20 6 -19 6 -19 6 -17 7 -17 6 -17 6 -16 6 -15 6 -14 6 -13 0 0 0 0 0 0 0 0 0 0 0 0 0 0 0 0 0 0 0 0 0 0 3 -20 5 -20 6 -20 6 -20 7 -21 8 -21 9 -22 10 -23 12 -23 11 -23 12 -24 12 -23 13 -23 13 -23 13 -24 13 -24 13 -24 13 -25 12 -25 12 -25 12 -26 13 -26 12 -26 11 -27 12 -26 13 -28 ]
2025-04-01 14:15:45,CSI_DATA,STA,D8:B1:90:DB:E8:90,-52,11,1,7,0,0,1,0,0,0,1,-96,0,3,0,820592507,0,110,0,0,820.989,256,[110 96 6 0 2 32 2 32 2 30 3 31 3 30 3 29 4 28 4 27 4 27 4 26 4 25 5 25 5 25 5 23 5 23 4 22 3 21 3 20 3 20 2 18 3 17 2 17 2 16 1 16 0 16 0 0 0 0 0 0 0 0 0 0 0 0 0 0 0 0 0 0 0 0 0 0 6 21 3 20 6 23 5 25 5 24 3 24 5 26 5 26 2 27 1 28 2 26 0 29 0 29 0 30 0 28 0 29 1 29 0 29 1 31 2 31 2 31 2 31 2 32 2 32 1 32 2 33 ]
2025-04-01 14:15:45,CSI_DATA,STA,00:00:00:00:00:00,-54,11,0,0,0,0,0,0,0,0,0,-96,0,3,0,820771904,0,14,0,0,821.168,128,[14 -32 0 0 -24 -31 -23 -29 -21 -26 -20 -23 -19 -19 -18 -15 -16 -10 -15 -5 -14 0 -12 5 -10 10 -10 13 -8 17 -7 19 -7 21 -7 22 -7 22 -7 22 -7 20 -8 19 -9 17 -10 14 -12 12 -12 10 -14 7 0 0 0 0 0 0 0 0 0 0 0 0 0 0 0 0 0 0 0 0 0 0 -2 -22 -1 -21 -2 -20 -2 -18 -4 -16 -5 -14 -8 -13 -10 -11 -13 -9 -16 -9 -19 -7 -22 -7 -23 -6 -26 -6 -26 -5 -29 -6 -29 -7 -30 -8 -30 -10 -30 -12 -31 -15 -31 -18 -30 -20 -29
2025-04-01 14:15:45,CSI_DATA,STA,D8:B1:90:DB:E8:90,-59,11,1,7,0,0,1,0,0,0,1,-96,0,3,0,820773486,0,100,0,0,821.23,256,[100 -64 5 0 10 -26 7 -26 6 -26 16 9 16 7 16 6 15 5 13 2 13 1 13 0 12 -1 2 17 3 16 4 15 4 15 9 9 9 8 9 7 9 7 0 -3 0 -3 0 -3 -1 -3 14 -11 13 -11 0 0 0 0 0 0 0 0 0 0 0 0 0 0 0 0 0 0 0 0 0 0 -14 -22 -14 -22 -10 -9 -11 -9 -11 -9 -11 -8 -15 -12 -16 -13 -16 -12 -17 -12 -11 -17 -12 -16 -13 -15 -13 -14 -20 -10 -21 -9 -22 -8 -22 -6 -21 -3 -21 -1 -21 -1 -21 1 -28 7 -28 8 -27 10 5 -17 ]
2025-04-01 14:15:51,CSI_DATA,STA,D8:B1:90:DB:E8:90,-54,11,1,7,0,0,1,0,0,0,1,-96,0,3,0,826604230,0,110,0,0,827.001,256,[110 96 6 0 34 16 32 15 30 14 27 12 25 9 22 5 19 2 15 -2 14 -7 10 -11 9 -17 6 -17 1 -17 -1 -21 -1 -22 -2 -24 -2 -24 -1 -23 -1 -22 1 -21 2 -20 4 -18 6 -16 8 -14 10 -12 0 0 0 0 0 0 0 0 0 0 0 0 0 0 0 0 0 0 0 0 0 0 14 17 13 16 12 15 11 13 12 12 12 10 13 7 14 4 15 2 17 0 19 -2 21 -4 22 -5 24 -7 25 -8 27 -8 28 -8 30 -7 31 -6 32 -4 33 -2 35 1 36 3 36 7 36 10 37 13 ]
2025-04-01 14:15:53,CSI_DATA,STA,D8:B1:90:DB:E8:90,-53,11,1,7,0,0,1,0,0,0,1,-96,0,3,0,829107332,0,110,0,0,829.504,256,[110 96 6 0 28 -28 27 -26 25 -24 21 -23 17 -21 13 -20 8 -17 4 -15 0 -13 -6 -12 -10 -10 -13 -9 -17 -8 -19 -7 -21 -6 -22 -6 -22 -6 -22 -7 -21 -8 -20 -9 -18 -10 -17 -11 -14 -12 -12 -14 -11 -15 0 0 0 0 0 0 0 0 0 0 0 0 0 0 0 0 0 0 0 0 0 0 23 -3 22 -2 19 -3 18 -4 16 -5 14 -7 12 -8 11 -11 9 -13 8 -16 6 -18 6 -21 5 -23 5 -25 5 -27 6 -28 7 -29 8 -30 9 -31 12 -31 14 -33 17 -33 20 -33 22 -33 25 -32 28 -
2025-04-01 14:16:00,CSI_DATA,STA,D8:B1:90:DB:E8:90,-55,11,1,7,0,0,1,0,0,0,1,-95,0,3,0,835117289,0,110,0,0,835.514,256,[110 96 6 0 25 28 24 27 22 25 22 22 20 18 19 14 17 10 16 4 14 -1 13 -6 12 -10 11 -14 10 -18 9 -20 9 -22 8 -23 8 -23 8 -23 9 -22 9 -20 10 -17 10 -15 11 -12 12 -10 13 -6 0 0 0 0 0 0 0 0 0 0 0 0 0 0 0 0 0 0 0 0 0 0 8 22 8 21 11 19 6 18 6 14 12 14 10 10 11 8 16 5 17 5 20 3 22 2 24 1 26 1 28 0 29 0 30 1 31 2 32 4 32 6 33 9 32 13 32 15 32 18 31 22 30 25 ]
2025-04-01 14:16:01,CSI_DATA,STA,D8:B1:90:DB:E8:90,-54,11,1,6,0,0,1,0,0,0,1,-95,0,3,0,837123511,0,110,0,0,837.52,256,[110 96 6 0 -38 -9 -36 -9 -33 -8 -30 -7 -27 -5 -23 -3 -19 0 -16 4 -11 7 -7 10 -3 12 -1 15 2 17 5 19 6 19 6 21 7 20 6 21 5 20 3 20 1 19 -1 18 -3 16 -5 15 -8 13 0 0 0 0 0 0 0 0 0 0 0 0 0 0 0 0 0 0 0 0 0 0 -16 -16 -15 -16 -14 -15 -14 -13 -13 -11 -13 -9 -14 -6 -15 -4 -16 -1 -17 2 -19 4 -20 7 -21 9 -23 10 -24 11 -26 12 -27 11 -29 11 -30 9 -32 9 -34 6 -36 4 -37 2 -38 -1 -39 -4 -40 -6 ]
2025-04-01 14:16:03,CSI_DATA,STA,D8:B1:90:DB:E8:90,-60,11,1,6,0,0,1,0,0,0,1,-95,0,3,0,838630484,0,110,0,0,839.027,256,[110 96 6 0 -3 15 -1 16 0 15 -20 -28 -22 -25 -24 -23 -26 -19 -26 -10 -26 -7 -26 -4 -26 -2 22 -9 21 -11 19 -13 18 -14 15 -13 13 -14 11 -14 10 -15 2 -15 2 -15 0 -14 -1 -15 5 12 5 12 0 0 0 0 0 0 0 0 0 0 0 0 0 0 0 0 0 0 0 0 0 0 17 19 18 19 11 19 12 20 13 19 15 19 8 16 9 16 11 16 11 15 7 11 7 10 8 9 8 9 5 6 5 5 6 5 6 4 5 4 5 4 5 3 6 3 0 28 3 29 5 29 -15 32 ]
2025-04-01 14:16:05,CSI_DATA,STA,00:00:00:00:00:00,-54,11,0,0,0,0,0,0,0,0,0,-95,0,3,0,840013121,0,14,0,0,840.41,128,[14 -32 0 0 29 -28 27 -26 26 -24 22 -23 18 -21 14 -20 10 -18 4 -17 0 -15 -5 -14 -10 -12 -14 -11 -18 -10 -20 -9 -23 -8 -24 -7 -24 -8 -23 -8 -22 -8 -21 -9 -18 -10 -16 -11 -13 -12 -11 -13 -8 -14 0 0 0 0 0 0 0 0 0 0 0 0 0 0 0 0 0 0 0 0 0 0 22 -8 21 -7 20 -7 18 -6 16 -7 14 -9 12 -10 10 -12 8 -15 6 -17 5 -20 3 -22 2 -25 2 -27 1 -29 1 -31 1 -32 3 -33 4 -33 7 -33 10 -34 13 -34 16 -34 19 -33 22 -32 26 -
2025-04-01 14:16:08,CSI_DATA,STA,D8:B1:90:DB:E8:90,-52,11,1,7,0,0,1,0,0,0,1,-95,0,3,0,843164893,0,110,0,0,843.562,256,[110 96 6 0 25 -17 24 -17 24 -16 24 -16 22 -16 22 -16 21 -16 20 -16 20 -16 19 -16 18 -16 17 -16 17 -16 16 -15 16 -15 16 -14 15 -13 15 -12 15 -12 13 -12 13 -11 13 -10 13 -9 12 -8 12 -7 0 0 0 0 0 0 0 0 0 0 0 0 0 0 0 0 0 0 0 0 0 0 14 -15 15 -14 16 -14 17 -13 18 -13 19 -13 19 -13 20 -13 21 -13 21 -13 23 -13 23 -13 23 -13 23 -13 23 -13 24 -14 24 -13 24 -15 24 -14 24 -14 23 -15 24 -16 24 -16 24 -16
2025-04-01 14:16:08,CSI_DATA,STA,D8:B1:90:DB:E8:90,-54,11,1,7,0,0,1,0,0,0,1,-95,0,3,0,843664262,0,110,0,0,844.061,256,[110 96 6 0 -29 -23 -28 -22 -26 -20 -24 -18 -22 -14 -20 -10 -18 -6 -16 -1 -14 3 -12 6 -10 10 -9 14 -7 17 -7 19 -6 21 -6 22 -6 23 -6 23 -7 22 -8 20 -10 18 -10 17 -12 14 -14 12 -15 10 0 0 0 0 0 0 0 0 0 0 0 0 0 0 0 0 0 0 0 0 0 0 -9 -21 -8 -20 -8 -19 -8 -17 -9 -15 -11 -14 -12 -11 -14 -10 -17 -8 -19 -6 -21 -4 -23 -4 -25 -2 -27 -2 -28 -1 -30 -1 -31 -2 -32 -3 -33 -4 -33 -5 -34 -8 -34 -11 -35 -13 -34
2025-04-01 14:16:10,CSI_DATA,STA,D8:B1:90:DB:E8:90,-54,11,1,6,0,0,1,0,0,0,1,-95,0,3,0,845670696,0,110,0,0,846.067,256,[110 96 6 0 -25 24 -24 23 -22 21 -19 19 -16 19 -13 17 -8 15 -4 14 0 11 5 10 9 8 13 7 16 5 18 3 20 3 21 2 22 2 21 2 20 2 19 3 17 4 15 5 12 6 10 7 8 9 0 0 0 0 0 0 0 0 0 0 0 0 0 0 0 0 0 0 0 0 0 0 -20 6 -19 5 -18 5 -16 5 -14 6 -12 7 -10 8 -8 10 -6 13 -4 15 -2 17 -1 19 0 21 1 23 2 24 2 26 1 26 0 27 -1 27 -3 27 -5 28 -8 28 -11 28 -14 28 -17 27 -20 26 ]
2025-04-01 14:16:10,CSI_DATA,STA,D8:B1:90:DB:E8:90,-53,11,1,6,0,0,1,0,0,0,1,-95,0,3,0,846170420,0,110,0,0,846.567,256,[110 96 6 0 32 -1 32 -1 31 -1 30 -1 29 -1 29 -2 28 -2 28 -3 28 -3 27 -3 26 -4 25 -4 25 -4 23 -3 23 -3 22 -3 21 -3 20 -2 20 -2 19 -2 18 -1 17 -1 17 -1 16 1 15 1 0 0 0 0 0 0 0 0 0 0 0 0 0 0 0 0 0 0 0 0 0 0 23 -2 24 -8 21 -4 24 -2 26 0 24 -2 27 -2 27 1 28 -2 27 1 28 1 29 1 29 1 30 1 30 1 30 2 30 1 30 1 30 0 30 0 31 0 32 0 32 -2 33 -2 33 -2 33 -1 ]
2025-04-01 14:16:11,CSI_DATA,STA,D8:B1:90:DB:E8:90,-59,11,1,7,0,0,1,0,0,0,1,-95,0,3,0,846676413,0,110,0,0,847.073,256,[110 96 6 0 15 25 15 25 15 23 8 -4 8 -4 8 -4 7 -4 -28 19 -26 18 -26 18 -25 19 -11 17 -11 16 -10 16 -10 15 6 18 6 18 6 17 6 17 -4 20 -4 19 -4 18 -4 17 0 17 -1 17 0 0 0 0 0 0 0 0 0 0 0 0 0 0 0 0 0 0 0 0 0 0 -3 -4 -3 -4 5 -17 6 -17 6 -17 7 -18 19 -7 19 -7 20 -6 20 -6 20 -1 20 -2 20 -2 20 -2 -15 9 -15 9 -15 9 -15 10 -14 -28 -15 -28 -16 -28 -17 -28 -4 26 -4 27 -4 27 1 -31 ]
2025-04-01 14:16:13,CSI_DATA,STA,D8:B1:90:DB:E8:90,-54,11,1,7,0,0,1,0,0,0,1,-95,0,3,0,848680386,0,110,0,0,849.077,256,[110 96 6 0 -36 -11 -35 -11 -32 -10 -29 -8 -25 -5 -22 -2 -18 0 -14 4 -10 7 -6 9 -2 12 1 15 4 17 7 18 9 19 10 21 10 21 9 21 8 21 7 20 5 20 3 19 0 18 -2 17 -5 16 0 0 0 0 0 0 0 0 0 0 0 0 0 0 0 0 0 0 0 0 0 0 -10 -20 -9 -19 -9 -18 -9 -16 -10 -13 -11 -11 -12 -8 -14 -6 -15 -3 -17 0 -19 2 -21 4 -23 6 -24 7 -25 8 -27 8 -28 8 -29 8 -30 7 -32 6 -34 4 -35 1 -37 0 -37 -4 -38 -6 -39 -8 ]
2025-04-01 14:16:13,CSI_DATA,STA,D8:B1:90:DB:E8:90,-54,11,1,6,0,0,1,0,0,0,1,-95,0,3,0,849180821,0,110,0,0,849.577,256,[110 96 6 0 20 -33 20 -31 18 -28 15 -26 11 -23 7 -21 2 -18 -1 -15 -4 -12 -9 -10 -13 -8 -16 -5 -19 -3 -21 -2 -22 -1 -23 -1 -24 -1 -24 -1 -23 -2 -22 -4 -20 -5 -19 -7 -17 -10 -16 -11 -13 -13 0 0 0 0 0 0 0 0 0 0 0 0 0 0 0 0 0 0 0 0 0 0 21 -7 20 -7 18 -7 17 -7 15 -8 13 -10 10 -11 8 -13 6 -15 4 -17 3 -20 1 -22 0 -24 -1 -26 -1 -28 -1 -29 0 -31 0 -31 1 -34 2 -34 5 -36 8 -36 10 -37 14 -37 16 -37 19 -3
2025-04-01 14:16:14,CSI_DATA,STA,D8:B1:90:DB:E8:90,-52,11,1,6,0,0,1,0,0,0,1,-95,0,3,0,849680327,0,110,0,0,850.077,256,[110 96 6 0 0 -26 -1 -26 -1 -25 -1 -25 -2 -25 -2 -24 -2 -24 -3 -22 -2 -22 -3 -21 -3 -21 -4 -21 -4 -20 -3 -20 -3 -19 -3 -19 -3 -18 -3 -17 -3 -17 -2 -16 -2 -16 -2 -15 -1 -15 -1 -14 0 -14 0 0 0 0 0 0 0 0 0 0 0 0 0 0 0 0 0 0 0 0 0 0 -6 -17 -5 -18 -4 -19 -3 -20 -3 -20 -2 -21 -2 -21 -2 -22 -1 -22 0 -23 0 -23 1 -24 1 -24 1 -24 1 -25 1 -25 0 -25 0 -24 0 -25 0 -25 -1 -26 0 -26 -1 -26 -1 -26 0 -26 -1 -
2025-04-01 14:16:18,CSI_DATA,STA,D8:B1:90:DB:E8:90,-52,11,1,7,0,0,1,0,0,0,1,-95,0,3,0,854190385,0,110,0,0,854.587,256,[110 96 6 0 4 -29 4 -28 4 -28 3 -28 2 -27 3 -27 2 -26 1 -25 1 -25 0 -24 -1 -23 0 -24 0 -23 0 -23 -1 -22 0 -20 0 -20 0 -19 1 -18 0 -18 0 -17 0 -17 1 -16 1 -15 2 -15 0 0 0 0 0 0 0 0 0 0 0 0 0 0 0 0 0 0 0 0 0 0 -2 -21 0 -21 1 -22 2 -22 3 -22 4 -23 4 -24 5 -24 6 -25 6 -25 6 -26 6 -26 6 -26 7 -27 7 -27 7 -28 7 -28 6 -29 6 -29 5 -29 5 -29 5 -30 5 -29 5 -29 5 -29 6 -30 ]
2025-04-01 14:16:19,CSI_DATA,STA,D8:B1:90:DB:E8:90,-52,11,1,7,0,0,1,0,0,0,1,-95,0,3,0,854690330,0,110,0,0,855.087,256,[110 96 6 0 -5 -29 -5 -29 -5 -27 -5 -28 -6 -27 -6 -27 -6 -25 -7 -24 -7 -23 -7 -23 -8 -23 -8 -23 -8 -22 -8 -22 -8 -21 -7 -20 -7 -19 -7 -19 -6 -18 -6 -17 -5 -17 -5 -16 -5 -16 -4 -15 -3 -15 0 0 0 0 0 0 0 0 0 0 0 0 0 0 0 0 0 0 0 0 0 0 -9 -18 -7 -19 -6 -21 -6 -22 -5 -22 -5 -23 -5 -23 -4 -23 -3 -24 -3 -25 -4 -26 -3 -27 -3 -27 -3 -27 -3 -28 -3 -28 -4 -28 -4 -28 -5 -28 -4 -28 -5 -28 -5 -29 -5 -28 -6
2025-04-01 14:16:20,CSI_DATA,STA,D8:B1:90:DB:E8:90,-54,11,1,6,0,0,1,1,0,0,1,-95,0,3,0,855191032,0,110,0,0,855.588,256,[110 96 6 0 -36 16 -34 16 -32 14 -29 14 -25 13 -20 13 -16 14 -11 13 -5 13 0 12 5 12 9 12 13 12 16 11 18 11 19 11 19 11 18 11 17 11 16 11 14 11 11 12 9 12 6 13 3 13 0 0 0 0 0 0 0 0 0 0 0 0 0 0 0 0 0 0 0 0 0 0 -24 -1 -22 -2 -21 -2 -20 -1 -18 0 -17 2 -15 4 -14 6 -13 9 -12 12 -11 15 -11 18 -10 20 -9 22 -10 24 -11 25 -12 25 -13 26 -14 27 -17 26 -20 26 -23 25 -25 25 -28 23 -31 22 -34 20 ]
2025-04-01 14:16:20,CSI_DATA,STA,D8:B1:90:DB:E8:90,-52,11,1,7,0,0,1,1,0,0,1,-95,0,3,0,855692130,0,110,0,0,856.089,256,[110 96 6 0 -26 -7 -25 -6 -25 -6 -25 -6 -25 -6 -24 -5 -23 -5 -24 -4 -24 -3 -23 -3 -23 -3 -22 -2 -21 -2 -21 -2 -20 -2 -19 -2 -18 -2 -18 -2 -17 -2 -16 -3 -16 -4 -15 -4 -15 -4 -14 -4 -13 -4 0 0 0 0 0 0 0 0 0 0 0 0 0 0 0 0 0 0 0 0 0 0 -20 -3 -17 -3 -18 -4 -20 -3 -19 -3 -19 -4 -20 -6 -21 -8 -21 -7 -22 -8 -24 -7 -23 -8 -23 -9 -23 -9 -24 -8 -24 -8 -24 -8 -25 -8 -24 -7 -25 -7 -25 -7 -26 -7 -26 -6 -26
2025-04-01 14:16:21,CSI_DATA,STA,D8:B1:90:DB:E8:90,-52,11,1,7,0,0,1,1,0,0,1,-95,0,3,0,857212719,0,110,0,0,857.61,256,[110 96 6 0 -17 25 -16 24 -16 23 -15 23 -14 23 -14 23 -13 23 -12 23 -12 23 -11 23 -10 22 -10 20 -10 20 -10 20 -9 19 -9 19 -9 18 -9 18 -9 17 -8 15 -8 14 -7 14 -7 13 -8 13 -8 12 0 0 0 0 0 0 0 0 0 0 0 0 0 0 0 0 0 0 0 0 0 0 -9 18 -10 17 -10 17 -11 17 -12 18 -12 18 -14 19 -14 19 -15 19 -16 20 -17 20 -17 20 -17 20 -17 20 -17 20 -18 21 -17 21 -18 21 -17 21 -17 22 -17 23 -17 22 -17 25 -16 24 -16 25 -1
2025-04-01 14:16:23,CSI_DATA,STA,D8:B1:90:DB:E8:90,-61,11,1,7,0,0,1,1,0,0,1,-95,0,3,0,858707147,0,110,0,0,859.104,256,[110 96 6 0 -20 -14 -19 -13 -20 -12 -23 18 -21 19 -20 19 -19 19 7 -20 6 -20 5 -20 5 -20 15 -24 14 -23 14 -24 13 -24 -19 21 -18 20 -17 20 -16 19 6 -4 7 -4 6 -4 6 -4 17 7 16 7 0 0 0 0 0 0 0 0 0 0 0 0 0 0 0 0 0 0 0 0 0 0 18 -19 19 -18 23 -14 23 -13 24 -13 25 -14 23 -5 24 -5 24 -5 25 -5 22 5 22 5 23 5 23 5 11 4 11 2 11 4 12 3 10 2 10 2 10 2 11 2 -7 -6 -8 -6 -8 -6 -27 -13 ]
2025-04-01 14:16:23,CSI_DATA,STA,D8:B1:90:DB:E8:90,-60,11,1,7,0,0,1,1,0,0,1,-95,0,3,0,859207534,0,110,0,0,859.604,256,[110 96 6 0 8 32 6 32 5 31 -2 26 -3 25 -3 25 -4 23 -4 28 -4 27 -6 26 -6 26 14 15 13 16 11 16 10 17 5 -16 6 -16 6 -15 7 -14 16 -6 16 -5 15 -4 15 -2 18 0 17 2 0 0 0 0 0 0 0 0 0 0 0 0 0 0 0 0 0 0 0 0 0 0 -18 -9 -18 -11 -15 -10 -14 -11 -13 -13 -12 -14 -6 11 -6 11 -7 11 -9 11 -27 2 -27 0 -27 -2 -27 -3 29 13 27 15 27 16 26 18 -5 -10 -4 -10 -4 -10 -4 -11 -8 -13 -8 -13 -7 -14 -2 26 ]
2025-04-01 14:16:26,CSI_DATA,STA,D8:B1:90:DB:E8:90,-60,11,1,7,0,0,1,1,0,0,1,-95,0,3,0,861715306,0,110,0,0,862.112,256,[110 96 6 0 16 -8 16 -8 16 -8 -3 -3 -3 -4 -3 -4 -2 -4 -10 14 -10 13 -9 13 -10 13 11 3 11 3 10 3 10 3 16 -4 15 -3 15 -2 15 -2 16 -2 16 -1 15 -1 15 0 18 2 18 4 0 0 0 0 0 0 0 0 0 0 0 0 0 0 0 0 0 0 0 0 0 0 3 -17 5 -17 -15 -13 -14 -15 -14 -16 -13 -17 4 -15 4 -16 5 -16 6 -17 12 5 12 6 11 6 11 6 26 25 26 26 25 26 26 27 20 26 20 27 20 27 20 28 -3 -29 -3 -30 -2 -30 -1 -43 ]
2025-04-01 14:16:26,CSI_DATA,STA,D8:B1:90:DB:E8:90,-53,11,1,7,0,0,1,1,0,0,1,-95,0,3,0,862216352,0,110,0,0,862.613,256,[110 96 6 0 -17 22 -16 23 -16 22 -15 22 -14 22 -14 21 -13 21 -13 21 -11 19 -11 20 -10 19 -11 20 -10 20 -10 18 -10 18 -9 18 -9 17 -9 16 -9 15 -9 15 -9 14 -8 13 -8 12 -8 13 -9 12 0 0 0 0 0 0 0 0 0 0 0 0 0 0 0 0 0 0 0 0 0 0 -8 16 -9 16 -10 16 -11 17 -12 17 -13 17 -13 17 -14 17 -15 18 -15 18 -17 19 -17 19 -17 18 -18 18 -17 19 -16 19 -17 19 -16 19 -16 20 -16 21 -16 21 -16 21 -16 22 -16 22 -17 23 -
2025-04-01 14:16:27,CSI_DATA,STA,D8:B1:90:DB:E8:90,-53,11,1,7,0,0,1,0,0,0,0,-95,0,3,0,862714519,0,110,0,0,863.111,256,[110 96 6 0 3 28 4 28 4 26 4 26 4 25 4 24 4 23 5 24 5 23 5 22 5 22 5 22 5 21 5 20 5 20 4 19 4 19 4 18 3 17 3 16 3 16 2 15 2 14 1 14 0 14 0 0 0 0 0 0 0 0 0 0 0 0 0 0 0 0 0 0 0 0 0 0 6 17 5 18 3 19 3 20 3 20 2 21 2 22 2 23 1 24 1 24 1 24 0 25 0 25 0 25 0 26 0 25 0 26 1 26 2 27 2 26 3 27 2 28 3 27 3 27 3 28 3 28 ]
2025-04-01 14:16:27,CSI_DATA,STA,D8:B1:90:DB:E8:90,-62,11,1,6,0,0,1,0,0,0,1,-95,0,3,0,863215961,0,110,0,0,863.613,256,[110 96 6 0 -29 14 -29 13 -28 11 8 26 8 25 7 25 7 24 1 -29 2 -28 2 -28 3 -27 -9 -6 -8 -6 -8 -6 -8 -7 -10 -13 -9 -13 -8 -13 -7 -13 -7 -12 -6 -12 -6 -11 -5 -11 -2 4 -2 3 0 0 0 0 0 0 0 0 0 0 0 0 0 0 0 0 0 0 0 0 0 0 25 -1 25 2 25 3 26 5 26 7 26 9 16 19 15 20 14 22 13 24 -5 11 -6 10 -7 10 -8 10 3 13 2 13 3 13 2 13 2 6 1 5 2 5 2 4 5 -26 5 -26 7 -26 9 -5 ]
2025-04-01 14:16:29,CSI_DATA,STA,D8:B1:90:DB:E8:90,-54,11,1,6,0,0,1,0,0,0,1,-95,0,3,0,865222345,0,110,0,0,865.619,256,[110 96 6 0 15 36 14 35 13 31 14 28 13 24 13 20 14 15 14 11 15 6 15 1 16 -3 17 -7 17 -10 17 -13 18 -15 18 -15 19 -16 18 -15 18 -14 18 -12 18 -9 17 -7 17 -4 17 -1 16 2 0 0 0 0 0 0 0 0 0 0 0 0 0 0 0 0 0 0 0 0 0 0 3 22 2 21 1 20 2 19 3 17 5 16 7 15 9 14 12 14 14 13 17 12 19 13 22 13 24 13 26 14 26 14 28 15 28 16 29 18 29 20 29 23 27 26 26 27 25 31 23 33 21 35 ]
2025-04-01 14:16:30,CSI_DATA,STA,D8:B1:90:DB:E8:90,-53,11,1,5,0,0,1,0,0,0,1,-95,0,3,0,865723310,0,110,0,0,866.12,256,[110 96 6 0 -8 -27 -7 -27 -7 -26 -8 -26 -8 -25 -8 -25 -9 -24 -8 -23 -8 -22 -9 -22 -9 -22 -9 -21 -9 -20 -9 -20 -8 -19 -8 -19 -8 -18 -7 -18 -6 -17 -6 -16 -6 -15 -6 -14 -5 -14 -5 -14 -4 -14 0 0 0 0 0 0 0 0 0 0 0 0 0 0 0 0 0 0 0 0 0 0 -10 -17 -7 -19 -9 -18 -9 -20 -6 -19 -6 -22 -6 -23 -4 -21 -3 -22 -2 -22 -4 -24 -4 -25 -4 -25 -4 -25 -4 -26 -5 -26 -5 -27 -5 -26 -6 -27 -7 -27 -7 -28 -8 -28 -8 -27 -8
2025-04-01 14:16:35,CSI_DATA,STA,D8:B1:90:DB:E8:90,-53,11,1,7,0,0,1,0,0,0,0,-95,0,3,0,870742588,0,110,0,0,871.139,256,[110 96 6 0 3 -29 3 -29 3 -29 2 -28 2 -28 2 -27 1 -27 0 -26 0 -25 0 -24 -1 -24 -1 -24 -2 -23 -1 -23 -1 -22 -1 -22 0 -21 0 -20 0 -20 0 -18 0 -18 0 -17 0 -17 1 -16 1 -15 0 0 0 0 0 0 0 0 0 0 0 0 0 0 0 0 0 0 0 0 0 0 0 -20 2 -20 1 -21 2 -21 3 -22 3 -23 4 -23 4 -24 4 -24 5 -24 6 -24 6 -25 6 -25 6 -25 5 -26 6 -26 5 -26 5 -27 4 -27 4 -27 4 -28 4 -28 3 -29 3 -29 3 -29 4 -30 ]
2025-04-01 14:16:35,CSI_DATA,STA,D8:B1:90:DB:E8:90,-53,11,1,5,0,0,1,0,0,0,0,-95,0,3,0,871242887,0,110,0,0,871.639,256,[110 96 6 0 -27 20 -25 19 -24 18 -21 17 -18 16 -14 15 -10 14 -6 13 -2 13 2 12 6 11 9 11 11 10 14 10 15 9 16 10 16 10 16 10 15 10 13 10 11 11 9 12 7 12 5 13 2 13 0 0 0 0 0 0 0 0 0 0 0 0 0 0 0 0 0 0 0 0 0 0 -22 5 -19 4 -16 4 -15 5 -16 6 -14 6 -11 6 -9 7 -10 11 -8 14 -8 17 -7 17 -6 19 -7 21 -6 22 -7 23 -8 24 -9 25 -10 26 -11 27 -14 27 -16 26 -19 27 -20 26 -23 25 -26 24 ]
2025-04-01 14:16:36,CSI_DATA,STA,D8:B1:90:DB:E8:90,-53,11,1,7,0,0,1,0,0,0,0,-95,0,3,0,871742580,0,110,0,0,872.139,256,[110 96 6 0 -29 -6 -28 -5 -28 -5 -28 -5 -27 -3 -27 -3 -25 -3 -25 -2 -24 -2 -24 -2 -23 -2 -23 -1 -23 -1 -23 -1 -22 -1 -21 -1 -20 -1 -20 -1 -19 -2 -18 -2 -17 -3 -17 -3 -16 -3 -15 -3 -15 -4 0 0 0 0 0 0 0 0 0 0 0 0 0 0 0 0 0 0 0 0 0 0 -20 0 -21 -1 -20 -2 -21 -2 -21 -3 -22 -3 -24 -3 -24 -4 -25 -4 -25 -5 -26 -6 -25 -6 -26 -7 -26 -7 -26 -6 -26 -6 -26 -6 -26 -6 -28 -6 -28 -5 -29 -4 -28 -4 -29 -5 -30
2025-04-01 14:16:36,CSI_DATA,STA,D8:B1:90:DB:E8:90,-54,11,1,7,0,0,1,1,0,0,1,-95,0,3,0,872243040,0,110,0,0,872.64,256,[110 96 6 0 20 -23 20 -22 20 -22 20 -23 19 -23 19 -23 18 -22 16 -22 15 -22 15 -22 14 -21 14 -21 13 -20 13 -20 13 -19 13 -19 13 -18 12 -17 11 -16 11 -14 11 -14 10 -13 11 -13 10 -12 11 -11 0 0 0 0 0 0 0 0 0 0 0 0 0 0 0 0 0 0 0 0 0 0 11 -18 13 -17 13 -17 14 -16 14 -16 16 -16 17 -17 17 -18 18 -17 19 -17 20 -17 20 -17 21 -17 21 -17 21 -18 21 -19 21 -19 22 -19 21 -20 21 -20 20 -21 21 -22 20 -21 21 -
2025-04-01 14:16:37,CSI_DATA,STA,D8:B1:90:DB:E8:90,-53,11,1,6,0,0,1,0,0,0,1,-95,0,3,0,872742328,0,110,0,0,873.139,256,[110 96 6 0 19 -22 19 -22 19 -21 18 -21 16 -21 16 -21 15 -20 15 -20 14 -20 14 -19 14 -19 12 -19 12 -19 11 -18 11 -18 11 -17 11 -16 10 -15 10 -14 10 -14 10 -14 9 -13 9 -12 9 -11 9 -10 0 0 0 0 0 0 0 0 0 0 0 0 0 0 0 0 0 0 0 0 0 0 9 -17 11 -17 11 -17 12 -17 13 -16 14 -17 15 -17 16 -17 16 -17 17 -17 18 -18 19 -18 18 -17 19 -18 18 -18 18 -18 18 -19 18 -19 18 -19 18 -19 18 -20 18 -21 19 -22 20 -22 2
2025-04-01 14:16:38,CSI_DATA,STA,D8:B1:90:DB:E8:90,-53,11,1,6,0,0,1,0,0,0,1,-95,0,3,0,873742367,0,110,0,0,874.139,256,[110 96 6 0 -24 -18 -23 -17 -23 -17 -23 -16 -22 -15 -23 -15 -22 -14 -22 -14 -22 -14 -21 -13 -21 -12 -21 -12 -20 -11 -20 -10 -19 -11 -19 -11 -18 -10 -17 -10 -17 -9 -15 -9 -15 -8 -14 -8 -13 -8 -12 -9 -12 -9 0 0 0 0 0 0 0 0 0 0 0 0 0 0 0 0 0 0 0 0 0 0 -18 -9 -17 -10 -17 -11 -17 -12 -18 -13 -18 -13 -19 -15 -20 -16 -20 -16 -20 -18 -20 -17 -19 -19 -20 -19 -20 -19 -20 -19 -20 -19 -21 -18 -21 -18 -21
2025-04-01 14:16:38,CSI_DATA,STA,D8:B1:90:DB:E8:90,-53,11,1,6,0,0,1,0,0,0,1,-95,0,3,0,874242406,0,110,0,0,874.639,256,[110 96 6 0 2 25 2 25 3 24 3 24 4 24 4 23 4 22 4 22 4 22 4 21 5 20 4 19 4 18 4 19 4 18 4 18 4 17 3 16 3 16 3 15 3 14 3 14 2 13 1 13 0 12 0 0 0 0 0 0 0 0 0 0 0 0 0 0 0 0 0 0 0 0 0 0 5 16 4 17 3 17 2 18 2 19 2 19 2 20 1 20 1 21 0 22 0 22 0 23 0 23 0 23 0 23 0 24 1 24 1 24 1 24 2 25 3 25 3 26 3 26 2 26 2 26 3 26 ]
2025-04-01 14:16:39,CSI_DATA,STA,D8:B1:90:DB:E8:90,-56,11,1,6,0,0,1,0,0,0,1,-95,0,3,0,874742463,0,110,0,0,875.139,256,[110 96 6 0 18 -33 17 -31 16 -29 13 -27 10 -25 7 -22 3 -20 -1 -17 -5 -15 -10 -12 -12 -4 -14 -6 -21 -7 -19 -4 -21 -4 -22 -3 -22 -3 -22 -4 -20 -5 -20 -6 -18 -7 -16 -8 -14 -10 -12 -12 -9 -13 0 0 0 0 0 0 0 0 0 0 0 0 0 0 0 0 0 0 0 0 0 0 16 -13 16 -12 14 -11 13 -11 11 -12 10 -12 8 -13 6 -15 4 -16 2 -18 1 -20 0 -22 -2 -24 -2 -25 -3 -27 -3 -28 -3 -30 -2 -31 -1 -32 0 -33 2 -34 5 -35 7 -35 10 -36 13 -3
2025-04-01 14:16:39,CSI_DATA,STA,D8:B1:90:DB:E8:90,-62,11,1,7,0,0,1,1,0,0,1,-95,0,3,0,875243192,0,110,0,0,875.64,256,[110 96 6 0 4 5 5 4 5 4 -12 -13 -12 -11 -13 -9 -13 -9 -23 -26 -23 -23 -24 -21 -25 -19 -26 -16 -27 -14 -26 -12 -26 -10 -26 -12 -26 -10 -24 -9 -23 -8 -22 -6 -20 -5 -20 -4 -19 -3 -20 -3 -19 -3 0 0 0 0 0 0 0 0 0 0 0 0 0 0 0 0 0 0 0 0 0 0 3 -14 4 -13 -5 16 -5 17 -5 17 -5 18 -19 -6 -19 -5 -20 -4 -20 -4 -3 -23 -4 -23 -5 -25 -6 -24 5 0 5 0 4 0 5 0 5 13 6 13 7 14 9 13 18 -7 18 -7 18 -8 24 -7 ]
2025-04-01 14:16:40,CSI_DATA,STA,D8:B1:90:DB:E8:90,-53,11,1,7,0,0,1,0,0,0,1,-95,0,3,0,875742741,0,110,0,0,876.139,256,[110 96 6 0 -29 -4 -28 -4 -27 -3 -27 -2 -27 -1 -26 -2 -26 -1 -23 0 -23 0 -23 0 -22 0 -23 0 -23 1 -22 1 -22 0 -20 0 -19 0 -18 0 -18 0 -17 -1 -16 -1 -16 -1 -15 -2 -14 -2 -14 -3 0 0 0 0 0 0 0 0 0 0 0 0 0 0 0 0 0 0 0 0 0 0 -19 -1 -19 -1 -20 0 -21 -1 -21 -3 -21 -2 -20 -4 -21 -2 -22 -3 -24 -6 -25 -4 -24 -5 -25 -5 -25 -5 -25 -5 -26 -5 -26 -4 -26 -4 -26 -4 -26 -3 -26 -3 -27 -4 -27 -3 -28 -4 -28 -4 -2
2025-04-01 14:16:42,CSI_DATA,STA,D8:B1:90:DB:E8:90,-53,11,1,7,0,0,1,0,0,0,1,-95,0,3,0,878251455,0,110,0,0,878.648,256,[110 96 6 0 -20 21 -20 21 -19 20 -18 20 -17 20 -16 19 -16 19 -16 20 -15 20 -15 19 -14 19 -13 19 -13 18 -13 17 -13 17 -12 17 -12 16 -12 15 -12 14 -11 14 -11 13 -11 12 -11 11 -11 10 -11 10 0 0 0 0 0 0 0 0 0 0 0 0 0 0 0 0 0 0 0 0 0 0 -10 16 -11 16 -11 16 -12 16 -13 15 -14 17 -15 17 -16 17 -16 17 -17 17 -18 17 -19 17 -19 17 -18 17 -19 17 -19 17 -19 18 -19 18 -19 20 -20 20 -19 21 -20 20 -19 20 -20
2025-04-01 14:16:43,CSI_DATA,STA,D8:B1:90:DB:E8:90,-55,11,1,6,0,0,1,1,0,0,1,-95,0,3,0,878752112,0,110,0,0,879.149,256,[110 96 6 0 -22 -21 -22 -21 -21 -20 -21 -19 -20 -18 -20 -18 -20 -17 -20 -17 -20 -16 -21 -16 -22 -16 -21 -17 -20 -17 -19 -14 -18 -14 -17 -14 -16 -13 -15 -13 -14 -13 -14 -13 -13 -13 -13 -12 -12 -11 -11 -12 -10 -12 0 0 0 0 0 0 0 0 0 0 0 0 0 0 0 0 0 0 0 0 0 0 -17 -12 -16 -13 -16 -14 -16 -15 -16 -16 -16 -16 -15 -17 -16 -18 -16 -19 -16 -19 -18 -20 -18 -21 -18 -21 -18 -21 -18 -21 -18 -22 -19 -21 -18
2025-04-01 14:16:45,CSI_DATA,STA,D8:B1:90:DB:E8:90,-56,11,1,5,0,0,1,0,0,0,0,-95,0,3,0,880762511,0,110,0,0,881.159,256,[110 96 6 0 -36 -2 -35 -3 -31 -2 -29 -1 -25 1 -22 3 -18 5 -15 8 -10 9 -7 11 -3 14 0 16 2 18 4 18 5 20 5 20 6 21 5 20 4 20 2 19 0 18 -1 17 -4 16 -6 15 -8 14 0 0 0 0 0 0 0 0 0 0 0 0 0 0 0 0 0 0 0 0 0 0 -19 -11 -19 -10 -21 -8 -16 -10 -14 -7 -18 -3 -14 -2 -15 0 -15 4 -17 5 -18 7 -18 9 -19 10 -21 12 -22 13 -23 13 -25 14 -26 13 -28 13 -29 12 -32 12 -33 9 -35 8 -36 6 -38 4 -39 2 ]
2025-04-01 14:16:45,CSI_DATA,STA,D8:B1:90:DB:E8:90,-53,11,1,6,0,0,1,1,0,0,1,-95,0,3,0,881261142,0,110,0,0,881.658,256,[110 96 6 0 26 -19 25 -19 25 -18 23 -18 22 -18 22 -19 21 -18 21 -17 20 -17 19 -18 18 -17 17 -18 17 -17 17 -17 16 -16 16 -16 15 -15 14 -14 14 -14 14 -12 14 -12 13 -11 13 -10 12 -10 12 -9 0 0 0 0 0 0 0 0 0 0 0 0 0 0 0 0 0 0 0 0 0 0 14 -15 16 -13 16 -14 17 -13 17 -13 19 -13 19 -13 21 -14 21 -14 22 -14 23 -14 24 -14 23 -14 24 -15 23 -14 24 -14 23 -15 24 -15 25 -15 25 -15 25 -17 25 -17 25 -17 25 -
2025-04-01 14:16:46,CSI_DATA,STA,D8:B1:90:DB:E8:90,-59,11,1,6,0,0,1,1,0,0,1,-95,0,3,0,881760718,0,110,0,0,882.158,256,[110 96 6 0 24 -9 24 -10 22 -10 22 -10 21 -10 20 -10 19 -10 19 -10 17 -10 17 -11 16 -11 16 -11 15 -11 15 -11 14 -11 13 -10 13 -9 12 -9 12 -8 11 -8 11 -8 10 -7 10 -7 9 -7 10 -6 0 0 0 0 0 0 0 0 0 0 0 0 0 0 0 0 0 0 0 0 0 0 12 2 13 3 12 3 13 4 13 4 14 5 -11 -1 -12 -2 -12 -2 -13 -2 22 7 23 7 23 7 24 7 5 -5 5 -4 6 -5 6 -5 -29 -32 -29 -32 -31 -31 -32 -31 16 -7 16 -7 17 -7 26 -10 ]
2025-04-01 14:16:46,CSI_DATA,STA,D8:B1:90:DB:E8:90,-53,11,1,6,0,0,1,1,0,0,1,-95,0,3,0,882259540,0,110,0,0,882.656,256,[110 96 6 0 26 -11 26 -11 25 -11 24 -11 24 -11 23 -11 22 -11 21 -13 20 -13 19 -13 19 -13 19 -12 18 -12 18 -12 17 -12 17 -11 16 -11 16 -10 15 -9 14 -9 14 -9 14 -8 13 -7 12 -6 12 -6 0 0 0 0 0 0 0 0 0 0 0 0 0 0 0 0 0 0 0 0 0 0 16 -11 17 -10 17 -10 18 -10 19 -9 20 -9 21 -9 22 -9 23 -8 23 -7 24 -8 24 -7 24 -7 25 -7 24 -8 24 -8 24 -9 24 -9 26 -10 25 -9 25 -11 27 -10 26 -11 26 -11 26 -11 27 -11 ]
2025-04-01 14:16:52,CSI_DATA,STA,D8:B1:90:DB:E8:90,-54,11,1,7,0,0,1,0,0,0,1,-95,0,3,0,887767049,0,110,0,0,888.164,256,[110 96 6 0 20 21 20 21 20 20 20 19 20 19 20 18 20 18 20 16 20 15 20 14 20 14 20 14 19 13 19 13 18 13 17 12 17 11 16 11 15 10 14 10 13 10 13 10 12 10 12 10 10 10 0 0 0 0 0 0 0 0 0 0 0 0 0 0 0 0 0 0 0 0 0 0 16 10 15 11 15 13 15 14 16 14 15 15 17 16 18 17 18 18 18 19 17 19 17 20 17 20 17 20 17 20 17 20 17 20 18 20 19 20 20 20 20 21 21 21 21 21 21 21 22 21 22 21 ]
2025-04-01 14:16:52,CSI_DATA,STA,D8:B1:90:DB:E8:90,-53,11,1,6,0,0,1,1,0,0,1,-95,0,3,0,888268796,0,110,0,0,888.666,256,[110 96 6 0 -19 -22 -19 -21 -18 -21 -18 -20 -18 -19 -18 -19 -18 -18 -19 -18 -19 -18 -18 -17 -18 -17 -18 -16 -18 -15 -17 -15 -16 -15 -17 -15 -16 -14 -15 -14 -15 -13 -13 -13 -13 -13 -12 -12 -11 -12 -10 -12 -9 -12 0 0 0 0 0 0 0 0 0 0 0 0 0 0 0 0 0 0 0 0 0 0 -14 -14 -14 -15 -14 -16 -13 -16 -14 -17 -14 -17 -15 -17 -15 -18 -15 -19 -15 -21 -15 -22 -15 -22 -15 -22 -15 -23 -15 -21 -16 -22 -16 -21 -16
2025-04-01 14:16:54,CSI_DATA,STA,D8:B1:90:DB:E8:90,-53,11,1,7,0,0,1,0,0,0,1,-95,0,3,0,889777173,0,110,0,0,890.174,256,[110 96 6 0 -28 -6 -27 -6 -27 -6 -27 -7 -26 -6 -25 -6 -24 -5 -24 -3 -23 -3 -23 -3 -23 -3 -23 -2 -23 -2 -23 -2 -22 -2 -20 -3 -20 -3 -19 -3 -18 -3 -18 -3 -16 -3 -16 -3 -16 -4 -15 -4 -14 -5 0 0 0 0 0 0 0 0 0 0 0 0 0 0 0 0 0 0 0 0 0 0 -21 -2 -20 -1 -17 -6 -18 -5 -18 -5 -18 -4 -22 -5 -23 -5 -22 -6 -22 -7 -24 -8 -24 -8 -23 -9 -24 -9 -23 -9 -24 -8 -24 -8 -24 -8 -26 -8 -26 -7 -27 -7 -27 -7 -27 -7 -27
2025-04-01 14:16:58,CSI_DATA,STA,D8:B1:90:DB:E8:90,-53,11,1,7,0,0,1,0,0,0,1,-95,0,3,0,893788354,0,110,0,0,894.185,256,[110 96 6 0 -13 25 -12 25 -12 24 -11 25 -10 25 -10 24 -9 24 -9 23 -9 22 -8 22 -7 22 -7 22 -7 21 -7 21 -7 20 -7 19 -6 18 -6 17 -6 17 -6 16 -6 16 -6 15 -6 14 -6 13 -7 12 0 0 0 0 0 0 0 0 0 0 0 0 0 0 0 0 0 0 0 0 0 0 -5 18 -6 18 -8 18 -9 19 -9 19 -10 19 -10 20 -11 20 -12 21 -12 21 -13 22 -14 21 -14 21 -14 22 -14 21 -14 22 -15 23 -14 23 -13 23 -13 24 -13 24 -13 25 -12 24 -12 25 -12 25 -12 26 ]
2025-04-01 14:17:00,CSI_DATA,STA,D8:B1:90:DB:E8:90,-53,11,1,7,0,0,1,0,0,0,1,-95,0,3,0,896294491,0,110,0,0,896.691,256,[110 96 6 0 -27 -5 -26 -4 -26 -4 -25 -3 -24 -3 -24 -3 -23 -2 -23 -2 -23 -1 -22 0 -21 0 -22 0 -21 0 -21 0 -20 0 -19 0 -18 0 -18 -1 -17 -1 -17 -1 -16 -1 -15 -1 -14 -1 -14 -2 -13 -3 0 0 0 0 0 0 0 0 0 0 0 0 0 0 0 0 0 0 0 0 0 0 -18 0 -18 -1 -18 -2 -19 -2 -19 -3 -20 -3 -21 -4 -21 -4 -22 -5 -22 -5 -23 -5 -23 -6 -23 -6 -23 -6 -23 -6 -23 -6 -23 -5 -24 -5 -24 -5 -24 -5 -25 -5 -25 -5 -26 -4 -27 -4 -26 -
2025-04-01 14:17:04,CSI_DATA,STA,00:00:00:00:00:00,-54,11,0,0,0,0,0,0,0,0,0,-95,0,3,0,900013101,0,14,0,0,900.41,128,[14 -32 0 0 -36 -18 -34 -18 -31 -16 -29 -14 -26 -11 -23 -8 -20 -4 -17 0 -13 4 -10 7 -6 11 -4 14 -1 17 1 19 2 21 2 22 3 23 3 23 2 22 1 21 -1 20 -3 18 -5 17 -7 15 -10 14 0 0 0 0 0 0 0 0 0 0 0 0 0 0 0 0 0 0 0 0 0 0 -10 -21 -9 -21 -8 -19 -8 -17 -9 -16 -10 -14 -11 -11 -13 -9 -15 -6 -17 -4 -19 -2 -22 0 -24 2 -26 3 -28 5 -29 5 -31 5 -33 5 -34 4 -35 3 -37 1 -38 -2 -39 -4 -39 -7 -39 -10 -39 -14 ]
2025-04-01 14:17:06,CSI_DATA,STA,D8:B1:90:DB:E8:90,-53,11,1,7,0,0,1,1,0,0,1,-95,0,3,0,901810172,0,110,0,0,902.207,256,[110 96 6 0 27 -9 27 -10 26 -9 25 -9 24 -9 24 -9 23 -9 23 -9 22 -9 21 -10 21 -9 20 -10 20 -10 19 -9 19 -9 18 -8 17 -8 17 -7 16 -7 15 -7 15 -7 14 -6 14 -6 13 -4 13 -3 0 0 0 0 0 0 0 0 0 0 0 0 0 0 0 0 0 0 0 0 0 0 16 -10 17 -9 18 -8 19 -8 19 -8 21 -8 21 -7 22 -7 23 -6 23 -6 24 -6 24 -6 24 -6 25 -6 25 -6 25 -6 25 -7 25 -7 26 -8 25 -8 26 -9 27 -8 27 -10 27 -9 28 -10 27 -9 ]
2025-04-01 14:17:10,CSI_DATA,STA,D8:B1:90:DB:E8:90,-53,11,1,7,0,0,1,1,0,0,1,-95,0,3,0,906334169,0,110,0,0,906.731,256,[110 96 6 0 -26 -4 -26 -3 -25 -3 -25 -4 -24 -3 -24 -3 -23 -2 -23 -2 -22 -2 -22 -1 -21 -1 -21 -1 -22 -1 -21 -1 -20 -1 -19 -1 -18 -1 -17 -1 -16 -1 -16 -2 -15 -2 -14 -2 -14 -2 -13 -3 -13 -4 0 0 0 0 0 0 0 0 0 0 0 0 0 0 0 0 0 0 0 0 0 0 -17 0 -18 -1 -17 -2 -18 -2 -18 -2 -19 -3 -19 -4 -20 -4 -20 -5 -21 -5 -21 -5 -22 -6 -22 -6 -22 -6 -23 -5 -23 -6 -24 -5 -23 -5 -24 -5 -24 -4 -24 -4 -24 -4 -25 -4 -25
2025-04-01 14:17:11,CSI_DATA,STA,D8:B1:90:DB:E8:90,-53,11,1,7,0,0,1,1,0,0,1,-95,0,3,0,906819466,0,110,0,0,907.216,256,[110 96 6 0 23 -18 23 -18 22 -17 22 -17 21 -16 21 -16 19 -16 20 -16 19 -16 18 -16 17 -16 16 -16 16 -16 16 -15 15 -15 16 -14 16 -13 15 -12 14 -12 13 -11 13 -11 12 -10 12 -9 11 -9 11 -8 0 0 0 0 0 0 0 0 0 0 0 0 0 0 0 0 0 0 0 0 0 0 13 -14 15 -14 14 -13 15 -13 16 -13 17 -13 18 -13 18 -14 19 -13 19 -13 21 -14 21 -14 22 -14 22 -14 22 -14 22 -14 22 -15 22 -15 23 -16 22 -16 23 -16 23 -17 23 -18 23 -18
2025-04-01 14:17:11,CSI_DATA,STA,D8:B1:90:DB:E8:90,-53,11,1,7,0,0,1,1,0,0,1,-95,0,3,0,907319051,0,110,0,0,907.716,256,[110 96 6 0 16 -22 16 -21 16 -21 15 -20 14 -20 14 -19 13 -19 12 -19 12 -18 11 -18 10 -18 9 -18 9 -18 9 -18 9 -17 9 -17 10 -15 9 -15 8 -14 8 -14 7 -13 7 -12 7 -12 7 -10 8 -10 0 0 0 0 0 0 0 0 0 0 0 0 0 0 0 0 0 0 0 0 0 0 7 -16 9 -15 9 -16 10 -16 11 -16 12 -16 13 -16 14 -17 14 -16 15 -17 16 -17 17 -17 17 -17 17 -17 16 -17 16 -19 16 -18 16 -19 16 -19 16 -19 15 -20 16 -20 16 -21 16 -21 17 -21 16 -2
2025-04-01 14:17:16,CSI_DATA,STA,D8:B1:90:DB:E8:90,-53,11,1,7,0,0,1,1,0,0,1,-95,0,3,0,911329731,0,110,0,0,911.727,256,[110 96 6 0 21 20 21 20 21 19 20 18 20 17 20 17 19 16 19 15 18 14 19 14 19 13 18 14 18 14 17 13 17 13 16 13 15 12 14 12 14 11 13 11 12 11 11 10 10 10 10 11 9 10 0 0 0 0 0 0 0 0 0 0 0 0 0 0 0 0 0 0 0 0 0 0 15 10 15 11 15 13 15 14 16 15 15 16 15 16 15 16 16 18 15 19 16 19 15 20 16 20 16 20 16 20 17 20 17 20 17 20 18 20 18 19 19 20 20 20 20 20 21 21 21 21 21 20 ]
2025-04-01 14:17:19,CSI_DATA,STA,D8:B1:90:DB:E8:90,-53,11,1,7,0,0,1,1,0,0,1,-95,0,3,0,914836772,0,110,0,0,915.234,256,[110 96 6 0 -24 21 -23 21 -23 20 -21 20 -20 20 -20 20 -19 19 -18 19 -18 19 -17 19 -17 19 -15 19 -15 19 -15 19 -14 17 -15 17 -14 16 -14 15 -13 14 -12 14 -11 13 -12 13 -11 12 -11 11 -11 9 0 0 0 0 0 0 0 0 0 0 0 0 0 0 0 0 0 0 0 0 0 0 -13 18 -16 16 -14 16 -18 16 -15 14 -19 13 -21 16 -19 16 -19 16 -19 16 -22 16 -23 15 -23 16 -23 16 -23 18 -23 18 -23 17 -23 19 -24 20 -23 20 -23 20 -24 22 -24 21 -24
2025-04-01 14:17:19,CSI_DATA,STA,D8:B1:90:DB:E8:90,-57,11,1,7,0,0,1,1,0,0,1,-95,0,3,0,915339654,0,110,0,0,915.736,256,[110 96 6 0 -25 -4 -25 -3 -23 -2 -23 -1 -23 0 -22 1 -21 3 -21 4 -19 5 -19 5 -18 6 -17 7 -17 8 -16 8 -15 8 -14 8 -14 9 -13 9 -12 8 -11 8 -11 8 -10 8 -10 8 -9 8 -9 7 0 0 0 0 0 0 0 0 0 0 0 0 0 0 0 0 0 0 0 0 0 0 -5 -19 -5 -20 7 8 7 8 8 9 8 10 -32 -12 -32 -12 -33 -11 -34 -11 -16 -20 -17 -19 -17 -19 -18 -18 -18 -18 -19 -17 -20 -16 -20 -15 -22 -15 -22 -13 -23 -12 -23 -11 -24 -10 -24 -9 -25 -7 -25 -7
2025-04-01 14:17:23,CSI_DATA,STA,D8:B1:90:DB:E8:90,-54,11,1,6,0,0,1,0,0,0,1,-95,0,3,0,918844441,0,110,0,0,919.241,256,[110 96 6 0 -25 31 -24 31 -22 27 -20 26 -16 23 -13 22 -8 19 -4 17 0 14 5 12 9 10 14 9 16 7 18 6 21 5 22 4 23 5 22 5 22 6 21 7 19 8 17 9 15 11 13 12 10 14 0 0 0 0 0 0 0 0 0 0 0 0 0 0 0 0 0 0 0 0 0 0 -22 10 -22 8 -20 7 -19 8 -16 9 -14 10 -13 11 -10 13 -8 15 -6 17 -4 20 -3 21 -1 25 0 26 0 28 0 29 0 31 -1 31 -3 33 -5 34 -7 35 -10 36 -12 36 -15 37 -18 36 -22 35 ]
2025-04-01 14:17:24,CSI_DATA,STA,D8:B1:90:DB:E8:90,-53,11,1,7,0,0,1,0,0,0,0,-95,0,3,0,919345547,0,110,0,0,919.742,256,[110 96 6 0 31 0 31 0 31 -1 29 -1 29 -1 28 -1 27 -1 28 -3 27 -3 27 -3 26 -4 24 -3 24 -3 23 -3 23 -3 23 -3 22 -2 21 -2 21 -2 18 -1 17 -1 16 0 16 0 16 1 16 2 0 0 0 0 0 0 0 0 0 0 0 0 0 0 0 0 0 0 0 0 0 0 19 -5 20 -6 19 -2 22 -5 22 0 23 -1 25 4 26 2 26 2 27 2 26 2 27 2 27 3 28 3 29 2 28 2 29 2 29 2 29 2 30 2 30 1 30 1 31 -1 31 0 32 0 32 0 ]
2025-04-01 14:17:26,CSI_DATA,STA,D8:B1:90:DB:E8:90,-53,11,1,6,0,0,1,0,0,0,1,-95,0,3,0,921851341,0,110,0,0,922.248,256,[110 96 6 0 24 14 24 14 24 13 24 13 24 12 23 11 22 11 23 10 22 9 22 9 22 8 21 8 21 8 21 7 20 7 19 7 19 6 18 7 17 6 16 6 15 6 14 6 14 6 13 7 12 7 0 0 0 0 0 0 0 0 0 0 0 0 0 0 0 0 0 0 0 0 0 0 18 7 18 8 18 9 18 10 19 10 19 11 19 12 20 13 20 14 20 14 21 15 21 16 21 16 21 17 21 16 21 16 22 16 22 15 23 16 23 16 24 15 24 16 24 15 24 15 25 16 26 16 ]
2025-04-01 14:17:26,CSI_DATA,STA,D8:B1:90:DB:E8:90,-53,11,1,5,0,0,1,0,0,0,1,-95,0,3,0,922351455,0,110,0,0,922.748,256,[110 96 6 0 24 19 24 19 24 18 24 18 24 17 23 17 23 16 23 15 23 14 23 14 23 13 22 13 22 12 21 12 20 12 19 10 19 10 18 10 17 10 16 10 16 9 15 9 14 10 13 10 12 10 0 0 0 0 0 0 0 0 0 0 0 0 0 0 0 0 0 0 0 0 0 0 22 11 19 7 19 10 20 15 19 16 20 13 18 15 21 16 20 15 22 18 19 17 19 17 20 18 20 17 19 20 21 20 20 19 21 19 23 20 24 20 24 20 25 21 24 19 24 20 25 20 25 21 ]
2025-04-01 14:17:31,CSI_DATA,STA,D8:B1:90:DB:E8:90,-54,11,1,6,0,0,1,0,0,0,1,-95,0,3,0,926358335,0,110,0,0,926.755,256,[110 96 6 0 36 13 34 13 32 12 29 11 27 8 24 5 21 1 17 -3 13 -6 10 -10 7 -13 4 -17 1 -19 -1 -21 -2 -23 -3 -24 -3 -25 -3 -25 -2 -24 -1 -23 0 -21 2 -20 4 -18 6 -16 9 -14 0 0 0 0 0 0 0 0 0 0 0 0 0 0 0 0 0 0 0 0 0 0 16 15 14 15 13 14 13 13 13 11 14 9 14 7 15 4 16 1 18 -2 19 -4 21 -7 22 -8 24 -10 25 -11 26 -12 28 -12 29 -11 31 -10 32 -8 34 -7 35 -4 36 -2 37 2 38 5 39 7 ]
2025-04-01 14:17:31,CSI_DATA,STA,D8:B1:90:DB:E8:90,-54,11,1,6,0,0,1,0,0,0,1,-95,0,3,0,927359339,0,110,0,0,927.756,256,[110 96 6 0 2 39 2 37 2 34 3 32 4 28 6 24 7 20 9 14 11 9 12 4 14 0 16 -3 17 -7 18 -9 19 -12 20 -13 20 -14 20 -14 19 -13 19 -12 19 -9 18 -7 17 -4 17 -2 17 2 0 0 0 0 0 0 0 0 0 0 0 0 0 0 0 0 0 0 0 0 0 0 -10 21 -10 20 -9 18 -8 18 -6 17 -4 16 -1 16 2 16 5 16 8 16 10 16 14 17 16 17 18 18 20 19 21 20 21 21 21 22 22 24 21 26 20 28 18 31 16 33 13 36 10 38 8 40 ]
2025-04-01 14:17:39,CSI_DATA,STA,D8:B1:90:DB:E8:90,-54,11,1,6,0,0,1,0,0,0,1,-95,0,3,0,935377386,0,110,0,0,935.774,256,[110 96 6 0 33 -10 33 -10 31 -9 28 -9 25 -10 21 -10 17 -11 12 -12 8 -13 3 -14 -1 -14 -6 -15 -9 -16 -11 -16 -14 -16 -15 -17 -16 -17 -16 -16 -15 -16 -13 -16 -11 -16 -9 -15 -6 -15 -3 -14 0 -14 0 0 0 0 0 0 0 0 0 0 0 0 0 0 0 0 0 0 0 0 0 0 21 -1 18 1 20 -1 16 -1 17 0 16 -1 12 -4 14 -5 12 -10 12 -13 12 -13 10 -17 10 -19 9 -22 11 -24 11 -24 11 -25 13 -25 14 -25 16 -25 18 -24 21 -23 24 -21 26 -19 29 -
2025-04-01 14:17:40,CSI_DATA,STA,D8:B1:90:DB:E8:90,-53,11,1,7,0,0,1,1,0,0,1,-95,0,3,0,935878154,0,110,0,0,936.275,256,[110 96 6 0 -15 -26 -15 -26 -15 -24 -15 -24 -16 -23 -16 -23 -15 -22 -15 -21 -15 -21 -15 -20 -15 -20 -15 -19 -15 -19 -14 -17 -14 -18 -13 -18 -13 -17 -12 -17 -11 -16 -11 -15 -10 -15 -10 -14 -9 -14 -8 -14 -7 -14 0 0 0 0 0 0 0 0 0 0 0 0 0 0 0 0 0 0 0 0 0 0 -13 -14 -12 -15 -12 -17 -12 -18 -12 -19 -11 -20 -12 -20 -11 -21 -12 -22 -11 -23 -11 -23 -11 -24 -11 -24 -11 -24 -11 -24 -12 -24 -12 -24 -12 -2
2025-04-01 14:17:45,CSI_DATA,STA,D8:B1:90:DB:E8:90,-54,11,1,7,0,0,1,0,0,0,1,-95,0,3,0,941393607,0,110,0,0,941.79,256,[110 96 6 0 22 31 21 30 19 27 18 24 17 20 16 15 15 11 14 6 13 0 12 -4 11 -8 10 -12 9 -15 9 -18 9 -20 9 -21 9 -21 10 -21 10 -20 11 -18 12 -17 12 -14 14 -12 15 -9 16 -7 0 0 0 0 0 0 0 0 0 0 0 0 0 0 0 0 0 0 0 0 0 0 1 22 0 20 0 19 1 18 2 16 4 15 6 14 9 13 11 11 14 11 16 10 18 10 21 9 23 9 24 9 26 10 27 11 28 12 30 13 30 15 30 17 31 20 29 22 28 26 27 28 26 30 ]
2025-04-01 14:17:48,CSI_DATA,STA,D8:B1:90:DB:E8:90,-55,11,1,6,0,0,1,0,0,0,1,-95,0,3,0,943900308,0,110,0,0,944.297,256,[110 96 6 0 34 -14 34 -13 31 -12 29 -12 25 -12 21 -13 16 -13 12 -14 7 -15 2 -15 -2 -16 -6 -16 -10 -17 -12 -16 -14 -17 -15 -17 -15 -17 -15 -17 -14 -17 -12 -17 -10 -16 -8 -16 -5 -15 -3 -15 0 -15 0 0 0 0 0 0 0 0 0 0 0 0 0 0 0 0 0 0 0 0 0 0 22 -3 21 -2 19 -1 18 -3 17 -4 17 -7 14 -8 14 -8 11 -11 11 -12 12 -15 12 -18 11 -21 11 -23 11 -25 12 -26 12 -27 14 -27 16 -27 18 -26 20 -26 23 -25 26 -24 28 -2
2025-04-01 14:17:48,CSI_DATA,STA,D8:B1:90:DB:E8:90,-53,11,1,6,0,0,1,0,0,0,1,-95,0,3,0,944400592,0,110,0,0,944.797,256,[110 96 6 0 26 15 25 15 25 14 26 14 26 14 25 13 25 12 24 11 23 10 23 9 23 9 23 9 23 9 22 9 22 9 20 9 19 9 19 8 18 8 17 7 16 7 15 7 15 7 14 7 13 7 0 0 0 0 0 0 0 0 0 0 0 0 0 0 0 0 0 0 0 0 0 0 21 5 20 6 20 8 20 9 20 9 21 10 22 11 23 12 23 13 24 14 23 13 23 14 23 14 23 15 24 15 24 15 24 15 24 15 26 16 26 15 27 15 27 16 27 14 27 15 28 15 28 16 ]
2025-04-01 14:17:52,CSI_DATA,STA,D8:B1:90:DB:E8:90,-53,11,1,7,0,0,1,0,0,0,1,-95,0,3,0,947409300,0,110,0,0,947.806,256,[110 96 6 0 0 30 0 30 1 29 1 29 1 28 1 28 2 26 3 27 3 26 3 26 3 26 3 24 3 23 4 22 4 21 4 22 4 20 3 19 3 19 2 18 2 17 2 17 1 16 1 16 0 15 0 0 0 0 0 0 0 0 0 0 0 0 0 0 0 0 0 0 0 0 0 0 5 19 3 20 3 21 2 22 2 23 1 23 1 23 0 24 0 24 -1 25 -1 27 -2 27 -2 28 -1 28 -1 27 -2 28 -1 28 -1 28 -1 29 0 29 0 29 0 30 0 30 1 31 0 31 0 31 ]
2025-04-01 14:17:53,CSI_DATA,STA,D8:B1:90:DB:E8:90,-53,11,1,7,0,0,1,0,0,0,1,-95,0,3,0,948416431,0,110,0,0,948.813,256,[110 96 6 0 27 5 27 5 26 4 27 4 27 4 26 3 26 2 25 2 25 1 24 1 24 1 23 1 23 1 22 0 22 1 21 1 20 1 19 1 18 0 17 1 17 1 16 1 15 2 15 2 14 3 0 0 0 0 0 0 0 0 0 0 0 0 0 0 0 0 0 0 0 0 0 0 19 -1 19 0 17 1 17 2 18 2 19 3 22 2 23 3 23 4 24 4 25 6 26 6 26 6 26 6 25 6 25 5 25 5 26 5 27 5 27 5 27 4 28 4 28 5 28 6 29 6 30 5 ]
2025-04-01 14:17:53,CSI_DATA,STA,D8:B1:90:DB:E8:90,-53,11,1,7,0,0,1,0,0,0,1,-95,0,3,0,948916962,0,110,0,0,949.314,256,[110 96 6 0 -20 15 -20 15 -19 15 -19 14 -18 14 -18 14 -17 14 -17 15 -16 14 -16 13 -16 13 -14 13 -14 14 -13 13 -13 13 -14 13 -13 12 -13 12 -12 11 -11 10 -11 9 -10 9 -10 8 -10 8 -11 8 0 0 0 0 0 0 0 0 0 0 0 0 0 0 0 0 0 0 0 0 0 0 -13 13 -14 12 -12 13 -15 13 -14 10 -17 12 -16 15 -18 11 -19 11 -20 12 -18 12 -19 11 -20 11 -20 11 -19 13 -20 12 -20 12 -20 13 -20 14 -20 15 -19 15 -20 15 -20 15 -20 15 -
2025-04-01 14:17:56,CSI_DATA,STA,D8:B1:90:DB:E8:90,-60,11,1,7,0,0,1,0,0,0,1,-95,0,3,0,951425302,0,110,0,0,951.822,256,[110 96 6 0 -26 -22 -26 -20 -26 -18 -15 -7 -16 -5 -16 -4 -15 -3 -21 -14 -21 -13 -21 -11 -22 -10 3 -8 2 -7 2 -7 1 -7 -19 -7 -18 -6 -18 -5 -17 -4 -3 -3 -3 -3 -3 -3 -3 -2 0 -14 -1 -13 0 0 0 0 0 0 0 0 0 0 0 0 0 0 0 0 0 0 0 0 0 0 -2 -9 -1 -9 -16 -9 -17 -8 -17 -8 -18 -8 -19 -10 -20 -10 -21 -10 -22 -9 -34 -1 -34 0 -34 2 -34 4 -13 -12 -13 -12 -14 -10 -15 -10 20 -5 19 -6 19 -8 19 -10 21 -14 20 -15 19
2025-04-01 14:17:56,CSI_DATA,STA,D8:B1:90:DB:E8:90,-55,11,1,6,0,0,1,1,0,0,1,-95,0,3,0,951927318,0,110,0,0,952.324,256,[110 96 6 0 -3 -39 -2 -38 -2 -35 -3 -32 -4 -28 -6 -25 -7 -20 -10 -15 -11 -11 -13 -7 -14 -3 -16 2 -17 5 -18 8 -19 9 -19 10 -19 10 -19 10 -18 9 -18 7 -17 5 -16 3 -16 0 -15 -2 -14 -5 0 0 0 0 0 0 0 0 0 0 0 0 0 0 0 0 0 0 0 0 0 0 6 -22 7 -21 7 -20 5 -19 4 -18 2 -17 0 -16 -3 -16 -5 -16 -7 -16 -10 -17 -13 -17 -15 -17 -17 -18 -19 -19 -19 -20 -20 -21 -20 -22 -20 -24 -19 -26 -17 -29 -16 -31 -14 -33 -11
2025-04-01 14:17:56,CSI_DATA,STA,D8:B1:90:DB:E8:90,-63,11,1,5,0,0,1,0,0,0,1,-95,0,3,0,952426463,0,110,0,0,952.823,256,[110 96 6 0 17 7 17 6 17 5 0 -2 0 -2 -1 -2 0 -2 -20 -14 -21 -13 -21 -10 -20 -9 -18 16 -16 17 -16 18 -14 17 -28 6 -26 7 -25 7 -24 8 -6 19 -4 18 -4 18 -3 17 0 -5 -1 -5 0 0 0 0 0 0 0 0 0 0 0 0 0 0 0 0 0 0 0 0 0 0 30 -4 30 -4 27 1 27 0 29 0 29 0 27 4 27 4 28 3 29 3 25 12 25 11 26 10 26 10 11 11 12 11 12 11 13 10 8 5 9 4 9 4 9 4 -10 -19 -11 -18 -12 -17 22 -20 ]
2025-04-01 14:18:03,CSI_DATA,STA,D8:B1:90:DB:E8:90,-53,11,1,6,0,0,1,0,0,0,1,-95,0,3,0,958948398,0,110,0,0,959.345,256,[110 96 6 0 14 22 14 21 14 21 14 20 14 19 14 19 14 18 14 17 14 17 14 16 13 16 14 16 13 16 13 15 12 15 12 15 11 14 11 13 10 13 10 12 9 12 8 12 8 11 7 11 7 11 0 0 0 0 0 0 0 0 0 0 0 0 0 0 0 0 0 0 0 0 0 0 12 14 12 11 12 14 13 14 12 15 10 16 12 16 10 17 12 18 10 20 11 20 11 20 11 21 11 20 11 20 11 21 11 20 12 20 13 21 13 21 14 21 14 21 14 21 15 21 14 22 14 22 ]
2025-04-01 14:18:03,CSI_DATA,STA,D8:B1:90:DB:E8:90,-53,11,1,6,0,0,1,0,0,0,1,-95,0,3,0,959448299,0,110,0,0,959.845,256,[110 96 6 0 -6 26 -6 25 -5 25 -4 24 -4 24 -4 23 -3 23 -4 23 -3 22 -2 21 -2 21 -2 21 -2 20 -1 20 -1 19 -2 19 -2 18 -2 17 -2 17 -3 16 -2 15 -2 14 -3 14 -3 13 -3 13 0 0 0 0 0 0 0 0 0 0 0 0 0 0 0 0 0 0 0 0 0 0 0 15 -1 18 -3 15 -3 18 -5 18 -5 20 -4 21 -5 22 -4 20 -5 20 -5 22 -7 22 -7 22 -7 22 -7 23 -7 23 -7 23 -7 23 -6 24 -5 24 -5 24 -5 25 -5 25 -5 25 -6 26 -7 27 ]
2025-04-01 14:18:04,CSI_DATA,STA,00:00:00:00:00:00,-54,11,0,0,0,0,0,0,0,0,0,-95,0,3,0,960013126,0,14,0,0,960.41,128,[14 -32 0 0 16 35 15 35 14 31 14 29 14 24 14 19 14 15 14 9 14 4 13 0 14 -5 14 -9 14 -12 14 -15 14 -17 14 -18 15 -18 15 -18 15 -16 15 -15 16 -12 16 -10 16 -7 16 -4 17 -1 0 0 0 0 0 0 0 0 0 0 0 0 0 0 0 0 0 0 0 0 0 0 2 22 0 21 1 19 1 18 2 16 4 16 6 14 9 13 11 12 14 11 16 11 18 11 21 11 22 11 24 11 24 12 26 13 25 14 26 16 26 19 26 21 26 24 24 26 23 30 22 32 20 34 ]
2025-04-01 14:18:07,CSI_DATA,STA,D8:B1:90:DB:E8:90,-53,11,1,6,0,0,1,0,0,0,1,-95,0,3,0,962455348,0,110,0,0,962.852,256,[110 96 6 0 11 29 12 29 11 26 12 27 12 26 11 25 11 24 12 24 12 22 12 22 12 21 12 20 12 20 11 19 11 19 11 19 11 19 10 18 9 17 8 17 7 16 6 15 6 15 5 14 4 15 0 0 0 0 0 0 0 0 0 0 0 0 0 0 0 0 0 0 0 0 0 0 12 16 10 17 10 18 10 19 10 19 10 21 9 21 9 23 9 24 9 24 9 24 8 25 8 26 8 26 9 27 8 26 9 27 9 26 10 28 11 27 11 28 11 28 11 27 12 28 12 29 12 28 ]
2025-04-01 14:18:08,CSI_DATA,STA,D8:B1:90:DB:E8:90,-56,11,1,6,0,0,1,0,0,0,1,-95,0,3,0,963955411,0,110,0,0,964.352,256,[110 96 6 0 -22 -37 -21 -36 -19 -32 -18 -29 -18 -25 -17 -20 -16 -15 -15 -10 -14 -4 -14 1 -13 5 -12 10 -12 13 -11 16 -12 19 -12 20 -13 21 -13 20 -13 19 -15 18 -15 15 -16 13 -17 10 -18 8 -19 5 0 0 0 0 0 0 0 0 0 0 0 0 0 0 0 0 0 0 0 0 0 0 5 -23 5 -24 1 -21 -1 -23 2 -19 -3 -16 -5 -15 -9 -16 -12 -14 -13 -12 -17 -13 -19 -13 -22 -12 -23 -14 -26 -13 -27 -14 -28 -15 -29 -16 -30 -18 -31 -21 -31 -23 -30
2025-04-01 14:18:11,CSI_DATA,STA,D8:B1:90:DB:E8:90,-53,11,1,7,0,0,1,0,0,0,1,-95,0,3,0,966465427,0,110,0,0,966.862,256,[110 96 6 0 -17 23 -17 24 -15 23 -16 23 -15 23 -15 23 -14 22 -14 22 -13 22 -13 21 -12 21 -11 21 -10 21 -10 20 -10 20 -11 19 -11 18 -10 17 -10 16 -10 15 -9 14 -9 13 -9 12 -10 12 -10 11 0 0 0 0 0 0 0 0 0 0 0 0 0 0 0 0 0 0 0 0 0 0 -9 18 -10 18 -10 17 -11 18 -12 18 -13 18 -13 18 -14 19 -15 19 -15 19 -17 20 -18 20 -18 20 -18 20 -18 20 -18 20 -18 21 -17 21 -18 22 -18 23 -17 24 -18 24 -17 24 -17 24
2025-04-01 14:18:11,CSI_DATA,STA,D8:B1:90:DB:E8:90,-53,11,1,6,0,0,1,1,0,0,1,-95,0,3,0,966966406,0,110,0,0,967.363,256,[110 96 6 0 26 -11 27 -11 26 -11 26 -11 24 -11 24 -11 23 -11 24 -12 22 -12 22 -13 21 -12 21 -13 20 -13 19 -12 19 -13 19 -11 18 -11 18 -11 17 -10 16 -9 16 -9 15 -8 14 -8 14 -7 14 -6 0 0 0 0 0 0 0 0 0 0 0 0 0 0 0 0 0 0 0 0 0 0 17 -10 18 -10 18 -9 19 -9 19 -8 20 -9 21 -8 22 -8 22 -8 22 -8 24 -8 25 -8 25 -8 25 -8 25 -7 25 -7 25 -8 25 -8 27 -9 26 -9 27 -10 27 -10 26 -11 26 -11 27 -11 28 -11 ]
2025-04-01 14:18:14,CSI_DATA,STA,D8:B1:90:DB:E8:90,-53,11,1,7,0,0,1,0,0,0,1,-95,0,3,0,969965630,0,110,0,0,970.362,256,[110 96 6 0 25 -9 25 -10 24 -10 23 -11 23 -11 22 -10 21 -11 21 -11 20 -11 19 -11 19 -11 19 -12 18 -11 18 -11 18 -11 17 -10 17 -10 16 -10 16 -9 15 -8 14 -7 13 -7 13 -7 12 -6 13 -5 0 0 0 0 0 0 0 0 0 0 0 0 0 0 0 0 0 0 0 0 0 0 16 -9 17 -8 17 -7 18 -7 19 -7 20 -6 21 -6 22 -7 22 -6 22 -6 23 -7 23 -7 24 -7 24 -7 24 -6 24 -7 24 -7 24 -8 24 -8 24 -8 24 -9 25 -9 26 -10 26 -10 26 -10 27 -10 ]
2025-04-01 14:18:17,CSI_DATA,STA,D8:B1:90:DB:E8:90,-53,11,1,7,0,0,1,0,0,0,1,-95,0,3,0,972972484,0,110,0,0,973.369,256,[110 96 6 0 13 27 13 26 14 25 13 23 13 22 13 21 13 21 13 20 13 20 13 19 14 18 14 17 13 17 13 17 13 16 12 17 11 16 11 15 10 15 10 14 9 14 9 13 8 13 7 13 6 12 0 0 0 0 0 0 0 0 0 0 0 0 0 0 0 0 0 0 0 0 0 0 12 16 11 17 10 16 10 17 10 18 9 18 9 21 9 21 9 23 8 23 9 24 9 24 9 24 9 25 8 24 9 24 9 24 10 24 11 25 10 25 11 25 12 25 12 25 13 25 12 26 12 26 ]
2025-04-01 14:18:18,CSI_DATA,STA,D8:B1:90:DB:E8:90,-53,11,1,7,0,0,1,0,0,0,1,-95,0,3,0,973472310,0,110,0,0,973.869,256,[110 96 6 0 16 23 17 23 16 22 16 22 16 21 16 20 16 19 16 19 17 18 17 17 17 17 16 17 15 16 14 16 14 15 14 16 14 15 13 14 13 14 12 13 11 13 10 12 10 12 8 12 7 13 0 0 0 0 0 0 0 0 0 0 0 0 0 0 0 0 0 0 0 0 0 0 15 15 14 12 14 14 11 16 12 18 13 18 14 17 15 18 14 21 13 21 14 21 14 21 13 21 14 22 13 23 14 22 15 23 14 22 15 23 15 24 16 23 16 24 17 23 17 23 17 23 17 23 ]
2025-04-01 14:18:18,CSI_DATA,STA,D8:B1:90:DB:E8:90,-62,11,1,7,0,0,1,1,0,0,1,-95,0,3,0,974485754,0,110,0,0,974.883,256,[110 96 6 0 6 12 5 12 6 10 4 42 5 41 5 39 5 38 12 1 12 0 11 0 12 0 3 17 3 17 3 18 2 18 -14 11 -13 11 -13 10 -12 9 -12 18 -12 17 -12 16 -12 15 -3 19 -4 18 0 0 0 0 0 0 0 0 0 0 0 0 0 0 0 0 0 0 0 0 0 0 9 -13 10 -12 8 -9 8 -9 10 -9 11 -9 -12 -6 -12 -6 -11 -7 -11 -7 -33 -8 -33 -9 -33 -9 -34 -9 -30 2 -30 1 -30 2 -30 2 1 -7 0 -7 0 -7 1 -7 19 -8 20 -7 20 -7 47 -5 ]
2025-04-01 14:18:19,CSI_DATA,STA,D8:B1:90:DB:E8:90,-59,11,1,7,0,0,1,1,0,0,1,-95,0,3,0,974983788,0,110,0,0,975.381,256,[110 96 6 0 1 -28 0 -28 0 -27 -6 16 -6 16 -6 16 -5 15 8 24 8 22 8 22 9 21 4 25 4 24 4 24 4 23 6 8 5 7 5 7 5 6 -6 -4 -6 -4 -5 -4 -5 -4 -2 -1 -1 -1 0 0 0 0 0 0 0 0 0 0 0 0 0 0 0 0 0 0 0 0 0 0 14 19 14 20 13 21 13 22 13 24 13 25 16 26 17 27 17 28 17 29 -1 14 -1 14 -1 14 -1 14 -20 2 -20 3 -20 3 -20 3 -21 2 -22 3 -22 4 -22 4 25 -9 25 -10 26 -11 -6 -7 ]
2025-04-01 14:18:21,CSI_DATA,STA,D8:B1:90:DB:E8:90,-53,11,1,5,0,0,1,0,0,0,1,-95,0,3,0,976990363,0,110,0,0,977.387,256,[110 96 6 0 29 6 29 5 28 5 26 4 26 4 26 4 25 3 24 2 23 2 23 2 22 1 24 1 23 1 23 1 22 1 21 1 20 1 19 1 19 1 18 2 17 2 16 2 15 3 15 4 14 4 0 0 0 0 0 0 0 0 0 0 0 0 0 0 0 0 0 0 0 0 0 0 18 -1 18 0 19 0 19 1 20 2 20 2 22 2 23 2 24 3 24 4 25 5 25 5 26 6 26 5 26 6 26 5 26 5 26 5 26 6 26 6 26 5 28 5 29 5 28 6 29 6 29 4 ]
2025-04-01 14:18:21,CSI_DATA,STA,D8:B1:90:DB:E8:90,-54,11,1,6,0,0,1,0,0,0,1,-95,0,3,0,977491179,0,110,0,0,977.888,256,[110 96 6 0 8 -39 8 -38 8 -35 6 -32 4 -29 1 -26 -2 -22 -5 -18 -7 -14 -11 -10 -14 -7 -16 -3 -19 0 -20 2 -22 4 -23 4 -24 5 -23 4 -23 3 -22 2 -21 0 -20 -2 -19 -5 -17 -7 -16 -10 0 0 0 0 0 0 0 0 0 0 0 0 0 0 0 0 0 0 0 0 0 0 14 -19 14 -18 13 -17 11 -16 10 -16 8 -17 5 -17 3 -17 -1 -18 -3 -19 -5 -20 -8 -22 -9 -23 -11 -24 -12 -25 -13 -27 -13 -28 -13 -30 -12 -32 -10 -33 -9 -34 -7 -36 -4 -37 -2 -39 1 -39
2025-04-01 14:18:27,CSI_DATA,STA,D8:B1:90:DB:E8:90,-54,11,1,6,0,0,1,0,0,0,1,-95,0,3,0,983008378,0,110,0,0,983.405,256,[110 96 6 0 27 27 26 27 24 24 23 22 22 18 21 14 19 10 17 5 16 0 14 -5 12 -9 10 -13 9 -16 8 -19 7 -22 7 -22 7 -24 7 -23 8 -23 9 -21 9 -18 11 -16 12 -14 13 -10 15 -7 0 0 0 0 0 0 0 0 0 0 0 0 0 0 0 0 0 0 0 0 0 0 9 21 8 21 7 19 8 18 8 16 10 14 11 12 13 10 15 8 17 7 20 5 22 4 24 2 26 2 28 1 29 1 30 1 31 3 31 4 32 6 33 8 33 11 33 14 32 18 32 21 31 23 ]
2025-04-01 14:18:27,CSI_DATA,STA,00:00:00:00:00:00,-54,11,0,0,0,0,0,0,0,0,0,-95,0,3,0,983066848,0,14,0,0,983.464,128,[14 -32 0 0 -20 -35 -19 -34 -18 -30 -18 -28 -17 -24 -16 -20 -16 -15 -16 -10 -15 -5 -14 0 -14 5 -14 9 -14 13 -13 15 -13 18 -13 19 -13 20 -13 20 -14 18 -14 17 -15 14 -15 12 -16 9 -17 6 -17 3 0 0 0 0 0 0 0 0 0 0 0 0 0 0 0 0 0 0 0 0 0 0 -3 -24 -2 -23 -2 -22 -2 -21 -3 -19 -5 -18 -7 -16 -10 -15 -12 -14 -15 -13 -18 -11 -21 -11 -23 -10 -26 -10 -27 -10 -28 -11 -30 -12 -30 -13 -30 -14 -30 -16 -31 -19 -2
2025-04-01 14:18:27,CSI_DATA,STA,D8:B1:90:DB:E8:90,-55,11,1,6,0,0,1,0,0,0,1,-95,0,3,0,983336341,0,100,0,0,983.733,256,[100 -64 5 0 28 24 26 24 24 21 23 18 21 15 19 12 17 7 14 3 12 -1 10 -6 7 -10 5 -13 3 -16 2 -19 1 -21 1 -22 1 -22 2 -23 3 -23 4 -22 6 -20 7 -19 10 -17 11 -15 13 -12 0 0 0 0 0 0 0 0 0 0 0 0 0 0 0 0 0 0 0 0 0 0 4 21 2 20 3 18 3 17 4 16 6 14 8 12 10 11 12 9 14 6 17 6 19 5 22 3 23 3 25 3 26 3 28 3 29 4 30 5 30 7 32 9 32 12 32 14 32 17 32 20 31 22 ]
2025-04-01 14:18:29,CSI_DATA,STA,D8:B1:90:DB:E8:90,-54,11,1,6,0,0,1,0,0,0,1,-95,0,3,0,985026323,0,110,0,0,985.423,256,[110 96 6 0 34 18 33 18 30 16 29 14 26 11 24 8 20 4 18 0 15 -4 12 -9 9 -13 6 -16 4 -19 2 -22 1 -24 0 -25 0 -25 1 -25 1 -24 3 -23 4 -21 6 -19 8 -16 9 -14 12 -11 0 0 0 0 0 0 0 0 0 0 0 0 0 0 0 0 0 0 0 0 0 0 16 16 15 16 14 15 13 13 14 12 14 10 15 7 16 5 18 3 19 -1 21 -3 22 -5 24 -7 26 -8 27 -10 28 -10 30 -10 31 -9 32 -8 32 -6 34 -3 35 1 35 2 36 6 36 9 37 13 ]
2025-04-01 14:18:30,CSI_DATA,STA,D8:B1:90:DB:E8:90,-53,11,1,7,0,0,1,0,0,0,0,-95,0,3,0,986016156,0,110,0,0,986.413,256,[110 96 6 0 -27 9 -26 10 -25 10 -25 10 -24 10 -23 10 -23 10 -23 11 -22 11 -21 12 -21 12 -21 10 -20 11 -19 11 -19 11 -19 10 -19 10 -18 10 -17 9 -16 8 -16 7 -15 7 -15 6 -15 6 -14 5 0 0 0 0 0 0 0 0 0 0 0 0 0 0 0 0 0 0 0 0 0 0 -17 9 -19 8 -19 6 -20 6 -21 6 -21 6 -22 7 -23 6 -24 6 -24 5 -25 5 -25 5 -26 4 -26 4 -26 5 -26 5 -26 5 -26 6 -28 6 -27 7 -27 8 -28 8 -27 9 -27 9 -27 9 -28 9 ]
2025-04-01 14:18:31,CSI_DATA,STA,D8:B1:90:DB:E8:90,-61,11,1,6,0,0,1,0,0,0,1,-95,0,3,0,986516328,0,110,0,0,986.913,256,[110 96 6 0 -7 23 -4 24 -1 23 2 21 4 20 7 19 9 17 -8 -7 -7 -6 -8 -6 -8 -5 9 2 11 1 11 -1 11 -2 16 -7 16 -8 14 -9 13 -10 4 13 5 12 6 11 7 10 -1 17 -1 16 0 0 0 0 0 0 0 0 0 0 0 0 0 0 0 0 0 0 0 0 0 0 17 -6 18 -7 19 6 21 5 22 4 23 2 17 -10 17 -12 17 -13 16 -14 -2 21 0 21 1 22 3 22 -23 -6 -24 -3 -25 -1 -25 2 -30 -3 -30 1 -30 4 -29 7 19 -13 17 -15 15 -17 -22 19 ]
2025-04-01 14:18:31,CSI_DATA,STA,D8:B1:90:DB:E8:90,-55,11,1,7,0,0,1,0,0,0,1,-95,0,3,0,987525531,0,110,0,0,987.922,256,[110 96 6 0 28 -25 27 -24 25 -23 22 -21 18 -20 15 -19 10 -17 5 -16 0 -14 -4 -13 -9 -11 -13 -10 -17 -9 -19 -7 -21 -7 -23 -6 -23 -6 -23 -6 -22 -7 -21 -8 -19 -9 -17 -10 -14 -11 -12 -13 -9 -14 0 0 0 0 0 0 0 0 0 0 0 0 0 0 0 0 0 0 0 0 0 0 22 -4 20 -3 19 -3 18 -4 16 -5 15 -6 12 -8 11 -11 9 -13 7 -16 6 -19 5 -21 4 -24 4 -27 3 -29 4 -29 4 -31 5 -32 6 -32 8 -32 11 -33 14 -32 15 -31 18 -31 22 -30 25 -29
2025-04-01 14:18:32,CSI_DATA,STA,D8:B1:90:DB:E8:90,-55,11,1,6,0,0,1,0,0,0,1,-95,0,3,0,988023471,0,110,0,0,988.42,256,[110 96 6 0 17 -33 17 -32 16 -30 14 -28 10 -25 7 -23 4 -20 0 -17 -3 -14 -8 -11 -12 -9 -15 -6 -18 -3 -20 -1 -22 0 -23 0 -23 1 -24 1 -23 0 -21 -1 -20 -3 -19 -4 -16 -7 -14 -9 -12 -11 0 0 0 0 0 0 0 0 0 0 0 0 0 0 0 0 0 0 0 0 0 0 18 -13 17 -12 16 -11 15 -11 14 -11 11 -11 9 -12 6 -15 4 -16 1 -18 -1 -20 -3 -22 -4 -24 -6 -26 -7 -27 -8 -29 -7 -30 -6 -31 -5 -32 -4 -32 -2 -33 1 -35 4 -35 7 -35 10 -35 14 -
2025-04-01 14:18:36,CSI_DATA,STA,D8:B1:90:DB:E8:90,-61,11,1,7,0,0,1,0,0,0,1,-95,0,3,0,992043350,0,110,0,0,992.44,256,[110 96 6 0 11 -16 11 -15 11 -16 17 -11 17 -11 16 -11 15 -11 -12 -19 -12 -19 -12 -18 -12 -18 -10 15 -10 15 -10 14 -9 14 -10 12 -10 11 -10 10 -10 10 -10 23 -10 21 -11 20 -11 19 -13 17 -13 15 0 0 0 0 0 0 0 0 0 0 0 0 0 0 0 0 0 0 0 0 0 0 23 5 24 8 22 13 21 14 22 16 22 16 1 -9 1 -9 2 -9 2 -9 22 6 22 7 23 7 23 7 1 -2 1 -2 1 -2 2 -2 34 -6 35 -6 35 -6 35 -6 -5 15 -5 15 -5 16 23 -38 ]
2025-04-01 14:18:37,CSI_DATA,STA,D8:B1:90:DB:E8:90,-53,11,1,6,0,0,1,0,0,0,1,-95,0,3,0,993045107,0,110,0,0,993.442,256,[110 96 6 0 -9 -28 -9 -27 -9 -26 -10 -26 -10 -25 -10 -25 -10 -24 -11 -23 -10 -23 -11 -21 -11 -21 -11 -21 -11 -21 -11 -20 -10 -20 -10 -18 -9 -18 -9 -17 -9 -17 -8 -17 -8 -17 -7 -16 -7 -15 -4 -15 -4 -15 0 0 0 0 0 0 0 0 0 0 0 0 0 0 0 0 0 0 0 0 0 0 -10 -18 -9 -19 -9 -20 -8 -21 -8 -21 -7 -22 -7 -22 -7 -24 -7 -25 -7 -25 -6 -24 -5 -25 -6 -25 -6 -25 -5 -27 -5 -27 -5 -27 -6 -27 -7 -27 -7 -27 -8 -28 -8
2025-04-01 14:18:38,CSI_DATA,STA,D8:B1:90:DB:E8:90,-53,11,1,7,0,0,1,0,0,0,1,-95,0,3,0,994045709,0,110,0,0,994.442,256,[110 96 6 0 25 2 24 2 24 2 24 1 23 1 23 0 22 -1 22 -1 21 -2 21 -2 20 -2 20 -1 19 -2 19 -2 19 -2 18 -2 17 -2 16 -2 16 -2 16 -1 15 -1 15 -1 14 0 13 0 13 0 0 0 0 0 0 0 0 0 0 0 0 0 0 0 0 0 0 0 0 0 0 0 17 -1 17 1 18 1 18 0 19 2 20 1 21 5 21 5 21 4 22 6 20 5 23 6 22 6 22 6 23 5 22 6 23 5 23 5 24 4 24 4 24 4 25 4 25 4 25 4 25 4 26 3 ]
2025-04-01 14:18:43,CSI_DATA,STA,D8:B1:90:DB:E8:90,-55,11,1,5,0,0,1,0,0,0,0,-95,0,3,0,999557824,0,110,0,0,999.954,256,[110 96 6 0 -11 32 -11 31 -10 29 -8 26 -5 24 -3 20 0 17 3 13 5 10 8 7 10 3 13 0 14 -2 16 -5 17 -6 18 -6 18 -7 19 -7 18 -6 17 -4 17 -3 16 0 15 2 14 4 13 7 0 0 0 0 0 0 0 0 0 0 0 0 0 0 0 0 0 0 0 0 0 0 -16 12 -15 11 -14 11 -13 11 -11 11 -9 11 -6 12 -4 13 -1 14 1 15 3 17 5 18 6 19 8 20 9 21 9 22 9 23 8 25 7 26 6 27 4 29 1 30 -1 31 -3 32 -6 33 -8 34 ]
2025-04-01 14:18:48,CSI_DATA,STA,D8:B1:90:DB:E8:90,-53,11,1,7,0,0,1,0,0,0,1,-95,0,3,0,1003563813,0,110,0,0,1003.96,256,[110 96 6 0 -29 -5 -29 -4 -28 -4 -28 -3 -27 -3 -27 -3 -26 -3 -25 -1 -25 -1 -24 -1 -24 -1 -24 -2 -24 -1 -23 -1 -22 -1 -21 -1 -21 -1 -20 -1 -19 -2 -18 -2 -17 -2 -16 -2 -15 -3 -15 -3 -14 -4 0 0 0 0 0 0 0 0 0 0 0 0 0 0 0 0 0 0 0 0 0 0 -16 1 -20 1 -20 -2 -18 -4 -23 -4 -21 -3 -21 -4 -23 -4 -23 -5 -24 -6 -24 -5 -24 -7 -24 -7 -25 -7 -25 -7 -25 -7 -25 -7 -26 -7 -27 -6 -26 -5 -27 -5 -27 -5 -28 -3 -28
2025-04-01 14:18:52,CSI_DATA,STA,D8:B1:90:DB:E8:90,-53,11,1,7,0,0,1,0,0,0,1,-95,0,3,0,1008080123,0,110,0,0,1008.48,256,[110 96 6 0 -41 5 -40 5 -37 4 -34 5 -30 6 -26 7 -21 8 -17 9 -12 11 -7 13 -3 15 1 17 3 18 6 18 8 19 9 20 9 21 8 21 7 21 5 21 3 20 1 19 -2 19 -5 18 -7 16 0 0 0 0 0 0 0 0 0 0 0 0 0 0 0 0 0 0 0 0 0 0 -25 -3 -24 -4 -23 -4 -22 -3 -20 -2 -20 0 -19 2 -18 4 -18 7 -17 9 -17 12 -18 14 -18 17 -18 18 -19 20 -20 21 -21 21 -22 21 -24 22 -27 21 -29 20 -32 18 -35 17 -37 15 -40 12 -42 10 ]
2025-04-01 14:19:00,CSI_DATA,STA,D8:B1:90:DB:E8:90,-54,11,1,6,0,0,1,0,0,0,1,-95,0,3,0,1016097342,0,110,0,0,1016.49,256,[110 96 6 0 -37 -16 -36 -15 -32 -14 -30 -11 -28 -9 -25 -7 -21 -3 -19 1 -15 5 -12 8 -9 12 -7 15 -5 17 -3 19 -2 20 -2 21 -1 22 -2 21 -2 20 -4 19 -6 17 -7 15 -8 14 -10 11 -12 9 0 0 0 0 0 0 0 0 0 0 0 0 0 0 0 0 0 0 0 0 0 0 -20 -14 -18 -15 -17 -14 -17 -12 -16 -11 -16 -9 -16 -7 -17 -4 -18 -2 -19 1 -20 3 -21 5 -22 7 -23 8 -24 9 -27 9 -28 9 -29 8 -30 7 -31 5 -34 3 -35 0 -36 -1 -38 -5 -38 -7 -39 -10 ]
2025-04-01 14:19:01,CSI_DATA,STA,D8:B1:90:DB:E8:90,-58,11,1,6,0,0,1,0,0,0,1,-95,0,3,0,1016597333,0,110,0,0,1016.99,256,[110 96 6 0 12 16 11 14 11 14 -13 -18 -13 -17 -13 -16 -13 -16 -16 -16 -16 -16 -17 -17 -16 -15 -18 -14 -18 -13 -18 -13 -16 -12 17 4 15 2 14 2 14 2 8 7 8 7 8 7 8 7 7 7 6 7 0 0 0 0 0 0 0 0 0 0 0 0 0 0 0 0 0 0 0 0 0 0 -21 7 -21 6 -24 10 -24 9 -25 7 -27 8 19 -6 20 -6 21 -6 21 -6 -24 3 -25 4 -25 3 -26 2 -16 -12 -16 -11 -17 -12 -17 -12 8 -19 7 -20 7 -20 8 -20 -12 -28 -11 -31 -12 -29 1 28 ]
2025-04-01 14:19:02,CSI_DATA,STA,D8:B1:90:DB:E8:90,-53,11,1,7,0,0,1,0,0,0,1,-95,0,3,0,1017596813,0,110,0,0,1017.99,256,[110 96 6 0 -11 -27 -12 -27 -12 -25 -12 -26 -12 -25 -12 -25 -12 -23 -13 -22 -13 -22 -13 -21 -13 -20 -13 -21 -13 -20 -13 -19 -13 -19 -12 -18 -11 -17 -11 -16 -10 -16 -9 -15 -9 -15 -8 -15 -7 -14 -7 -14 -6 -14 0 0 0 0 0 0 0 0 0 0 0 0 0 0 0 0 0 0 0 0 0 0 -11 -16 -10 -17 -11 -19 -11 -20 -10 -20 -10 -21 -10 -21 -10 -22 -9 -23 -9 -23 -8 -25 -8 -25 -8 -25 -8 -25 -8 -26 -8 -26 -9 -26 -9 -26 -10 -27 -1
2025-04-01 14:19:02,CSI_DATA,STA,D8:B1:90:DB:E8:90,-54,11,1,6,0,0,1,1,0,0,1,-95,0,3,0,1018104871,0,110,0,0,1018.5,256,[110 96 6 0 38 1 37 1 34 1 32 0 28 -1 24 -3 20 -6 16 -9 11 -11 7 -13 2 -15 -1 -17 -4 -19 -6 -20 -8 -21 -9 -22 -9 -22 -8 -22 -7 -22 -6 -21 -4 -20 -2 -19 1 -18 3 -16 6 -15 0 0 0 0 0 0 0 0 0 0 0 0 0 0 0 0 0 0 0 0 0 0 21 7 20 7 19 6 18 5 17 4 17 2 16 0 16 -3 16 -6 16 -8 17 -11 17 -14 18 -16 18 -18 19 -19 20 -20 21 -20 22 -20 24 -19 27 -18 28 -17 31 -15 33 -13 35 -10 37 -7 39 -4 ]
2025-04-01 14:19:04,CSI_DATA,STA,00:00:00:00:00:00,-53,11,0,0,0,0,0,0,0,0,0,-95,0,3,0,1020014114,0,14,0,0,1020.41,128,[14 -32 0 0 -36 -10 -35 -11 -32 -10 -30 -9 -28 -6 -25 -4 -22 -1 -19 2 -15 6 -12 9 -9 12 -7 15 -4 17 -2 19 -1 21 0 21 0 22 0 21 0 21 -2 20 -3 18 -4 17 -6 14 -8 13 -10 10 0 0 0 0 0 0 0 0 0 0 0 0 0 0 0 0 0 0 0 0 0 0 -21 -9 -20 -10 -19 -9 -19 -8 -18 -7 -18 -6 -18 -3 -18 -1 -18 2 -19 4 -19 6 -20 9 -21 11 -21 12 -22 14 -23 14 -25 14 -26 14 -27 13 -28 12 -30 9 -32 7 -33 4 -35 1 -35 -2 -36 -5 ]
2025-04-01 14:19:04,CSI_DATA,STA,D8:B1:90:DB:E8:90,-54,11,1,7,0,0,1,0,0,0,1,-95,0,3,0,1020105495,0,110,0,0,1020.5,256,[110 96 6 0 -10 36 -10 35 -9 32 -7 30 -5 26 -2 23 1 20 4 16 6 12 9 9 12 6 15 3 17 1 19 -2 21 -3 21 -4 22 -4 22 -3 22 -3 21 -2 20 0 18 2 17 5 15 7 14 9 0 0 0 0 0 0 0 0 0 0 0 0 0 0 0 0 0 0 0 0 0 0 -14 18 -13 17 -13 16 -12 16 -9 15 -7 15 -5 16 -3 16 0 17 3 17 5 19 7 20 9 21 10 22 12 24 12 24 12 26 11 27 11 29 9 30 8 32 6 34 2 35 0 37 -3 38 -6 39 ]
2025-04-01 14:19:12,CSI_DATA,STA,D8:B1:90:DB:E8:90,-54,11,1,6,0,0,1,0,0,0,1,-95,0,3,0,1027119393,0,110,0,0,1027.52,256,[110 96 6 0 -26 -31 -24 -29 -23 -27 -22 -24 -21 -21 -20 -17 -18 -12 -17 -7 -16 -2 -15 2 -14 7 -13 11 -12 15 -11 17 -11 19 -11 21 -11 21 -11 20 -11 19 -12 18 -12 15 -13 13 -13 10 -14 8 -15 4 0 0 0 0 0 0 0 0 0 0 0 0 0 0 0 0 0 0 0 0 0 0 -10 -22 -8 -21 -7 -20 -8 -18 -9 -17 -10 -15 -11 -13 -13 -12 -15 -9 -18 -8 -20 -6 -23 -5 -24 -4 -26 -4 -28 -3 -29 -3 -30 -4 -31 -5 -32 -7 -32 -8 -33 -11 -32 -15
2025-04-01 14:19:14,CSI_DATA,STA,D8:B1:90:DB:E8:90,-54,11,1,7,0,0,1,0,0,0,1,-95,0,3,0,1029643617,0,110,0,0,1030.04,256,[110 96 6 0 -14 -37 -13 -36 -12 -32 -12 -30 -13 -25 -12 -22 -13 -16 -13 -12 -14 -6 -14 -1 -15 3 -15 7 -16 10 -16 13 -16 15 -16 16 -17 16 -17 15 -17 15 -18 13 -18 10 -18 9 -18 6 -17 4 -18 1 0 0 0 0 0 0 0 0 0 0 0 0 0 0 0 0 0 0 0 0 0 0 2 -23 3 -21 2 -20 1 -19 0 -18 -2 -18 -4 -16 -7 -16 -9 -15 -12 -14 -15 -14 -18 -15 -20 -14 -22 -15 -23 -15 -24 -16 -26 -17 -25 -19 -27 -21 -25 -23 -26 -24 -25 -28
2025-04-01 14:19:17,CSI_DATA,STA,D8:B1:90:DB:E8:90,-54,11,1,7,0,0,1,0,0,0,1,-95,0,3,0,1032635676,0,110,0,0,1033.03,256,[110 96 6 0 36 1 36 2 33 1 30 0 27 -1 23 -3 19 -6 15 -8 10 -10 6 -13 2 -15 -2 -17 -5 -18 -8 -20 -9 -21 -10 -21 -10 -21 -10 -21 -9 -20 -7 -20 -5 -19 -3 -17 -1 -16 2 -15 5 -14 0 0 0 0 0 0 0 0 0 0 0 0 0 0 0 0 0 0 0 0 0 0 20 9 18 9 17 8 16 7 16 5 15 4 15 1 15 -2 16 -4 16 -7 17 -10 17 -13 18 -15 19 -17 19 -19 21 -19 22 -20 23 -20 25 -20 26 -18 28 -17 31 -14 32 -12 34 -9 36 -7 38 -4 ]
2025-04-01 14:19:18,CSI_DATA,STA,D8:B1:90:DB:E8:90,-59,11,1,6,0,0,1,0,0,0,1,-95,0,3,0,1034140333,0,110,0,0,1034.54,256,[110 96 6 0 3 -19 5 -18 6 -17 -2 -20 1 -20 2 -19 4 -18 6 -17 8 -16 9 -14 10 -13 12 -12 12 -10 13 -8 14 -6 14 -3 13 -2 13 0 12 2 11 3 10 5 9 6 7 8 6 8 4 9 0 0 0 0 0 0 0 0 0 0 0 0 0 0 0 0 0 0 0 0 0 0 -11 2 -11 0 -5 8 -7 8 -8 7 -9 6 3 31 -2 32 -6 33 -11 32 14 26 11 28 6 30 3 30 8 17 6 17 5 18 3 18 6 17 5 17 3 18 2 18 14 5 14 8 13 9 -13 -12 ]
2025-04-01 14:19:21,CSI_DATA,STA,D8:B1:90:DB:E8:90,-53,11,1,7,0,0,1,0,0,0,1,-95,0,3,0,1036643852,0,110,0,0,1037.04,256,[110 96 6 0 -18 23 -17 23 -17 22 -17 23 -16 22 -16 22 -14 21 -14 20 -13 20 -12 20 -12 19 -11 20 -11 19 -10 18 -10 18 -11 18 -10 17 -10 16 -9 15 -10 14 -10 14 -10 13 -9 12 -10 11 -10 10 0 0 0 0 0 0 0 0 0 0 0 0 0 0 0 0 0 0 0 0 0 0 -9 17 -10 17 -11 16 -12 17 -12 16 -13 17 -15 18 -15 18 -16 18 -16 18 -18 18 -18 18 -18 18 -18 18 -18 19 -18 19 -18 20 -18 20 -18 21 -17 21 -17 21 -18 22 -18 22 -18 2
2025-04-01 14:19:22,CSI_DATA,STA,D8:B1:90:DB:E8:90,-54,11,1,6,0,0,1,1,0,0,1,-95,0,3,0,1037146504,0,110,0,0,1037.54,256,[110 96 6 0 7 -39 7 -37 7 -34 5 -31 2 -28 0 -25 -3 -20 -6 -17 -9 -13 -12 -9 -15 -6 -18 -3 -20 0 -21 2 -23 3 -23 4 -23 4 -23 3 -22 2 -22 0 -20 -1 -19 -3 -17 -5 -15 -7 -13 -10 0 0 0 0 0 0 0 0 0 0 0 0 0 0 0 0 0 0 0 0 0 0 10 -20 10 -19 10 -18 8 -17 7 -17 5 -17 3 -17 1 -17 -2 -18 -5 -19 -7 -20 -9 -21 -11 -22 -13 -24 -14 -25 -15 -26 -15 -27 -14 -28 -13 -31 -12 -31 -11 -34 -8 -36 -6 -37 -3 -38 -1 -
2025-04-01 14:19:22,CSI_DATA,STA,D8:B1:90:DB:E8:90,-55,11,1,7,0,0,1,1,1,0,1,-95,0,3,0,1037646408,0,110,0,0,1038.04,384,[110 96 6 0 17 32 16 30 15 28 14 25 14 21 14 17 13 12 14 8 13 3 12 -2 12 -6 12 -10 12 -13 12 -15 12 -17 12 -18 12 -18 12 -17 12 -16 12 -15 13 -13 13 -10 13 -7 14 -5 14 -2 0 0 0 0 0 0 0 0 0 0 0 0 0 0 0 0 0 0 0 0 0 0 2 20 1 19 1 17 2 16 3 15 4 14 6 13 8 12 11 11 13 10 15 9 18 9 19 8 21 9 23 9 24 9 24 10 25 11 25 13 25 15 25 17 25 21 24 22 23 24 22 27 21 29 ]
2025-04-01 14:19:22,CSI_DATA,STA,D8:B1:90:DB:E8:90,-54,11,1,7,0,0,1,1,1,0,1,-95,0,3,0,1038153152,0,110,0,0,1038.55,384,[110 96 6 0 -33 11 -32 11 -29 10 -27 10 -23 10 -19 9 -14 10 -10 11 -6 12 -2 12 2 13 6 13 9 14 11 14 13 14 13 15 13 15 12 15 11 15 9 15 8 15 5 15 3 15 1 14 -2 14 0 0 0 0 0 0 0 0 0 0 0 0 0 0 0 0 0 0 0 0 0 0 -18 -2 -19 -4 -18 -1 -14 1 -16 4 -16 2 -13 6 -14 8 -13 10 -12 11 -12 14 -12 16 -12 18 -13 19 -13 21 -13 21 -15 23 -16 23 -18 23 -19 22 -22 21 -24 21 -26 20 -28 18 -31 17 -33 15 ]
2025-04-01 14:19:28,CSI_DATA,STA,D8:B1:90:DB:E8:90,-52,11,1,7,0,0,1,0,0,0,1,-95,0,3,0,1044173466,0,110,0,0,1044.57,256,[110 96 6 0 11 24 11 24 10 23 11 24 10 23 11 22 10 21 11 20 10 19 11 19 11 20 11 17 11 18 10 17 10 17 9 16 9 16 8 15 7 14 7 14 7 13 6 13 6 13 5 12 4 12 0 0 0 0 0 0 0 0 0 0 0 0 0 0 0 0 0 0 0 0 0 0 11 12 10 14 10 14 10 15 9 16 9 17 9 18 9 19 9 20 9 20 9 21 8 21 9 21 8 21 10 22 9 22 9 23 10 22 11 23 11 23 11 23 12 23 11 23 12 24 12 24 12 23 ]
2025-04-01 14:19:31,CSI_DATA,STA,D8:B1:90:DB:E8:90,-52,11,1,7,0,0,1,0,0,0,1,-95,0,3,0,1047188342,0,110,0,0,1047.58,256,[110 96 6 0 -7 -30 -8 -29 -7 -28 -7 -27 -7 -27 -8 -27 -8 -25 -8 -25 -8 -25 -8 -24 -9 -24 -9 -23 -9 -22 -8 -21 -8 -21 -7 -20 -7 -19 -7 -19 -6 -18 -6 -18 -5 -18 -5 -16 -4 -16 -3 -16 -2 -16 0 0 0 0 0 0 0 0 0 0 0 0 0 0 0 0 0 0 0 0 0 0 -9 -19 -8 -20 -6 -21 -6 -21 -6 -22 -5 -22 -5 -23 -5 -25 -5 -25 -5 -25 -4 -26 -4 -27 -4 -27 -4 -27 -4 -28 -3 -28 -4 -27 -4 -28 -5 -28 -5 -28 -7 -29 -7 -29 -7 -30 -7
2025-04-01 14:19:32,CSI_DATA,STA,D8:B1:90:DB:E8:90,-54,11,1,7,0,0,1,1,1,0,1,-95,0,3,0,1048190614,0,110,0,0,1048.59,384,[110 96 6 0 -16 33 -16 32 -14 29 -12 28 -9 25 -6 22 -2 19 1 15 5 11 8 8 12 5 14 2 17 -1 19 -3 21 -4 22 -4 22 -5 22 -5 22 -4 21 -2 20 0 18 2 17 4 16 6 14 9 0 0 0 0 0 0 0 0 0 0 0 0 0 0 0 0 0 0 0 0 0 0 -18 11 -18 10 -16 9 -15 9 -13 10 -11 11 -9 12 -6 13 -4 15 -1 17 0 19 3 20 4 21 5 23 7 24 7 25 7 27 6 28 6 30 4 30 2 32 -1 33 -3 34 -6 35 -10 36 -12 36 ]
2025-04-01 14:19:35,CSI_DATA,STA,D8:B1:90:DB:E8:90,-64,11,1,7,0,0,1,0,0,0,1,-95,0,3,0,1051202362,0,110,0,0,1051.6,256,[110 96 6 0 3 -31 0 -32 -4 -31 -2 -9 -3 -9 -3 -8 -4 -8 -14 -12 -14 -10 -15 -8 -15 -7 14 -2 14 -4 13 -5 13 -6 -3 14 -1 15 0 14 1 14 -16 -14 -17 -12 -18 -10 -19 -8 18 4 17 4 0 0 0 0 0 0 0 0 0 0 0 0 0 0 0 0 0 0 0 0 0 0 -12 -32 -14 -32 1 -28 -1 -29 -3 -30 -6 -30 0 -25 -2 -26 -4 -26 -6 -26 0 -21 -3 -22 -4 -22 -5 -21 -6 -16 -7 -15 -8 -14 -9 -13 -3 -13 -5 -13 -6 -12 -7 -12 -18 1 -18 2 -19 5 16 -22 ]
2025-04-01 14:19:37,CSI_DATA,STA,D8:B1:90:DB:E8:90,-54,11,1,7,0,0,1,1,1,0,1,-95,0,3,0,1052203336,0,110,0,0,1052.6,384,[110 96 6 0 -14 -37 -13 -35 -13 -32 -12 -30 -12 -26 -13 -22 -13 -16 -13 -11 -13 -6 -14 -1 -14 3 -14 8 -14 11 -14 14 -15 16 -15 17 -15 18 -15 17 -15 16 -15 15 -16 12 -15 10 -16 8 -16 5 -17 1 0 0 0 0 0 0 0 0 0 0 0 0 0 0 0 0 0 0 0 0 0 0 2 -22 2 -21 2 -20 1 -19 0 -18 -2 -17 -4 -16 -7 -15 -10 -14 -12 -13 -15 -13 -18 -13 -20 -13 -23 -13 -24 -13 -26 -14 -26 -14 -27 -15 -27 -18 -27 -20 -27 -22 -25 -2
2025-04-01 14:19:37,CSI_DATA,STA,D8:B1:90:DB:E8:90,-52,11,1,7,0,0,1,0,0,0,1,-95,0,3,0,1052702342,0,110,0,0,1053.1,256,[110 96 6 0 27 -12 27 -11 26 -12 25 -11 25 -11 24 -12 23 -12 23 -12 21 -12 21 -12 20 -12 19 -13 19 -13 19 -13 18 -12 18 -11 17 -11 16 -10 16 -10 16 -9 15 -9 15 -8 14 -7 13 -6 13 -5 0 0 0 0 0 0 0 0 0 0 0 0 0 0 0 0 0 0 0 0 0 0 16 -11 17 -10 18 -10 19 -9 20 -9 20 -9 21 -9 22 -9 22 -8 23 -8 24 -7 25 -7 25 -7 25 -7 26 -8 26 -9 26 -9 27 -9 26 -9 27 -9 26 -10 27 -11 27 -11 27 -10 28 -11 28 -11 ]
2025-04-01 14:19:40,CSI_DATA,STA,D8:B1:90:DB:E8:90,-53,11,1,7,0,0,1,0,0,0,1,-95,0,3,0,1056210850,0,110,0,0,1056.61,256,[110 96 6 0 -14 29 -13 28 -13 27 -11 27 -10 27 -10 26 -9 25 -9 26 -9 26 -8 25 -7 25 -7 25 -7 24 -7 23 -7 23 -6 22 -5 21 -6 20 -6 19 -6 18 -6 18 -6 16 -6 16 -7 15 -7 14 0 0 0 0 0 0 0 0 0 0 0 0 0 0 0 0 0 0 0 0 0 0 -5 19 -6 19 -10 19 -11 19 -10 18 -11 17 -11 20 -13 22 -14 20 -15 21 -16 21 -15 21 -16 21 -16 22 -17 23 -17 23 -17 24 -16 24 -15 26 -15 26 -14 26 -15 27 -14 28 -14 28 -14 29 -14 29 ]
2025-04-01 14:19:44,CSI_DATA,STA,D8:B1:90:DB:E8:90,-53,11,1,7,0,0,1,0,0,0,1,-95,0,3,0,1060241624,0,110,0,0,1060.64,256,[110 96 6 0 3 27 4 27 4 25 5 26 5 26 5 25 5 24 5 24 6 22 6 22 6 22 6 22 6 21 6 20 6 20 6 19 5 19 5 18 4 17 4 17 3 16 3 16 2 15 2 14 1 14 0 0 0 0 0 0 0 0 0 0 0 0 0 0 0 0 0 0 0 0 0 0 7 18 6 18 5 18 5 19 4 19 4 21 4 21 4 22 3 23 3 23 2 24 2 25 2 25 2 25 2 25 1 25 2 25 2 25 3 27 4 27 4 27 4 28 4 28 5 29 4 29 5 28 ]
2025-04-01 14:19:48,CSI_DATA,STA,D8:B1:90:DB:E8:90,-54,11,1,7,0,0,1,0,0,0,1,-95,0,3,0,1063737365,0,110,0,0,1064.13,256,[110 96 6 0 -14 22 -15 22 -14 21 -13 22 -13 22 -13 21 -12 21 -11 22 -10 21 -9 21 -9 20 -9 20 -9 19 -8 18 -9 18 -7 17 -7 17 -7 16 -7 15 -8 15 -7 14 -7 13 -7 12 -8 11 -8 11 0 0 0 0 0 0 0 0 0 0 0 0 0 0 0 0 0 0 0 0 0 0 -5 17 -9 15 -9 19 -9 16 -10 18 -11 19 -11 20 -11 18 -11 19 -11 20 -14 20 -14 20 -14 19 -15 19 -14 20 -15 20 -16 20 -15 21 -14 21 -14 21 -14 22 -14 22 -15 22 -14 23 -14 23 -14 24 ]
2025-04-01 14:19:49,CSI_DATA,STA,D8:B1:90:DB:E8:90,-54,11,1,7,0,0,1,1,1,0,1,-95,0,3,0,1064739891,0,110,0,0,1065.14,384,[110 96 6 0 32 -22 31 -21 29 -19 27 -19 22 -17 19 -18 14 -17 9 -17 4 -16 -1 -16 -5 -16 -9 -16 -13 -16 -15 -14 -16 -15 -18 -15 -18 -15 -18 -15 -16 -15 -15 -15 -12 -15 -10 -15 -8 -15 -5 -15 -2 -16 0 0 0 0 0 0 0 0 0 0 0 0 0 0 0 0 0 0 0 0 0 0 21 -9 21 -8 19 -7 18 -8 17 -8 15 -9 13 -11 12 -13 11 -14 9 -17 7 -19 7 -22 6 -24 5 -26 5 -27 6 -28 6 -30 8 -30 10 -31 11 -31 14 -31 17 -31 20 -30 23 -29 26
2025-04-01 14:19:56,CSI_DATA,STA,D8:B1:90:DB:E8:90,-53,11,1,7,0,0,1,0,0,0,1,-95,0,3,0,1071752344,0,110,0,0,1072.15,256,[110 96 6 0 9 -27 9 -28 8 -26 8 -27 7 -26 7 -25 6 -24 6 -25 6 -24 5 -24 4 -23 4 -23 4 -23 4 -22 4 -21 3 -21 4 -20 4 -19 4 -18 3 -17 4 -16 4 -15 4 -15 4 -14 5 -13 0 0 0 0 0 0 0 0 0 0 0 0 0 0 0 0 0 0 0 0 0 0 1 -19 2 -20 3 -20 4 -20 5 -20 6 -21 7 -22 7 -22 8 -23 8 -23 8 -23 9 -23 9 -24 9 -24 9 -25 9 -25 9 -25 9 -25 9 -27 8 -26 8 -27 9 -28 8 -28 8 -28 8 -28 8 -28 ]
2025-04-01 14:19:56,CSI_DATA,STA,D8:B1:90:DB:E8:90,-54,11,1,7,0,0,1,1,1,0,1,-95,0,3,0,1072253028,0,110,0,0,1072.65,384,[110 96 6 0 -39 -6 -38 -6 -36 -5 -32 -4 -29 -2 -26 0 -21 3 -17 6 -13 9 -9 12 -5 14 -1 17 1 18 4 20 6 21 7 22 7 22 6 21 5 21 3 20 2 19 -1 17 -3 16 -6 15 -8 13 0 0 0 0 0 0 0 0 0 0 0 0 0 0 0 0 0 0 0 0 0 0 -21 -11 -19 -10 -18 -10 -18 -9 -17 -7 -17 -5 -16 -2 -17 0 -17 3 -18 6 -18 8 -20 10 -21 13 -21 14 -22 16 -23 17 -25 17 -26 17 -27 15 -29 14 -31 12 -33 10 -35 8 -37 5 -38 2 -39 -1 ]
2025-04-01 14:19:57,CSI_DATA,STA,D8:B1:90:DB:E8:90,-56,11,1,7,0,0,1,1,1,0,1,-95,0,3,0,1072753122,0,110,0,0,1073.15,384,[110 96 6 0 25 -26 24 -24 23 -23 20 -21 17 -20 12 -19 8 -17 4 -16 0 -14 -5 -12 -9 -11 -13 -9 -16 -8 -18 -7 -20 -6 -21 -6 -21 -6 -21 -7 -20 -7 -19 -8 -17 -9 -15 -10 -13 -11 -10 -12 -8 -14 0 0 0 0 0 0 0 0 0 0 0 0 0 0 0 0 0 0 0 0 0 0 19 -7 18 -6 17 -6 15 -6 14 -7 12 -8 10 -9 9 -12 7 -14 5 -16 4 -18 2 -20 1 -22 1 -24 0 -25 1 -27 1 -28 2 -29 3 -29 6 -30 8 -30 11 -31 13 -31 16 -31 19 -30 22 -30 ]
2025-04-01 14:19:59,CSI_DATA,STA,D8:B1:90:DB:E8:90,-53,11,1,7,0,0,1,0,0,0,1,-95,0,3,0,1074752564,0,110,0,0,1075.15,256,[110 96 6 0 -18 -26 -18 -26 -18 -25 -19 -25 -18 -24 -18 -24 -18 -23 -19 -21 -18 -20 -19 -19 -19 -19 -18 -18 -18 -18 -17 -17 -17 -17 -16 -16 -15 -16 -14 -15 -13 -15 -13 -15 -12 -15 -11 -14 -11 -14 -10 -13 -9 -13 0 0 0 0 0 0 0 0 0 0 0 0 0 0 0 0 0 0 0 0 0 0 -16 -16 -14 -17 -14 -18 -14 -18 -14 -19 -14 -20 -14 -22 -15 -23 -15 -23 -14 -24 -14 -24 -14 -25 -14 -25 -14 -25 -14 -26 -15 -25 -15 -26 -15
2025-04-01 14:20:02,CSI_DATA,STA,D8:B1:90:DB:E8:90,-54,11,1,5,0,0,1,0,0,0,0,-95,0,3,0,1077756073,0,110,0,0,1078.15,256,[110 96 6 0 -29 -26 -27 -25 -25 -22 -24 -20 -22 -16 -20 -12 -18 -8 -15 -4 -13 1 -12 5 -9 9 -8 12 -7 14 -5 18 -5 19 -5 21 -4 21 -5 21 -5 20 -7 19 -8 18 -9 16 -11 14 -12 13 -14 10 0 0 0 0 0 0 0 0 0 0 0 0 0 0 0 0 0 0 0 0 0 0 -6 -21 -5 -21 -2 -20 -2 -19 -6 -15 -8 -14 -10 -13 -11 -12 -14 -11 -17 -8 -18 -6 -20 -6 -22 -5 -24 -4 -25 -4 -27 -4 -29 -4 -30 -6 -32 -7 -32 -9 -32 -11 -33 -14 -33 -16 -33 -
2025-04-01 14:20:04,CSI_DATA,STA,00:00:00:00:00:00,-54,11,0,0,0,0,0,0,0,0,0,-95,0,3,0,1080015234,0,14,0,0,1080.41,128,[14 -32 0 0 -35 10 -34 10 -31 10 -28 9 -24 10 -20 10 -15 11 -12 12 -7 13 -2 13 2 14 6 15 9 15 11 15 13 16 14 17 14 16 13 17 12 16 10 16 8 16 6 16 4 16 1 15 -2 15 0 0 0 0 0 0 0 0 0 0 0 0 0 0 0 0 0 0 0 0 0 0 -22 0 -19 -3 -21 -5 -17 -2 -17 0 -15 4 -16 3 -15 6 -15 10 -14 11 -12 14 -13 17 -13 19 -14 21 -14 22 -14 23 -16 24 -17 24 -18 24 -20 24 -23 23 -26 21 -28 21 -30 19 -33 18 -34 15 ]
2025-04-01 14:20:04,CSI_DATA,STA,D8:B1:90:DB:E8:90,-53,11,1,7,0,0,1,0,0,0,1,-95,0,3,0,1080266025,0,110,0,0,1080.66,256,[110 96 6 0 -19 22 -18 23 -17 21 -16 21 -15 21 -15 21 -14 20 -14 20 -12 20 -12 19 -12 19 -12 19 -11 19 -11 18 -11 18 -10 17 -10 16 -10 16 -9 15 -9 14 -9 14 -9 13 -8 13 -9 11 -9 11 0 0 0 0 0 0 0 0 0 0 0 0 0 0 0 0 0 0 0 0 0 0 -9 16 -10 16 -11 16 -12 16 -13 16 -14 17 -14 18 -15 18 -16 19 -17 18 -17 18 -18 18 -18 18 -18 18 -18 18 -18 18 -18 19 -18 18 -18 20 -18 20 -18 21 -18 21 -18 22 -18 22 -18
2025-04-01 14:20:05,CSI_DATA,STA,D8:B1:90:DB:E8:90,-55,11,1,7,0,0,1,1,1,0,1,-95,0,3,0,1081271079,0,110,0,0,1081.67,384,[110 96 6 0 -35 -17 -32 -16 -31 -15 -28 -12 -25 -9 -23 -6 -19 -2 -16 2 -14 5 -10 8 -8 12 -4 15 -2 17 0 19 2 21 2 22 2 22 2 21 1 21 0 20 -1 18 -4 17 -6 15 -8 13 -11 11 0 0 0 0 0 0 0 0 0 0 0 0 0 0 0 0 0 0 0 0 0 0 -13 -19 -11 -18 -10 -17 -10 -15 -11 -13 -11 -11 -13 -9 -14 -6 -15 -4 -17 -2 -19 0 -21 2 -23 4 -25 6 -26 7 -28 7 -29 7 -30 7 -31 6 -33 4 -34 1 -35 -1 -36 -4 -37 -7 -37 -10 -36 -14 ]
2025-04-01 14:20:06,CSI_DATA,STA,D8:B1:90:DB:E8:90,-53,11,1,7,0,0,1,0,0,0,1,-95,0,3,0,1081770410,0,110,0,0,1082.17,256,[110 96 6 0 -32 -8 -31 -7 -31 -6 -29 -7 -28 -6 -28 -6 -27 -5 -26 -4 -26 -4 -25 -3 -25 -3 -25 -3 -24 -3 -25 -2 -24 -2 -22 -3 -22 -3 -20 -3 -20 -3 -19 -3 -19 -3 -18 -3 -17 -3 -17 -4 -15 -4 0 0 0 0 0 0 0 0 0 0 0 0 0 0 0 0 0 0 0 0 0 0 -21 -1 -22 -3 -22 -4 -22 -5 -23 -6 -23 -7 -25 -7 -25 -8 -26 -8 -26 -10 -26 -9 -26 -10 -26 -10 -27 -10 -27 -10 -28 -10 -27 -9 -28 -9 -28 -9 -29 -9 -29 -9 -30 -9 -31
2025-04-01 14:20:08,CSI_DATA,STA,D8:B1:90:DB:E8:90,-53,11,1,7,0,0,1,0,0,0,1,-95,0,3,0,1083779362,0,110,0,0,1084.18,256,[110 96 6 0 -20 22 -20 22 -18 22 -18 21 -18 21 -17 20 -16 20 -16 20 -15 19 -15 19 -14 18 -12 19 -12 18 -12 18 -11 18 -11 18 -11 17 -11 16 -11 15 -10 14 -10 14 -10 12 -10 12 -10 11 -10 10 0 0 0 0 0 0 0 0 0 0 0 0 0 0 0 0 0 0 0 0 0 0 -11 15 -12 15 -13 14 -14 15 -15 14 -16 15 -16 16 -17 16 -18 16 -18 16 -19 17 -20 16 -20 16 -20 16 -20 17 -20 17 -21 18 -20 19 -21 19 -20 20 -21 20 -21 21 -20 20 -2
2025-04-01 14:20:10,CSI_DATA,STA,D8:B1:90:DB:E8:90,-53,11,1,7,0,0,1,0,0,0,1,-95,0,3,0,1085783372,0,110,0,0,1086.18,256,[110 96 6 0 8 27 8 27 8 26 9 26 9 25 9 24 9 23 9 23 9 22 9 22 9 21 9 22 9 21 9 20 9 20 8 19 7 19 6 18 6 17 5 17 5 16 4 16 3 15 3 14 2 14 0 0 0 0 0 0 0 0 0 0 0 0 0 0 0 0 0 0 0 0 0 0 9 17 8 18 7 19 7 19 7 20 6 21 7 22 6 22 6 23 6 24 5 25 5 25 5 26 5 26 5 25 5 26 6 25 6 26 7 26 7 26 8 26 8 27 9 28 9 28 9 28 9 28 ]
2025-04-01 14:20:10,CSI_DATA,STA,D8:B1:90:DB:E8:90,-54,11,1,7,0,0,1,1,1,0,1,-95,0,3,0,1086284086,0,110,0,0,1086.68,384,[110 96 6 0 19 33 18 33 17 29 16 27 16 22 15 18 15 13 15 7 14 2 14 -3 13 -7 12 -11 12 -15 12 -18 12 -20 12 -21 12 -21 12 -20 12 -19 13 -17 13 -16 14 -13 14 -10 15 -7 15 -4 0 0 0 0 0 0 0 0 0 0 0 0 0 0 0 0 0 0 0 0 0 0 1 23 0 22 0 20 1 19 2 17 3 16 6 14 8 13 11 11 14 10 16 9 20 9 22 8 24 8 26 8 28 8 29 9 30 10 30 13 30 15 30 17 30 21 28 23 27 26 26 29 25 32 ]
2025-04-01 14:20:14,CSI_DATA,STA,D8:B1:90:DB:E8:90,-53,11,1,7,0,0,1,0,0,0,1,-95,0,3,0,1089792319,0,110,0,0,1090.19,256,[110 96 6 0 -16 -26 -16 -26 -15 -24 -16 -23 -16 -22 -16 -22 -16 -21 -15 -21 -15 -20 -15 -19 -16 -19 -15 -19 -15 -18 -14 -17 -14 -17 -13 -16 -13 -15 -13 -15 -12 -14 -12 -14 -11 -14 -10 -13 -9 -13 -8 -13 -8 -13 0 0 0 0 0 0 0 0 0 0 0 0 0 0 0 0 0 0 0 0 0 0 -14 -15 -14 -16 -13 -17 -13 -18 -12 -18 -13 -19 -13 -20 -13 -21 -12 -22 -12 -22 -12 -23 -12 -23 -12 -23 -12 -24 -13 -25 -13 -25 -14 -25 -13 -
2025-04-01 14:20:15,CSI_DATA,STA,00:00:00:00:00:00,-54,11,0,0,0,0,0,0,0,0,0,-95,0,3,0,1090770959,0,14,0,0,1091.17,128,[14 -32 0 0 -24 30 -24 29 -21 26 -19 25 -16 23 -12 21 -7 18 -3 16 1 14 5 12 10 10 13 9 16 6 19 5 21 4 22 4 22 4 22 4 21 4 20 5 18 7 16 8 13 9 11 11 8 12 0 0 0 0 0 0 0 0 0 0 0 0 0 0 0 0 0 0 0 0 0 0 -21 10 -21 9 -19 8 -18 8 -16 9 -14 9 -12 11 -10 13 -7 14 -5 17 -3 19 -2 21 0 24 1 25 2 27 2 28 1 30 1 31 -1 33 -3 33 -5 34 -8 35 -11 35 -14 35 -18 35 -20 34 ]
2025-04-01 14:20:15,CSI_DATA,STA,D8:B1:90:DB:E8:90,-54,11,1,7,0,0,1,1,1,0,1,-95,0,3,0,1090772048,0,100,0,0,1091.22,384,[100 -64 5 0 -17 -32 -16 -32 -14 -29 -14 -26 -14 -23 -14 -19 -14 -14 -14 -9 -14 -4 -13 0 -13 4 -13 8 -13 11 -13 14 -12 16 -12 17 -12 17 -12 17 -12 16 -12 14 -13 12 -13 10 -13 7 -14 5 -14 2 0 0 0 0 0 0 0 0 0 0 0 0 0 0 0 0 0 0 0 0 0 0 -1 -22 0 -21 0 -20 -1 -18 -1 -17 -3 -15 -5 -14 -8 -13 -11 -12 -13 -11 -16 -10 -18 -10 -19 -10 -23 -10 -24 -10 -26 -10 -26 -11 -27 -12 -27 -14 -26 -15 -26 -18 -26
2025-04-01 14:20:17,CSI_DATA,STA,D8:B1:90:DB:E8:90,-55,11,1,5,0,0,1,0,0,0,1,-95,0,3,0,1092796445,0,110,0,0,1093.19,256,[110 96 6 0 -28 -27 -27 -26 -25 -22 -23 -20 -22 -15 -20 -13 -17 -7 -16 -3 -12 1 -11 5 -8 9 -7 13 -5 16 -3 17 -2 19 -2 20 -1 22 -2 21 -2 21 -3 20 -5 18 -7 17 -8 15 -10 14 -13 12 0 0 0 0 0 0 0 0 0 0 0 0 0 0 0 0 0 0 0 0 0 0 -3 -22 1 -19 0 -21 2 -18 -1 -16 -5 -14 -9 -14 -10 -12 -12 -10 -15 -9 -17 -7 -19 -7 -22 -6 -24 -5 -26 -5 -28 -6 -29 -6 -30 -7 -31 -8 -31 -10 -32 -12 -32 -15 -33 -16 -32 -20 -
2025-04-01 14:20:17,CSI_DATA,STA,D8:B1:90:DB:E8:90,-61,11,1,7,0,0,1,0,0,0,1,-95,0,3,0,1093299490,0,110,0,0,1093.7,256,[110 96 6 0 8 9 9 8 10 7 9 8 10 7 10 6 11 4 15 24 17 22 18 20 19 19 21 15 21 13 22 12 22 11 20 8 19 6 19 6 18 4 20 1 20 0 19 -2 18 -2 11 4 9 4 0 0 0 0 0 0 0 0 0 0 0 0 0 0 0 0 0 0 0 0 0 0 26 -15 26 -15 20 -10 20 -10 21 -12 20 -13 21 -8 21 -9 22 -11 21 -13 25 -10 25 -11 24 -13 24 -13 19 3 20 2 20 1 20 -1 4 4 5 5 5 4 6 4 0 -24 -1 -24 -3 -24 17 38 ]
2025-04-01 14:20:21,CSI_DATA,STA,D8:B1:90:DB:E8:90,-51,11,1,7,0,0,1,0,0,0,1,-96,0,3,0,1096804372,0,110,0,0,1097.2,256,[110 96 6 0 -13 -28 -13 -28 -13 -26 -13 -27 -13 -26 -13 -25 -13 -24 -14 -23 -14 -22 -15 -21 -15 -21 -15 -20 -14 -19 -14 -19 -13 -19 -13 -18 -12 -17 -12 -17 -11 -16 -11 -16 -10 -16 -9 -15 -9 -14 -8 -14 -7 -14 0 0 0 0 0 0 0 0 0 0 0 0 0 0 0 0 0 0 0 0 0 0 -12 -17 -11 -18 -11 -19 -11 -20 -10 -21 -10 -21 -10 -23 -11 -24 -10 -25 -10 -25 -9 -25 -9 -25 -9 -26 -9 -26 -10 -27 -10 -27 -11 -27 -11 -27 -12
2025-04-01 14:20:21,CSI_DATA,STA,D8:B1:90:DB:E8:90,-51,11,1,7,0,0,1,0,0,0,1,-96,0,3,0,1097311814,0,110,0,0,1097.71,256,[110 96 6 0 22 21 21 16 19 18 22 18 19 15 19 19 23 14 18 17 20 16 19 12 17 16 21 13 17 11 19 15 17 9 15 13 17 11 15 8 13 14 16 10 9 10 12 13 11 8 8 11 11 12 0 0 0 0 0 0 0 0 0 0 0 0 0 0 0 0 0 0 0 0 0 0 18 6 18 7 17 8 19 10 18 10 18 11 18 12 19 13 19 15 19 15 19 16 19 16 19 18 19 18 19 18 20 18 20 17 20 19 23 18 21 17 22 19 24 18 20 18 24 19 23 18 23 20 ]
2025-04-01 14:20:22,CSI_DATA,STA,D8:B1:90:DB:E8:90,-53,11,1,7,0,0,1,0,0,0,0,-96,0,3,0,1098311346,0,110,0,0,1098.71,256,[110 96 6 0 -19 34 -19 32 -17 30 -14 27 -11 25 -8 22 -4 19 0 17 4 13 8 10 12 7 15 5 18 2 20 0 21 -1 23 -1 23 -2 23 -2 22 -1 21 0 20 2 18 4 16 6 14 8 12 10 0 0 0 0 0 0 0 0 0 0 0 0 0 0 0 0 0 0 0 0 0 0 -21 12 -20 10 -19 9 -17 10 -15 10 -13 11 -11 12 -8 14 -5 15 -3 17 -1 19 1 21 2 24 4 25 5 27 5 28 5 30 4 31 3 33 2 33 0 35 -3 36 -6 37 -9 37 -12 37 -15 37 ]
2025-04-01 14:20:25,CSI_DATA,STA,D8:B1:90:DB:E8:90,-54,11,1,6,0,0,1,0,0,0,1,-95,0,3,0,1100820388,0,110,0,0,1101.22,256,[110 96 6 0 35 17 33 17 30 15 28 13 25 10 22 7 19 3 15 -1 12 -5 9 -8 5 -12 3 -15 0 -17 -2 -19 -3 -21 -4 -22 -4 -23 -4 -23 -3 -23 -2 -22 0 -21 2 -20 4 -19 6 -17 8 -15 0 0 0 0 0 0 0 0 0 0 0 0 0 0 0 0 0 0 0 0 0 0 9 21 8 20 7 18 8 16 8 14 9 12 10 10 13 7 15 5 17 2 18 1 21 0 23 -2 25 -4 27 -5 28 -5 29 -5 31 -5 32 -3 33 -2 35 0 36 2 36 5 37 8 37 11 38 14 ]
